tree
version=v4
num_class=1
num_tree_per_iteration=1
label_index=0
max_feature_idx=36
objective=lambdarank
feature_names=qdrant_cosine_score candidate_position candidate_citation_count candidate_log_citations candidate_influential_citations candidate_age_days candidate_recency_score query_citation_count query_age_days year_diff same_primary_category co_citation_count shared_author_count candidate_is_newer query_log_citations citation_count_ratio age_ratio candidate_citations_per_year query_num_references candidate_num_cited_by ewma_longterm_similarity ewma_shortterm_similarity ewma_negative_similarity cluster_importance cluster_distance_to_medoid is_suppressed_category onboarding_category_match user_total_saves user_total_dismissals user_days_since_last_save user_session_save_count cosine_x_recency cosine_x_citations category_x_recency cosine_x_cocitation position_inverse citations_x_recency
feature_infos=[0.54413604736328125:0.999664306640625] [0:48] [0:214251] [0:12.274908065795898] [0:31154] [331:6913] [9.895653647618019e-07:0.51581865549087524] [0:7035] [1214:6913] [0:18] [0:1] [0:30] [0:1] [0:1] [0:8.858795166015625] [0:35708.5] [0.048886317759752274:5.6897120475769043] [0:20639.1171875] [3:396] [0:1007] none none none none none none none none none none none [5.4612877420368022e-07:0.479622483253479] [0:9.0584011077880859] [0:0.51581865549087524] [0:2.7675571441650391] [0.020408162847161293:1] [0:3.6217091083526611]
tree_sizes=6782 6765 6781 6863 6757 6796 6770 6760 6838 6807 6887 6798 6787 6823 6796 6791 6874 6801 6821 6793 6797 6809 6867 6813 6832 6821 6820 6880 6806 6849 6788 6863 6877 6803 6822 6819 6830 6782 6857 6841 6821 6816 6831 6816 6858 6839 6807 6859 6841 6839 6835 6899 6839 6827 6869 6870 6898 6886 6834 6836 6865 6845 6817 6915 6841 6872 6919 6820 6863 6892 6825 6837 6881 6863 6854 6818 6805 6837 6849 6820 6843 6884 6849 6839 6859 6841 6853 6891 6830 6848 6882 6892 6895 6849 6830 6821 6861 6842 6847 6865 6846 6821 6854 6863 6840 6844 6848 6893 6851 6864 6860 6900 6879 6810 6870 6872 6947 6806 6876 6883 6969 6896 6882 6882 6864 6856 6899 6872 6952 6851 6820 6910 6977 6902 6864 6884 6895 6876 6926 6898 6882

Tree=0
num_leaves=63
num_cat=0
split_feature=19 1 16 16 17 1 1 1 19 7 31 33 16 33 1 18 16 16 32 2 36 5 16 31 7 32 7 36 18 19 33 7 1 33 15 17 18 32 4 18 19 17 36 7 16 33 18 1 18 16 19 5 18 7 15 16 16 18 19 8 18 5
split_gain=6346.72 159.38 67.1705 29.8668 17.3492 12.1451 11.7246 9.84968 7.74131 6.88128 10.0942 7.57042 5.40788 5.31502 5.30736 4.95087 4.50483 4.55634 4.55187 4.45532 6.23208 5.96827 3.40121 7.58793 3.15356 2.9115 3.26914 2.76659 2.70751 2.798 2.60146 2.45342 3.59361 3.60641 2.39441 5.04406 2.86595 2.87283 2.37914 2.30568 2.29753 2.22521 2.13398 2.09388 2.04855 2.06528 1.9349 2.41067 1.92432 1.88583 1.76742 1.71633 1.93302 1.65994 1.64207 1.60049 1.48722 1.47202 2.38386 1.39474 1.37873 1.45122
threshold=1.0000000180025095e-35 16.500000000000004 0.86763349175453197 0.86763349175453197 25.240055084228519 7.5000000000000009 33.500000000000007 3.5000000000000004 2.5000000000000004 28.500000000000004 0.00074041116749867808 0.004594021476805211 0.72950673103332531 0.00022063528740545737 19.500000000000004 9.5000000000000018 1.8516377210617068 0.99983397126197826 2.7348161935806279 1007.0000000000001 0.79056486487388622 2952.0000000000005 0.99983397126197826 0.024489065632224086 101.50000000000001 4.5028574466705331 4.5000000000000009 0.38501882553100591 4.5000000000000009 2.5000000000000004 0.0010148651781491937 36.500000000000007 42.500000000000007 1.1139652542624391e-05 2.1775209903717045 17.194152832031254 24.500000000000004 2.535164594650269 1.0000000180025095e-35 15.500000000000002 1.5000000000000002 8.8326311111450213 0.0048679357860237369 38.500000000000007 0.99755874276161205 7.5983109127264483e-05 29.500000000000004 36.500000000000007 7.5000000000000009 2.0582987070083623 1.5000000000000002 1293.5000000000002 8.5000000000000018 266.50000000000006 4.7517123222351083 1.5680143237113955 1.2458654642105105 6.5000000000000009 1.5000000000000002 4107.5000000000009 6.5000000000000009 1881.5000000000002
decision_type=2 2 2 2 2 2 2 2 2 2 2 2 2 2 2 2 2 2 2 2 2 2 2 2 2 2 2 2 2 2 2 2 2 2 2 2 2 2 2 2 2 2 2 2 2 2 2 2 2 2 2 2 2 2 2 2 2 2 2 2 2 2
left_child=-1 3 4 5 14 9 16 -5 15 51 -11 -12 -13 54 38 30 17 18 -4 20 21 -6 23 59 25 26 42 53 -20 -30 31 32 33 48 -24 36 37 -36 -3 -15 -41 -39 -18 57 45 -9 47 -37 -8 -10 60 -2 -53 -16 -7 -46 -34 -28 -59 -17 -19 -62
right_child=1 2 6 7 19 13 8 44 49 10 11 12 -14 39 27 22 24 50 28 -21 -22 -23 34 -25 -26 -27 43 -29 29 -31 -32 -33 56 -35 35 46 -38 41 -40 40 -42 -43 -44 -45 55 -47 -48 -49 -50 -51 -52 52 -54 -55 -56 -57 -58 58 -60 -61 61 -63
leaf_value=-0.10000000000000001 0.097375193629855528 0.045283067929372686 0.062455404579795419 0.094400905971461779 -0.096744892544013764 -0.089248423290309409 -0.073484098235680667 0.079423175541818519 0.065874547104853562 0.074677634390243663 -0.070487369522512403 -0.011904256836835686 0.075139879859739342 0.043630026829260274 -0.079033789770343574 -0.087881903087865629 -0.050815834424901986 0.074787376292606303 0.069407843528933408 0.086480453405340357 0.070641511607071591 0.032014078010019591 0.036443933245218191 0.069911699889578516 0.088102198144248314 0.073250828771006998 0.070776083962229938 0.019238209442199131 -0.045476859708788196 0.035337989592581796 0.074867746166762825 0.06300616698123078 0.073489865734482698 0.033321029455735132 -0.060152843556087035 0.062672901492273503 -0.059188908572382931 0.035784633211936374 -0.048169680467841335 -0.065295975691630037 0.031415644419194082 -0.026768172826107967 0.036689512280562823 -0.016418730466346673 0.086651968495168888 0.047277008997303915 0.073826926567688897 -0.015259202906283062 0.011769303364110067 0.028251368033539805 0.076459434125486253 0.082562409302531739 0.05130690977231539 -0.012645626430431448 -0.0038457798863448934 0.077569791053042861 0.027303229671825566 0.0088283724849958726 0.058512478280444147 -0.01640381295467554 0.085384726175790016 0.053891304359488218
leaf_weight=886.7190364006965 9.4194014063105005 1.5948309164960002 8.5479127121507172 570.91788368579 1.8852793711703255 1.5801557300146654 1.86340871895664 13.869837274076419 24.33300143189263 11.216640020255001 2.475404236931352 3.621394993038848 3.5176437795162201 5.4263971268082969 13.834859275724734 2.1799167972058053 1.9875769494101505 17.255623488803394 1.2672434591222543 2.3906086133792996 2.2579811420291662 1.7220340942731125 18.397307586623356 1.5348096149973569 3.2968818764202288 4.1815805477090171 3.5507246218621722 0.83091981417965222 2.6970023886533454 1.7765403443481771 6.1881947126239529 6.4247411235701284 3.4151904922910035 3.2954997499473393 1.4786759996786729 1.8445777506567531 2.3975496077910057 4.6887446348555386 1.1886245911009607 1.1741218210663649 1.2875282103195784 2.0404336373321712 1.0727759618312118 1.6546111420029763 161.19898451922927 7.8098284316947675 3.012690627714619 2.1476512781810015 1.0265385403763501 3.858866178430616 47.856737008085474 14.45257497765124 7.5210945084691039 1.0103272967971868 0.87424802873283614 69.388004776090384 3.5595674440264702 4.9361613856162858 4.7255063980701379 0.99351778882555652 4.1403541122563174 31.393553709582193
leaf_count=60650 29 39 162 1317 173 134 129 163 465 70 77 77 27 185 1000 132 117 262 23 31 35 57 510 25 42 70 62 28 170 72 109 117 52 94 79 33 126 117 82 75 39 100 34 76 1506 178 54 98 33 115 766 85 75 62 52 879 103 194 128 47 55 767
internal_value=0.000468075 0.0781046 0.043825 0.0882341 -0.0313026 0.0549309 0.0523649 0.0907653 0.0387684 0.0647343 0.0424535 0.00485942 0.0309853 0.00542892 -0.0582489 0.0294588 0.0615378 0.0657495 0.0393282 0.0289473 0.00549766 -0.0352788 0.0186036 -0.0213607 0.0424842 0.0356816 0.0269185 -0.0695461 0.00489215 -0.0133835 0.0466076 0.0376783 0.0253134 -0.00243148 0.0238292 0.0106507 -0.011097 0.0029508 0.00537575 0.0254229 -0.0147124 0.0168173 -0.0201417 0.0366058 0.0825374 0.0678429 0.0435767 0.0207487 -0.0432012 0.0607247 0.0695005 0.0795188 0.0718644 -0.0745156 -0.0588284 0.083919 0.0499185 0.0432462 0.0331288 -0.065504 0.0631918 0.0575609
internal_weight=2034.21 1147.49 261.737 885.751 26.7155 62.5666 235.022 823.185 94.6809 52.2242 20.8311 9.61444 7.13904 10.3425 18.4596 66.489 140.341 114.935 14.2887 8.2559 5.86529 3.60731 40.7159 4.70824 25.4058 22.1089 17.9274 15.6761 5.74079 4.47354 25.7731 19.5849 13.1602 6.18545 36.0076 17.6103 10.6054 8.20785 2.78346 7.88805 2.46165 6.72918 3.06035 14.867 252.267 21.6797 7.00492 3.99223 2.88995 28.1919 100.646 31.3931 21.9737 14.8452 2.4544 230.587 6.97476 13.2124 9.66167 3.17343 52.7895 35.5339
internal_count=72663 12013 7045 4968 1507 925 5538 4043 2538 440 251 181 104 485 1211 1958 3000 2277 427 296 265 230 1321 204 723 681 611 1090 265 242 637 528 411 256 1117 607 422 296 121 299 114 217 151 460 2726 341 185 131 162 580 1850 189 160 1062 186 2385 155 384 322 179 1084 822
is_linear=0
shrinkage=0.05


Tree=1
num_leaves=63
num_cat=0
split_feature=19 1 16 1 16 7 16 8 18 0 19 19 17 16 31 19 15 34 1 19 1 13 8 36 5 33 7 17 17 1 4 16 8 18 8 15 16 36 3 15 7 4 8 34 1 16 18 32 0 5 18 7 18 0 15 31 36 4 3 18 32 8
split_gain=8072.04 404.466 71.9896 44.2602 41.6463 28.0552 27.6911 26.6229 30.1891 24.2074 21.8261 21.686 38.6637 16.1491 15.1564 15.1499 14.4464 13.5321 12.9955 12.3642 14.4126 15.9844 13.9598 15.2308 19.313 18.9079 13.7409 12.931 11.446 11.8569 11.397 17.9107 12.4009 11.8518 12.4348 13.4292 21.4269 11.3507 11.2646 14.1329 10.3016 17.2475 12.46 10.2235 10.1743 10.1289 10.0778 9.67382 9.52724 9.21626 8.98192 11.3432 14.4432 8.81489 24.3405 9.35009 8.78195 8.7432 11.3477 13.1349 12.5077 12.399
threshold=1.0000000180025095e-35 3.5000000000000004 0.99755874276161205 25.500000000000004 0.99755874276161205 60.500000000000007 1.5680143237113955 1540.5000000000002 13.500000000000002 0.69546890258789074 7.5000000000000009 1.5000000000000002 10.20341730117798 2.0937006473541264 0.014092879369854929 10.500000000000002 15.343137264251711 0.46255114674568182 7.5000000000000009 1.5000000000000002 39.500000000000007 1.0000000180025095e-35 3258.0000000000005 0.0068415848072618255 968.50000000000011 0.0008177126874215902 88.500000000000014 6.8525412082672128 5.2286753654479989 1.5000000000000002 35.500000000000007 1.9053691029548647 2737.0000000000005 7.5000000000000009 2128.5000000000005 8.0050001144409197 1.4388930201530459 0.10535796731710435 7.8911423683166513 6.7788889408111581 20.500000000000004 13.500000000000002 1872.5000000000002 0.47721558809280401 9.5000000000000018 1.1975396275520327 11.500000000000002 3.5552211999893193 0.71708869934082042 2909.5000000000005 18.500000000000004 22.500000000000004 14.500000000000002 0.71336460113525402 13.985294342041017 0.0059679823461920032 0.0014708993257954719 19.500000000000004 4.9163179397583017 34.500000000000007 3.5552211999893193 4061.0000000000005
decision_type=2 2 2 2 2 2 2 2 2 2 2 2 2 2 2 2 2 2 2 2 2 2 2 2 2 2 2 2 2 2 2 2 2 2 2 2 2 2 2 2 2 2 2 2 2 2 2 2 2 2 2 2 2 2 2 2 2 2 2 2 2 2
left_child=-1 4 7 6 5 -2 11 -3 19 -10 18 12 44 28 30 43 40 53 -11 20 22 -22 37 25 -25 26 56 -21 -6 -30 31 33 50 34 -5 -36 -37 -9 39 -29 -14 42 -42 -8 48 -16 -15 -7 -4 -46 51 52 -33 54 -13 -55 -24 58 60 -60 61 -35
right_child=1 2 3 14 13 47 15 8 9 10 -12 17 16 46 45 -17 -18 -19 -20 27 21 -23 23 24 -26 -27 -28 38 29 -31 -32 32 -34 57 35 36 -38 -39 -40 -41 41 -43 -44 -45 49 -47 -48 -49 -50 -51 -52 -53 -54 55 -56 -57 -58 -59 59 -61 -62 -63
leaf_value=-0.091845478551948134 0.058719068222838428 0.070255873922962606 0.072344281084692638 -0.014463792743663474 0.083671181480920176 -0.025281342707770157 0.02715168492823182 0.05530647579970719 0.021785225365154752 -0.0044833609025394369 0.074387579051414313 0.054246365510134356 0.049746580028454612 0.071108308370060228 0.019404407749381642 0.074488575863699155 -0.031595125258901985 0.077979079691997244 -0.058925387433849785 0.063930770293322364 0.021840157580098704 -0.095902108537130423 -0.0053856911152606783 0.060452559930160549 -0.085783237997231046 0.061631702452637119 0.051078153359907064 0.032321175814568441 0.078166879025117431 0.060510071353307854 0.039417447942694965 -0.029495009354318525 -0.071554043787794591 0.0079764891285356142 0.052266350529604017 -0.053814836154706031 0.061811688144242073 -0.013809718137240601 0.070531319561916425 -0.03670271292270004 0.014579077843701686 0.036603655800743547 -0.054421629932605201 0.073600389788392312 0.02445235143833268 0.072014921179731364 0.033712662056232794 0.031468095200012446 0.047278793222941554 0.048241592810785515 -0.027368733373889915 0.04809015794573325 0.04639122073765807 0.064264231620523998 -0.0059220642435149464 0.037442926771558437 -0.067139054866807116 0.041604966858783246 -0.033299818583384114 0.035682075373969217 0.083296783647498734 0.045961488079216552
leaf_weight=1559.8856262022164 122.86015772633255 17.642356741707772 68.739753223955631 10.102124079130588 448.98033553361893 14.119519073516132 302.23996207863092 27.270767400972545 26.938851666636765 15.157598773948846 4.2023659516125909 74.440030183643103 22.611695121973753 38.296799186617136 13.560142894275485 19.40976220369339 15.452074466273187 67.123315259814262 39.594545194879174 25.374296293593943 5.1615082249045354 6.5283503872342408 21.494514265563343 3.0014293864369384 9.1126018760260177 14.308433226309715 8.2587702856399101 18.206895721144978 282.77084636688232 143.24403903633356 89.970578987151384 18.824677798897032 6.1105696028098455 102.69029197655618 79.682052432559431 8.2814250781666505 7.7620746209286144 7.5944852940738192 8.0870672613382322 12.512721290346233 13.181659718975427 28.385219160467386 12.99008255265653 12.329820360988377 57.271843452006578 28.12136216275394 34.021134436130524 16.041171338409185 84.526725582778454 140.81423860043287 17.398181779775769 16.377298221923411 9.4016675567254406 165.45421609655023 21.710989359766245 40.434337843209505 7.8633176551666102 32.053872757591307 23.509041373617947 9.768057117238639 7.2746235840022555 27.166863936930895
leaf_count=60650 275 71 136 95 492 69 1336 185 334 113 23 199 66 51 86 52 79 131 842 127 26 205 228 9 287 89 72 208 295 235 473 285 74 924 296 73 42 91 15 202 43 83 77 40 247 70 74 56 217 455 271 81 64 396 94 126 119 176 207 58 17 151
internal_value=0.000587809 0.0481139 0.0343415 0.0382977 0.0723144 0.0481115 0.0437391 0.0108132 0.00679004 -0.0174822 -0.0354252 0.0487178 0.041272 0.0762239 0.0260119 0.0316175 0.0125337 0.0576724 -0.0438536 0.0187187 0.00858771 -0.0439145 0.0147931 0.000932757 -0.0495512 0.0127106 -0.00589782 0.0361759 0.0781007 0.0722299 0.0234302 0.0196088 -0.00359545 0.0247354 0.0382953 0.043863 0.00212693 0.0402513 0.0180281 0.00420635 0.02137 0.009609 -0.0196687 0.0289723 0.0488478 0.0548993 0.053516 0.00490124 0.0585206 0.0413635 0.00310219 0.0149877 -0.00421873 0.0531596 0.0406603 0.0589968 -0.021926 0.0176476 0.0131413 -0.0130511 0.0194972 0.0159232
internal_weight=4593.7 3033.82 1933.48 1655.17 1100.33 153.021 1147.12 278.311 260.669 85.8934 58.9545 813.136 443.973 947.313 508.055 333.98 92.6207 369.163 54.7521 174.775 110.594 11.6899 98.9043 64.0391 12.114 51.925 37.6166 64.181 874.995 426.015 466.373 376.403 68.1124 308.29 105.828 95.7256 16.0435 34.8653 38.8067 30.7196 77.1687 54.557 26.1717 314.57 351.353 41.6815 72.3179 30.1607 153.266 198.086 62.0018 44.6036 28.2263 302.04 96.151 205.889 29.3578 202.463 170.409 33.2771 137.132 129.857
internal_count=72663 12013 10466 7220 1547 400 3777 3246 3175 1312 978 2349 1403 1147 3443 1428 348 946 955 1863 1311 231 1080 804 296 508 419 552 1022 530 3287 2814 775 2039 506 411 115 276 425 410 269 203 120 1376 1055 156 125 125 353 702 701 430 349 815 293 522 347 1533 1357 265 1092 1075
is_linear=0
shrinkage=0.05


Tree=2
num_leaves=63
num_cat=0
split_feature=19 1 16 16 1 12 1 31 9 19 19 12 16 11 9 17 3 8 1 0 12 15 36 32 1 15 15 17 7 19 3 16 36 0 4 1 16 17 31 8 0 16 16 19 1 0 1 36 8 8 1 15 33 1 5 1 17 4 7 7 7 8
split_gain=6745.05 307.522 67.0823 42.6743 41.613 27.5905 26.6168 22.2603 21.7013 20.9174 20.475 19.6645 18.3931 15.7603 14.7893 13.6982 10.9473 10.6851 10.6164 13.7318 10.1077 11.936 15.6608 9.71523 9.59958 11.8844 22.1271 11.2355 11.3301 9.45415 9.34127 10.573 12.2169 10.2703 9.0357 9.03147 8.57012 8.52538 8.48749 13.2 8.47101 8.00457 10.9946 7.93645 7.83113 7.74054 7.67075 7.35047 7.34446 7.2082 6.90107 7.90342 12.0952 17.6705 9.55311 6.81745 8.23524 7.39006 6.73957 6.6997 6.45295 9.3994
threshold=1.0000000180025095e-35 6.5000000000000009 0.86763349175453197 0.94374412298202526 36.500000000000007 1.0000000180025095e-35 1.5000000000000002 0.11452345922589303 7.5000000000000009 24.500000000000004 1.5000000000000002 1.0000000180025095e-35 2.4590674638748173 1.0000000180025095e-35 1.0000000180025095e-35 3.3481972217559819 3.4498615264892583 1799.0000000000002 25.500000000000004 0.69139862060546886 1.0000000180025095e-35 0.58840337395668041 0.0011698118178173902 5.5626702308654794 11.500000000000002 13.211111068725588 32.535715103149421 3.8749305009841923 13.500000000000002 1.5000000000000002 5.6920459270477304 1.0650178194046023 0.012179104611277582 0.72488594055175792 54.500000000000007 46.500000000000007 1.1640579104423525 1.089660704135895 0.0026097890222445135 5948.5000000000009 0.6657695770263673 0.99949577450752269 0.95474797487258922 10.500000000000002 7.5000000000000009 0.79251480102539074 26.500000000000004 2.3273548322322316e-05 1620.5000000000002 4558.5000000000009 9.5000000000000018 1.0026408433914187 2.9937028784843282e-06 22.500000000000004 6011.5000000000009 20.500000000000004 5.7814953327178964 3.5000000000000004 90.500000000000014 2.5000000000000004 14.500000000000002 2389.0000000000005
decision_type=2 2 2 2 2 2 2 2 2 2 2 2 2 2 2 2 2 2 2 2 2 2 2 2 2 2 2 2 2 2 2 2 2 2 2 2 2 2 2 2 2 2 2 2 2 2 2 2 2 2 2 2 2 2 2 2 2 2 2 2 2 2
left_child=-1 3 7 17 5 8 -5 9 10 11 15 18 14 23 35 50 -8 -2 19 29 21 22 -19 41 44 27 -27 -26 -29 40 31 32 33 -30 37 47 -33 -16 39 -21 -3 42 -12 -20 -17 -23 -28 -6 -39 -43 -4 52 53 -52 -54 56 -38 -57 60 -53 -10 -62
right_child=1 2 4 6 12 -7 16 -9 58 -11 13 -13 -14 -15 34 24 -18 20 43 38 -22 45 -24 -25 25 26 46 28 30 -31 -32 36 -34 -35 -36 -37 55 48 -40 -41 -42 49 -44 -45 -46 -47 -48 -49 -50 -51 51 59 54 -55 -56 57 -58 -59 -60 -61 61 -63
leaf_value=-0.086055775870457471 0.076189533495301234 0.024509962899779834 0.060495469905153344 0.075424482305178911 0.028417597084056563 0.0848135885355049 0.071150562633959843 0.052414388027853247 0.021376825714890999 0.084311724929870241 0.033170761289028045 0.082215164086636094 -0.043599095387702846 0.065356508679786818 0.051025520006734819 0.0070103020463798352 0.055691033235431897 0.039507726236738996 -0.055321443954602811 0.022862776254795616 0.069470021402453994 0.023738134054146553 -0.075600454791014737 0.067990281415580556 -0.019001735032418116 -0.061454843497620121 -0.011763192249935425 0.046988979110462119 -0.018929826681023096 0.056820604106934736 0.060004786945965831 0.049482116766971757 -0.06177569529168675 0.056831821535305027 0.047417324194875952 0.027295364598289358 0.032446116567849431 -0.015155072837971396 -0.062089277637435936 -0.083086887636270701 -0.067036159458251629 0.039157686432266858 -0.044901562340867583 0.032425474364128577 0.045708749068155675 0.063240772187247191 0.052741638548045748 -0.044644973343710988 0.01886079468230346 0.060716488114815226 0.026550042628915433 0.018922049587495854 0.030970177755671513 -0.052938211822372641 0.079971206624161226 0.049097837691867638 -0.024959601235681139 0.0072376389347992599 0.050407349956589624 0.054772562936527026 -0.035439423260057862 0.015567978983008013
leaf_weight=1464.0316168586724 14.743929812684653 6.2673309594392794 40.344040801748633 570.62036933377385 4.2550202682614389 30.690484970808029 160.12927845306695 13.721504964865742 59.369852908886969 4.9314250238239756 15.611847038846465 4.3382530277594915 12.730688817333428 88.132439363747835 17.816872673109174 15.698793524876235 401.97955573536456 5.5104730911552888 31.65921093383804 10.319579331204297 14.487695120275019 62.459086076356471 6.371525589376688 33.53651337325573 13.70642135478556 12.062682889401914 8.0284622609615344 54.993082623463124 11.446377515792852 9.3019163310527784 13.177349554374812 23.903959723189473 8.4277672637253982 7.3428831305354825 32.881938699632883 9.6113335043191892 9.6619103513658064 18.373388631269336 13.874730776995419 4.1108637074939898 4.2341011557728052 330.98229093290865 6.3410746343433848 2.805265996605157 78.16180925257504 15.473219799809156 10.820563700050114 18.0258106617257 116.39797227084637 43.916387407109141 24.564143158495426 15.858582448214291 48.471125785261393 9.7735372483730298 12.514687597751616 20.315219154581428 17.678810890763998 21.919795320369303 12.305879369378088 73.110220142640173 15.197384724393485 22.262181658297777
leaf_count=60650 29 89 120 692 28 52 290 72 382 9 135 11 202 221 87 75 905 26 1028 135 30 274 101 81 110 160 85 234 99 68 39 107 115 54 142 63 37 194 421 102 100 1346 85 9 291 59 53 244 1016 127 90 98 262 86 28 112 135 165 38 293 120 152
internal_value=0.000899642 0.0464023 0.0314859 0.0648245 0.0343055 0.0380109 0.0678173 -0.00698723 0.0367933 -0.015862 0.0389586 -0.0215459 0.0148142 0.0460932 0.0182354 0.0322565 0.060095 0.0363474 -0.0269974 -0.0118229 0.0307154 0.024464 -0.0222171 0.0421486 0.0257316 0.0203028 -0.00857463 0.0247094 0.0278815 0.0201135 0.0200326 0.0156685 -0.0117573 0.010678 0.0236437 -0.0132164 0.0236536 0.0185206 -0.0341668 -0.00731957 -0.0124008 0.0399648 0.0106197 -0.0481792 0.0392362 0.0315813 0.0252668 -0.0306921 0.0142234 0.0416831 0.0417648 0.0376645 0.0276612 0.00392529 0.0410255 0.0147798 -0.00467305 0.0273726 0.0155535 0.0483823 0.011124 -0.00512578
internal_weight=4261.79 2797.76 1545.99 1251.78 1440.42 1210.33 1132.73 105.564 1179.64 91.8427 1070.5 86.9113 230.093 518.521 217.362 551.982 562.109 119.046 82.573 48.1085 104.302 89.8143 11.882 430.388 327.346 233.485 30.9117 202.574 188.867 19.8033 133.874 120.697 27.217 18.7893 185.47 31.8922 93.4797 152.588 28.3052 14.4304 10.5014 396.852 21.9529 34.4645 93.8606 77.9323 18.849 22.2808 134.771 374.899 224.636 184.292 95.3235 34.3377 60.9858 69.5757 27.3407 42.235 109.135 88.9688 96.8294 37.4596
internal_count=72663 12013 9607 2406 7563 5587 1887 2044 5535 1972 4843 1963 1976 1995 1774 2848 1195 519 1952 915 490 460 127 1774 1871 1505 298 1207 1097 257 863 824 268 153 1439 335 556 1297 658 237 189 1693 220 1037 366 333 138 272 1210 1473 977 857 466 176 290 449 172 277 692 391 654 272
is_linear=0
shrinkage=0.05


Tree=3
num_leaves=63
num_cat=0
split_feature=16 1 32 32 2 1 1 12 12 1 2 15 1 15 1 2 16 6 4 33 12 17 2 11 17 17 16 16 15 15 11 15 34 5 16 0 1 4 15 1 0 5 9 33 1 16 32 33 16 0 4 32 2 34 5 16 1 0 33 5 17 16
split_gain=2141.21 826.646 497.324 140.845 91.8948 72.7635 71.6025 68.8561 60.3152 56.9311 42.1048 37.8287 48.8263 30.6625 28.1795 25.4308 24.7169 23.4378 22.4812 21.2344 19.8791 19.404 17.777 17.6845 15.3835 15.162 14.9902 14.4244 14.4058 14.1296 13.932 13.7757 15.5896 13.4028 13.3744 12.6011 15.251 12.5967 12.485 16.8902 14.6646 15.741 17.7751 12.4585 12.6278 12.2637 14.5921 12.1775 11.9203 11.9016 11.4546 11.4258 11.044 10.9264 10.8445 10.5057 10.3995 9.83894 9.6957 9.50109 9.2447 9.08251
threshold=0.86763349175453197 6.5000000000000009 2.1762200593948369 3.0944443941116337 79.500000000000014 30.500000000000004 2.5000000000000004 1.0000000180025095e-35 1.0000000180025095e-35 20.500000000000004 8.5000000000000018 1.0715116858482363 7.5000000000000009 1.1336309313774111 28.500000000000004 5.5000000000000009 1.8249204754829409 0.0010230166953988375 30.500000000000004 1.0000000180025095e-35 1.0000000180025095e-35 15.850892066955568 17.500000000000004 1.0000000180025095e-35 1.5341750383377077 144.3378601074219 1.717173755168915 1.1426820755004885 0.45468705892562872 3.4562104940414433 1.0000000180025095e-35 0.6509782373905183 0.49959962069988256 1803.5000000000002 1.1498725414276125 0.76369857788085949 9.5000000000000018 4.5000000000000009 12.775985717773439 9.5000000000000018 0.7209606170654298 3979.5000000000005 1.0000000180025095e-35 0.16057413816452029 6.5000000000000009 0.96830552816391002 2.5905631780624394 1.5371436347777493e-05 1.717173755168915 0.70836067199707042 4.5000000000000009 2.6329318284988408 70.500000000000014 0.50147825479507457 2420.5000000000005 2.1306217908859257 15.500000000000002 0.66936683654785167 0.019389966502785686 4058.5000000000005 26.634079933166507 1.3382202386856081
decision_type=2 2 2 2 2 2 2 2 2 2 2 2 2 2 2 2 2 2 2 2 2 2 2 2 2 2 2 2 2 2 2 2 2 2 2 2 2 2 2 2 2 2 2 2 2 2 2 2 2 2 2 2 2 2 2 2 2 2 2 2 2 2
left_child=3 6 7 8 5 20 31 9 11 15 -8 52 -13 22 18 30 47 -5 19 29 33 -16 -11 -14 28 43 34 -23 -24 -6 56 32 -2 -4 -17 48 -37 -28 40 -40 -35 50 -43 44 49 46 -12 -15 54 -19 -42 -7 -1 -20 60 -33 -3 -36 -53 -49 -21 -59
right_child=1 2 4 17 14 51 10 -9 -10 13 45 12 23 16 21 26 -18 25 53 35 -22 27 24 -25 -26 -27 37 -29 -30 -31 -32 55 -34 38 57 36 -38 -39 39 -41 41 42 -44 -45 -46 -47 -48 59 -50 -51 -52 58 -54 -55 -56 -57 -58 61 -60 -61 -62 -63
leaf_value=-0.078432588814682472 0.05300858229236121 -0.034122659567895591 -0.035809111364510239 0.030075284002601524 0.031252405422032829 -0.039685159256672764 -0.011621801504111585 0.065513930679765339 0.030212597998208225 -0.065354600089329792 -0.078410709876089613 -0.0014927109358427678 -0.069547007364092084 -0.040031650593704095 -0.0043164480276077109 -0.019048079154800706 -0.074117045155161529 0.073742717272226407 0.045286681365807963 0.03649790725440414 0.079052582012784034 -0.0050461137170759972 0.054629241413001031 0.060737960379016277 -0.060959198355587045 0.035405238185161191 -0.048781286900380111 0.031535268927094712 -0.058647907840476937 -0.0085123016747821537 0.071136069271128796 0.068055147054851065 -0.018019308496027186 0.023561208867207983 0.043524163297742419 0.036149256698748515 -0.04997600552961394 0.065308441552724986 0.037726356853519896 -0.051833335752445191 -0.028177095853869301 0.063268602831782081 0.0036733035447198501 0.03143666313751696 -0.061376104876141549 0.044668128702222948 0.027161299365168107 -0.011326004563212073 0.01595209737134139 -0.029868899324981449 0.017815005799550119 -0.018998409707598099 0.0049018144991152014 0.080228021386707038 0.050453552071504787 0.041048504725504517 -0.073899221777236124 0.023607133009631062 0.037928966922492507 0.042364027991237993 -0.026555216590757682 -0.022034005460318591
leaf_weight=680.37137495679781 121.90104720136151 54.685553906485438 14.262876518070696 30.019212725572288 38.162085034884512 80.915717103984207 39.328155814670026 15.976108629256485 14.42998502217233 234.53835367690772 4.2444483470171717 38.152404614724219 114.86511570354924 30.060619092546403 82.063388149254024 47.330788068473339 22.996787802316248 3.5736299958080044 147.26163103338331 17.612133529037241 11.294524263590572 32.859433620236814 8.5599013874307293 2.6650507953017941 12.271096501499413 9.2614163830876333 27.227309641428295 149.77699802350253 4.1759100239723912 53.879913195036352 2.6201919429004183 584.85379365668632 8.2480207309126836 226.11128316447139 21.537408160045743 11.960770500823857 9.0138741759583336 2.655322987586259 7.9380781147629049 15.629891052842138 46.34725875267759 17.403010034002364 44.520173930097371 6.4201460052281609 31.068425909616053 369.05831485055387 14.302272650878875 37.081705787219107 42.719521284103394 12.349121518433092 19.124170032329857 64.90247496869415 3.9991140197962514 26.381856305524707 152.70953922625631 38.372896765358746 23.491050189360976 23.289308778010309 8.4538186183199269 10.594104376621543 8.6774214711040241 20.490276081487536
leaf_count=28343 923 1675 368 362 272 1971 913 81 161 7941 121 857 4857 853 1211 1063 812 24 618 127 31 482 59 16 362 104 754 1017 108 643 7 1377 28 2422 231 47 121 14 56 403 891 86 532 94 1190 1862 149 853 390 248 209 1302 77 46 732 159 965 366 94 116 83 384
internal_value=0.00102522 0.0210717 0.000910015 -0.0647937 0.0179536 0.0024685 0.0540319 -0.0368958 -0.071144 -0.0396993 0.0376727 -0.072885 -0.050639 -0.0519945 0.0291086 -0.0198642 -0.0285805 -0.00625316 0.0359969 0.0284239 0.0136558 0.0158792 -0.0610818 -0.0665927 -0.0210071 -0.0236539 -0.00716072 0.0249536 0.0174871 0.00797478 -0.0422739 0.0633026 0.0485073 0.0117684 0.00119086 0.0361793 -0.000863159 -0.0386435 0.013568 -0.0216682 0.0159172 0.00234991 0.0204221 -0.0338946 -0.0428205 0.0426744 0.00300097 -0.0151095 0.0396835 -0.00661478 -0.0147428 -0.0267291 -0.0779456 0.0505954 0.0453472 0.0663923 -0.046075 0.0158566 -0.0124379 0.000604528 0.0156859 0.00224559
internal_weight=4057.05 3109.87 1929.56 947.175 1329.98 556.903 1180.31 599.582 854.483 583.606 426.933 840.053 155.683 360.278 773.079 223.327 100.733 92.692 508.379 334.735 402.631 264.7 259.545 117.53 25.0069 62.6727 142.53 182.636 12.7358 92.042 80.7968 753.376 130.149 391.337 112.648 242.693 20.9746 29.8826 377.074 23.568 353.506 127.395 61.9232 53.4113 46.9912 387.605 18.5467 77.7364 221.719 15.9228 65.4714 154.272 684.37 173.643 178.999 623.227 78.1766 65.317 73.3563 47.6758 26.2896 43.7796
internal_count=72663 36330 30798 36333 14154 8365 5532 16644 34311 16563 3045 34150 5730 11104 5789 5459 2634 2022 3079 2415 4998 2710 8470 4873 529 1660 2812 1499 167 915 2647 2487 951 4967 2044 1500 168 768 4599 459 4140 1718 618 1556 1462 2132 270 1822 1332 272 1100 3367 28420 664 942 1536 2640 981 1396 969 210 750
is_linear=0
shrinkage=0.05


Tree=4
num_leaves=63
num_cat=0
split_feature=19 1 1 13 2 32 13 36 4 18 19 17 1 10 18 8 5 7 15 32 31 19 18 6 2 34 0 15 18 17 4 32 32 7 1 18 8 8 19 18 17 36 1 0 32 33 15 1 19 18 19 0 18 32 1 0 1 8 1 7 31 0
split_gain=5454.79 167.67 43.6727 25.3892 17.518 15.8885 19.8483 16.5565 14.8841 14.1823 16.0421 12.1624 12.8939 11.7196 11.2175 7.93438 7.45553 13.4069 7.55944 9.65835 7.25321 8.31766 10.3403 12.2457 9.83532 9.3343 7.17907 10.0959 12.8413 9.97688 7.52973 7.06113 6.9884 11.608 6.91585 13.2813 6.72476 6.39883 9.34947 6.37647 6.3012 6.01072 5.7333 5.54734 5.54043 5.42935 5.42313 9.41465 6.30613 8.40988 5.27218 5.23744 5.11788 5.07263 8.20011 7.71374 5.03921 4.98851 9.24069 4.76454 4.70775 7.42689
threshold=1.0000000180025095e-35 3.5000000000000004 33.500000000000007 1.0000000180025095e-35 22.500000000000004 5.5626702308654794 1.0000000180025095e-35 0.38501882553100591 438.00000000000006 13.500000000000002 1.5000000000000002 3.0729029178619389 1.0000000180025095e-35 1.0000000180025095e-35 9.5000000000000018 3994.5000000000005 6009.0000000000009 107.50000000000001 0.83411213755607616 2.4688410758972172 0.0001028141959977802 6.5000000000000009 17.500000000000004 0.022348423488438133 503.50000000000006 0.45859153568744665 0.73112106323242199 9.007352828979494 4.5000000000000009 5.7814953327178964 28.500000000000004 4.273745298385621 3.4819382429122929 23.500000000000004 26.500000000000004 7.5000000000000009 1424.5000000000002 2016.5000000000002 2.5000000000000004 9.5000000000000018 7.2694807052612314 0.001739520928822458 45.500000000000007 0.73627281188964855 3.4221894741058354 0.094514738768339171 6.5060975551605233 44.500000000000007 3.5000000000000004 6.5000000000000009 6.5000000000000009 0.68954658508300792 12.500000000000002 2.4688410758972172 8.5000000000000018 0.67526817321777355 14.500000000000002 1762.0000000000002 25.500000000000004 3.5000000000000004 0.0057426302228122958 0.75831031799316417
decision_type=2 2 2 2 2 2 2 2 2 2 2 2 2 2 2 2 2 2 2 2 2 2 2 2 2 2 2 2 2 2 2 2 2 2 2 2 2 2 2 2 2 2 2 2 2 2 2 2 2 2 2 2 2 2 2 2 2 2 2 2 2 2
left_child=-1 11 3 4 39 6 14 -8 13 16 41 -2 -13 26 46 20 17 18 -5 -20 31 22 24 25 -22 43 27 28 -6 52 40 32 33 53 35 -29 -14 -12 -39 -3 -30 -11 50 -24 -37 -43 59 48 49 -48 -16 -42 -28 -15 -55 -56 -53 -21 -59 -4 61 -31
right_child=1 2 5 9 8 -7 7 -9 -10 10 37 12 36 15 42 -17 -18 -19 19 57 21 -23 23 -25 -26 -27 29 34 30 60 -32 -33 -34 -35 -36 44 -38 38 -40 -41 51 45 -44 -45 -46 -47 47 -49 -50 -51 -52 56 -54 54 55 -57 -58 58 -60 -61 -62 -63
leaf_value=-0.078795862359797214 0.070076395521285445 0.062788986167893898 0.077379499432650573 0.049144506705386143 -0.013316756006373049 0.064594135639669148 -0.037563778961076565 0.056883303345292228 0.074331218386823716 0.0091990256880374443 0.07135325514847729 0.067441888759493515 0.025151070353632177 0.059157906748424249 0.012996869265526562 0.052115877040423142 0.06476007582086693 -0.057067799117742624 0.046363426218843005 0.056418454147098597 0.049548363439857163 0.063243124757745448 0.027530186782880623 0.059445431326262371 0.0057131282455737458 0.052107741443548052 0.032414118280257913 -0.057752253569813644 0.039993411376748 0.03628836595414215 0.070424027523317723 -0.014091818321390587 0.049945325712283058 -0.011722831467641316 0.032890615526634699 0.041194094433715342 0.053611471285771962 -0.050970395097686395 0.032833340446118971 0.044686883100253018 0.035472563313566581 -0.065064141227782882 -0.011236348161144889 0.0061475216463927201 -0.004624048360564569 0.019335248879410558 -0.087924618157798951 0.048389359659576192 0.031155115993468586 0.0042050989310060448 0.050406796511437126 0.019406187929716 -0.024535389254589413 0.053958649658625596 -0.037142744056700705 0.024719834011890103 -0.033507365764260832 0.0079711401495792655 -0.064375592991608124 0.03673835934004277 0.025042329680987564 0.067249135295335979
leaf_weight=1389.1694951346144 313.99138713441789 111.62320624105632 8.3214128483086807 29.496906741522253 14.624416518956421 17.201886275783181 27.22286074468866 5.5935888634994617 28.427554965019226 5.2640064731240299 5.4926011301577118 212.58016547374427 22.190689466893673 14.712885007262228 127.21015611663461 134.9568449202925 12.888785149902104 4.8153278036043039 19.308953002095222 3.8423298355191937 203.2675340231508 40.091358088888228 80.68074394762516 30.982250740751624 13.655901752412317 26.417889308184385 7.4829285740852347 9.3674742206931096 72.321948017925024 40.899655181914568 14.253533810377119 9.3855548463761789 33.783820729702711 18.546577794477344 16.357746565714478 9.8456351235508937 320.9328805860132 4.6529334504157331 11.688932848162947 86.227247468195856 15.097411913797258 13.058206606656311 22.93975406140089 48.605134508572519 20.002139316871762 2.2310688160359851 4.1429760809987837 12.690045233815907 6.1453355215489855 6.159990438260138 10.170948650687931 10.014412034302952 8.3440274056047183 15.003070466220377 7.0443524084985283 17.701528302393854 8.170708164572714 27.01933160610497 5.2755213445052496 54.070865283720195 22.642753275111318 36.796031991951168
leaf_count=60650 486 329 19 260 84 58 816 42 51 66 20 296 53 51 1266 470 41 157 171 18 745 116 472 108 57 77 35 95 295 167 35 62 150 142 111 54 712 106 91 483 77 397 293 317 133 24 107 76 37 80 53 47 68 38 67 121 91 394 147 376 109 94
internal_value=0.000887327 0.0444 0.0351484 0.0389358 0.0412736 0.01793 0.0151102 -0.0214652 0.0386549 0.0191522 -0.00517884 0.0622103 0.0577657 0.0376417 0.019876 0.0412332 0.0291996 0.0240933 0.0286943 0.0178149 0.03861 0.0415221 0.0393645 0.0307376 0.0467888 0.0250253 0.0294925 0.0235072 0.0309152 0.0392848 0.0363121 0.0274883 0.0311426 0.0224418 0.00558031 -0.00581156 0.0517709 0.0246647 0.00897234 0.0548997 0.031708 -0.0368826 0.0119028 0.0194914 0.0104896 -0.0527483 0.0338415 0.0160323 -0.00893147 -0.0328416 0.0157665 0.0137041 0.00239014 0.0340764 0.0247925 0.00710956 -0.00436826 0.00256075 -0.00384705 0.0421588 0.0451045 0.0509511
internal_weight=3933.1 2543.93 1674.24 1372.37 1227.33 301.87 284.668 32.8164 1029.48 145.035 42.3877 869.695 555.704 1001.06 251.851 694.835 102.647 89.7584 84.943 55.4461 559.879 443.701 403.609 186.686 216.923 155.704 306.221 190.055 134.482 116.165 119.858 116.178 106.792 73.0084 55.573 39.2152 343.124 21.8345 16.3419 197.85 105.604 20.5533 160.321 129.286 29.8478 15.2893 91.5306 29.1383 16.4483 10.303 137.381 33.2825 15.827 54.4618 39.749 24.7459 18.1851 36.1372 32.2949 62.3923 100.338 77.6957
internal_count=72663 12013 10466 7243 5351 3223 3165 858 4539 1892 704 1547 1061 4488 2307 2993 1188 1147 990 730 2523 1892 1776 974 802 866 1495 1022 629 473 545 631 569 419 393 282 765 217 197 812 510 487 1612 789 187 421 695 300 224 187 1319 215 103 277 226 188 138 559 541 395 370 261
is_linear=0
shrinkage=0.05


Tree=5
num_leaves=63
num_cat=0
split_feature=19 1 16 1 1 16 19 18 6 8 4 12 32 8 16 2 7 16 16 19 16 1 33 7 4 17 36 18 8 33 32 16 6 4 16 17 2 8 36 17 2 1 16 18 7 4 34 32 16 16 36 33 8 8 19 32 33 17 33 1 7 2
split_gain=4531.38 156.392 45.0265 35.3315 24.6388 19.5528 18.2695 30.8217 17.1592 15.8958 14.3683 13.9532 13.7426 12.1654 12.101 11.0028 11.4486 12.1013 10.3518 10.236 11.0076 9.57333 9.28758 9.20972 8.87135 8.09678 7.99098 10.0208 9.72521 7.85696 7.30133 12.0935 11.57 8.97196 7.36084 7.09045 9.11308 9.83826 9.86501 9.59858 7.34889 6.6327 6.40556 11.3771 6.21179 6.11979 6.08776 7.06748 6.07944 7.33338 5.96003 7.85057 8.06187 11.1977 6.61537 12.0701 5.74075 5.71148 17.4649 5.66079 5.45501 5.44646
threshold=1.0000000180025095e-35 5.5000000000000009 0.86763349175453197 36.500000000000007 1.5000000000000002 0.99949577450752269 1.5000000000000002 17.500000000000004 0.03812063671648503 1407.5000000000002 88.500000000000014 1.0000000180025095e-35 2.6764796972274785 3982.0000000000005 1.5141150355339053 21.500000000000004 49.500000000000007 0.99949577450752269 1.6560016870498659 22.500000000000004 2.0247833728790288 19.500000000000004 0.0003972282429458574 92.500000000000014 3.5000000000000004 1.2422448396682741 0.016977157443761829 14.500000000000002 4483.5000000000009 2.9937028784843282e-06 2.7348161935806279 0.99949577450752269 7.5572777404886446e-06 19.500000000000004 0.94869717955589306 2.13494884967804 56.500000000000007 2825.5000000000005 0.030194026418030265 11.714131355285646 92.500000000000014 21.500000000000004 0.99348831176757824 13.500000000000002 53.500000000000007 28.500000000000004 0.50016149878501903 3.7529759407043461 0.6306426227092744 0.78038880228996288 0.0046189408749341973 9.9154846111559912e-07 2160.5000000000005 2488.5000000000005 3.5000000000000004 3.5961956977844243 0.012791178654879333 13.718648910522463 5.5985690323723256e-06 13.500000000000002 71.500000000000014 265.50000000000006
decision_type=2 2 2 2 2 2 2 2 2 2 2 2 2 2 2 2 2 2 2 2 2 2 2 2 2 2 2 2 2 2 2 2 2 2 2 2 2 2 2 2 2 2 2 2 2 2 2 2 2 2 2 2 2 2 2 2 2 2 2 2 2 2
left_child=-1 4 9 6 42 26 7 11 12 -3 21 15 13 44 30 -4 17 22 45 20 25 23 -17 48 -18 -5 28 -28 -6 -20 -8 32 -32 57 -34 -19 -37 38 39 41 -39 -38 43 -2 -9 56 47 -35 -11 -50 51 52 -16 -54 55 -53 -7 -33 -59 -14 -61 -27
right_child=1 2 3 19 5 18 14 8 -10 10 -12 -13 59 -15 50 16 24 35 29 -21 -22 -23 -24 -25 -26 61 27 -29 -30 -31 31 33 34 46 -36 36 37 40 -40 -41 -42 -43 -44 -45 -46 -47 -48 -49 49 -51 -52 54 53 -55 -56 -57 -58 58 -60 60 -62 -63
leaf_value=-0.075338476997926382 0.060855018302777356 0.080115390426266656 0.046499955090580136 0.04704720841057481 -0.031270889871495254 0.060981492511778271 0.063464483240762065 0.017359174635365626 0.061153356629136825 0.03213671352244566 0.06180664334291508 0.072321626590626395 0.0073454270508380576 0.057710197206766206 -0.027675837799762334 -0.07275115813199648 0.021733662040721358 -0.0052821724943363305 0.015050113597451354 0.073317985398517638 -0.022198932576399329 -0.030412498249211287 0.014936559979456802 -0.067509504978559648 0.057468402113164542 0.0037173217974852666 0.054591293355525476 0.00057690300135329478 0.026623309817882669 0.046430541631385103 0.058455447505616355 0.045079114724088813 0.012950709450437251 0.073340702531674698 -0.055228083523230304 0.040030891284944387 0.028264447696907086 0.012332855119250363 -0.014526189774060679 0.052633847113739113 -0.043557797632492838 -0.035539694489948682 0.064957499263326876 0.015142713494306115 -0.02877076796440016 0.035809719670803271 0.078045931326705231 0.044833430741730212 -0.045459554277195308 0.019669618734471261 0.041599133259166372 0.034565348647234893 0.068903248425081914 -0.0038980934321098584 0.048998251536776907 -0.029213870643915358 0.035201532419582945 -0.028874440994849232 0.041322785142884948 -0.0093393495432408311 -0.047656162448630662 0.024973659314735813
leaf_weight=1320.3707663221285 51.040145885199308 5.3351887390017501 119.9354496859014 16.819082044064999 12.252543348819019 232.07891887240112 56.748072342947125 44.191322715952992 15.311744976788757 17.951980899088085 6.6888331128284326 25.030882131308317 33.154331010766327 17.616242283955216 12.538764493539928 5.6959051042795164 26.779220689088106 17.281200231984258 28.687038227915764 6.5016187429428092 23.836012906394899 43.955491938628256 6.4270222689956427 4.0942492671310893 49.419507246464491 96.751810124609619 26.737138502299786 12.648766243830321 17.780305869877338 65.470727395266294 8.4281088709831256 75.976971074938774 10.238991487771274 27.293852485716343 6.4544091662392011 84.677123545669019 12.839119765907528 14.860855717211964 11.491799512878059 33.604976300150156 9.7337158583104593 5.9657994285225859 452.56290813162923 18.561402143910527 8.7413358874618989 33.345319308340549 23.852251850068569 106.87989847175777 7.7792630651965764 9.7254491224884969 84.22622000053525 31.192246416583657 8.2279273755848426 14.75191932171583 35.032359059900045 9.7327104900032264 23.810047656297684 12.068420719355343 33.33627513423562 34.73244187887758 12.679797094315289 43.767880802974105
leaf_count=60737 122 13 508 96 88 504 171 352 57 204 41 35 209 64 106 94 135 101 96 17 372 1371 49 147 182 1161 108 88 104 168 28 281 108 71 95 369 72 110 104 143 112 90 644 77 94 80 43 384 198 143 354 176 35 107 139 81 63 78 143 367 164 304
internal_value=-0.00091316 0.0399415 0.0294155 0.0317887 0.0553839 0.0468484 0.035079 0.0289491 0.0107165 -0.0037452 -0.00870568 0.03611 0.00560598 0.0217192 0.0415742 0.0338367 0.0283887 0.0221744 0.0512696 0.0116772 0.00946522 -0.0143537 -0.0262631 0.00349349 0.0449098 0.0142622 0.022431 0.0372446 0.00300413 0.0368699 0.0469984 0.04393 0.0107002 0.0469177 -0.0134102 0.0252575 0.0283051 0.0170854 0.027428 0.0366272 -0.00978681 0.00802279 0.0627857 0.0486644 0.00974124 0.0559573 0.0547702 0.0506324 0.0116923 -0.00927441 0.0315608 0.0239762 0.00457241 0.0221684 0.0330497 0.0193975 0.0585827 0.0366946 0.0226646 -0.00850373 -0.0195867 0.0103381
internal_weight=3725.7 2405.33 1430.36 1334.83 974.975 452.811 1147.15 590.17 166.427 95.5305 90.1953 423.743 151.115 70.5489 556.979 398.712 278.776 202.578 383.392 187.676 181.175 83.5064 12.1229 39.5509 76.1987 157.339 69.4188 39.3859 30.0328 94.1578 361.277 304.529 25.1215 279.408 16.6934 190.455 173.173 88.4963 63.9017 52.4099 24.5946 18.8049 522.164 69.6015 52.9327 289.234 158.026 134.174 35.4567 17.5047 195.702 111.476 35.5186 22.9798 75.9573 40.925 255.889 121.382 45.4047 80.5666 47.4122 140.52
internal_count=72757 12020 9878 7761 2142 1299 5811 3411 1307 2117 2104 2104 1250 510 2400 2069 1561 1244 911 1950 1933 2063 143 692 317 1561 388 196 192 264 1402 1231 231 1000 203 1101 1000 631 409 305 222 162 843 199 446 647 498 455 545 341 998 644 248 142 396 257 567 502 221 740 531 1465
is_linear=0
shrinkage=0.05


Tree=6
num_leaves=63
num_cat=0
split_feature=19 1 16 1 18 1 2 12 19 8 19 15 16 19 6 1 16 4 34 18 19 19 0 1 8 17 19 18 9 8 15 16 15 16 18 15 4 18 19 15 15 10 14 9 1 17 18 17 17 0 19 8 16 32 15 0 15 18 16 14 0 1
split_gain=4022.94 138.315 54.5067 40.7671 16.0931 15.4123 13.5017 11.1083 10.8403 10.8373 13.9366 11.2593 10.6598 9.06028 9.01744 8.74332 8.67909 8.31956 8.31885 8.02399 8.00348 7.95232 7.94728 10.2156 7.75122 8.86322 12.7338 7.5269 7.4402 7.2925 7.07649 7.49109 7.23239 7.06791 7.05509 6.79913 6.6291 11.048 6.72258 8.94354 9.56402 6.50326 7.49851 6.49999 6.45187 7.38619 7.42126 6.1183 8.45527 6.03966 5.94761 5.94216 5.91614 5.83729 5.53308 5.50003 5.45867 5.13614 5.10939 6.17509 4.93333 4.74192
threshold=1.0000000180025095e-35 2.5000000000000004 0.94374412298202526 16.500000000000004 12.500000000000002 36.500000000000007 199.50000000000003 1.0000000180025095e-35 1.5000000000000002 3258.0000000000005 1.5000000000000002 13.211111068725588 1.5370666384696963 22.500000000000004 5.9033061461377665e-06 19.500000000000004 2.4080677032470708 16.500000000000004 0.51151809096336376 9.5000000000000018 12.500000000000002 3.5000000000000004 0.71015262603759777 17.500000000000004 1466.0000000000002 1.340002775192261 1.5000000000000002 5.5000000000000009 1.0000000180025095e-35 2419.5000000000005 10.669540405273439 1.3500339388847353 4.945906639099122 1.0462067723274233 12.500000000000002 5.7559523582458505 31.500000000000004 10.500000000000002 5.5000000000000009 7.3393940925598153 1.4984662532806399 1.0000000180025095e-35 2.1383330821990971 5.5000000000000009 31.500000000000004 5.1463174819946298 7.5000000000000009 5.4014501571655282 7.1349408626556405 0.67474842071533214 7.5000000000000009 2020.5000000000002 1.6759720444679262 2.5758615732192998 5.2268438339233407 0.6779308319091798 2.4739555120468144 19.500000000000004 2.2561950683593754 3.1984648704528813 0.69758033752441417 4.5000000000000009
decision_type=2 2 2 2 2 2 2 2 2 2 2 2 2 2 2 2 2 2 2 2 2 2 2 2 2 2 2 2 2 2 2 2 2 2 2 2 2 2 2 2 2 2 2 2 2 2 2 2 2 2 2 2 2 2 2 2 2 2 2 2 2 2
left_child=-1 17 4 7 9 12 51 8 19 11 14 -3 24 16 -11 -12 27 18 34 41 -17 29 23 -16 -5 -26 30 -7 57 -19 32 -32 44 -29 -2 -10 37 54 39 40 -39 42 -4 -35 45 -27 -47 52 56 -30 58 -6 61 -34 -14 -42 -49 -28 59 -37 -57 -21
right_child=1 2 3 5 6 13 -8 -9 35 10 15 -13 36 -15 22 20 -18 21 -20 47 -22 -23 -24 -25 25 26 28 33 49 -31 31 -33 53 43 -36 50 -38 38 -40 -41 55 -43 -44 -45 -46 46 -48 48 -50 -51 -52 -53 -54 -55 -56 60 -58 -59 -60 -61 -62 -63
leaf_value=-0.072501456923379587 0.06623723290737811 0.046951880944653079 -0.0068574389635103457 0.058117210253319868 0.009384765705645488 0.034081756433506825 0.016903960599796045 0.072826655394469822 0.053678338978068896 0.067979260635530267 0.045347652237900514 -0.03600584085740715 0.040053215037028002 0.069011509554231479 0.025811947700088531 -0.032107464941342242 -0.034104050418707919 0.04923009153614915 0.034163908547596197 0.061157514077731248 0.066331497848852825 0.058801882662548294 -0.05561269298651364 -0.041694461752515004 0.054010438955687572 0.017210759389761677 -0.0054743175678787425 -0.026898093772885979 0.014039161301983778 0.013634724727780715 -0.070502482892465412 0.027051063001812644 0.07387874227219747 0.015991225791120986 0.054103445587960812 0.044315687024347315 0.034334427973313826 -0.026641851082090936 0.054437657060580291 -0.032003626059675862 -0.016821906589231661 0.048582432425092636 0.038014720979534664 -0.019893772544934823 0.035870019528555737 0.029589185942055136 -0.035060918394312246 0.013031377135183101 0.025645526738550212 0.045958339675049281 0.057096809238094959 -0.041804784018896667 0.018511425602766914 0.02471883817227526 0.0080650768804645702 0.055161557920764451 -0.044069589456043945 0.038423641210865486 0.0079504300265973143 0.017826322167891883 0.014414345999059362 0.035397939650495834
leaf_weight=1267.832025679294 318.01165808364749 33.26614389847964 12.089192222803829 30.802237134426832 6.7957096379250279 32.73686673399061 19.86725967656821 27.171530291438103 174.89312547259033 2.8839088752865782 22.284227514639497 4.6635407945141187 41.781078290194273 6.7195239514112464 11.844585968181493 8.6350010363385064 10.548554501496254 30.206952445209026 29.061659049242735 24.535873860120773 2.7137567177414885 55.368387665599585 12.695716569200156 10.637059527449308 39.961284078657627 44.304725024849176 15.256311396136882 13.586917460896073 16.765508454293013 27.477986773476005 4.5882736686617118 3.4457312617450953 9.6955085992813128 96.631313563324511 192.20279483590275 98.875579638406634 55.195481453090906 14.659231729805468 5.5604187697172156 19.091649731621146 7.8244069665670386 128.08000013232231 40.502032680436969 14.514495158568023 23.294034399092197 6.0492082051932838 16.675533061847091 9.0517953671515006 79.211580716073513 127.71448480244726 39.286282483488321 34.199563244823366 36.355180844664574 16.00938911922276 19.984671730548143 12.042387088760735 7.7852043174207202 11.830177279189227 15.426066406071184 28.29732882604003 19.386695548892021 65.716252140700817
leaf_count=60737 478 327 62 103 106 221 229 44 520 8 148 92 189 17 130 227 221 54 89 70 6 99 322 400 141 272 123 234 88 69 88 36 19 926 397 318 232 174 20 237 80 409 153 194 164 36 196 53 391 488 106 870 177 121 214 54 51 72 96 113 161 285
internal_value=-0.00073605 0.0380352 0.0305035 0.033503 0.00369193 0.0250488 -0.0169249 0.0414136 0.0402907 0.0151383 0.00370358 0.036752 0.0290818 0.0120795 -0.0170192 0.0271548 0.00980266 0.0575988 0.0601842 0.0346747 -0.00856838 0.0452663 -0.0239875 -0.00612832 0.0341126 0.0319093 0.0289218 0.0127439 0.0377461 0.0322744 0.0167187 -0.0286624 0.0198609 0.00714362 0.0616663 0.0466394 0.0196547 0.0138807 0.00144145 -0.00259504 0.00781917 0.0425038 0.0276999 0.011305 0.0132015 0.00532377 -0.0178514 0.0283219 0.018806 0.0422544 0.039871 -0.0333192 0.0355411 0.0432612 0.0297033 0.0206887 -0.0133713 0.0136984 0.0351252 0.0384215 0.0300271 0.0424009
internal_weight=3614.58 2346.75 1694.42 1523.93 170.486 736.656 60.8625 787.277 760.105 109.624 71.6943 37.9297 561.918 174.738 38.0613 33.633 168.018 652.329 539.276 403.327 11.3488 113.053 35.1774 22.4816 366.392 335.59 295.629 157.47 171.566 57.6849 124.062 8.034 116.028 124.733 510.214 356.778 195.526 140.331 78.5648 73.0044 53.9127 180.671 52.5912 111.146 90.3235 67.0295 22.7247 222.656 96.0486 144.48 181.885 40.9953 126.607 25.7049 61.7658 39.2535 16.837 27.0865 142.599 127.173 31.4291 90.2521
internal_count=72757 12020 10834 7969 2865 5121 1205 2848 2804 1660 1241 419 3308 1813 860 381 1796 1186 964 1651 233 222 852 530 1947 1844 1703 1575 771 123 932 124 808 1354 875 1153 1361 1129 726 706 469 624 215 1120 668 504 232 1027 495 576 633 976 532 140 403 295 104 195 527 431 215 355
is_linear=0
shrinkage=0.05


Tree=7
num_leaves=63
num_cat=0
split_feature=19 1 16 1 1 16 8 4 11 19 7 9 16 19 18 16 4 4 1 0 15 1 15 8 16 0 36 10 18 8 7 1 8 1 4 7 1 32 15 35 8 7 2 19 16 34 4 15 2 16 15 18 19 0 19 7 11 4 2 15 36 4
split_gain=3572.18 131.422 35.8822 25.4311 23.4259 17.1033 12.9207 11.8514 9.80004 9.67704 9.17689 8.82652 8.57454 8.4973 10.2963 12.585 8.42496 8.50624 8.17283 9.43071 6.92746 11.2146 11.1082 7.93846 6.73908 6.57045 5.93348 7.97065 10.9275 8.39797 7.4886 7.67205 6.24606 5.82938 5.61056 8.41826 5.59413 7.47271 5.45935 6.36164 5.29232 5.35965 5.1444 5.82061 5.1117 4.99806 4.94463 4.9363 7.24159 4.89022 4.886 4.85219 8.26559 4.75645 4.73352 6.85629 4.72211 4.66392 5.16487 4.61455 8.19098 6.15465
threshold=1.0000000180025095e-35 6.5000000000000009 0.86763349175453197 36.500000000000007 1.5000000000000002 0.99949577450752269 1407.5000000000002 88.500000000000014 1.5000000000000002 22.500000000000004 22.500000000000004 5.5000000000000009 1.6560016870498659 10.500000000000002 17.500000000000004 0.94869717955589306 19.500000000000004 13.500000000000002 19.500000000000004 0.68954658508300792 13.985294342041017 16.500000000000004 103.70833206176759 2300.5000000000005 2.4080677032470708 0.7368602752685548 0.0038062563398852949 1.0000000180025095e-35 10.500000000000002 2371.5000000000005 8.5000000000000018 25.500000000000004 3283.5000000000005 2.5000000000000004 37.500000000000007 9.5000000000000018 3.5000000000000004 3.5552211999893193 2.9941176176071171 0.042572464793920524 4254.5000000000009 58.500000000000007 192.50000000000003 2.5000000000000004 1.6759720444679262 0.51182481646537792 37.500000000000007 3.1266025304794316 376.50000000000006 1.4524518847465517 29.514705657958988 9.5000000000000018 2.5000000000000004 0.71383094787597667 1.5000000000000002 5.5000000000000009 1.0000000180025095e-35 25.500000000000004 32.500000000000007 2.9941176176071171 0.0016661222907714548 2.5000000000000004
decision_type=2 2 2 2 2 2 2 2 2 2 2 2 2 2 2 2 2 2 2 2 2 2 2 2 2 2 2 2 2 2 2 2 2 2 2 2 2 2 2 2 2 2 2 2 2 2 2 2 2 2 2 2 2 2 2 2 2 2 2 2 2 2
left_child=-1 4 6 8 45 10 -3 18 11 24 -6 13 42 14 20 -16 17 25 19 -8 54 -22 23 50 51 40 27 29 38 53 57 44 -31 -14 35 -35 37 -12 -29 -40 41 -17 43 -7 -32 46 -2 -18 -49 -27 -23 -5 -53 -13 55 -4 -54 58 -30 -57 61 -61
right_child=1 2 3 9 5 12 7 -9 -10 -11 36 26 33 -15 15 16 47 -19 -20 -21 21 22 -24 -25 -26 49 -28 28 30 32 31 -33 -34 34 -36 -37 -38 -39 39 -41 -42 -43 -44 -45 -46 -47 -48 48 -50 -51 -52 52 56 -55 -56 59 -58 -59 -60 60 -62 -63
leaf_value=-0.070092042933686829 0.060472137748872251 0.074483828846321598 0.050967512508673873 0.02132567752715149 0.039032430506018435 0.050830786829033026 0.031084261302370204 0.053677872992104372 0.066277307784136125 0.067273741184558075 -0.051558697683628141 -0.046382295370896463 0.05225310536070274 0.055345347731938194 -0.034124951054174728 0.030393118291929144 0.011022382583173031 -0.019781598999636413 -0.030382139869769814 -0.021102068587542353 0.04131594360834101 -0.029261923283410492 0.040438235227791768 -0.052708594606904885 -0.031447462352753905 0.016587946026014364 0.059040413705460287 0.053092309181923737 0.04987923382002598 0.040212889022770967 0.040563631094019233 -0.037252139897630536 -0.0063172392964940876 0.03985412797375637 0.05401905316304282 0.0024690112612649352 0.021497029159707297 0.011721818656960453 -0.015811713809440665 0.037923682317737295 0.055705493689993869 0.003519406205702669 0.038272029667853154 0.074405302980969104 -0.0035259944727128486 0.039701658743331626 0.039918209112237021 0.058192451811217953 0.029176795633951827 -0.018534241990514899 0.023003578617798996 -0.0068172051283767344 0.014085973695008292 0.0053322883966119422 0.045799089024421508 0.034496121451667659 0.059909885870373492 0.06472607589451089 -0.014467977153615558 0.021716202597892028 0.028451846008498424 -0.052190163519757804
leaf_weight=1212.3132670216728 418.00394252873957 4.8089635893702498 51.593827145174146 64.374037972651422 36.91431743837893 218.39384112134576 15.756159644573925 6.7557957787066689 19.155276484787464 7.216949686408042 8.1020878814160842 11.113641124218704 30.656182263046503 38.284499632194638 9.0676837693899852 84.773894784972072 15.344173884019254 12.919056028127669 41.603171932976693 19.214010826312006 40.305872559547424 6.9632156994193855 14.318565646186469 8.8983512222766858 10.102193674072621 35.869860891252756 9.2894320115447027 33.848243918269873 5.861517274752261 14.738844497129323 9.781297421082856 11.426064148545263 14.123738931491969 27.877212217077613 14.778047166764734 32.745378542691469 22.97679854882881 10.998183265328406 7.5996774686500457 20.011162504553795 15.544739864766596 23.751455934718251 69.566924668848515 29.749905578792095 20.04908275604248 36.122158315032721 31.463140614330769 37.985940080136061 49.557553803548217 13.694464236497877 12.496608198620377 64.862433585338295 27.492939405143261 7.4113832637667647 137.99308002740145 180.73209687694907 7.0671785548329344 7.8887138925492755 6.6636834349483252 5.0111298039555532 37.794121889397502 6.4334475882351398
leaf_count=60737 686 12 191 528 169 539 168 41 41 17 70 148 68 99 152 543 88 119 1371 486 164 73 62 129 221 245 36 103 35 82 43 142 99 87 37 142 184 50 91 96 58 194 191 48 177 96 61 132 183 125 84 900 240 67 515 820 44 20 76 39 205 88
internal_value=-0.000659576 0.0360032 0.0256027 0.0278295 0.0497627 0.0421975 -0.00520607 -0.00980501 0.0308453 0.0105409 0.0208374 0.0301793 0.0461791 0.032333 0.0312332 0.0238781 0.0256952 0.0193601 -0.0154059 0.002411 0.0356021 0.0224021 0.00453895 -0.0135873 0.00818643 0.0222724 0.0201259 0.0180059 0.0247122 0.000580572 0.00984249 -0.00241352 0.0174436 0.0338691 0.0263946 0.0196605 0.00487483 -0.015121 0.0396331 0.0231334 0.0284199 0.0245116 0.0502884 0.0536571 0.0109309 0.0575953 0.0590333 0.0371819 0.041767 0.0068838 0.00430166 0.0106309 0.00370618 -0.0256926 0.0382128 0.0344949 0.0234565 0.0346119 0.0156451 0.0307993 0.0172298 -0.0198295
internal_weight=3508.21 2295.9 1307.55 1219.41 988.348 502.759 88.1381 83.3291 1038.3 181.116 78.9914 1019.14 423.767 839.334 801.049 298.509 289.441 186.553 76.5733 34.9702 502.54 82.9826 42.6767 28.3582 173.899 173.634 179.806 170.517 123.129 47.3876 61.6704 41.2564 28.8626 106.057 75.4006 60.6226 42.0771 19.1003 61.4591 27.6108 124.07 108.525 317.711 248.144 29.8304 485.589 449.467 102.888 87.5435 49.5643 19.4598 163.797 99.4226 18.525 419.558 281.565 34.5601 20.4139 12.5252 229.971 49.2387 11.4446
internal_count=72757 12020 9592 7514 2428 1585 2078 2066 5564 1950 473 5523 1112 4308 4209 1839 1687 1284 2025 654 2370 512 348 286 1933 1165 1215 1179 783 396 493 362 181 334 266 229 304 120 290 187 795 737 778 587 220 843 747 403 315 370 157 1712 1184 215 1858 1343 284 131 111 1152 332 127
is_linear=0
shrinkage=0.05


Tree=8
num_leaves=63
num_cat=0
split_feature=19 35 16 35 19 16 14 32 8 2 11 16 12 19 16 35 33 19 0 33 2 19 33 8 0 10 14 12 6 2 14 0 11 14 8 0 35 5 2 32 16 9 32 10 8 0 33 14 19 17 32 17 33 16 17 35 36 36 33 14 36 36
split_gain=3199.45 126.571 40.6497 30.0625 16.0161 14.009 16.8349 12.6545 12.5693 11.3457 10.9203 9.89912 9.40216 11.0779 9.24692 9.04916 8.90227 8.76148 7.6117 8.67412 7.39988 7.15773 6.38425 7.00522 6.24144 7.63344 11.5683 6.05851 5.96711 5.8439 5.75887 5.6474 5.60352 5.50269 5.31122 5.05361 8.30971 5.05148 5.04368 5.15153 4.99333 4.99481 4.7496 6.68479 4.73427 4.69041 5.83007 4.58991 4.38486 4.35883 4.3586 10.0974 10.6575 4.85181 5.03806 4.33823 5.17649 4.26923 4.20445 6.1704 4.10711 5.91235
threshold=1.0000000180025095e-35 0.22500000149011615 0.84781154990196239 0.057189542800188072 1.5000000000000002 0.99348831176757824 4.1026091575622567 2.4443135261535649 2254.0000000000005 218.50000000000003 1.0000000180025095e-35 2.2106565237045293 1.0000000180025095e-35 1.5000000000000002 2.3481009006500249 0.033908046782016761 6.0346180816850401e-06 12.500000000000002 0.71474647521972667 0.00088228142703883361 152.50000000000003 22.500000000000004 0.019389966502785686 2245.0000000000005 0.69456863403320324 1.0000000180025095e-35 1.7005987167358401 1.0000000180025095e-35 2.9937028784843282e-06 205.50000000000003 4.5485858917236337 0.70382118225097667 1.0000000180025095e-35 2.9700856208801274 1433.5000000000002 0.69139862060546886 0.037749288603663451 6010.5000000000009 183.50000000000003 5.101508855819703 1.7985972762107851 1.0000000180025095e-35 3.8025527000427251 1.0000000180025095e-35 1863.0000000000002 0.72898292541503917 0.00036668936081696307 2.7403194904327397 3.5000000000000004 0.9586792290210725 3.1834850311279301 5.2286753654479989 0.00043031222594436263 1.1344851255416872 3.2500417232513432 0.069047622382640853 0.0011214356636628511 0.001601969823241234 8.9397804003965592e-06 3.1567740440368657 0.0053526326082646855 0.11439744383096696
decision_type=2 2 2 2 2 2 2 2 2 2 2 2 2 2 2 2 2 2 2 2 2 2 2 2 2 2 2 2 2 2 2 2 2 2 2 2 2 2 2 2 2 2 2 2 2 2 2 2 2 2 2 2 2 2 2 2 2 2 2 2 2 2
left_child=-1 2 8 4 7 6 60 14 -2 20 15 29 13 18 24 21 -8 27 19 31 22 28 23 45 -4 26 -26 35 -6 30 -7 55 38 -31 -30 36 -10 -27 44 -40 41 57 -37 -44 -15 -9 -47 -16 -35 -20 51 53 -53 54 -25 -5 58 -17 59 -57 -3 -62
right_child=1 5 3 12 10 11 16 9 17 -11 -12 -13 -14 32 47 40 -18 -19 49 -21 -22 -23 -24 50 25 37 -28 -29 34 33 -32 -33 -34 48 -36 42 -38 -39 39 -41 -42 -43 43 -45 -46 46 -48 -49 -50 -51 -52 52 -54 -55 -56 56 -58 -59 -60 -61 61 -63
leaf_value=-0.068046921533461258 0.029184021437062932 0.054522512286393737 0.033749648031294564 -0.0042009525969361325 0.04420333869389878 0.059631427384536653 0.031407568024566665 -0.024441925342867502 -0.039826423093136276 0.032800289496640767 0.050854778248175816 0.029213341469369283 0.066479888027874079 0.027414409166309966 -0.057689858707689383 0.042357628772657779 -0.043627254674591866 0.062572912736482231 0.044986733718529785 0.051516390689502402 -0.036575384550504818 0.053404062972879196 0.035035729750570427 0.056601293216576323 0.034623336782997415 0.01288210094848612 -0.062942095157219768 0.048973129145719586 0.033361361704083874 0.025412473459275199 0.039118048804217848 0.048688551285053408 0.05582186382460308 0.037197207956838535 0.0058706600911107012 -0.045009223784832547 0.012750478772179427 0.053858073016524566 0.024139127245204797 0.045762508269500062 0.015779004190613895 0.041074470063159063 0.039614164825016396 -0.045406854842525213 0.050337966952357295 0.032688832322461593 -0.029804609261131855 0.011733471371298619 0.062347794741102726 0.018637141379376884 0.024777162510644987 -0.058108753719960909 0.016880199100517464 0.00015288211745540271 0.0061331249575328319 -0.0010840830434750337 0.0060354108773101947 -0.0093548930331212362 0.053435809170109649 0.047090267201524559 0.01675680222895878 0.057414595690159109
leaf_weight=1159.5197485366371 20.543315015733242 39.713752754032612 108.82756787724793 13.859155334532259 14.37302024848759 451.9346503932029 6.7374988328665522 35.950009003281593 12.142548413947226 32.47756576910615 48.151635654270649 37.106877610087395 24.155099540948868 28.936945118010044 4.8690687818452698 6.7451831996440914 9.5642187409102899 3.4755402393639079 17.420283110812306 59.230887556448579 12.427889363840221 12.261783085763453 14.567023255862294 10.502990666776897 5.2823964990675432 29.134129374288023 7.1513404734432697 3.1596727520227423 20.911248540505767 26.833579622209072 37.016285479068756 24.439730020239949 56.173408385366201 29.512477278709412 109.94770178990439 27.322828494478017 19.719929476268589 10.13895123451948 84.235427834093571 40.926744738593698 32.62434565089643 120.61416133306921 4.5530738839879614 4.6968910302966833 101.61659090034664 9.5721238031983358 6.116931375116109 4.6589934360235929 41.982643261551857 158.47728957142681 28.444427848793566 11.995645895600321 7.8312373869121066 26.523823527619243 9.344713803380726 13.333457391709091 21.164855007082224 9.7751258760690671 19.640583116561174 13.254510741680859 24.470025707036257 14.090209066867827
leaf_count=60737 238 109 594 108 79 770 28 525 426 231 214 107 41 123 99 36 94 13 69 195 192 27 82 52 29 237 101 13 130 65 79 96 138 66 1058 937 278 35 392 115 224 474 77 147 343 81 91 38 72 862 232 190 86 247 115 71 108 79 76 42 104 40
internal_value=-0.000614053 0.0342506 0.0260912 0.0282044 0.0213183 0.0515429 0.0336097 0.0140216 -0.00547086 0.00568031 0.028623 0.0542592 0.035847 0.0347133 0.0241136 0.0253519 -0.0126154 -0.0149543 0.028482 0.0361988 0.000597172 0.0167198 0.00346929 0.00032584 0.026954 0.0126511 -0.021492 -0.0187178 0.0136225 0.0558418 0.0580785 0.0276148 0.0415226 0.0447195 0.0102637 -0.0218431 -0.00728618 0.0234607 0.0383815 0.0312098 0.0333603 0.0375429 -0.0345252 -0.00355729 0.045257 -0.0144871 0.00832356 -0.0237435 0.0519659 0.0212467 0.00840807 0.00137452 -0.0284896 0.0141434 0.0328398 0.021276 0.0265152 0.0117591 0.0358915 0.0229316 0.0432368 0.0316135
internal_weight=3402.18 2242.66 1523.7 1428.09 751.221 718.962 94.5757 375.817 95.6138 205.754 375.404 624.387 676.865 652.71 170.062 327.253 16.3017 75.0705 340.821 164.923 173.277 157.494 160.849 146.282 160.534 51.7068 12.4337 71.5949 145.232 587.28 488.951 105.692 311.889 98.3287 130.859 68.4353 31.8625 39.2731 255.716 125.162 169.759 137.134 36.5728 9.24996 130.554 51.6391 15.6891 9.52806 71.4951 175.898 94.6428 66.1984 19.8269 46.3715 19.8477 81.2526 67.3934 16.5203 46.2286 26.588 78.274 38.5602
internal_count=72757 12020 10486 8357 5578 1534 375 3257 2129 2124 2321 1159 2779 2738 1133 2107 122 1891 1627 696 1893 1294 1701 1619 996 402 130 1878 1267 1052 849 501 1111 203 1188 1865 704 272 973 507 813 589 1161 224 466 697 172 137 138 931 922 690 276 414 167 405 297 115 189 113 253 144
is_linear=0
shrinkage=0.05


Tree=9
num_leaves=63
num_cat=0
split_feature=19 1 16 1 8 16 5 18 19 18 8 1 9 16 33 1 19 0 17 15 36 8 17 2 9 6 5 5 33 7 8 8 2 36 17 16 18 15 33 31 15 0 16 0 15 8 18 36 8 18 17 18 2 35 7 1 17 9 6 2 36 0
split_gain=2885.57 121.81 36.2391 22.1872 17.8606 15.1551 14.4828 13.4664 11.5834 18.5547 11.8891 10.06 9.14687 8.33411 7.89659 10.793 10.8035 10.464 7.66009 7.59745 7.35062 13.7053 7.29021 7.28339 7.39576 7.23027 10.5583 7.13213 6.08416 6.05927 6.86629 9.41185 6.79828 6.54869 9.10291 5.8681 5.99495 5.86577 5.74951 5.67927 5.50277 5.45537 5.36438 5.23447 5.21164 4.99924 7.60081 4.89483 4.88707 7.06187 4.83043 4.77361 14.8188 4.71361 4.61726 4.58186 5.10005 4.42184 4.41884 4.36785 4.32278 5.60313
threshold=1.0000000180025095e-35 5.5000000000000009 0.99949577450752269 36.500000000000007 1447.5000000000002 0.99949577450752269 6009.0000000000009 15.500000000000002 1.5000000000000002 17.500000000000004 4107.5000000000009 2.5000000000000004 2.5000000000000004 1.6759720444679262 0.00029310035461094236 6.5000000000000009 1.5000000000000002 0.70018196105957042 99.704727172851577 13.985294342041017 0.0084925852715969103 2128.5000000000005 3.2051120996475224 265.50000000000006 3.5000000000000004 0.00033917324617505079 1377.5000000000002 5553.5000000000009 1.3371160321185018e-06 50.500000000000007 2814.5000000000005 3972.5000000000005 76.500000000000014 0.017612761817872528 15.850892066955568 0.86763349175453197 7.5000000000000009 13.211111068725588 0.0027149126399308447 0.0053141263779252776 3.5274435281753544 0.7368602752685548 0.84198671579360973 0.75831031799316417 4.4968354701995858 3602.5000000000005 5.5000000000000009 0.089106667786836638 6009.0000000000009 18.500000000000004 5.5864350795745858 9.5000000000000018 208.50000000000003 0.021980676800012592 93.500000000000014 36.500000000000007 4.3205935955047616 1.0000000180025095e-35 0.00068437846493907284 30.500000000000004 0.030194026418030265 0.68674278259277355
decision_type=2 2 2 2 2 2 2 2 2 2 2 2 2 2 2 2 2 2 2 2 2 2 2 2 2 2 2 2 2 2 2 2 2 2 2 2 2 2 2 2 2 2 2 2 2 2 2 2 2 2 2 2 2 2 2 2 2 2 2 2 2 2
left_child=-1 5 4 8 -3 7 14 35 9 22 19 37 -10 -13 15 -6 43 42 20 27 58 47 -4 24 39 -9 -27 41 -15 30 33 -32 -31 38 -35 36 -2 54 -24 40 -5 -11 55 -17 -43 46 -26 -22 49 -18 -44 52 -14 -41 -7 56 -16 -33 -19 -28 61 -25
right_child=1 2 3 23 6 11 -8 25 12 10 -12 13 51 28 17 16 48 18 -20 -21 21 -23 29 60 45 26 59 -29 -30 32 31 57 -34 34 -36 -37 -38 -39 -40 53 -42 44 50 -45 -46 -47 -48 -49 -50 -51 -52 -53 -54 -55 -56 -57 -58 -59 -60 -61 -62 -63
leaf_value=-0.066273206644665822 0.037799914903116877 0.061541842739010713 0.037298276545154503 0.028962723129172974 0.039093384942837095 0.058420479752069633 0.044696698283745569 0.046813599077368796 0.041573152374154182 0.017376223341229288 0.049320269466859919 0.046659960623606299 0.033941473987464693 -0.0045898879652077262 -0.033862151422776599 -0.055036015315614764 0.02215549252755164 -0.023517185643570859 0.040129841383436442 -0.047692244277838816 0.051017836549408835 -0.064397082695878335 0.02729927890059558 0.0042780754492949893 0.03458676020304647 0.043393187887339146 0.0033389299028738608 -0.035083919334542885 0.034388212551898042 0.0082842685077717405 -0.026916963775540478 0.052267675461755772 0.050506059517023416 0.02076364250973552 -0.038566700481676042 0.050438936741663623 -0.0051893650730685257 0.041289217371714156 0.068201376116708401 -0.062915616948344535 -0.0073491113818422481 -0.019150039367231021 0.049135025818153592 -0.0013409444817844996 0.03131807395636383 -0.050513196322655912 -0.019804148364678718 -0.019652458405889361 -0.054419752993920559 -0.049365657944402508 0.0012640515847581919 0.031520830860134873 -0.024008871481793571 0.0022633296235767381 0.041717439428993662 -0.045401318355591219 0.025726477926122156 -0.00035493101948680546 0.02436920359122129 -0.050421832692357664 -0.0058844004301264359 0.043000805034013614
leaf_weight=1110.2218895619735 29.133349345996976 12.367487853392957 175.78339366335422 40.441124788485467 7.1527464501559725 374.54657622426748 16.135738043114543 7.0758613310754326 252.97176972776651 71.55714257620275 15.534086644649504 175.79760538041592 32.002252982929349 13.915728090330957 4.6026594508439365 25.911494676955048 16.990475516766317 8.3649953473359364 6.199138779193162 7.0106216073036185 4.1813245080411452 16.442128125578165 54.26140087004751 13.400267900899051 8.5962822157889587 6.4541761353611973 5.7653484474867609 9.6565348617732507 35.683827690780163 13.315830128267406 17.772721342742443 7.9894552081823331 33.566629936918616 28.688691711053252 8.3456596527248603 60.605982966721058 11.237958304584025 73.750370405614376 10.208040734753011 3.9101830776780835 14.060961350798605 23.29779398068786 18.67930757813156 5.5027251476421943 6.5545664690434924 7.767299721017479 25.407873590476811 5.9182308986783028 3.7285544555634251 4.3311787946149698 7.3404801581054917 186.93339599482715 16.834959860891104 9.5446701673790795 46.512643426656723 4.0618977742269626 16.332857673056424 7.9788298308849335 11.359802311286328 10.961187634617088 9.509205983951686 30.846710324287415
leaf_count=60737 147 40 714 337 37 635 80 29 917 566 63 474 163 68 123 766 206 179 69 108 22 552 342 104 76 26 46 118 122 79 172 35 104 162 92 167 82 153 27 73 176 223 103 80 39 107 421 104 88 83 96 909 136 125 90 160 213 76 150 103 84 179
internal_value=-0.000604608 0.0326741 0.0232738 0.026675 0.00338592 0.0474611 -0.00053931 0.031834 0.029519 0.0240992 0.00819934 0.0503086 0.0349696 0.0415531 -0.00490745 -0.0187702 -0.0261002 0.00361481 -0.0120637 0.00278949 -0.019057 -0.0362377 0.0300347 0.0096225 0.00223575 0.00257401 -0.01093 0.00597596 0.0234525 0.0230241 0.0176546 -0.00188582 0.038514 0.02415 0.0073936 0.0406014 0.0258332 0.054297 0.0337757 0.0124129 0.0195947 0.00988582 0.0197385 -0.0456304 -0.00806895 -0.0143211 -0.00605408 0.0096058 -0.00160822 0.00762703 0.0356301 0.0278844 0.0139651 -0.0166787 0.0565754 0.00319695 0.012626 0.0259739 0.00406129 -0.0318914 0.0247005 0.0312736
internal_weight=3301.01 2190.79 1339.35 1143.75 195.603 851.441 183.236 131.234 980.264 491.521 133.611 720.207 488.742 225.397 167.1 63.6172 56.4644 103.483 52.4656 118.077 46.2665 26.5417 357.911 163.485 109.728 30.2566 23.1807 111.066 49.5996 182.127 135.245 33.741 46.8825 101.504 37.0344 100.977 40.3713 494.81 64.4694 67.9569 54.5021 101.41 51.0172 31.4142 29.8524 41.7715 34.0042 10.0996 25.0502 21.3217 26.0198 235.771 48.8372 13.4549 421.059 24.9974 20.9355 15.9683 19.7248 16.7265 53.7562 44.247
internal_count=72757 12020 9878 6727 3151 2142 3111 600 5045 2920 1117 1542 2125 664 3031 1260 1223 1771 1076 1054 1007 678 1803 1682 1315 204 175 946 190 1089 906 283 183 623 254 396 229 878 369 711 513 828 695 846 262 604 497 126 377 289 199 1208 299 198 725 496 336 111 329 149 367 283
is_linear=0
shrinkage=0.05


Tree=10
num_leaves=63
num_cat=0
split_feature=16 1 2 32 4 1 15 12 1 10 1 1 2 15 12 4 1 32 15 16 1 0 12 17 15 11 6 18 15 16 6 16 6 0 11 16 16 36 9 16 18 9 17 16 1 16 9 0 36 16 4 15 15 0 12 17 16 10 6 18 4 9
split_gain=1001.99 362.599 226.205 89.7402 50.6766 47.6137 35.0461 26.241 20.6488 20.4652 20.3388 17.3869 17.17 15.1664 13.3556 13.2994 15.8373 15.4217 12.2674 15.8969 11.9852 11.2831 11.0934 10.8521 10.3409 11.5726 10.2739 9.81216 9.75481 9.50029 9.08946 9.00812 8.67136 8.65642 8.32 8.31258 8.07152 7.75999 7.63171 7.62504 18.2969 8.19991 7.26415 7.16918 7.116 7.30692 7.03002 7.61176 6.88937 11.1972 6.81495 6.58806 8.04872 9.70377 6.58112 6.9089 6.99528 6.93958 6.48711 6.34419 8.02039 6.32763
threshold=0.86763349175453197 8.5000000000000018 16.500000000000004 3.0944443941116337 30.500000000000004 2.5000000000000004 0.22926223278045657 1.0000000180025095e-35 16.500000000000004 1.0000000180025095e-35 2.5000000000000004 4.5000000000000009 1229.5000000000002 0.97930938005447399 1.0000000180025095e-35 10.500000000000002 27.500000000000004 2.4945724010467534 0.14947899430990222 1.0249245166778567 32.500000000000007 0.71612930297851574 1.0000000180025095e-35 0.67911487817764293 1.1336309313774111 1.0000000180025095e-35 0.00036522408481687313 3.5000000000000004 1.4984662532806399 1.4669077396392824 1.1501886092446513e-05 1.9053691029548647 0.011075725313276054 0.76877784729003917 1.0000000180025095e-35 0.99348831176757824 0.99348831176757824 0.79056486487388622 6.5000000000000009 0.99949577450752269 16.500000000000004 11.500000000000002 7.1349408626556405 1.1011993885040285 1.0000000180025095e-35 0.99983397126197826 7.5000000000000009 0.76027107238769542 0.35310685634613043 0.78038880228996288 160.50000000000003 0.7489837408065797 1.0915071964263918 0.72954177856445324 1.0000000180025095e-35 1.822179973125458 1.5680143237113955 1.0000000180025095e-35 0.0010230166953988375 7.5000000000000009 30.500000000000004 4.5000000000000009
decision_type=2 2 2 2 2 2 2 2 2 2 2 2 2 2 2 2 2 2 2 2 2 2 2 2 2 2 2 2 2 2 2 2 2 2 2 2 2 2 2 2 2 2 2 2 2 2 2 2 2 2 2 2 2 2 2 2 2 2 2 2 2 2
left_child=3 5 8 10 7 18 26 9 23 15 13 59 37 58 24 16 -4 -18 19 -2 33 -6 28 27 -12 -26 61 -3 -10 32 -19 38 -30 39 43 51 -25 -13 -22 40 -11 -41 -33 -23 -20 -46 -47 -48 49 -15 54 -8 -53 -54 55 56 -37 -58 -1 -5 -61 -7
right_child=1 2 4 11 21 6 35 -9 22 20 14 12 -14 48 -16 -17 17 30 44 -21 31 34 -24 36 25 -27 -28 -29 29 -31 -32 42 -34 -35 -36 50 -38 -39 -40 41 -42 -43 -44 -45 45 46 47 -49 -50 -51 -52 52 53 -55 -56 -57 57 -59 -60 60 -62 -63
leaf_value=0.0036941278441282367 -0.080407878052890847 0.022028255652640549 -0.0029220303688055065 0.054817729336310066 0.017064089633313153 0.018145931554588737 -0.034076118519665653 0.062064086263687868 -0.049437994094938931 0.012882874344965482 -0.062885522659849979 -0.038616185213487392 0.05128762849974694 -0.065465924813924797 0.014200523699044463 0.011748323867225569 -0.062451641765166557 0.01917541446913899 0.055416870355452078 0.030442352083279303 -0.0010887764979657256 0.0012531443320196152 0.043965751544607745 -0.057099984398759934 -0.048425125848653244 0.051814966624811165 -0.053364410469557144 -0.043410849545662517 0.014112746605398203 -0.051863495613496291 -0.027842023624175857 -0.051444696187235732 -0.048465573525323762 -0.022064765649908405 0.065089767033795848 0.025648553514518724 0.0081728440303861557 0.016037348957057784 0.046361293389410113 0.017594350650614324 -0.067851091617775736 -0.030960674892852199 0.0031238027938077454 0.038892325137659549 0.021467198869731172 0.048974631337270674 -0.022589801180159842 0.043026966682359523 0.055411601793156844 0.030635054148481302 0.060368285861129481 0.053476632226899939 -0.070184851873159787 0.017668263337229373 0.064514476061230966 0.032012664392747657 -0.066475420723632619 0.0053135708694839563 -0.057773226447417038 -0.023679964271669924 0.05425380312509203 -0.045945795624581863
leaf_weight=5.1776570901274708 3.8456574166193631 6.743339358828961 123.79113027686253 13.892967357300224 86.986804566346109 14.745641570072623 7.6798884891904882 19.51984435133636 205.0758864809759 28.313269082922488 509.52949507767335 38.267686607781798 7.707092158496379 5.307796111796053 6.1320958137512198 65.001818012446165 26.713060414418578 13.682921602856366 249.38777852198109 20.344523052219301 125.91068703890778 14.508066664449869 3.5663233725354067 5.3400895893573752 100.63811265863478 2.9641241673380128 14.993924148380755 38.057861840352416 18.55965496040881 17.720035929698497 41.322532548103482 15.67569623840973 7.8887646491639307 16.992011684924364 26.72051097266376 32.057207061909139 41.881780256982893 7.8224036898463956 9.0854635084979218 372.2147051715292 9.3306197570636851 8.9032110050320608 9.9825233183801156 98.841815536376089 32.240639648400247 241.6311733382754 7.3325584535487023 11.125910781789569 5.8110678554512551 7.0663230163045228 20.198886334896088 10.275653808377685 4.0438373410142985 14.112007808871565 13.738114790990947 310.50796465040185 4.5960015272721657 12.582009800244123 25.106024427805096 8.3906342219561321 5.4427375197410575 5.2122941385023287
leaf_count=99 162 161 2232 101 614 249 209 72 9448 477 27201 1601 42 181 111 767 1121 232 705 295 2579 132 35 252 5244 22 584 1496 447 778 1092 557 420 321 70 516 871 173 84 4058 283 204 170 402 262 973 79 39 77 79 41 64 124 160 36 1990 177 258 1329 166 21 205
internal_value=-4.3057e-05 0.0152169 -0.000826675 -0.0507356 0.0101319 0.0379178 0.0260589 0.00473339 -0.0362128 0.00344251 -0.0567819 -0.00121244 -0.0177895 -0.0255903 -0.0592232 -0.0079644 -0.0141994 -0.031283 0.0476568 0.0128198 0.00861632 0.0312078 -0.0435946 -0.015933 -0.0599575 -0.0455572 -0.022089 -0.0335612 -0.0448474 -0.0235333 -0.0161462 -0.00305701 -0.00455248 0.0129201 0.0399913 0.0299744 0.00079146 -0.0293404 0.00210469 0.0143396 -0.00712829 0.0164601 -0.0302144 0.0340747 0.0492125 0.0439195 0.0467026 0.0169609 0.0105029 -0.0105868 0.0320804 0.0070151 0.0181146 -0.00189919 0.0305505 0.0292535 0.0118524 -0.0138937 -0.047264 0.0309518 0.00698306 0.00140748
internal_weight=3238.24 2488.98 1458.33 749.256 1113.5 1030.65 464.743 886.439 344.834 866.92 667.733 81.5235 53.7972 48.4689 619.264 270.511 205.51 81.7185 565.908 24.1902 596.408 227.057 252.811 92.0231 613.132 103.602 34.9519 44.8012 249.244 44.1685 55.0055 160.654 26.4484 435.754 140.07 429.792 47.2219 46.0901 134.996 418.762 37.6439 381.118 25.6582 113.35 541.718 292.33 260.09 18.4585 18.1852 12.3741 393.68 36.1114 28.4315 18.1558 373.481 359.743 49.2352 17.178 30.2837 27.7263 13.8334 19.9579
internal_count=72950 36503 29375 36447 15467 7128 4613 14249 13908 14177 34343 2104 1816 1765 32578 5444 4677 2445 2515 457 8733 1218 11128 2780 32467 5266 1038 1657 11093 1645 1324 3390 867 5343 604 3575 1123 1774 2663 5022 760 4262 727 534 2058 1353 1091 118 337 260 3018 557 348 284 2977 2941 951 435 1428 288 187 454
is_linear=0
shrinkage=0.05


Tree=11
num_leaves=63
num_cat=0
split_feature=19 35 35 19 16 31 16 16 12 18 18 16 19 2 7 12 16 7 32 31 35 16 18 16 8 8 19 32 35 15 32 31 35 2 32 15 15 32 35 11 17 34 16 18 17 10 16 8 32 19 18 15 2 32 19 19 33 16 2 4 2 36
split_gain=2514.35 103.955 31.1392 16.5041 14.7125 14.6445 14.6131 13.0067 12.5484 12.1112 9.42675 9.3116 9.0567 8.79694 8.3077 7.29363 7.14487 8.57904 8.64596 6.86282 7.88843 6.48675 6.35477 6.18974 6.08198 5.79453 5.54964 7.04087 5.38806 5.29642 6.50211 5.24081 5.69036 6.09905 5.21793 6.5097 5.03348 5.01609 5.77604 4.84736 4.84735 4.60918 4.57493 4.68108 4.44975 4.64198 4.42837 4.37987 6.81204 8.2308 7.57277 5.16445 4.68718 6.24246 4.2432 4.24152 4.05823 5.84162 4.04471 3.9541 6.06124 3.8908
threshold=1.0000000180025095e-35 0.22500000149011615 0.060661764815449722 5.5000000000000009 0.86763349175453197 0.11452345922589303 1.9053691029548647 0.99949577450752269 1.0000000180025095e-35 12.500000000000002 14.500000000000002 2.1306217908859257 7.5000000000000009 475.50000000000006 107.50000000000001 1.0000000180025095e-35 1.0185971260070803 38.500000000000007 4.1136822700500497 7.1628960540692798e-07 0.025978407822549347 0.99755874276161205 18.500000000000004 1.8516377210617068 2175.5000000000005 6305.0000000000009 1.5000000000000002 2.3406913280487065 0.41666667163372045 25.055555343627933 3.8547390699386601 0.00371195434127003 0.037749288603663451 18.500000000000004 5.101508855819703 25.055555343627933 50.125000000000007 2.187984943389893 0.10555555671453477 1.0000000180025095e-35 22.564919471740726 0.49421745538711553 2.2561950683593754 7.5000000000000009 2.1655398607254033 1.0000000180025095e-35 1.4669077396392824 2679.0000000000005 3.8547390699386601 1.5000000000000002 34.500000000000007 4.4968354701995858 23.500000000000004 3.0944443941116337 21.500000000000004 1.5000000000000002 2.4315065729751954e-06 1.07950896024704 262.50000000000006 6.5000000000000009 58.500000000000007 0.058318281546235091
decision_type=2 2 2 2 2 2 2 2 2 2 2 2 2 2 2 2 2 2 2 2 2 2 2 2 2 2 2 2 2 2 2 2 2 2 2 2 2 2 2 2 2 2 2 2 2 2 2 2 2 2 2 2 2 2 2 2 2 2 2 2 2 2
left_child=-1 2 3 4 5 31 8 14 19 21 -5 16 13 15 25 26 17 24 -19 -6 23 28 42 29 -11 37 27 44 -3 30 56 32 33 -2 35 -15 -29 61 41 40 59 -39 43 -8 45 -9 -12 48 49 50 51 -22 -53 -54 -48 -34 57 -21 -45 60 -18 -4
right_child=1 9 7 10 6 -7 22 12 -10 11 46 -13 -14 34 -16 -17 39 18 -20 20 47 -23 -24 -25 -26 -27 -28 36 -30 -31 -32 -33 55 -35 -36 -37 -38 38 -40 -41 -42 -43 -44 58 -46 -47 54 -49 -50 -51 -52 52 53 -55 -56 -57 -58 -59 -60 -61 -62 -63
leaf_value=-0.063880985798921819 0.033533925206005358 0.014088844714707942 0.010635183565138411 0.010237346108304795 0.045516514227895377 0.049824691911572835 -0.050169041594138666 0.0062337814137543223 0.066541440462526177 0.062515047204509316 0.059137479342432742 0.0075631171982467604 0.059212887289014686 0.017818123617879652 -0.028394678603832359 0.063978567949432089 0.049903948237061617 -0.025766251122214215 0.037990948672305049 -0.066628414950131373 0.017170837568773325 0.056398781620525508 -0.019310902926080745 0.056121317404029994 0.02373790828609626 0.050093561223061703 0.039921644279367022 0.021017052415698026 0.047394178476041118 -0.031326554523178576 0.03405911456250249 -0.043392764535795658 -0.014108217985791167 -0.04802229781787308 0.03340172149072456 -0.036672961485599349 0.05479997603290248 -0.031673825681684246 0.017602558332016221 0.065734751859366752 0.029537285600115232 0.042959378510980341 0.0161117042590532 -0.014386624156510545 0.05564410362947092 0.039312404967115813 0.020225827621006432 0.014941529864037585 0.0096612301481942883 0.044176903128987838 -0.021371934006876817 0.066753606982844368 -0.0049088999089165874 0.046731780720618871 0.057330277443582683 0.046358134179926153 0.0079226690364303329 -0.0045124487360192426 0.036345146461750827 0.061995809972330375 0.018726484972215112 0.053538152173965174
leaf_weight=1035.7260845198762 2.9325065575540092 16.275306353345513 10.010058517567815 24.124524135142565 22.68967573530972 8.2601887211203557 5.6754385884851244 13.345095030963419 13.986827023327349 18.220307640731335 34.645461164414883 20.807375483214855 35.038939174264669 12.64567142352462 10.258754291571675 20.399541422724724 68.978474147617817 12.183593910187485 9.4351803474128229 4.7145791323855546 64.956565396860242 312.54594051465392 31.522170632146299 5.7675627041608086 22.722414273768663 12.890413971617816 194.75219123438001 171.6026704646647 47.834187317639589 10.197333193384109 17.582186790183187 18.048041682690382 5.5384929962456209 10.501834502443669 13.698808673769234 9.6736025679856521 11.782979831099508 13.538372445851563 27.210758719593287 29.162205740809441 44.776328906416893 2.4418308511376372 49.892011939547956 12.237582762725653 30.603955630213022 51.671563323587179 21.340782469138503 188.42603166401386 53.867629459127784 64.635456018149853 9.3277993043884617 11.685881227254866 9.0321992272511142 16.621327516622841 12.059141233563421 6.0884869238361716 54.863136992789805 19.196752752177417 5.7866754718124858 38.714237857609987 20.140861570835114 11.194071207195519
leaf_count=60919 73 101 111 160 88 49 81 81 32 37 130 78 86 54 194 39 171 84 30 106 462 530 444 34 73 57 682 874 127 142 138 769 165 420 47 63 42 296 237 53 104 21 465 142 88 197 119 1326 315 284 119 31 110 96 29 53 624 238 29 83 63 55
internal_value=2.45663e-05 0.031088 0.0236752 0.017165 0.0146282 -0.0111635 0.0165978 0.0318155 0.0197694 0.0475418 0.0370924 0.0397679 0.0345932 0.0329661 0.0138818 0.0347049 0.0423029 0.0275401 0.00205959 0.0185876 0.0174366 0.053427 -0.000526548 0.00567106 0.0409945 0.0194935 0.0334444 0.0289232 0.038939 0.00294029 0.00656672 -0.0228495 -0.00805509 -0.0302198 0.00911004 -0.00579936 0.0231877 0.013368 0.00359025 0.0468803 0.0436948 -0.0202696 0.00751952 -0.0105685 0.0399229 0.0325228 0.0466135 0.020594 0.0252222 0.0299779 0.021756 0.0256886 0.0405063 0.0285499 0.0336225 0.0175551 0.00043051 -0.0167598 0.00190078 0.0486538 0.0428579 0.0332845
internal_weight=3166.49 2130.76 1468.96 816.204 724.034 51.3696 672.665 652.759 567.551 661.796 92.1699 285.141 565.215 530.176 87.5443 494.158 264.334 62.5615 21.6188 553.564 530.874 376.655 105.114 112.322 40.9427 77.2855 473.758 279.006 64.1095 106.554 96.3567 43.1094 25.0613 13.4343 36.0181 22.3193 183.386 64.3951 43.191 201.772 172.61 15.9802 73.5917 23.6997 95.6206 65.0167 68.0454 418.553 230.127 176.259 111.624 102.296 37.3394 25.6535 33.3999 11.627 78.7745 23.9113 18.0243 127.834 89.1193 21.2041
internal_count=72950 12031 10497 7273 6835 1529 5306 3224 4145 1534 438 776 2253 2167 971 2003 698 224 114 4113 4025 758 1161 1282 110 777 1964 1282 228 1248 1106 1480 711 493 164 117 916 720 554 474 421 317 717 252 366 278 278 2743 1417 1102 818 699 237 206 148 218 968 344 171 317 234 166
is_linear=0
shrinkage=0.05


Tree=12
num_leaves=63
num_cat=0
split_feature=19 35 35 16 19 16 16 0 7 33 18 18 33 16 17 35 8 19 0 16 4 17 33 0 19 32 5 5 4 0 16 32 8 19 17 17 8 16 33 32 0 7 18 0 8 18 35 16 32 33 0 35 4 31 16 8 16 0 35 7 8 36
split_gain=2276.62 105.572 33.4945 16.1253 15.9061 13.1639 14.2923 11.4798 9.8994 9.7659 8.04449 7.71152 7.20286 6.74778 7.15673 7.5308 6.60245 6.27154 6.9314 5.96529 5.5189 7.0405 7.18054 5.5012 5.31029 5.91768 5.07439 5.00037 4.97423 14.7029 4.85204 4.80477 4.85018 4.64523 6.69765 5.17867 4.58005 4.57668 5.65452 4.54406 4.48927 4.44863 4.29953 4.79822 4.51883 4.29126 4.21183 4.20549 6.213 4.60911 4.17469 4.12699 4.8087 4.10799 10.8918 4.99547 5.96839 7.64578 4.79476 6.88862 4.21092 4.36125
threshold=1.0000000180025095e-35 0.29166667163372045 0.060661764815449722 0.98127377033233654 5.5000000000000009 0.99983397126197826 1.9053691029548647 0.71383094787597667 106.50000000000001 0.018666972406208519 12.500000000000002 10.500000000000002 0.0017731467378325763 0.97488546371459972 4.520428180694581 0.048809524625539787 5587.0000000000009 7.5000000000000009 0.75734329223632824 0.8046463429927827 6.5000000000000009 6.3603229522705087 8.9397804003965592e-06 0.68723106384277355 3.5000000000000004 4.19482445716858 6009.0000000000009 883.00000000000011 14.500000000000002 0.77148628234863292 0.93056705594062816 2.4443135261535649 5647.0000000000009 1.5000000000000002 1.089660704135895 99.704727172851577 2786.5000000000005 1.0392885208129885 0.00033917324617505079 2.9976557493209843 0.76482009887695324 39.500000000000007 20.500000000000004 0.73334884643554699 2588.0000000000005 5.5000000000000009 0.10555555671453477 1.0003581047058108 2.9776374101638798 0.00016150095325428995 0.74845314025878917 0.03637566231191159 1.0000000180025095e-35 9.1784736468980571e-06 1.7751502990722658 3982.0000000000005 1.0583582520484927 0.73112106323242199 0.028174603357911113 120.50000000000001 2948.0000000000005 0.0012638968182727697
decision_type=2 2 2 2 2 2 2 2 2 2 2 2 2 2 2 2 2 2 2 2 2 2 2 2 2 2 2 2 2 2 2 2 2 2 2 2 2 2 2 2 2 2 2 2 2 2 2 2 2 2 2 2 2 2 2 2 2 2 2 2 2 2
left_child=-1 2 4 8 5 9 16 12 26 11 30 13 23 14 19 27 33 18 31 -2 21 22 -20 -6 25 47 28 -16 46 -30 39 -5 37 34 45 40 42 41 -39 -3 -35 -33 43 44 -8 -7 -4 48 -12 -49 -48 -11 -53 54 -36 56 57 -55 59 -58 -60 -62
right_child=1 10 3 17 7 6 36 -9 -10 51 24 -13 -14 -15 15 -17 -18 -19 20 -21 -22 -23 -24 -25 -26 -27 -28 -29 29 -31 -32 32 -34 35 53 -37 -38 38 -40 -41 -42 -43 -44 -45 -46 -47 50 49 -50 -51 -52 52 -54 55 -56 -57 58 -59 60 -61 61 -63
leaf_value=-0.062630180243340716 -0.012518731814203765 0.019959768992233822 -0.0024574181069523093 0.042487496424426341 -0.031300781353670197 0.054727457849608752 -0.00164187263216346 0.048636962721431226 -0.042505732066077655 0.035777565921445084 0.041929947747715746 -0.027408482908694649 0.052964708759938806 -0.045257462785672081 0.05528673958003813 0.032308640531910959 0.038733620441461281 0.053459434247118201 -0.01430917942261993 0.041982819832925414 0.031537226983636465 -0.018424301861633404 0.033740847997163946 0.017496409147576105 0.056892041894741563 0.012004744437534432 0.050317084593369234 -0.041652231361927514 -0.063839065607545931 0.049133402526098269 0.056242847520026576 -0.014366893146479346 0.04904858024969927 0.027074748350892047 -0.031629127648698734 -0.0097189349690872447 -0.035613027064616408 0.026005571418020769 0.040248089351298144 0.054556570865842403 -0.0081114226773116114 0.028027893246703496 -0.016205068175902598 0.038948063122653725 0.042733369479430176 0.017272953174075952 0.03592394151764252 0.034192082745603543 -0.0061031659982929776 0.052930224144814575 -0.0049870458489525678 0.037263602409079978 -0.055778546069016423 -0.050786098804221858 0.049859910516058453 0.036284890697494958 -0.0097074913803211413 0.030558134494962648 0.022098838936818271 0.041237895835178437 0.013818793675004996 -0.042796826535572083
leaf_weight=985.61990147805773 6.9133553556166616 19.081135973334312 18.148846941068769 141.98786125332117 9.6862606685608679 14.686618730425836 53.644975904375315 59.130759827792645 8.092289528809486 20.041838822886351 17.484783967956904 36.770531315822154 7.8529296778142443 6.5238576494157305 1.4775409139692808 6.5723541341722003 42.613064705394208 36.53892595693469 10.583276953548191 18.337628701236099 61.314986556768417 15.823822941631077 29.303303711116314 14.306370506063102 45.079982288181782 19.920142088085413 9.2759007364511472 13.348121595103292 7.1516275107860547 4.8218498509377241 273.6290189512074 11.157740278169515 35.881147723644972 190.45798004604876 15.862679220736029 11.078798670321701 8.5537758413702232 183.92980449832976 112.19968635030091 18.883941058069468 9.5181057117879373 13.892283719033001 22.973004991188645 11.054614655673502 6.4240009300410739 15.955717820674179 28.603662373498082 58.96112934499979 10.947363302111624 74.011869885027409 7.9740470591932526 2.5800487054511896 3.0074449586682022 8.455923065543173 5.5300714187324038 19.844926990568638 38.607806390151381 4.3876672163605681 94.184992981143296 8.012380473315714 9.4122985731810314 5.326556868851184
leaf_count=60919 244 72 329 491 80 47 631 220 199 231 65 900 39 98 6 66 193 94 68 127 243 95 118 99 100 52 27 501 102 34 472 61 89 1087 180 78 121 806 439 61 73 61 349 33 27 126 198 146 61 178 97 31 99 115 23 98 497 40 638 41 74 61
internal_value=-4.66926e-05 0.02964 0.0229781 0.0306779 0.0159155 0.0134005 0.0163925 0.0356026 0.010067 -0.00204431 0.0487071 -0.0098029 0.0114004 0.00237187 0.00903282 -0.0122416 0.0199206 0.033333 0.0321393 0.0270611 0.0211872 0.00979597 0.0209915 -0.0022039 0.0415345 0.0377163 0.0156666 -0.0319912 0.0108478 -0.0183438 0.0539188 0.0347075 0.0316137 0.0181443 0.01339 0.0235565 -0.000583614 0.0296659 0.0314019 0.0371683 0.0254 0.00914448 0.00260071 0.008675 0.00310378 0.0352246 0.0172346 0.0408896 0.0234355 0.0446216 0.0270052 0.0251836 -0.0128159 0.0101983 -0.010564 0.012558 0.0097617 -0.022997 0.0124667 -0.00095176 0.0182098 -0.00664184
internal_weight=3063.44 2077.82 1539.82 736.681 803.135 712.159 596.586 90.9763 84.0682 115.573 537.999 89.9434 31.8456 53.1729 46.649 21.398 493.936 652.613 616.074 25.251 117.025 55.7104 39.8866 23.9926 226.405 181.325 75.9759 14.8257 66.7 11.9735 311.594 499.049 357.061 451.323 240.268 211.055 102.65 321.18 296.129 37.9651 199.976 25.05 94.0966 71.1236 60.069 30.6423 54.7266 161.405 28.4321 132.973 36.5777 25.6293 5.58749 209.625 21.3928 188.233 168.388 12.8436 155.544 46.6202 108.924 14.7389
internal_count=72950 12031 10824 3551 7273 6835 4532 438 986 2303 1207 1942 218 1042 944 573 3371 2565 2471 371 524 281 186 179 602 502 787 507 760 136 605 1947 1456 3178 1940 1238 1161 1367 1245 133 1160 122 1040 691 658 173 624 450 126 324 295 361 130 1767 203 1564 1466 155 1311 538 773 135
is_linear=0
shrinkage=0.05


Tree=13
num_leaves=63
num_cat=0
split_feature=19 0 12 16 8 18 16 16 0 18 19 11 19 0 0 36 17 15 2 16 11 19 16 14 19 4 15 8 33 16 16 15 6 0 2 19 18 4 0 33 6 31 6 19 9 2 6 36 16 33 4 8 16 14 17 16 17 11 36 6 0 36
split_gain=2077.91 40.6904 26.688 17.5263 15.9786 14.9353 13.586 10.1954 14.1961 9.24819 14.9794 8.28268 7.76302 7.47567 7.14855 7.1128 6.87509 6.09508 6.08991 5.57029 5.41173 13.0365 5.31933 6.0647 10.0553 6.8787 5.24876 5.60213 7.31411 5.15027 6.63408 5.78641 6.01228 4.9753 6.55974 5.17986 5.05548 6.24995 12.8795 5.58295 6.24327 8.19303 5.34936 4.84752 8.31688 5.41562 5.33891 4.7269 8.99278 8.22909 6.71307 6.17079 5.54929 4.8407 9.85083 4.81874 4.71622 4.68294 4.56214 4.55013 5.37256 4.97675
threshold=1.0000000180025095e-35 0.74271774291992199 1.0000000180025095e-35 0.99949577450752269 1790.5000000000002 13.500000000000002 0.99755874276161205 1.9053691029548647 0.7152080535888673 12.500000000000002 3.5000000000000004 1.0000000180025095e-35 2.5000000000000004 0.66514778137207042 0.74064064025878917 0.49964445829391485 12.089809894561769 1.0715116858482363 22.500000000000004 1.1557172536849978 1.0000000180025095e-35 1.5000000000000002 2.2106565237045293 4.182021141052247 1.5000000000000002 4.5000000000000009 0.062645349651575102 3283.5000000000005 0.0015170319820754232 0.98767763376235973 0.78038880228996288 1.1544230580329897 0.00036159147566650068 0.73112106323242199 168.50000000000003 3.5000000000000004 10.500000000000002 16.500000000000004 0.67891025543212902 0.00085620602476410579 5.9033061461377665e-06 4.3983984596707168e-06 0.00032914917392190551 1.5000000000000002 4.5000000000000009 798.50000000000011 5.0426209782017402e-05 2.4942029085650578e-05 2.6712847948074345 6.0346180816850401e-06 10.500000000000002 2629.5000000000005 2.0937006473541264 2.1383330821990971 5.8841705322265634 2.2106565237045293 6.3603229522705087 1.0000000180025095e-35 0.00092741890694014739 7.5572777404886446e-06 0.78008651733398449 0.035216365009546287
decision_type=2 2 2 2 2 2 2 2 2 2 2 2 2 2 2 2 2 2 2 2 2 2 2 2 2 2 2 2 2 2 2 2 2 2 2 2 2 2 2 2 2 2 2 2 2 2 2 2 2 2 2 2 2 2 2 2 2 2 2 2 2 2
left_child=-1 2 3 4 -2 29 20 11 47 16 22 14 17 -7 18 -15 -8 -13 26 -18 59 -22 23 -11 25 -25 -5 28 58 30 31 -6 -33 36 -35 -36 37 39 42 40 -20 -42 -39 46 45 -45 -38 51 49 52 -50 -9 -49 -54 -55 56 -51 -12 -28 -3 61 -61
right_child=1 6 -4 7 5 13 9 8 -10 10 57 12 -14 15 -16 -17 19 -19 33 -21 21 -23 -24 24 -26 -27 27 -29 -30 -31 -32 32 -34 34 35 -37 43 38 -40 -41 41 -43 -44 44 -46 -47 -48 48 50 55 -52 -53 53 54 -56 -57 -58 -59 -60 60 -62 -63
leaf_value=-0.061529545178385284 0.046978012350503057 0.054973072785338355 0.061694891502289032 0.0024603840560643887 -0.031930702129540911 0.022452287682132289 0.052393671083049688 0.030424728758546116 0.032124469456335535 0.035562812651981912 0.044576144775746465 -0.0074164545099738681 0.058601134980188069 -0.0379552696345292 -0.009762594723717502 0.047173303796331251 0.01034032838530295 0.044411296427685348 0.040623574462561179 0.042302014167996428 -0.080593589024236245 0.024616901471576642 0.00086933971171390841 -0.033379780025118731 0.034236368420210793 0.017106644895801833 0.038676388991998469 0.049888251296450158 0.043282745722249827 -0.036758770371977986 0.023912688928297916 -0.0587032076073589 0.017661953384960512 0.043795216931621105 -0.0069620953462331218 0.038472967275830716 -0.01434786237972306 -0.080062310330505038 0.023684599204836954 0.046424987526539993 -0.031669122539526716 0.023089604273846646 -0.0027478926592628284 0.021087500710371819 0.045836242353926263 -0.010731479171858703 0.014340080107345589 -0.049959877239515726 -0.0093121242881595827 -0.031126476215250262 -0.064894300953659306 -0.016611068000962761 0.030871083778183758 0.029355089824235132 -0.065562923252894839 0.033388927862993294 0.018538346164970316 0.06783839165157525 0.0035575887107803803 0.022113372243277661 0.035419516443379234 -0.012435373900912643
leaf_weight=937.22454192489386 22.011438817717135 11.71261043474078 43.225427281111479 11.650850730016826 11.536200169473885 7.5935483966022721 198.24878806062043 31.100457689724863 75.310503548011184 183.08161972369999 71.870715880766511 10.099140504375102 37.339976910501719 34.81405291473493 14.276202790439127 2.6398063302040091 17.993879612535238 12.942871090024708 49.876224249601364 56.234968241304159 4.2477993853390208 9.5947424517944437 15.702983565628527 12.148586440831425 38.891810722649097 15.173472575843332 13.530521456152199 55.109122078865767 46.802834877744317 5.2755286432802668 63.724306102842093 2.8641795823350575 25.745622931513935 60.353913966566324 13.939640531316401 11.40571605786681 19.264792216010392 4.6623407900333387 37.897123298607767 46.264230936765671 7.4390372317284337 83.558851784095168 4.3013251572847366 114.91198741644621 32.007242383435369 15.13373803347349 102.54066152404994 7.7468914035707739 18.423724962398413 7.1215260960161713 7.7039461871609083 8.9883492905646545 7.6673282906413105 5.1617482323199493 5.810523884370923 28.959446284919977 14.538751636631785 30.952353790402412 29.214853273704648 30.198608765378594 38.889401124790311 15.918181594926862
leaf_count=60919 103 43 95 80 394 99 468 234 402 705 228 65 115 840 77 21 68 53 178 158 87 89 96 99 158 97 59 203 188 69 598 95 436 251 87 45 170 58 191 181 81 476 45 639 136 94 785 97 197 88 99 109 60 37 72 186 94 76 184 290 260 243
internal_value=1.777e-05 0.0285268 0.0230801 0.0217223 0.00712704 0.00143822 0.0377573 0.0241644 0.0145504 0.0405521 0.0353802 0.026682 0.0445178 -0.0227839 0.0252909 -0.0319553 0.0475338 0.0216956 0.0259494 0.0345542 0.0215719 -0.00766857 0.0290949 0.0308728 0.0179051 -0.00534184 0.0347452 0.0373455 0.0296265 0.0114353 0.0138831 -0.002037 0.0100169 0.0236715 0.0348308 0.0134842 0.0218248 0.0272659 0.0109362 0.031355 0.0264059 0.0186131 -0.042962 0.0173394 0.0230042 0.0173846 0.00980279 0.00530939 -0.000353825 0.00824628 -0.025701 0.0198788 -0.0143925 0.00038989 -0.0209101 0.0200472 0.00220941 0.0515787 0.014674 0.0257568 0.0217312 0.0101881
internal_weight=2960.57 2023.35 1272.49 1229.26 176.205 154.193 750.861 1053.06 218.533 640.299 367.822 834.523 60.382 45.0474 774.141 37.4539 272.478 23.042 759.865 74.2288 110.561 13.8425 264.998 249.295 66.2139 27.3221 156.308 144.657 89.5482 109.146 103.87 40.146 28.6098 603.557 85.6993 25.3454 517.858 233.999 46.8608 187.138 140.874 90.9979 8.96367 283.858 162.053 130.046 121.805 143.223 103.134 77.0062 26.1277 40.0888 26.3865 18.6396 10.9723 50.6197 21.6603 102.823 42.7454 96.7188 85.0062 46.1168
internal_count=72950 12031 8866 8771 2655 2552 3165 6116 1675 2153 1459 4441 233 960 4208 861 694 118 4131 226 1012 176 1155 1059 354 196 714 634 431 1592 1523 925 531 3417 383 132 3034 1210 294 916 735 557 103 1824 869 733 955 1273 930 634 296 343 266 169 109 368 182 304 243 836 793 533
is_linear=0
shrinkage=0.05


Tree=14
num_leaves=63
num_cat=0
split_feature=19 1 1 19 12 16 31 12 16 16 19 0 11 0 18 7 16 31 1 31 1 16 16 16 15 15 7 15 5 5 6 0 18 8 32 10 15 15 32 32 16 0 18 7 17 32 17 19 11 18 6 5 5 8 4 18 15 16 4 2 4 15
split_gain=1890.42 99.6873 25.7 18.1078 12.9772 11.2427 12.3578 10.5999 11.7568 9.06861 8.82677 8.64959 7.34044 6.93551 6.15126 5.59259 5.32701 5.30822 6.42363 5.17095 5.04853 4.76457 6.55273 7.4605 5.73732 4.73721 8.40584 4.8899 4.7286 6.20556 7.89267 4.68662 7.05173 4.65429 4.64911 4.59563 4.86683 5.90118 4.42103 8.96625 6.64524 5.14895 4.78485 4.33927 6.182 4.66946 6.02069 4.4902 6.36784 4.92245 6.27551 5.84442 4.58493 8.07921 8.2009 4.27517 4.38717 5.48849 4.2609 4.03169 4.03031 4.94118
threshold=1.0000000180025095e-35 2.5000000000000004 15.500000000000002 5.5000000000000009 1.0000000180025095e-35 0.86763349175453197 0.097562313079833998 1.0000000180025095e-35 0.86763349175453197 1.9053691029548647 1.5000000000000002 0.75005722045898449 1.0000000180025095e-35 0.71383094787597667 12.500000000000002 38.500000000000007 0.93056705594062816 7.1628960540692798e-07 36.500000000000007 0.00371195434127003 25.500000000000004 1.6759720444679262 1.3286489844322207 1.1498725414276125 8.0050001144409197 1.0481997728347781 52.500000000000007 8.4316773414611834 1643.5000000000002 1788.5000000000002 0.023029034025967125 0.66390037536621105 9.5000000000000018 2737.0000000000005 2.9976557493209843 1.0000000180025095e-35 2.7633053064346318 5.2268438339233407 3.7529759407043461 5.101508855819703 1.126131057739258 0.71612930297851574 20.500000000000004 89.500000000000014 26.634079933166507 3.5168188810348515 1.5341750383377077 1.5000000000000002 1.0000000180025095e-35 7.5000000000000009 1.1501886092446513e-05 2251.5000000000005 4930.5000000000009 2679.0000000000005 4.5000000000000009 12.500000000000002 1.1544230580329897 2.9692879915237431 13.500000000000002 18.500000000000004 10.500000000000002 1.5015151500701907
decision_type=2 2 2 2 2 2 2 2 2 2 2 2 2 2 2 2 2 2 2 2 2 2 2 2 2 2 2 2 2 2 2 2 2 2 2 2 2 2 2 2 2 2 2 2 2 2 2 2 2 2 2 2 2 2 2 2 2 2 2 2 2 2
left_child=-1 14 7 4 5 6 19 8 15 17 11 35 38 33 16 -3 34 -7 28 20 -4 22 23 31 -23 26 -16 -27 -19 -30 43 -20 -33 -5 -2 36 -10 -38 42 40 -40 -42 60 47 45 46 -45 49 -49 50 -31 -51 53 -52 -55 -11 -57 -58 -18 -22 61 -12
right_child=1 2 3 13 -6 9 -8 -9 10 55 12 -13 -14 -15 25 -17 58 18 21 -21 59 24 -24 -25 -26 27 -28 -29 29 30 -32 32 -34 -35 -36 -37 37 -39 39 -41 41 -43 -44 44 -46 -47 -48 48 -50 51 52 -53 -54 54 -56 56 57 -59 -60 -61 -62 -63
leaf_value=-0.060543212056582973 0.015947826928932336 0.012982805425485203 0.015301590945661274 0.028957216750451438 0.059462976230223091 0.039447831442192771 0.042003275853629868 0.058320585401135154 0.027311834398710468 0.0089913660369402969 0.050582364609058586 0.0075075183267247856 0.051308928866728491 0.045893780549891905 0.045250769524641271 -0.027310599954858183 0.056883913953054005 0.047835579804214018 -0.049190028590271086 -0.044979377490698469 0.024854121258083433 -0.0013505171241290845 -0.019117496932938158 0.026798747556251404 0.054285818715712308 0.049438829808345686 0.0022064952835047723 0.030223412072919526 -0.030336604605741897 -0.018516238528127334 0.052907519817506334 0.027023242249071173 -0.019186143165981898 -0.014782629760982241 0.051527753703188933 0.030899708848567395 -0.030455139434648556 0.015810513514179458 -0.016176807678829293 0.043689909609360644 -0.011596148286713284 0.027439691636008342 0.017874774146761307 0.045261608345948286 -0.030827795158612475 0.032093621320957451 -0.01436749237864202 0.021133480340180481 0.057409327319955343 -0.029693102266970153 0.034406691470400944 0.0095703827291139347 0.05845779524787327 -0.05445981460850749 0.027389642697923544 -0.054961867131777878 0.001032108106588126 -0.047575491390458274 0.039287440916137922 -0.044904518856069608 0.054723609465460066 0.023557718608392456
leaf_weight=888.64659599773586 18.515105403959751 26.331896867603064 11.408027755562218 20.582568768411878 13.959739737212656 21.604560051113367 8.6831828067079169 27.063673209398985 43.48169644549489 49.774745371192694 28.317362252622843 74.733712676912546 52.354257233440876 58.14331578463316 25.226399388164282 12.796657815575598 208.77303253114223 12.259342230856417 5.4451579004526129 16.786660601384938 2.6079193796031168 8.9902988299727458 31.612415017560124 30.638889172114432 9.5623226426541788 118.58591033890843 20.607184866443276 45.932711839675903 7.0059680100530377 7.9877934362739316 14.823422096669672 14.554640255868433 19.078208265360445 8.6327854767441732 18.2121966406703 190.64399428851902 9.9002136215567571 22.684789530932903 15.046763481572269 36.656617654487491 10.136948339641092 50.688865881413221 26.730949781835079 5.3370244465768364 11.025573607534168 16.386969207786024 20.467913364991546 122.43932542484254 13.423876520246266 10.639726601541041 34.62482834700495 86.780966333113611 10.612091623246668 6.0193874891847354 6.2254464197903872 5.2587118083611122 36.86020718421787 6.8935353700071564 41.189974434673786 10.064980318769811 37.578535670414567 42.002612713724375
leaf_count=60919 72 355 217 124 39 88 63 69 194 510 62 453 145 220 78 320 384 62 99 752 72 101 402 264 53 297 91 136 63 85 51 137 339 94 61 830 61 135 97 117 78 217 149 28 84 100 219 676 55 144 154 750 34 78 47 102 425 123 88 419 99 170
internal_value=5.02873e-05 0.0272262 0.0207364 0.0144608 0.0117449 0.0107593 -0.0121676 0.0276337 0.0264125 0.0125731 0.0280368 0.0225414 0.0343016 0.0359073 0.0466072 -0.000194807 0.0513718 0.0151766 0.0141402 -0.0236774 -0.00882792 0.00402996 -0.000235248 0.00832671 0.0273254 0.0401136 0.0258977 0.044074 0.0172797 0.0162775 0.0171679 -0.00615618 0.000811003 0.0160326 0.0335911 0.0267539 0.0163634 0.00175374 0.0306991 0.0233846 0.0135745 0.0209342 0.0368128 0.0156627 0.00250881 0.0112203 -0.00203489 0.0180058 0.0247177 0.0124076 0.0230104 0.00528225 0.028781 0.0220617 -0.0128464 -0.00133019 -0.0118123 -0.00662617 0.0539843 -0.0305491 0.0415045 0.0344404
internal_weight=2870.04 1981.39 1484.35 777.203 689.844 675.884 49.5508 707.15 680.086 626.333 640.957 341.444 299.513 87.3587 497.043 39.1286 286.69 527.546 505.942 40.8676 24.0809 119.882 101.329 69.7169 18.5526 210.352 45.8336 164.519 386.06 373.8 366.794 39.078 33.6328 29.2154 36.7273 266.711 76.0667 32.585 247.159 112.529 75.8726 60.8258 134.629 351.971 53.2175 42.1919 25.8049 298.753 135.863 162.89 65.4695 97.4207 57.4818 46.8697 12.2448 98.7872 49.0125 43.7537 249.963 12.6729 107.899 70.32
internal_count=72950 12031 10824 7273 6835 6796 1523 3551 3482 5273 2807 1673 1134 438 1207 675 605 4113 4025 1460 708 1395 1241 839 154 602 169 433 2630 2568 2505 575 476 218 133 1220 390 196 989 509 392 295 480 2454 431 347 247 2023 731 1292 398 894 313 279 125 1160 650 548 472 491 331 232
is_linear=0
shrinkage=0.05


Tree=15
num_leaves=63
num_cat=0
split_feature=19 1 1 16 19 17 16 7 16 19 7 8 1 15 7 19 17 36 18 8 7 7 34 36 8 5 17 18 16 17 19 18 32 18 18 16 10 15 2 8 5 5 7 15 5 36 19 15 19 16 5 2 17 15 2 34 31 8 15 7 7 31
split_gain=1700.21 99.9283 29.7645 17.1462 15.5305 10.0949 8.78096 9.05312 8.62617 7.18831 6.84842 9.72004 6.51208 8.54967 6.13066 6.01366 8.59919 7.40911 8.01595 7.43707 7.56079 7.25948 6.93278 6.79449 7.33721 9.06671 6.72425 7.22358 5.9458 6.40381 5.85055 8.61428 5.75011 5.66006 5.62793 6.8412 6.06572 6.16536 5.44761 5.2807 6.92646 4.9641 5.12057 4.92506 4.55361 5.72609 4.5461 7.79874 4.5126 4.369 4.28467 5.28681 5.57184 4.64669 4.08478 4.03913 4.01197 3.85698 3.80936 3.78879 4.49871 3.67664
threshold=1.0000000180025095e-35 2.5000000000000004 27.500000000000004 0.98127377033233654 1.5000000000000002 1.7727736830711367 0.98127377033233654 13.500000000000002 1.5680143237113955 10.500000000000002 109.50000000000001 2238.0000000000005 1.0000000180025095e-35 12.012499809265138 89.500000000000014 2.5000000000000004 3.396040797233582 0.0020221848972141747 8.5000000000000018 3730.0000000000005 30.500000000000004 38.500000000000007 0.49823655188083654 0.0051094812806695708 1554.5000000000002 2135.0000000000005 8.4088969230651873 8.5000000000000018 1.1498725414276125 1.822179973125458 7.5000000000000009 25.500000000000004 3.0359756946563725 10.500000000000002 12.500000000000002 1.6372629404067995 1.0000000180025095e-35 1.3144462704658511 218.50000000000003 2300.5000000000005 3153.5000000000005 2930.5000000000005 8.5000000000000018 6.2880184650421151 2870.5000000000005 0.086536344140768065 10.500000000000002 10.669540405273439 22.500000000000004 0.86107954382896434 2699.5000000000005 35.500000000000007 2.8641713857650761 1.6375218629837038 218.50000000000003 1.0000000180025095e-35 0.00082402609405107807 6566.5000000000009 1.9236596226692202 28.500000000000004 41.500000000000007 4.1503878946969061e-06
decision_type=2 2 2 2 2 2 2 2 2 2 2 2 2 2 2 2 2 2 2 2 2 2 2 2 2 2 2 2 2 2 2 2 2 2 2 2 2 2 2 2 2 2 2 2 2 2 2 2 2 2 2 2 2 2 2 2 2 2 2 2 2 2
left_child=-1 6 3 10 5 -4 7 -2 15 34 30 -12 -8 14 -14 16 -5 19 -19 20 -18 23 26 -20 -25 -26 -17 -28 29 -6 31 39 -9 38 35 -10 37 -37 50 -3 44 42 -27 59 45 -41 47 49 55 -31 -7 -52 -53 -54 -23 -30 -34 -42 -51 -21 -61 -36
right_child=1 2 4 8 28 33 12 32 9 -11 11 -13 13 -15 -16 22 17 18 21 43 -22 54 -24 24 25 41 27 -29 48 46 -32 -33 56 -35 61 36 -38 -39 -40 40 57 -43 -44 -45 -46 -47 -48 -49 -50 58 51 52 53 -55 -56 -57 -58 -59 -60 60 -62 -63
leaf_value=-0.05967919226504162 0.049731831769913706 0.034979583658347795 0.017810950930295329 0.035105710533691291 0.058415496510332704 0.015412580603246052 0.054920338066719671 -0.0098055790187075026 -0.015580443518660878 0.046283377106635333 0.039226396031116571 -0.052356146373193073 0.04996165794728491 0.020111365264686428 0.020808234930631355 0.057599481264137088 0.0063364939803950554 0.041650726059163923 0.047145872484263725 0.046361335574303254 -0.052636454725777708 0.038800217046843638 0.058415818049048052 0.029816177392967737 -0.056211840240995993 0.040479134908499095 -0.0034134982834109033 0.032761964437473867 0.0173728360904211 -0.046016253283418004 0.064551157136781626 -0.03683938017813921 0.048321280802230242 -0.017172588176720311 -0.012052017035989702 0.047578590303813222 0.033723460938305486 0.00036968271975415648 0.032045142523180588 0.0022350808286160646 0.021829613836964155 -0.028671875975577882 -0.0017488115078317429 -0.011198828496373442 -0.081262709601558292 -0.069095520803845456 0.037156661964970916 -0.055500710238352104 0.053691599040228799 -0.012719052677435833 -0.054312184167010363 0.042305954245603294 -0.055975805583043603 -0.0046309752671038831 0.0081170305438241531 0.047430804523120706 0.0091076261110679801 -0.025498869285918303 0.025515999331468055 -0.012806591381368904 0.02471418237325922 0.012485325692248653
leaf_weight=837.03843044326641 31.181687831878662 20.140066294930875 48.442988111637533 176.35831649415195 4.6154276146553448 18.949598791077733 190.82980542257428 15.677474947646258 10.369827061891554 22.013177964836359 4.026547545567154 10.329969602636991 161.11999270319939 36.284274719655514 20.305656431242824 21.476905766874552 15.475087702274324 61.979027783498168 10.694661382585762 13.981597226113079 8.377185143530367 52.415461141616106 31.923409819602966 20.054560242220759 7.6181272016838184 10.838967580348251 16.547794809564948 83.089303590357304 124.98274365440011 4.2011954179033664 4.7173570562154046 9.8533192630857211 12.908669643104078 83.780798753490672 17.524861207231879 8.8202635496854764 91.770488701760769 32.032250082120299 12.413276026025413 18.572768548270695 42.911258189473301 9.4780520610511285 21.259699879214168 12.283419709652661 2.38955617789179 3.3157857935875645 5.9540493600070468 7.50591758172959 10.756175883114336 11.539331916719677 6.601007774937897 5.1861157063394776 5.3675317643210319 24.610096578486264 13.677359987050293 12.274186223745344 13.184780292212961 4.7846733555197707 14.959315318614243 10.132094884291289 37.767023758031428 118.46127997338772
leaf_count=60674 78 156 476 707 23 257 364 91 71 61 38 308 383 107 63 54 99 210 43 62 68 269 78 92 61 56 88 332 960 180 23 227 47 1344 144 32 386 211 83 353 459 61 136 91 54 143 21 178 27 136 131 33 109 347 68 66 75 60 151 65 170 763
internal_value=-0.000113588 0.0255723 0.0190565 0.0234596 0.00747816 -0.00214073 0.0453244 0.0293456 0.0257486 0.0187759 0.00575075 -0.0266701 0.0481777 0.0422676 0.0466987 0.0290515 0.0263117 0.021244 0.0265844 0.0099104 -0.0143755 0.0201901 0.0376873 0.0100539 0.00432553 -0.00606587 0.0322237 0.0267539 0.0175156 0.0023756 0.0101136 0.00759514 0.0141275 -0.0083005 0.0166054 0.0235309 0.026589 0.0105623 0.00186407 0.0123482 0.00601545 0.0031224 0.0125106 0.0177211 -0.0157251 -0.00857043 -0.00348149 -0.00981461 0.0225047 0.00135536 -0.00430656 -0.0132536 -0.00554597 -0.0138243 0.0324506 0.0200608 0.028507 0.0170818 0.00886583 0.0234617 0.0167774 0.00932314
internal_weight=2778.13 1941.09 1459.6 1057.46 402.14 205.351 481.492 72.9526 936.42 300.992 121.041 14.3565 408.54 217.71 181.426 635.428 482.391 306.032 208.016 98.0164 23.8523 146.037 153.037 79.9441 69.2494 49.1948 121.114 99.6371 196.788 48.7752 106.685 101.967 41.7709 156.908 278.979 142.993 132.623 40.8525 73.1276 92.1141 71.974 41.5767 32.0987 74.1641 24.2781 21.8886 44.1598 38.2058 148.013 30.6998 60.7144 41.7648 35.1637 29.9776 66.0928 137.257 26.0934 47.6959 26.4986 61.8807 47.8991 135.986
internal_count=72703 12029 10821 6299 4522 2780 1208 291 4478 1668 1821 346 917 553 446 2810 2258 1551 996 555 167 786 552 449 406 314 474 420 1742 689 1475 1452 213 2304 1607 700 629 243 960 1225 1069 253 192 388 550 496 666 645 1053 467 877 620 489 456 337 1026 122 519 287 297 235 907
is_linear=0
shrinkage=0.05


Tree=16
num_leaves=63
num_cat=0
split_feature=13 1 2 32 2 1 1 12 6 12 34 11 1 2 0 1 8 33 8 0 7 1 9 1 1 4 4 1 18 0 0 6 12 7 4 31 1 0 6 9 1 6 32 18 4 2 4 1 1 8 34 4 8 4 18 2 4 31 0 8 7 4
split_gain=508.561 200.134 105.927 86.937 45.9519 45.1569 37.8046 22.077 20.9612 18.4662 15.0423 15.0053 14.7438 12.3095 11.6567 9.96369 8.7478 8.26689 8.05542 7.74706 10.7381 7.50779 7.49213 7.24817 8.4129 6.94135 6.76057 6.58583 6.44649 12.1719 5.99191 5.9825 5.90074 5.63112 6.961 6.97219 5.5145 6.36931 5.33239 5.38257 5.20695 6.69655 7.4407 8.61067 6.48716 6.35426 6.29011 5.06326 5.05275 5.01941 5.33418 4.95712 9.28726 8.4617 4.95177 6.51749 4.93542 4.89255 6.45245 6.05435 5.63187 4.84554
threshold=1.0000000180025095e-35 3.5000000000000004 8.5000000000000018 2.0508674383163457 69.500000000000014 27.500000000000004 2.5000000000000004 1.0000000180025095e-35 0.0010230166953988375 1.0000000180025095e-35 0.46801131963729864 1.0000000180025095e-35 1.5000000000000002 1150.0000000000002 0.70478248596191417 22.500000000000004 6055.0000000000009 4.7803562210901882e-06 4708.0000000000009 0.7175426483154298 51.500000000000007 19.500000000000004 6.5000000000000009 8.5000000000000018 10.500000000000002 408.00000000000006 20.500000000000004 5.5000000000000009 3.5000000000000004 0.69139862060546886 0.6451849937438966 6.0346180816850401e-06 1.0000000180025095e-35 12.500000000000002 4.5000000000000009 6.0666525314445616e-06 34.500000000000007 0.66699600219726574 0.0014663257170468571 2.5000000000000004 28.500000000000004 0.0012223310768604281 3.7529759407043461 25.500000000000004 10.500000000000002 345.50000000000006 1.0000000180025095e-35 4.5000000000000009 3.5000000000000004 3167.5000000000005 0.48059614002704626 34.500000000000007 2545.0000000000005 22.500000000000004 32.500000000000007 73.500000000000014 1.0000000180025095e-35 0.0059679823461920032 0.74477577209472667 3052.5000000000005 54.500000000000007 13.500000000000002
decision_type=2 2 2 2 2 2 2 2 2 2 2 2 2 2 2 2 2 2 2 2 2 2 2 2 2 2 2 2 2 2 2 2 2 2 2 2 2 2 2 2 2 2 2 2 2 2 2 2 2 2 2 2 2 2 2 2 2 2 2 2 2 2
left_child=1 12 15 7 5 9 33 38 13 17 47 14 -1 21 27 28 32 57 19 20 23 -8 -21 -19 -25 40 -13 -6 29 -3 -26 -23 36 -5 35 -35 37 -7 39 -2 -16 45 44 -44 -43 46 -42 48 -10 50 -30 53 -53 61 -14 -56 -51 59 -59 -4 -61 -29
right_child=3 2 4 6 11 16 8 -9 10 -11 -12 26 54 -15 25 -17 -18 18 -20 22 -22 31 -24 24 30 -27 -28 51 49 -31 -32 -33 -34 34 -36 -37 -38 -39 -40 -41 41 42 43 -45 -46 -47 -48 -49 -50 56 -52 52 -54 -55 55 -57 -58 58 -60 60 -62 -63
leaf_value=0.046639801088398276 -0.019283795464027257 -0.067064115025795623 -0.019533014084910143 0.042410068048805316 0.041159981241508589 0.0051608195252687856 0.0037842124322986074 0.02813587139404335 -0.053232902535178539 0.057389486894305911 0.022237719712850604 0.020052514902353238 0.031577946336195754 0.054414919604368665 0.021487417602608121 -0.042599851389770273 0.03514733970811465 0.04004048620313741 0.039665201531769119 -0.0083399469714180701 -0.030117198354001652 0.023775338637394432 0.034441876351298993 -0.041344913360431335 -0.028167540114953971 0.050029223331317069 0.052609816192850101 -0.0018366275376037527 -0.034961418340755904 0.047581799832246918 0.020381093433630926 -0.039675653114430852 0.050500638721473826 0.06249628206009579 0.027815213897153319 -0.032389937307531119 -0.033303580705089077 -0.026342034124231268 -0.055537569133007128 -0.054825273314710425 0.06902282790445588 -0.01000944013991199 -0.064711341583696166 -0.0020025175453476543 0.046610827110696598 0.041440613278756283 -0.0056546457803673712 -0.044417708441012553 0.01897152509515268 -0.0164996553070819 0.064350405026943835 0.029249983475853638 -0.017940381019512435 -0.031734656716919815 -0.028760102981107656 0.029806007270665281 0.040655700597377532 0.024614750872170327 -0.041961118739550267 0.0097041552601984677 -0.031967508035328995 0.018684623246811669
leaf_weight=315.72991824196652 21.567924514878541 3.2190592959523192 62.085648001171649 20.278646111488342 12.484306755475698 25.03400973463431 38.076567514101043 8.4408282353542727 3.8616949187125993 17.616841718554497 10.028824614360927 26.426157562062144 159.549229871016 8.115776699036358 309.31915228138678 96.554696415085346 6.3239586669951668 32.195693908724934 21.707970648538321 84.102215289371088 11.917378585785626 4.3802927453070906 11.651284730527548 6.7124692834913722 6.8804891514591864 18.150038808584213 40.202686134725809 108.23771145008504 56.926751921884716 8.2448820257559401 83.299118487164378 24.454727109987289 2.5685186563059679 2.3022425696253768 20.906301320530474 12.169476791284977 101.23537886585109 44.682620764011517 361.68932274193503 21.049130309605971 3.242173224687579 11.056393900420519 8.7388005997054297 14.653450290206818 9.3258912023156864 20.957870175130665 21.645349280210212 114.97040788875893 6.5031967856921256 19.927780010970313 1.3849845901131619 40.069920026697218 14.093054776079951 19.122466510161757 8.2801167229190487 11.143492098897694 4.6603282503783694 23.91922091529705 4.2925363259855649 49.23082029633224 9.7065514484420401 39.17772879335098
leaf_count=1553 1012 231 1625 179 63 572 788 134 187 58 151 145 1295 20 2292 5874 72 305 212 1602 283 59 149 129 160 43 135 1693 2913 172 1384 1091 20 10 176 392 4246 1494 26226 1468 14 247 153 145 86 100 387 7048 167 787 5 251 133 264 117 51 97 513 176 705 221 423
internal_value=-0.000116023 0.0125334 0.00350653 -0.0375295 0.00853405 -0.00161182 -0.0152418 -0.0518957 -0.0249359 0.00726971 -0.0366855 0.0170985 0.0401409 -0.00373737 0.014783 -0.0313078 -0.0226159 0.00510402 0.0105141 0.00784128 0.0152945 -0.0107907 -0.00313426 0.0194869 0.0126573 0.0197885 0.039697 0.0058299 -0.0197536 0.0153894 0.0166769 -0.0300369 -0.0247211 0.0214035 0.00936249 -0.0172949 -0.0258513 -0.0150299 -0.0535665 -0.0368382 0.0184127 0.00780039 -0.0061868 -0.0254291 0.0158971 0.0211558 0.00407382 -0.0414003 -0.00793001 -0.0246134 -0.0326026 0.0038314 0.0169712 -0.000442039 0.0286761 0.00483978 -0.00566667 -0.00426593 0.014485 -0.00863696 0.00284114 0.00361718
internal_weight=2686.48 2007.69 1512.98 678.795 1322.07 605.163 266.048 412.747 210.391 425.318 135.364 716.903 494.703 75.0274 650.274 190.918 179.844 407.701 258.467 236.759 141.005 66.9116 95.7535 129.088 96.8921 417.089 66.6288 233.185 94.3638 11.4639 90.1796 28.835 173.521 55.6567 35.378 14.4717 170.952 69.7166 404.306 42.6171 398.939 89.6199 43.7745 23.3923 20.3823 45.8454 24.8875 125.335 10.3649 82.8998 58.3117 220.701 54.163 166.538 178.973 19.4236 24.5881 149.235 28.2118 121.023 58.9374 147.415
internal_count=72703 33595 30579 39108 20500 13926 10268 28840 9511 7522 7553 6574 3016 1958 6294 10079 6404 7464 4224 4012 2261 1938 1751 1978 1673 3467 280 2827 4205 403 1544 1150 6332 757 578 402 6312 2066 28706 2480 3424 1132 631 298 333 501 401 7402 354 3802 2918 2764 384 2380 1463 168 884 3240 689 2551 926 2116
is_linear=0
shrinkage=0.05


Tree=17
num_leaves=63
num_cat=0
split_feature=19 1 1 19 19 32 11 18 9 0 19 2 0 1 17 15 15 17 9 0 9 1 18 36 0 33 10 0 0 18 13 15 15 19 7 9 9 15 17 2 4 19 7 33 15 9 0 18 19 15 9 36 15 0 32 1 9 5 18 0 35 5
split_gain=1496.78 91.1002 22.0764 15.7465 10.3387 12.0714 10.2551 8.76641 6.37916 7.33245 6.93139 6.50398 6.1852 6.09025 7.9291 5.79244 7.23679 5.51681 5.24341 5.18244 5.1817 4.91503 9.80824 6.55366 4.64109 5.88911 4.57348 7.76347 5.75335 8.30739 6.51283 5.97155 10.0673 6.0291 10.4149 5.62524 5.40014 5.00887 6.95784 5.16882 7.21352 5.66562 4.75138 4.63831 4.54514 7.49055 4.45614 4.18861 4.13181 4.98947 4.21966 4.12743 6.11921 6.67691 4.97923 4.5476 5.96557 5.68562 6.95807 5.35842 4.08347 3.99598
threshold=1.0000000180025095e-35 2.5000000000000004 22.500000000000004 1.5000000000000002 5.5000000000000009 1.8793358802795412 1.0000000180025095e-35 7.5000000000000009 5.5000000000000009 0.6395397186279298 22.500000000000004 2007.0000000000002 0.6510901451110841 1.0000000180025095e-35 3.4967733621597294 1.9236596226692202 1.1544230580329897 30.7179069519043 1.0000000180025095e-35 0.73389816284179699 2.5000000000000004 5.5000000000000009 36.500000000000007 0.043290646746754653 0.7156667709350587 0.023873182944953445 1.0000000180025095e-35 0.67376136779785167 0.7175426483154298 20.500000000000004 1.0000000180025095e-35 6.7788889408111581 0.54592314362525951 1.5000000000000002 26.500000000000004 3.5000000000000004 1.5000000000000002 12.012499809265138 30.7179069519043 108.50000000000001 19.500000000000004 1.5000000000000002 12.500000000000002 0.00071516339085064839 8.0050001144409197 2.5000000000000004 0.72191810607910167 12.500000000000002 1.5000000000000002 0.095311354845762267 4.5000000000000009 9.310649602412015e-06 0.97930938005447399 0.64793968200683605 2.705342292785645 28.500000000000004 2.5000000000000004 4098.5000000000009 21.500000000000004 0.72191810607910167 0.060661764815449722 3972.5000000000005
decision_type=2 2 2 2 2 2 2 2 2 2 2 2 2 2 2 2 2 2 2 2 2 2 2 2 2 2 2 2 2 2 2 2 2 2 2 2 2 2 2 2 2 2 2 2 2 2 2 2 2 2 2 2 2 2 2 2 2 2 2 2 2 2
left_child=-1 13 4 6 5 48 7 12 10 -10 11 51 15 -2 -15 16 -4 20 -16 -11 -9 22 -7 26 -25 -26 27 60 29 35 31 32 -30 34 36 -28 -34 38 39 41 61 47 -31 -44 -14 -46 -6 -29 49 -3 -51 -5 54 -54 -53 56 -55 58 59 -57 -23 -41
right_child=1 2 3 8 46 21 -8 17 9 19 -12 -13 44 14 18 -17 -18 -19 -20 -21 -22 23 -24 24 25 -27 28 37 30 42 -32 -33 33 -35 -36 -37 -38 -39 -40 40 -42 -43 43 -45 45 -47 -48 -49 -50 50 -52 52 53 55 -56 57 -58 -59 -60 -61 -62 -63
leaf_value=-0.058540897215465182 0.05049332142819285 0.00015331598895289484 -0.036605375774466486 0.054640490817373405 0.021325278368626167 0.029546108405675592 -0.072967341707489808 0.0064757838540031925 0.046762231608240307 7.2993216956426085e-07 0.059845247142630113 -0.027891861645623784 0.026275636894997206 0.050345290141412938 0.0057267836167928556 -0.050268193884740589 0.041805838064017192 -0.045014611469864824 0.034992512504387438 -0.059053504862435061 -0.011929724864766211 0.0034611310644359957 -0.015920818338718005 0.016923652826021301 -0.022776532203636925 0.01755517503710825 0.042289824589708307 0.023518278822595849 0.041973505281162719 -0.024928868968092887 -0.028019332479673982 0.031843060940686639 0.037724124070953685 0.014623474640865879 -0.049801267967498147 0.022433112822277491 -0.013935003688553306 -0.0056663555671493159 0.054685859281072238 -0.0017765353749568391 0.026635207523845281 0.042328073612459563 -0.0037607300355666194 0.042093873869947382 -0.067945033076270631 0.016336477980244773 0.048412099629729616 -0.010428694078851074 0.06340889416060809 0.043546301988619397 0.013185825294610704 0.02533881282289939 -0.019347014204204024 0.048219201011325964 -0.032243738277949102 0.0061680712126582111 0.013679259928506058 0.042753426100366032 0.025607936162533419 -0.0427453295379564 -0.043643155410660724 -0.056400281696563359
leaf_weight=771.32786499336362 204.84348480403423 9.8667624965310079 5.0821117246523517 9.2306268587708455 21.185617418028414 164.29733167309314 4.5606881044805041 79.652049446944147 7.8690822292119256 37.186253922060132 11.749968282878397 6.7567943949252358 64.489305940223858 90.52561548538506 17.370076712220907 6.3265877710655323 6.9896660149097443 7.9752459200099102 128.74117260985076 4.1274688700214019 73.550410386174917 9.6744339521974343 12.784484876319764 31.410279611125588 26.056595970410854 13.868267679121344 78.874232807196677 25.519518781453371 19.552427716553211 9.3473518919199723 8.3566534006968123 47.511829750612378 8.7074191048741358 40.406598795205355 12.672041079029439 65.109664955176413 12.073033358901737 22.152144026011229 13.029670234769581 6.8113146647810954 10.560149624943731 23.715735202655196 11.851910173892977 10.314185267314313 3.5491798827424637 10.249126867391167 53.59760501421988 14.111355978064237 13.44934409111738 62.030830304138362 14.033804297447203 6.2108533857390276 8.7423410601913911 38.070714523084462 9.4914548052474839 26.374730970710516 18.61299367249012 20.404584025964141 47.022484266199172 7.1081340927630654 8.773407042026518 6.5849547758698463
leaf_count=60674 471 98 82 35 111 720 123 976 43 443 29 50 611 249 70 126 38 159 418 58 1170 69 78 269 316 149 355 160 92 68 190 223 39 187 128 390 89 172 37 55 47 111 89 82 83 116 177 136 43 265 99 56 105 169 144 305 116 143 368 109 72 48
internal_value=-2.22025e-05 0.024361 0.0181537 0.00998647 0.0229474 0.021312 0.00135476 0.00266925 0.0187337 0.00252652 0.0225336 0.0203196 0.0145723 0.0441814 0.0387175 -0.0115146 0.00879541 -0.00447102 0.0315133 -0.00589911 -0.00236045 0.0190398 0.0262636 0.0166579 0.00254514 -0.00876694 0.0188196 0.0112978 0.0220836 0.0282213 0.014868 0.0174112 0.0100708 0.0016253 -0.0140749 0.0333106 0.00771119 0.0158522 0.0206032 0.0155164 -0.004267 0.0229981 0.00496846 0.017576 0.0207029 -0.00534229 0.0407386 0.0114308 0.0376389 0.0336056 0.0379448 0.0220228 0.0203688 0.0231854 -0.00946767 0.0255449 0.0368775 0.019179 0.013204 -0.00421584 -0.0189407 -0.0286269
internal_weight=2622.48 1851.15 1409.67 521.383 888.291 813.508 262.424 257.864 258.958 49.1828 209.776 198.026 96.686 441.48 236.637 18.3984 12.0718 161.178 146.111 41.3137 153.202 714.127 177.082 537.045 71.3351 39.9249 465.71 140.933 324.777 175.497 149.28 140.923 93.4115 73.8591 33.4525 143.984 20.7805 122.485 100.333 87.303 23.9564 63.3466 31.5134 22.1661 78.2876 13.7983 74.7832 39.6309 99.3807 85.9314 76.0646 191.269 182.038 166.336 15.7023 157.594 56.6837 100.91 80.5053 33.4829 18.4478 13.3963
internal_count=72703 12029 10821 5657 5164 4876 3484 3361 2173 544 1629 1600 1056 1208 737 246 120 2305 488 501 2146 4371 798 3573 734 465 2839 907 1932 984 948 758 535 443 256 745 128 766 594 557 150 407 239 171 810 199 288 296 505 462 364 1550 1515 1315 200 1210 285 925 782 414 141 103
is_linear=0
shrinkage=0.05


Tree=18
num_leaves=63
num_cat=0
split_feature=19 1 1 19 16 16 12 7 4 32 16 16 7 2 19 9 0 0 12 32 32 1 17 4 1 10 15 32 19 4 36 2 0 5 0 31 9 4 9 36 0 36 7 2 19 9 4 16 16 32 17 36 33 7 15 32 16 15 35 36 33 0
split_gain=1376.32 78.3837 20.9984 13.5434 13.0864 11.6081 9.91495 9.45214 8.03324 9.10439 6.36086 5.72578 5.60222 5.5994 10.8837 5.15698 6.61421 6.14607 5.00372 4.48702 4.45719 4.20558 4.09203 7.17949 4.4549 3.98716 6.42455 6.74987 6.11584 5.89343 5.69049 5.47125 3.86259 3.85996 7.79961 6.9502 5.47372 4.06436 3.65254 3.70395 4.06497 3.59986 3.521 3.90886 3.81521 3.63175 3.62778 3.41977 4.07158 3.26768 3.76051 3.25096 5.08861 3.25031 3.22696 6.53307 3.28209 4.38937 3.87533 3.16632 3.37658 3.28431
threshold=1.0000000180025095e-35 2.5000000000000004 22.500000000000004 1.5000000000000002 0.98127377033233654 0.98127377033233654 1.0000000180025095e-35 109.50000000000001 171.50000000000003 1.8907159566879275 0.86763349175453197 1.3065387010574343 13.500000000000002 213.50000000000003 3.5000000000000004 5.5000000000000009 0.6395397186279298 0.74271774291992199 1.0000000180025095e-35 1.9769448637962344 5.5626702308654794 4.5000000000000009 23.828220367431644 35.500000000000007 30.500000000000004 1.0000000180025095e-35 12.775985717773439 4.1136822700500497 5.5000000000000009 65.500000000000014 0.0059078149497509011 160.50000000000003 0.73389816284179699 6014.5000000000009 0.65192604064941417 4.298389058021713e-06 9.5000000000000018 1.5000000000000002 4.5000000000000009 2.3273548322322316e-05 0.64793968200683605 0.018876588903367523 83.500000000000014 42.500000000000007 1.5000000000000002 3.5000000000000004 2.5000000000000004 0.92411464452743541 0.81719169020652782 2.1293355226516728 4.7459964752197275 0.0051094812806695708 0.010347612202167513 93.500000000000014 0.20897497236728671 1.4235711693763735 1.8784712553024294 1.1744564771652224 0.021980676800012592 0.039697589352726943 0.023873182944953445 0.71241188049316417
decision_type=2 2 2 2 2 2 2 2 2 2 2 2 2 2 2 2 2 2 2 2 2 2 2 2 2 2 2 2 2 2 2 2 2 2 2 2 2 2 2 2 2 2 2 2 2 2 2 2 2 2 2 2 2 2 2 2 2 2 2 2 2 2
left_child=-1 4 5 10 12 7 8 20 9 11 49 -7 -2 53 -15 17 -17 38 33 -11 32 -21 23 -18 -24 26 27 31 29 59 -28 -23 42 35 -35 -12 54 -36 39 -5 -41 -32 43 44 45 -3 -45 48 -34 50 -4 -14 -53 -6 -37 -56 -57 -58 -59 -27 61 -61
right_child=1 2 3 15 13 6 -8 -9 -10 19 18 -13 51 14 -16 16 22 -19 -20 21 -22 25 24 -25 -26 28 30 -29 -30 -31 41 -33 47 34 37 36 -38 -39 -40 40 -42 -43 -44 46 -46 -47 -48 -49 -50 -51 -52 52 -54 -55 55 56 57 58 -60 60 -62 -63
leaf_value=-0.057889704136312059 0.038815654881511279 0.023606457603841891 -0.018523059097905432 0.041857666175932451 0.050355992740552483 0.049925016775047855 0.058446612373315922 -0.040054680918901575 0.046799121448263342 -0.0094458063697205885 -0.048110776449246322 0.02332517861022574 0.023693373317758237 0.0078356415664639668 0.051055826800837548 0.045309455457634616 -0.0065784612503221561 0.038810048506482918 0.051912043278216885 0.029834477759408246 0.062507765976261273 0.017115739184775932 0.0093928189546868008 0.058331457150082103 -0.050451876270015052 0.023110488209110526 -0.025872714462715458 0.045991289325900353 0.045628191449674851 -0.016668967673919264 0.033516693749974659 -0.019608721402646981 -0.022967810462717488 -0.031457880666838044 0.045450670941605632 -0.029864808022853906 0.041598612801240942 0.0080828459466255019 0.037152776352567647 -0.021769872670394916 0.014159936152845382 -0.010888395076931047 0.053239865481028492 -0.044560760090785315 0.05357571918530192 -0.026622279833975044 0.0062166129508126888 -0.04477099421327331 0.019920378370461761 -0.039125048515714883 0.060656372162813055 -0.027039725128935144 0.025375028123106713 0.030055948439991972 0.041943298801227186 0.0020305009434412945 0.027715841896248442 0.019084911862591997 -0.039884679563825569 0.020617473266237692 0.026989742595163121 -0.018219328324526631
leaf_weight=731.74221468227915 29.975916258990765 17.739417220465842 6.1184601695276815 11.18001840636134 274.5130255445838 45.252479499205947 20.862150512635708 9.8714252104982716 35.246311519294977 12.422967188060282 7.2373302495107046 36.588561624288559 21.226977437734604 26.007757648825645 33.110161043703556 7.7732099629938594 21.905796608421955 40.065531239844859 5.2980982176959506 108.64100732281804 4.0833990685641757 86.398056179285049 4.9961197432130566 5.2884706016629925 8.2363526136614365 282.64227725379169 18.179129565134645 18.165242999792099 25.223990805447102 10.557870078831909 10.148957693949344 11.490650465711949 9.6339611480943912 6.5729690794832996 16.311639930121604 8.617289671674369 8.2684943843632919 13.13745649345219 19.721886642277241 8.4014181755483133 124.93397114099935 8.2941619381308538 5.7932952446863046 4.3046582071110633 8.0547353513538855 4.5146157341077915 19.237444241531193 4.8061086405068627 13.002823755145071 13.78335420694202 1.9863926544785497 10.911274600774052 8.0444698072969896 21.244342908263206 9.4295978769659978 136.96392539609224 4.1872428189963129 3.4182009799405959 15.065588279627262 8.5966638475656527 14.099417407065628 14.842776361852883
leaf_count=60674 78 174 230 50 687 160 52 271 101 63 138 167 90 72 90 43 323 261 20 407 16 509 54 21 103 1460 144 60 91 65 59 73 241 76 91 140 54 133 141 99 1078 64 39 80 47 121 263 69 136 619 13 75 48 68 50 1560 44 41 275 42 67 123
internal_value=-5.75717e-05 0.0234183 0.0176269 0.00956162 0.0421889 0.0223517 0.0244487 0.00642055 0.0234989 0.0223447 0.001467 0.0380331 0.0224572 0.0460899 0.032042 0.017781 0.00306983 0.0212518 0.00387302 0.0203057 0.0114526 0.0209045 -0.00505195 0.00604457 -0.0278566 0.0189971 0.0122377 0.0179993 0.0218964 0.0200864 -0.00602077 0.0128048 0.00905871 0.00276262 0.0177889 -3.91987e-05 0.00183178 0.0287806 0.0169684 0.0142139 0.011896 0.013547 0.0162014 0.0122168 0.0240892 0.0134167 -0.003068 -0.00646521 0.00166765 -0.0243108 0.000882776 0.0102539 -0.00479587 0.0488978 -1.87809e-05 0.00150248 -0.000886346 -0.0185081 -0.0289795 0.0212984 0.00765489 -0.00397552
internal_weight=2534.37 1802.63 1377.59 508.899 425.034 868.695 767.653 101.042 746.791 711.544 256.396 81.841 70.1586 354.875 59.1179 252.503 48.1999 204.303 234.508 629.703 91.1705 617.28 40.4267 27.1943 13.2325 508.639 152.676 116.054 355.963 330.739 36.6222 97.8887 87.0871 229.21 36.0221 193.188 185.95 29.4491 164.237 144.515 133.335 18.4431 59.6442 53.8509 30.3088 22.254 23.5421 27.4429 22.6368 21.8882 8.10485 40.1827 18.9557 295.757 177.682 169.065 159.635 22.671 18.4838 320.181 37.5389 23.4394
internal_count=72703 12029 10821 5657 1208 5164 3707 1457 3655 3554 3484 327 291 917 162 2173 544 1629 2622 3227 1186 3164 501 344 157 2757 909 642 1848 1757 267 582 1170 2602 300 2302 2164 224 1368 1227 1177 123 724 685 342 295 343 446 377 862 243 213 123 755 2110 1970 1920 360 316 1692 232 165
is_linear=0
shrinkage=0.05


Tree=19
num_leaves=63
num_cat=0
split_feature=19 1 19 1 34 16 34 16 0 36 16 5 19 2 17 17 15 7 4 2 17 0 1 15 16 15 36 32 0 0 16 19 36 2 7 2 2 2 7 5 6 17 32 33 5 15 2 0 33 0 0 15 7 16 32 0 2 16 33 15 36 33
split_gain=1260.42 77.2322 18.9139 18.9118 15.094 12.4503 9.26319 9.20107 8.31556 7.72426 7.03011 7.96669 6.10355 5.99829 5.7618 5.51811 7.31827 5.49492 5.33758 7.04956 6.90842 5.58477 5.09259 6.28879 4.98532 4.70293 4.60212 5.536 4.56057 6.07758 4.86641 4.32902 4.29382 4.24083 4.32784 4.18023 3.99556 4.49479 5.17914 4.0503 8.15932 7.34995 3.81183 3.7926 3.74618 4.11993 3.69414 5.34289 3.65709 3.61482 3.60164 3.53354 3.4894 3.47385 3.43909 3.27636 4.55251 4.76075 5.37452 3.23241 3.21341 4.38222
threshold=1.0000000180025095e-35 2.5000000000000004 2.5000000000000004 23.500000000000004 1.0000000180025095e-35 0.98127377033233654 0.49823655188083654 0.78671583533287059 0.71612930297851574 0.45510114729404455 0.86107954382896434 883.00000000000011 11.500000000000002 28.500000000000004 1.7727736830711367 11.046194076538088 2.5793672800064091 13.500000000000002 8.5000000000000018 109.50000000000001 19.560938835144047 0.7357320785522462 1.0000000180025095e-35 12.012499809265138 1.0527495741844179 9.007352828979494 3.0362452889676209e-05 2.0508674383163457 0.73112106323242199 0.72237586975097667 1.0462067723274233 3.5000000000000004 0.053366720676422126 16.500000000000004 14.500000000000002 230.50000000000003 78.500000000000014 56.500000000000007 15.500000000000002 3099.5000000000005 0.0055664405226707467 5.3204050064086923 3.0560940504074101 6.0165323247929345e-06 4815.5000000000009 1.6036705970764162 146.50000000000003 0.74772071838378917 0.0069779541809111842 0.70836067199707042 0.6657695770263673 5.7559523582458505 23.500000000000004 2.0582987070083623 2.1293355226516728 0.77000045776367199 516.50000000000011 1.2875040769577029 0.00035372191632632172 25.055555343627933 0.0048679357860237369 0.00085620602476410579
decision_type=2 2 2 2 2 2 2 2 2 2 2 2 2 2 2 2 2 2 2 2 2 2 2 2 2 2 2 2 2 2 2 2 2 2 2 2 2 2 2 2 2 2 2 2 2 2 2 2 2 2 2 2 2 2 2 2 2 2 2 2 2 2
left_child=-1 5 3 6 8 17 7 9 -4 50 11 -5 15 26 33 -10 -17 -2 19 36 21 49 -7 -24 43 32 27 -9 29 30 -16 -25 -20 34 -12 -26 37 39 42 40 41 -15 -39 -18 45 -40 51 -48 -42 -21 -3 -30 -36 -37 -13 56 57 -27 59 -59 61 -52
right_child=1 2 4 10 -6 22 -8 13 12 -11 14 54 -14 18 28 16 24 -19 25 20 -22 -23 23 31 35 55 -28 -29 46 -31 -32 -33 -34 -35 52 53 -38 38 44 -41 48 -43 -44 -45 -46 -47 47 -49 -50 -51 60 -53 -54 -55 -56 -57 -58 58 -60 -61 -62 -63
leaf_value=-0.057304104756881039 0.038620473798007475 0.014626985848985858 0.011336042318619502 0.040121874607705652 0.048944548143066841 0.052058956204475371 -0.017577011548747322 0.024436967346216219 0.048114240113845741 0.043737031376725417 0.021073925734112278 -0.0046491439205221417 0.048259668060230708 -0.058429187166412648 -0.017410700246629635 -0.017102304059714017 0.025656033011215884 0.0096992834843736379 0.035095343701292532 -0.033418242592693721 0.020907202874863889 -0.056921186897045423 0.043926902063695955 0.00085798527611313227 0.04741391033877719 -0.018585790713607504 0.03168314945301743 -0.018283842605419758 0.03241839806152242 -0.034755514862971029 0.0046164287103096485 0.038687223123322449 0.0030767277058747328 0.035289717939606453 -0.0548636480966345 0.027019137578221025 0.029370947965945901 -0.043003948466649934 -0.034262508427837964 0.023146243676462286 0.040832133350967414 0.0098912550038939839 0.0041669477647365907 -0.028096018116081152 0.035757811345506964 0.018003817688699103 -0.042327641449145803 0.017850047153505601 0.0033269238454644093 0.011616771005922011 -0.03747013930684253 -0.011155311783244876 0.0031888264231702242 -0.0032734414075508544 -0.048499590130139117 0.04005924833453256 -0.02766796317941457 -0.021173266968763056 0.042074560060008037 0.022260807282394914 -0.047950539479380848 0.032121983680755049
leaf_weight=690.94057364249602 28.429359696805477 6.1197487479075816 114.30974403070286 4.2855287604033974 62.372177469544113 156.73285015299916 17.746651314198971 25.912266934290528 20.679679648019373 6.0667663458734742 21.943659998476505 6.5133063574321595 32.408431142568588 7.8044292069971544 29.647299506701529 11.87922196742147 5.8529578223824483 38.890789208933711 85.764574700035155 7.4810793660581174 15.008698841556905 7.8525304999202481 150.71742862462997 15.799820385873319 21.804016709327698 8.6740761520341021 151.51713947951794 10.720711544156073 28.268507679924369 12.504095165058969 162.5692929988727 14.506019301712511 11.926905071362851 25.037147864699364 3.9523000400513393 64.17429463006556 46.34762223623693 9.721098121255638 6.2170043457299498 94.1543899923563 12.697243880946191 7.943265724927187 7.6555506326258174 7.469670400954783 10.693661350756882 9.5807866826653463 5.7802625242620698 10.192302113398908 13.316203823313115 11.018566371873019 5.2800140436738747 5.5692931367084375 7.5015259012579918 11.101222101598976 14.2621417210903 9.7530520856380445 7.4583658576011649 7.7058172300457981 17.803599828854203 9.6452154759317619 10.65313849179074 3.957713982090354
leaf_count=60674 78 91 909 27 282 364 170 140 103 49 183 231 97 59 459 98 56 213 434 69 89 65 446 63 79 90 732 70 257 210 1714 44 92 148 64 301 249 77 74 495 69 43 52 101 64 67 83 76 112 62 137 80 95 67 740 38 54 66 65 63 386 38
internal_value=-8.05978e-05 0.0223925 0.0166631 0.013161 0.0266329 0.0415473 0.0180608 0.0190392 0.0218289 -0.0070667 0.0035332 -0.0219483 0.0286683 0.0204022 0.00557365 0.0242271 0.0201874 0.0219127 0.0171197 0.0128095 -0.00616984 -0.0215914 0.0454608 0.0397479 0.0241997 0.0243832 0.0278381 0.0119346 0.00232303 -0.000978294 0.00121899 0.0189651 0.0311863 0.0197328 0.00807014 0.0281358 0.0162809 0.0129064 -0.00100945 0.0173979 0.00443762 -0.0239678 -0.0222221 -0.00448142 0.0129046 -0.00256488 0.0158915 -0.00392747 0.0216333 -0.00659496 -0.0189163 0.0252467 -0.016843 0.0225518 -0.034752 0.0134954 0.00844383 0.014589 0.0227746 0.00297118 -0.0292364 -0.00765483
internal_weight=2450.29 1759.35 1354.28 1002.22 352.051 405.076 664.198 646.451 289.679 32.0774 338.027 25.061 175.369 614.374 312.966 142.961 122.281 67.3201 426.224 267.492 41.3609 26.3522 337.756 181.023 110.402 158.732 188.15 36.633 254.531 204.721 192.217 30.3058 97.6915 58.4346 33.3975 97.0795 226.131 179.784 43.8681 135.916 41.7611 15.7477 17.3766 13.3226 26.4915 15.7978 49.8104 15.9726 26.0134 18.4996 26.0106 33.8378 11.4538 75.2755 20.7754 61.0401 51.2871 43.8287 35.1546 17.351 19.8909 9.23773
internal_count=72703 12029 10821 8728 2093 1208 4361 4191 1811 701 4367 998 902 3490 3369 805 702 291 2548 1646 285 196 917 553 604 902 942 210 2879 2383 2173 107 526 490 342 447 1361 1112 334 778 283 102 129 157 205 141 496 159 181 131 652 337 159 368 971 376 338 284 194 129 561 175
is_linear=0
shrinkage=0.05


Tree=20
num_leaves=63
num_cat=0
split_feature=19 1 19 16 16 16 10 19 31 1 18 1 31 4 36 3 1 15 3 3 15 19 3 8 34 1 4 4 16 4 16 5 3 4 36 5 19 15 16 35 5 18 15 15 16 18 18 32 18 16 33 32 36 1 4 9 1 33 7 18 9 8
split_gain=1141.19 68.1416 17.7479 16.089 15.6422 14.4203 10.5077 9.67602 9.16458 8.97924 8.16083 7.82033 7.30733 6.62243 7.08084 4.81662 4.7272 5.33773 5.66736 7.64082 5.607 5.0448 5.3388 6.19763 4.59588 4.51688 4.40664 6.6953 4.4065 5.11182 4.38246 10.1169 5.67127 5.85188 4.34544 5.25114 6.03358 4.0748 6.82375 4.03568 3.94987 3.99851 3.9449 3.85979 3.80862 4.74889 4.39137 3.89341 3.73899 4.52393 4.77478 5.58872 6.5048 3.65764 4.11553 7.55265 3.63955 6.9295 5.45412 4.42779 3.83224 3.46438
threshold=1.0000000180025095e-35 4.5000000000000009 11.500000000000002 0.99755874276161205 0.94374412298202526 1.5856374502182009 1.0000000180025095e-35 1.5000000000000002 0.11082806810736658 38.500000000000007 10.500000000000002 1.5000000000000002 6.9336087449300987e-07 3.5000000000000004 2.3273548322322316e-05 3.4498615264892583 5.5000000000000009 13.985294342041017 5.4445774555206308 4.6681339740753183 5.5400640964508066 3.5000000000000004 5.2284276485443124 2111.5000000000005 1.0000000180025095e-35 8.5000000000000018 48.500000000000007 22.500000000000004 1.1344851255416872 18.500000000000004 1.0650178194046023 3979.5000000000005 4.8322978019714364 28.500000000000004 0.038520233705639846 6295.5000000000009 1.5000000000000002 13.985294342041017 1.6759720444679262 0.040833333507180221 2404.5000000000005 26.500000000000004 1.5729483366012575 0.9508572816848756 1.0650178194046023 11.500000000000002 6.5000000000000009 2.9199811220169072 13.500000000000002 0.50372347235679638 0.00067892798688262712 2.8001687526702885 0.0084925852715969103 26.500000000000004 36.500000000000007 1.5000000000000002 1.0000000180025095e-35 0.0003446436749072746 18.500000000000004 13.500000000000002 1.5000000000000002 1447.5000000000002
decision_type=2 2 2 2 2 2 2 2 2 2 2 2 2 2 2 2 2 2 2 2 2 2 2 2 2 2 2 2 2 2 2 2 2 2 2 2 2 2 2 2 2 2 2 2 2 2 2 2 2 2 2 2 2 2 2 2 2 2 2 2 2 2
left_child=-1 3 4 56 8 6 16 13 9 48 12 -5 -7 25 -15 -13 -6 18 19 34 -20 22 -19 -24 -12 43 27 40 -21 -30 31 32 -9 -34 35 36 44 -14 -39 -38 -17 -42 -36 -8 45 -18 -46 -48 49 -3 -51 -52 -53 -32 55 -55 -2 58 -58 -59 -60 -27
right_child=1 2 -4 11 5 10 7 30 -10 -11 24 15 37 14 -16 26 17 21 20 28 -22 -23 23 -25 -26 61 -28 -29 29 -31 53 -33 33 -35 42 -37 39 38 -40 -41 41 -43 -44 -45 46 -47 47 -49 -50 50 51 52 -54 54 -56 -57 57 59 60 -61 -62 -63
leaf_value=-0.056778028550846127 0.029954945024159452 -0.041783304928987394 0.042024222578307791 0.045613004029328802 0.04083940628939528 -0.032703279601009619 0.017581398959396775 0.014731240705376207 0.042009936957855064 -0.048639479701403913 -0.0023368118811186093 0.044302907361161832 0.02470270507719315 0.03531487239019334 -0.0010666784954630004 0.0018148669339500476 -0.05975675517543582 -0.03922917124004327 0.0029016948554232303 0.009678616943129081 0.049287371254551487 -0.043384214580784043 0.052498592244527659 -0.014959359956370925 0.039320986048609029 0.045696330855422025 0.051808061289604058 -0.0098621338296373019 -0.05274249899416375 0.0063536268886352906 0.039355755851796466 0.03546538315113134 -0.072317143471426551 0.0037245333674251428 0.052154569322732325 0.042071321213231601 -0.0012400100454204722 0.046929232562864354 -0.0085578432293465928 0.037032136179610035 0.035702725910655118 0.0074378844858591156 0.0082151463129914847 0.050441364681259086 0.020611399730641487 0.005081131705583471 -0.022146260392333819 0.018585427696468784 -0.018127689323144618 -0.0065906593546272724 0.036982670706728261 0.029745156007889545 -0.05876772893216662 0.040605751408791774 0.039881481866299751 -0.0073655438465684425 0.047007901504719597 0.0050342371059061567 -0.016598174170583593 -0.038451864046993647 0.030212088651114466 0.01530328317497661
leaf_weight=651.98426270217169 31.983889546245337 5.0837620706297448 54.799750365316868 246.47857389599085 11.417495708912609 7.2956184968352309 14.776094410568474 12.74892431497574 9.6353447064757329 12.541682865936307 178.03384083881974 58.543939478695393 83.632046868093312 16.266706455498934 75.207911456935108 12.729734431952236 6.3718906268477422 5.5622238814830842 10.467873107641937 9.4850428141653556 17.251581283286214 8.9666288346052152 6.8371314834803325 6.7825324703007936 6.8766156043857327 10.182413922622798 16.106907039880753 13.052616275846956 11.00636305101216 5.4818456359207621 116.24449265003204 34.323442848399282 5.2096971329301578 4.9189142100512981 11.843579309061171 10.170310722663997 11.044302109628918 7.1198798455297938 24.984623769298196 18.302890688180923 82.754623256623745 14.741457730531691 8.9823137931525689 22.612533506006002 17.934177589602768 5.0720113404095173 21.095519294962291 8.1270635370165092 29.745340492576361 29.4566784161143 19.448375386185948 4.4050741270184499 3.925292348023504 14.107809672132133 23.742435123771429 19.609829381108284 14.544022034853695 16.310614153742794 9.2223523240536469 9.1304082181304675 8.3139499593526107 118.38722573593259
leaf_count=60565 112 215 205 656 39 71 74 75 75 561 1699 194 541 68 694 60 80 79 72 97 89 78 36 64 50 56 48 52 113 40 493 198 56 48 59 43 80 31 272 65 304 73 76 78 87 54 209 74 796 620 219 56 144 95 106 190 59 119 58 96 56 869
internal_value=-0.000486911 0.0209576 0.0142395 0.0357741 0.0128833 0.0148697 0.0188338 0.0228704 -0.00465162 -0.00894965 0.00585183 0.0396693 0.0158305 0.0162048 0.00540296 0.0322677 0.00954426 0.00776469 0.0110566 0.00709446 0.0317705 -0.0124246 0.00204756 0.0189048 -0.000787604 0.0221586 0.0272127 0.0239992 -0.0174746 -0.0330948 0.0303019 0.0182981 -0.00745807 -0.0353878 0.0124595 0.00805654 0.00412307 0.0188899 0.00374764 0.0226291 0.028009 0.0314291 0.0332033 0.037455 -0.00514474 -0.0310202 0.00113465 -0.0108184 -0.00354282 0.00341864 0.00743356 0.0223049 -0.0119624 0.0342547 0.023935 0.0127061 0.0164336 0.00891533 0.0243698 -0.0105723 0.00559454 0.0177103
internal_weight=2363.42 1711.44 1177.53 533.913 1122.73 1008.48 700.541 488.338 114.242 104.606 307.943 444.408 123.032 257.433 91.4746 197.929 212.203 200.785 172.637 144.917 27.7195 28.1485 19.1819 13.6197 184.91 165.958 139.385 123.278 25.9733 16.4882 230.906 57.201 22.8775 10.1286 118.944 98.1182 87.9479 115.737 32.1045 29.3472 110.226 97.4961 20.8259 37.3886 58.6007 11.4439 47.1568 29.2226 92.0645 62.3192 57.2354 27.7787 8.33037 173.705 57.4601 33.7176 89.5052 57.5213 32.0803 25.441 17.5363 128.57
internal_count=72641 12076 10189 1887 9984 7298 4634 3100 2686 2611 2664 1387 915 1839 762 731 1534 1495 1238 1077 161 257 179 100 1749 1077 537 489 250 153 1261 377 179 104 827 692 649 844 303 145 437 377 135 152 504 134 370 283 2050 1254 1039 419 200 884 391 285 500 388 173 215 114 925
is_linear=0
shrinkage=0.05


Tree=21
num_leaves=63
num_cat=0
split_feature=19 1 12 19 11 11 1 16 4 16 16 2 16 16 36 2 32 19 19 8 18 32 12 16 32 33 1 7 32 19 8 8 2 35 33 15 33 32 36 2 7 15 15 4 19 32 2 4 4 4 4 16 18 15 8 8 36 16 18 8 16 33
split_gain=1058.99 65.2882 16.682 16.4519 20.052 17.6679 14.8159 11.7474 10.1785 7.90097 7.34324 6.94183 7.41223 6.64425 6.20127 6.11071 9.6129 7.3782 6.54159 5.86244 5.65047 5.48984 5.27222 4.7703 4.70975 5.61342 5.41039 5.35819 4.7026 4.36497 4.28325 7.01786 4.11466 4.31862 4.01109 8.74389 6.37212 5.96438 3.91217 3.98924 3.8906 3.69891 4.50161 5.55306 6.3009 3.75171 7.4544 3.83802 5.21866 3.60302 3.58476 3.51124 3.53246 3.45116 4.65761 3.65625 4.48966 3.44078 3.43024 4.58378 4.5291 6.15526
threshold=1.0000000180025095e-35 8.5000000000000018 1.0000000180025095e-35 1.5000000000000002 1.0000000180025095e-35 1.0000000180025095e-35 1.5000000000000002 0.86763349175453197 336.00000000000006 2.5319919586181645 0.93056705594062816 54.500000000000007 3.0930933952331547 0.99949577450752269 0.49964445829391485 2007.0000000000002 3.8547390699386601 1.5000000000000002 1.5000000000000002 2086.0000000000005 23.500000000000004 4.034879446029664 1.0000000180025095e-35 1.5527758598327639 3.6336457729339604 0.00022063528740545737 36.500000000000007 49.500000000000007 2.9976557493209843 7.5000000000000009 3121.0000000000005 2371.5000000000005 69.500000000000014 0.074175827205181136 6.0527399909915411e-06 0.70031845569610607 0.00020204916654620322 2.24670422077179 0.0023762476630508904 14.500000000000002 106.50000000000001 13.985294342041017 17.154761314392093 136.50000000000003 7.5000000000000009 3.4819382429122929 309.50000000000006 23.500000000000004 49.500000000000007 16.500000000000004 25.500000000000004 0.94374412298202526 6.5000000000000009 6.5060975551605233 2007.5000000000002 3052.5000000000005 2.6264133339282129e-05 1.5227569937705996 17.500000000000004 2568.5000000000005 1.480901896953583 0.00045600831799674785
decision_type=2 2 2 2 2 2 2 2 2 2 2 2 2 2 2 2 2 2 2 2 2 2 2 2 2 2 2 2 2 2 2 2 2 2 2 2 2 2 2 2 2 2 2 2 2 2 2 2 2 2 2 2 2 2 2 2 2 2 2 2 2 2
left_child=-1 6 3 5 8 7 10 14 9 13 28 20 21 29 -3 16 18 19 22 -18 -9 24 34 -22 26 27 32 -26 -2 -5 31 57 33 -13 37 36 -36 -8 -38 -40 -12 58 -43 44 45 -44 50 -48 -49 53 -47 52 -37 54 -34 -56 -57 -19 59 -15 -60 -62
right_child=1 2 -4 4 -6 -7 15 11 -10 -11 40 12 -14 41 -16 -17 17 30 -20 -21 23 -23 -24 -25 25 -27 -28 -29 -30 -31 -32 -33 49 -35 35 51 38 -39 39 -41 -42 42 43 -45 -46 46 47 48 -50 -51 -52 -53 -54 -55 55 56 -58 -59 60 -61 61 -63
leaf_value=-0.056313351444016828 -0.00024460930976046138 -0.031640676504489602 0.055912961978854404 -0.013149737665460161 0.04288252528888345 -0.07377627219550624 0.035345263559136413 0.016006958692494726 0.045286549621845584 -0.017981002845021073 0.045764054944180697 0.0020555448664119447 -0.061679893463514407 0.037296943641671333 0.02894015207098731 0.056913644870448012 -0.060275483318136452 0.034440784139289304 0.039838175962090328 0.0027296322535807892 0.0060556653116067161 0.02321234354436244 0.055917339912573361 -0.032198129648038677 -0.032916073055052529 -0.055567027215607072 -0.02095817477726853 0.036000896804267227 0.036243141150641291 0.048015107971361402 0.037873917423389157 -0.026103977791966822 -0.029422206242836441 -0.042484993101536014 0.046263057726746264 0.03820478922975086 -0.037760389044841296 0.005992790560712522 0.029246319667180016 -0.023924676488479478 0.025241298701255417 -0.028393580748912989 -0.022326455206168508 -0.019358617405597529 0.04642600529328049 0.017758174183116794 0.030970415855624905 -0.03921892376688918 0.0058308160025943986 -0.019896116184582303 0.057538683037554654 0.038330168212173554 -0.012822557139760835 0.030459999854727138 0.031092567827850831 0.029804254791257548 -0.029518730892705541 0.0044321571841201644 0.020773340958864382 0.016667249332423979 0.011749381323450084 -0.033356439902308278
leaf_weight=617.10569107998163 16.423275167122483 28.971254160860553 21.009715130552649 31.836600044276565 67.042918558232486 7.1289455955848089 23.811142549850047 222.05195003794506 23.37692254409194 21.733507019467652 225.42146909236908 20.498705541715029 4.7536076456308356 46.248386524617672 4.9453238351270548 15.322585597634314 5.9897680059075347 18.897958569228649 92.844726411625743 9.6245030127465707 31.135993076488376 25.04631367418915 12.34059829264879 11.038984403945504 6.2524572974070924 8.475673556327818 21.922679184935987 5.1380431484431028 19.100339006632566 3.2110702134668818 17.638987168669701 10.96606101747602 7.1381191462278357 7.4092885879799715 6.7087017763406065 6.3772185109555704 7.8364945482462671 63.356470718048513 8.1252589728683215 6.2342121591791502 25.729090977460146 7.9669946376234284 8.2251292187720519 13.236533489078282 13.752833258360623 12.147383568808438 7.9933017399162045 9.2731535341590661 20.956663876771927 7.4946119133383027 10.609263977035878 88.758356567472219 7.2446447927504778 26.666444421745837 16.646235670894388 5.5543109420686942 7.4906706986948848 19.315490294247866 60.697634728625417 64.450020318850875 25.68547054566443 10.720188859850166
leaf_count=60565 86 1249 71 712 363 206 101 1625 80 252 637 221 95 222 51 43 50 69 391 80 337 182 45 186 103 116 374 52 80 38 88 81 96 48 31 44 53 355 38 86 79 77 86 83 62 89 46 100 133 99 44 385 78 203 122 36 113 95 403 394 205 107
internal_value=-0.000371133 0.0203754 0.0118516 0.0108614 0.0176129 0.00434546 0.0318831 0.00553387 0.0132925 0.0112642 0.040652 0.00774508 -0.000120814 0.0130958 -0.0228075 0.0259176 0.024748 0.00950477 0.0286305 -0.0214397 0.0128204 0.00164484 0.0241218 -0.00395698 -0.00219479 -0.0247557 0.00151481 -0.00182891 0.0193741 -0.00754581 0.0167359 0.00915446 0.00649637 -0.00976951 0.0223257 0.0278464 0.00356131 0.0140109 -0.00934524 0.00616195 0.0436616 0.0154148 0.00772479 0.0107162 0.0155149 0.00937199 0.0136476 0.000158732 -0.00798843 0.0128909 0.036304 0.0347027 0.0110664 0.0167608 0.00684188 0.0155602 -0.00426011 0.0192725 0.0192694 0.0252861 0.0124104 -0.0015327
internal_weight=2281.11 1664 955.933 934.924 459.164 475.76 708.067 468.631 392.121 368.744 286.674 434.714 170.487 347.011 33.9166 421.393 406.071 82.4328 323.638 15.6143 264.227 165.734 230.793 42.175 140.687 19.8662 120.821 11.3905 35.5236 35.0477 66.8185 49.1795 98.8984 27.908 218.453 131.285 28.9047 87.1676 22.196 14.3595 251.151 311.963 104.161 96.1943 82.9577 69.2049 60.9798 38.2231 30.2298 70.9904 22.7566 102.38 13.6219 63.4958 36.8293 29.6912 13.045 38.2134 207.802 110.698 97.1033 36.4057
internal_count=72641 12076 9081 9010 3496 5514 2995 5308 3133 3053 882 4008 1860 2801 1300 2113 2070 463 1607 130 2148 1765 1216 523 1583 271 1312 155 166 750 333 245 938 269 1171 715 208 456 177 124 716 2051 720 643 560 498 412 279 233 669 133 507 122 570 367 271 149 164 1331 616 715 312
is_linear=0
shrinkage=0.05


Tree=22
num_leaves=63
num_cat=0
split_feature=16 1 32 32 4 1 1 15 1 3 34 18 32 1 3 17 16 33 8 16 1 3 16 16 18 8 16 17 0 15 33 16 16 16 11 0 16 1 17 8 0 15 7 4 32 17 3 0 1 7 8 0 0 7 16 33 36 8 17 8 15 7
split_gain=355.083 120.25 76.8209 44.2341 24.632 22.5911 10.2603 9.86076 9.79665 9.53369 9.51914 8.04415 7.89767 7.52948 7.98128 6.84949 6.64589 6.64102 8.16028 9.32696 6.38707 5.85241 5.75463 5.76191 7.36504 5.54265 5.48312 5.51104 9.95856 6.00913 5.4723 6.50339 6.07085 5.3654 5.1978 4.98766 4.83219 4.72567 5.46736 4.67992 4.67009 4.5649 6.38425 4.56421 5.30467 4.50236 4.42946 5.82006 5.83583 4.45811 4.40307 7.45453 6.10244 5.7991 6.65007 4.46805 4.29718 4.63804 4.24368 9.76997 4.43621 4.22262
threshold=0.86763349175453197 8.5000000000000018 1.9870806932449343 3.0944443941116337 30.500000000000004 1.5000000000000002 22.500000000000004 0.75093984603881847 13.500000000000002 7.604893922805787 0.47721558809280401 8.5000000000000018 1.1051870584487917 4.5000000000000009 5.3683068752288827 0.62587523460388195 0.65934431552886974 0.00052035698899999272 4459.5000000000009 0.99949577450752269 29.500000000000004 3.4175922870635991 0.99755874276161205 2.2106565237045293 11.500000000000002 3147.5000000000005 1.1094301939010622 12.462354183197023 0.67995071411132824 13.985294342041017 6.0527399909915411e-06 1.1011993885040285 1.0527495741844179 0.99949577450752269 1.0000000180025095e-35 0.71103858947753917 0.87917694449424755 25.500000000000004 0.21867199242115024 2825.5000000000005 0.7526073455810548 0.78601953387260448 141.00000000000003 6.5000000000000009 3.7529759407043461 11.046194076538088 4.7492611408233651 0.71241188049316417 14.500000000000002 41.500000000000007 2877.0000000000005 0.73334884643554699 0.73943710327148449 9.5000000000000018 1.7347959876060488 6.0346180816850401e-06 0.0038062563398852949 3808.5000000000005 2.2571972608566289 3519.5000000000005 1.1544230580329897 68.500000000000014
decision_type=2 2 2 2 2 2 2 2 2 2 2 2 2 2 2 2 2 2 2 2 2 2 2 2 2 2 2 2 2 2 2 2 2 2 2 2 2 2 2 2 2 2 2 2 2 2 2 2 2 2 2 2 2 2 2 2 2 2 2 2 2 2
left_child=3 5 12 7 6 22 11 -1 45 15 20 58 -3 40 -15 35 -16 18 19 -8 61 -19 -2 41 -25 30 -21 29 -29 50 32 -32 -17 36 46 -7 -27 -14 -39 43 -5 42 -24 -34 -45 -9 -13 -48 49 -49 51 -28 -53 -52 55 -55 -42 -58 59 -4 -61 -6
right_child=1 2 4 13 10 9 17 8 -10 -11 -12 34 37 14 16 25 -18 21 -20 26 -22 -23 23 24 -26 33 27 28 -30 -31 31 -33 39 -35 -36 -37 -38 38 -40 -41 56 -43 -44 44 -46 -47 47 48 -50 -51 53 52 -54 54 -56 -57 57 -59 -60 60 -62 -63
leaf_value=-0.051741933384633246 0.017054227189523482 -0.039588992478295858 -0.06482699045143446 0.049469776634939261 0.019529337714445431 -0.03930826053307214 -0.059405191049487771 -0.021457751402621187 -0.045982946676625051 0.058772195224306212 0.052942251628369623 0.0047935029593271974 -0.01082006638700384 -0.037093670313177993 0.034681081227308438 0.032673753068110788 -0.023722429919366527 -0.021274964441169292 0.0097569965911528701 0.011259399499886269 0.0054308823667211861 0.010317596716129265 0.035306191806921003 0.041845278352316564 -0.032124372285948159 0.057042452725110881 -0.033677931576516738 0.02780609492867139 -0.020852138651024824 -0.057532341848916702 -0.002464189952252463 0.024806794615642901 -0.010693338412479218 0.031964533327573555 0.029317003158448408 0.0069459494524131502 -0.006449293632244571 0.066061339393886434 -0.030959592656025565 -0.042705965182305509 0.042250966953128972 0.045924229253887144 -0.02130765264790872 0.035855314594982354 -0.0072052513398373069 0.02369314104572828 -0.037719210597058739 -0.047799184339433691 0.014580006367612848 0.0034508673086165163 0.031312940316646554 0.047410830761651541 -0.028537966434955458 -0.047219407429543968 0.02106399714200061 -0.0070409525171483689 0.0059556558415846238 -0.071505475277439334 0.022280690226966795 0.043453074727876018 -0.022795780238838242 0.042661019207662465
leaf_weight=280.48190214834176 29.917345257010311 78.856899888254702 4.8289801841601721 8.8958084816113132 68.245540885254741 8.0615891271736491 10.423948453972114 31.552923879120499 59.580522705800831 14.493476018309591 22.587502529844642 137.18001877353527 71.770321242045611 19.987809572834522 10.584818720584737 15.483645632164551 9.023399119731037 17.18311540898867 47.353312930325046 24.448213128605857 60.095083659049124 99.793098891852424 37.250280416104943 7.5335550892632437 6.0819245192687958 3.6174091543070999 48.849105716217309 19.26142092118971 23.157893719617277 9.6805570048745704 26.214224240742624 131.65784848039038 32.329555923817679 110.7269103336148 16.356791449710727 21.037338805384934 17.465871070045978 1.4826527535915364 70.389004418859258 6.4028493436053386 4.7184106551576397 174.68315722420812 5.7481384724378577 16.02868018113077 12.915014945901929 6.6924821003340176 15.702077242545782 9.1333500114269572 23.074020168278366 7.9253454473800948 8.9356286691036058 5.7525927613023651 4.8957683073822409 13.195782189723106 10.199342574458568 14.547884533647446 6.7719456190243346 2.7040770575404167 102.64954210189171 7.2433824001345766 3.8808159683831036 27.751961489208043
leaf_count=26642 344 6346 198 72 439 516 588 1774 5625 40 78 2636 3094 1264 218 230 268 771 838 567 540 1907 407 69 67 28 1913 195 424 432 508 1252 689 830 89 772 322 9 4374 73 34 753 51 96 108 246 243 114 220 88 164 71 172 377 169 326 137 53 1440 97 79 155
internal_value=-0.000397874 0.00963192 -0.000674937 -0.0405285 0.0060696 0.0261623 0.00176071 -0.0469746 -0.0333059 0.018932 0.0226042 0.00814811 -0.0268752 -0.00162682 -0.0148597 0.0174954 0.00780469 -0.00409626 -0.00884579 -0.0134018 0.0182141 0.00567684 0.0376892 0.0403582 0.00880363 0.0193188 -0.0107803 -0.0141804 0.0012422 -0.0198175 0.0148106 0.0202785 0.00443021 0.0275626 0.00225454 -0.00586835 0.00444444 -0.0198955 -0.0289581 -0.00203164 0.0210654 0.0423319 0.0277379 0.00221869 0.0166412 -0.0135569 -3.88319e-05 -0.0119114 -0.00181393 -0.0239888 -0.0163853 -0.0254148 0.0124921 -0.00492523 -0.0134594 -0.0261511 0.00326413 -0.0161486 0.0185521 -0.00543887 0.0203413 0.0262165
internal_weight=2205.47 1764.48 1086.83 440.994 864.332 677.649 685.652 378.308 97.8259 416.434 178.68 327.974 222.499 62.6863 39.596 401.941 19.6082 357.678 240.701 193.348 156.093 116.976 261.214 231.297 13.6155 372.842 182.924 158.476 42.4193 116.057 241.032 157.872 83.1597 131.81 209.372 29.0989 21.0833 143.642 71.8717 67.6761 23.0902 217.682 42.9984 61.2733 28.9437 38.2454 193.015 55.8348 40.1327 17.0587 106.376 59.4975 10.6484 46.8786 37.943 27.7437 14.1944 9.47602 118.603 15.9532 11.1242 95.9975
internal_count=72641 36308 29153 36333 15330 7155 14118 34287 7645 5464 1212 5204 13823 2046 1750 5424 486 8914 6236 5398 1134 2678 1691 1347 136 4136 4810 4243 619 3624 2956 1760 1196 1180 3390 1288 350 7477 4383 966 296 1211 458 893 204 2020 3301 665 422 202 3192 2156 243 1036 872 703 224 190 1814 374 176 594
is_linear=0
shrinkage=0.05


Tree=23
num_leaves=63
num_cat=0
split_feature=19 1 12 19 34 34 4 16 16 1 32 0 16 16 15 31 1 0 6 15 12 16 6 1 2 15 31 15 17 31 0 1 4 0 15 32 7 16 7 33 1 1 36 0 4 2 17 6 16 16 7 32 0 32 15 7 35 33 1 36 7 6
split_gain=937.321 54.3352 17.8445 16.568 18.7333 16.84 10.9728 10.7258 9.18918 7.21345 5.90458 7.0212 5.84827 6.11582 5.58715 5.15556 4.91967 5.9936 4.82435 4.78002 4.55797 4.30893 4.09982 5.29086 4.86717 5.19566 4.49554 7.1001 4.20429 3.80176 4.06617 5.16451 4.13819 6.00553 4.51676 3.95325 3.73576 3.60927 5.35477 5.31588 4.26567 5.92749 3.69788 3.66875 3.46043 3.40347 3.6535 3.29756 3.23304 3.22478 3.96246 3.1613 5.3209 4.14669 3.42347 3.12499 4.99937 3.39538 3.03577 2.97655 2.95967 2.92744
threshold=1.0000000180025095e-35 4.5000000000000009 1.0000000180025095e-35 1.5000000000000002 0.45347379148006445 1.0000000180025095e-35 336.00000000000006 0.99755874276161205 0.86763349175453197 1.0000000180025095e-35 2.2816116809844975 0.63846778869628917 2.0582987070083623 0.99949577450752269 4.945906639099122 0.12181610614061357 36.500000000000007 0.73452186584472667 0.00086827721679583203 8.4316773414611834 1.0000000180025095e-35 1.2360472083091738 0.0003446436749072746 6.5000000000000009 1411.0000000000002 0.80045250058174144 4.2208910144836417e-06 10.171568870544435 3.8180996179580693 0.020772748626768592 0.73452186584472667 7.5000000000000009 1.5000000000000002 0.6557903289794923 1.2521186470985415 1.9870806932449343 219.50000000000003 1.0933960080146792 41.500000000000007 0.012791178654879333 28.500000000000004 31.500000000000004 0.049035398289561279 0.72141456604003917 17.500000000000004 612.00000000000011 18.710964202880863 0.014683960471302273 1.2765080332756045 1.7503993511199953 93.500000000000014 2.3933341503143315 0.6705608367919923 2.3281794786453252 0.42131063342094427 39.500000000000007 0.75000000000000011 1.5371436347777493e-05 3.5000000000000004 6.0139767811051577e-05 75.500000000000014 0.12505526468157771
decision_type=2 2 2 2 2 2 2 2 2 2 2 2 2 2 2 2 2 2 2 2 2 2 2 2 2 2 2 2 2 2 2 2 2 2 2 2 2 2 2 2 2 2 2 2 2 2 2 2 2 2 2 2 2 2 2 2 2 2 2 2 2 2
left_child=-1 7 3 4 8 6 12 20 15 -9 29 -12 13 61 49 -3 51 -18 19 59 55 -16 23 -15 25 -24 27 48 -27 30 31 -10 35 -34 -35 47 -7 38 -30 40 42 -42 -39 -43 -23 46 -28 -33 -25 50 58 52 -13 -54 -53 -2 57 -57 -11 -14 -59 -5
right_child=1 2 -4 5 -6 36 -8 9 10 14 11 16 18 22 21 -17 17 -19 -20 -21 -22 44 24 26 -26 28 45 -29 37 -31 -32 32 33 34 -36 -37 -38 39 -40 -41 41 43 -44 -45 -46 -47 -48 -49 -50 -51 -52 54 53 -55 -56 56 -58 60 -60 -61 -62 -63
leaf_value=-0.055699680629266113 0.020627438113023644 -0.022708508228980268 0.05467279869530306 -0.0068441279537819408 -0.071807530668918582 0.045868793342871556 0.046127479163788676 0.047131473805041076 0.045355821180893763 0.047092864019787052 -0.043822973178031077 0.027843071483853829 0.026504012899332397 0.057545942777466913 0.002113288793143001 0.033138225226504059 -0.018290726131850857 0.028876924432309759 0.022739015784131733 -0.025319301480738982 0.051794098172088569 0.018569689745680681 -0.021030745277090309 0.034010331911916762 -0.020515671111945979 0.050623631474914721 0.027426397742842376 -0.035678924669753337 -0.029175399263912796 0.047026769757453894 -0.008644465864142116 0.015399457086931322 0.026982693580545426 0.0059227345703171622 -0.041174845028492689 0.032142269219879775 0.017100683124556589 0.024264871176045477 0.022429419956463251 0.041804269275469597 -0.03974958461087913 0.019063095580176957 -0.0052263923562480023 -0.018980177756147645 0.040327913312000668 0.046603204936352616 -0.0080821846428285448 -0.023867503597304437 0.0015882042276418912 0.020789969223326047 0.022822133871574245 0.030319144746289418 -0.0015466093033085441 -0.057469742178074427 0.0085722342895833831 0.0056170157160441714 0.030415542116360231 -0.010180984111839814 0.025763564721396695 -0.014987464379816018 -0.068707513187890604 0.043506031083657165
leaf_weight=564.3849529849831 48.365527296438813 34.407164270756766 25.405007850378752 37.485046128742397 7.5742670390754929 61.269296046346426 26.642271261662245 119.07629950717092 15.004915256053208 109.58891896344721 7.1062672547996035 6.1099420227110413 10.235308511182668 11.116068162024019 20.266513574868441 4.6966778058558694 35.231700506992638 8.3268145378679019 14.593670375645159 23.800777034834027 8.4809655807912332 41.59992504119873 9.5367846209555847 15.715629499405624 10.202611802145837 8.7607206050306541 51.077019920572639 7.6495565213263026 10.624040611088278 9.7704896330833417 16.455736918374896 53.214155056513846 11.96890984661877 10.172547385096552 10.189907462336121 37.876033717766404 13.832605176605282 77.576784815639257 9.5416497476398927 19.956509279087186 7.3925912063568822 25.604682184755802 12.316959854215382 8.4216647967696172 32.588872097432613 19.193819284439087 8.4412569627165777 5.9437972642481318 15.054468143731354 24.788333598524332 27.112699598073959 19.491504911333323 6.8670849055051786 6.4080211855471134 252.98440418438986 8.831648603081705 8.5768287349492329 4.4712531231343728 19.677732091397047 7.4824192225933066 4.1790987839922309 3.1277402453124514
leaf_count=60565 244 1395 90 792 229 327 93 353 62 357 125 32 74 37 86 33 632 89 103 280 36 186 81 79 61 44 302 85 92 52 135 442 91 80 82 256 95 402 53 83 63 215 71 92 99 75 89 56 112 110 99 153 55 65 2115 63 41 37 97 84 79 36
internal_value=-0.000346316 0.0193085 0.0132496 0.012281 0.0062921 0.0186468 0.0150005 0.0334136 0.00736331 0.0368477 0.00914384 0.00535861 0.0130488 0.0153369 0.0324048 -0.0160009 0.00640058 -0.00927398 -0.00198957 -0.0106816 0.0170645 0.0225458 0.0176019 0.0245797 0.0131261 0.0149351 0.0214511 0.00743045 0.0168386 0.0167439 0.0149041 0.0175883 0.0143675 -0.00112476 -0.0176461 0.0195295 0.0405702 0.0151121 -0.00475793 0.017761 0.014107 0.000830716 0.0202241 0.00964722 0.0281274 0.0282946 0.0223903 0.0114542 0.0181476 0.037545 0.0402009 0.00873991 -0.0107696 -0.0285412 0.0101279 0.0131069 -0.000851183 -0.0161909 0.043846 0.00898164 -0.0384559 -0.00296648
internal_weight=2153.85 1589.46 1111.86 1086.45 559.8 526.652 451.55 477.605 552.226 394.699 513.122 342.526 424.908 368.796 275.623 39.1038 335.419 43.5585 56.1122 41.5185 82.9053 94.4553 328.183 128.248 199.935 189.732 117.132 38.4197 180.196 170.596 160.826 144.37 129.365 32.3314 20.3625 97.034 75.1019 171.435 20.1657 151.269 131.313 41.4189 89.8937 34.0263 74.1888 78.7121 59.5183 59.158 30.7701 181.168 156.379 291.861 19.385 13.2751 272.476 74.4244 26.0588 17.482 129.267 17.7177 8.65035 40.6128
internal_count=72641 12076 10189 10099 6179 3920 3498 1887 5950 1387 4522 3266 3405 2864 1034 1428 3141 721 541 438 500 371 2036 779 1257 1196 742 276 1115 1256 1204 1069 1007 253 162 754 422 1071 145 926 843 370 473 307 285 466 391 498 191 663 553 2420 152 120 2268 464 220 179 454 158 116 828
is_linear=0
shrinkage=0.05


Tree=24
num_leaves=63
num_cat=0
split_feature=19 35 12 19 34 11 16 19 9 35 35 16 33 2 17 16 33 33 36 2 17 0 16 35 33 0 0 2 9 0 16 5 14 0 0 16 32 17 16 17 31 0 8 16 17 8 32 2 2 8 35 35 14 33 0 8 32 0 36 36 32 32
split_gain=864.886 48.4381 14.488 15.3623 17.5001 15.0022 11.2976 9.31966 8.04781 7.61182 6.47063 5.91584 5.78978 5.50399 4.99221 5.43874 6.62268 4.66104 5.97149 5.22193 4.5342 6.73766 6.26201 5.16367 5.03653 4.52308 5.72923 4.50738 4.92901 4.39534 4.33491 4.61395 4.15731 9.96261 3.92028 3.89741 4.43926 4.9667 6.75767 5.618 3.89065 4.4778 3.88609 5.22467 3.8516 3.79084 3.78541 5.10762 3.69598 3.60508 4.00995 4.26786 4.29586 3.55274 4.60697 4.8006 3.52229 4.59797 5.70738 3.47576 3.42048 3.94492
threshold=1.0000000180025095e-35 0.22500000149011615 1.0000000180025095e-35 1.5000000000000002 0.45347379148006445 1.0000000180025095e-35 0.99755874276161205 21.500000000000004 7.5000000000000009 0.057189542800188072 0.029857398010790352 1.8249204754829409 4.7803562210901882e-06 29.500000000000004 7.4128816127777108 0.99949577450752269 0.014080006163567306 1.734139061682072e-06 0.0041916577611118564 121.50000000000001 4.8987619876861581 0.73389816284179699 0.99755874276161205 0.021507862955331806 0.0024862007703632121 0.71289253234863292 0.69844627380371105 208.50000000000003 4.5000000000000009 0.66329383850097667 1.5370666384696963 5498.5000000000009 2.9700856208801274 0.70571327209472667 0.71803855895996105 0.94869717955589306 1.8793358802795412 2.1655398607254033 1.4669077396392824 2.90773618221283 0.010635156184434892 0.72002601623535167 1613.5000000000002 1.0933960080146792 4.7459964752197275 1356.5000000000002 2.2000944614410405 23.500000000000004 71.500000000000014 1412.5000000000002 0.046536797657608993 0.042572464793920524 5.4659459590911874 5.2694498663186102e-05 0.6794261932373048 3519.5000000000005 4.1136822700500497 0.7327861785888673 0.049035398289561279 0.002128285239450634 2.2000944614410405 2.4192254543304448
decision_type=2 2 2 2 2 2 2 2 2 2 2 2 2 2 2 2 2 2 2 2 2 2 2 2 2 2 2 2 2 2 2 2 2 2 2 2 2 2 2 2 2 2 2 2 2 2 2 2 2 2 2 2 2 2 2 2 2 2 2 2 2 2
left_child=-1 2 3 4 9 7 -3 8 10 20 42 13 -13 -8 25 -16 -17 18 32 35 23 27 -23 -2 59 26 -12 28 49 46 31 60 33 -11 -10 44 -37 38 -38 -39 41 -15 -5 -44 -19 -32 47 -25 -41 -22 51 52 -51 54 -45 -56 57 58 -20 -24 -31 -62
right_child=1 6 -4 5 -6 -7 11 -9 34 17 14 12 -14 40 15 16 -18 19 56 -21 21 22 24 29 -26 -27 -28 -29 -30 30 45 -33 -34 -35 -36 36 37 39 -40 48 -42 -43 43 53 -46 -47 -48 -49 -50 50 -52 -53 -54 -55 55 -57 -58 -59 -60 -61 61 -63
leaf_value=-0.055330412916942101 -0.030247306016825095 0.015155405404272435 0.049865933935379303 -0.022275243479630669 -0.069969185735633529 0.038925993591602426 0.050329013019043772 0.044770390826328242 -0.00050880381077872709 -0.057603462624573193 0.028454399709141938 -0.00094406076110819615 0.033678574091280153 0.01525123296582408 -0.0085730387133606013 0.014977040807009618 0.046365426763538116 -0.024065407338053374 -0.0022555370837967783 -0.0082466024897042047 0.017110958540714698 -0.042944649323431852 0.0035660387309318004 0.019427472120503782 -0.012196084199212594 0.043346269167625275 -0.016860343013100344 0.010507624783154668 -0.039726552592715306 0.012946810777329541 0.024960301829810901 0.030110575912913076 0.0071894167552948906 0.0065588440278768635 -0.040731100860756903 0.042346911146353999 -0.032933942051370055 0.048275212585587542 0.02863687506667402 0.010490576374938342 0.012329407248057573 0.040668244850844283 -0.016163169273424063 0.025217801885672148 0.021760794046143485 -0.020116720746284886 0.036622582437375921 -0.034333872432935834 0.032653195199749331 -0.020783143577652104 -0.05112285277545088 0.026951375411752399 0.042051515749565171 0.02808603243300414 -0.04063139912325911 0.015438364549010923 0.053644990404314398 -0.014904724125822081 0.048709510468053836 0.04667650426646669 -0.041308159734377292 0.0024706288474472204
leaf_weight=532.64727549196687 8.4672807920724136 69.0994787607342 26.496976220048964 12.577278473414479 7.3186756225768468 77.509226450696588 92.353717587888241 25.078376896679401 31.540237477514893 10.72366724163294 33.353893665596843 17.892914440482855 37.135110024362803 19.650592938065529 21.669984966982156 190.85249842889607 18.427453141659498 8.901874898932876 10.055748566985132 16.50472701061517 10.451797800138591 4.1691455179825416 6.5671897400170627 24.727366615552459 7.8415908478200427 34.718446341343224 8.8196362387388927 19.620619394816458 17.463068826589733 34.581992259947583 5.7220445461571243 21.417148711159825 26.296179505065084 13.881492383778093 7.4980752617120734 26.857404232025146 9.6216511502861994 19.474463067948818 8.3013247661292535 52.714360361918807 16.673176590353251 146.62775528430939 17.306374325416982 12.600024215877058 9.4554120074026269 25.225411373190582 23.428967733867466 5.3789530005305997 29.24972353503108 36.335142418276519 6.7163968775421372 6.7530957134440532 2.9402585607022038 27.45891085639596 8.526046456769107 6.9125524498522273 6.2960546147078267 10.255764230620114 12.107259276323019 16.231033409014344 7.6342661781236556 15.7863831394352
leaf_count=60565 175 409 101 159 240 438 303 82 352 96 177 84 137 76 402 1110 70 166 99 174 81 184 62 247 97 195 65 244 434 454 58 144 188 85 109 139 51 72 56 314 68 490 378 92 145 346 182 68 151 739 109 58 29 221 101 67 29 129 77 95 161 212
internal_value=-0.000382269 0.018546 0.0133233 0.012459 0.00686292 0.0185849 0.0335411 0.0151375 0.0134183 0.00783551 0.0155679 0.0373871 0.0224207 0.0403786 0.0189458 0.0152718 0.0177408 0.0139498 0.00462339 0.0185653 0.00245231 -0.00440646 0.0145465 0.00782766 0.0223693 0.0299807 0.0189779 -0.0109853 -0.0162135 0.00979463 0.00409202 0.0102777 -0.00663282 -0.021405 -0.00823429 0.0212542 0.0239805 0.0198479 -0.00441639 0.0241352 0.0353556 0.0376645 0.00338906 0.00782272 -0.000461396 -0.0117822 0.021551 0.00982219 0.0183995 -0.00971621 -0.0150322 -0.00976593 -0.0160792 0.0153025 0.00278324 -0.0155265 0.0194228 0.0127765 0.0255858 0.0342582 0.00295454 -0.0117996
internal_weight=2078.9 1546.25 1146.82 1120.32 585.475 534.849 399.433 457.34 432.261 578.156 393.223 330.333 55.028 275.305 307.842 230.95 209.28 270.697 89.6162 181.081 307.459 135.089 34.809 172.37 30.6398 76.892 42.1735 100.28 80.6598 163.903 110.367 79.4198 50.9013 24.6052 39.0383 164.576 146.219 119.362 17.923 101.439 182.952 166.278 85.3812 72.8039 18.3573 30.9475 53.5353 30.1063 81.9641 63.1967 52.7449 46.0285 39.2754 55.4975 28.0386 15.4386 38.7148 32.4188 22.163 22.7982 58.0026 23.4206
internal_count=72641 12076 10509 10408 6390 4018 1567 3580 3498 6150 3037 1158 221 937 2019 1582 1180 1971 703 1268 4179 2132 438 2047 254 437 242 1694 1450 1872 1375 971 369 181 461 1094 783 644 107 537 634 566 1018 859 311 404 497 315 465 1016 935 826 768 481 260 168 334 305 176 157 827 373
is_linear=0
shrinkage=0.05


Tree=25
num_leaves=63
num_cat=0
split_feature=19 35 12 19 11 16 16 11 15 16 32 0 15 5 36 7 0 19 4 36 35 32 18 35 35 4 2 7 0 36 2 17 15 18 8 0 18 18 0 17 7 16 0 0 36 9 0 9 5 15 15 8 17 9 7 19 9 35 16 35 0 9
split_gain=796.437 41.8872 14.7939 15.4935 12.1142 11.6205 8.92154 8.62253 7.815 7.29633 6.68586 6.52755 6.26843 6.06527 5.83507 6.10631 5.56886 6.57312 7.0285 5.28458 5.00145 4.67312 9.26397 6.35888 5.54071 5.84308 4.93707 4.61916 4.49116 4.44954 5.25763 4.21428 4.19125 7.16832 4.11387 4.21459 4.93133 6.09562 4.10721 4.01328 4.77952 4.41345 4.00076 3.89979 3.81731 3.70656 3.64129 3.56421 3.52911 3.4718 6.39453 3.5225 3.43886 3.60909 3.4267 7.69216 6.84345 3.31575 3.29306 9.64918 6.9581 4.72413
threshold=1.0000000180025095e-35 0.18333333730697635 1.0000000180025095e-35 1.5000000000000002 1.0000000180025095e-35 0.99755874276161205 1.8249204754829409 1.0000000180025095e-35 3.0039999485015874 0.86763349175453197 2.2816116809844975 0.6424694061279298 12.012499809265138 1293.5000000000002 0.089106667786836638 18.500000000000004 0.7152080535888673 10.500000000000002 74.500000000000014 0.38501882553100591 0.028174603357911113 3.8547390699386601 6.5000000000000009 0.060661764815449722 0.054093567654490478 39.500000000000007 255.50000000000003 194.50000000000003 0.73112106323242199 0.013680972158908846 824.50000000000011 22.564919471740726 10.669540405273439 12.500000000000002 2076.0000000000005 0.72691726684570324 4.5000000000000009 9.5000000000000018 0.69718360900878917 12.910751819610597 19.500000000000004 1.5680143237113955 0.74620437622070324 0.7175426483154298 0.049035398289561279 7.5000000000000009 0.73452186584472667 1.5000000000000002 3468.5000000000005 1.7148664593696596 1.1744564771652224 4818.5000000000009 2.7474672794342045 7.5000000000000009 68.500000000000014 3.5000000000000004 1.5000000000000002 0.026671408675611023 1.0583582520484927 0.10555555671453477 0.75831031799316417 2.5000000000000004
decision_type=2 2 2 2 2 2 2 2 2 2 2 2 2 2 2 2 2 2 2 2 2 2 2 2 2 2 2 2 2 2 2 2 2 2 2 2 2 2 2 2 2 2 2 2 2 2 2 2 2 2 2 2 2 2 2 2 2 2 2 2 2 2
left_child=-1 2 3 4 9 13 12 16 27 19 11 -11 54 -3 15 -15 21 18 43 -2 34 23 57 26 25 -24 39 48 -8 30 -27 32 52 38 44 36 -36 -38 -34 -5 41 -41 -19 -18 -12 -13 -20 -42 -9 50 51 -17 53 -22 -7 56 -56 -23 59 60 -54 -60
right_child=1 5 -4 7 -6 6 28 8 -10 10 20 45 -14 14 -16 49 17 42 46 -21 31 22 24 -25 -26 29 -28 -29 -30 -31 -32 -33 33 -35 35 -37 37 -39 -40 40 47 -43 -44 -45 -46 -47 -48 -49 -50 -51 -52 -53 58 -55 55 -57 -58 -59 61 -61 -62 -63
leaf_value=-0.054981311809197922 -0.023251536614224026 0.051293262462340908 0.051914981300574287 0.010435475266450998 -0.06604126758927395 0.043834054467604439 -0.002961266990874201 0.046939744914782457 0.055973179169222821 -0.018620384720849186 -0.048499550768164493 0.021156521176583849 0.020504475915382177 0.030835500643241677 -0.028079726345696495 -0.02878176200679123 0.045078319567566021 0.025173519761621473 -0.033460379087023963 0.025627035642644631 0.029320755134936989 -0.015092152534534537 -0.016413742781526654 0.030576898976664175 -0.029869420197068432 0.029253507646192192 0.04016475496693777 -0.0045273335502692474 0.026229176965233567 0.042952544627582759 -0.020940062792648741 0.022303527647192893 -0.029299720987476543 -0.047234616259187207 -0.063686682808501482 0.035940018020524662 0.026061361662639001 -0.020731178063954917 0.016806773034087962 -0.067601478771922088 0.031496940759577138 -0.003350593984592413 0.063520386172058615 0.018710651951425378 -0.0011567553856166501 -0.015389533503959827 0.0061327095884615226 -0.016666757684888296 0.014575412959492037 -0.028656466347838305 0.050174982999951191 0.016539344462098853 -0.043048455076066999 -0.0051314627710432152 -0.0035627524387372624 0.063725626539817018 0.038940278840394443 -0.080515629327860092 0.017465629605658776 0.031129920389814065 0.031153651246241029 -0.0016447136053841305
leaf_weight=503.60216218803544 31.745394056662917 9.3090191371738893 23.052960705012083 67.077917058952153 5.8633616152219465 206.23263745568693 19.237491324543953 17.200274599716067 25.464970512315631 12.298080432228742 10.687413085252048 137.91219294257462 43.739853955805302 28.648524956777692 9.5082163568586093 9.067266330122953 15.441347310319541 14.187501894310119 8.5091780377551931 6.6963105397298923 28.712856387719512 3.3874058760702601 13.407339248340575 42.406171921640635 9.5026002619415504 12.010758141055705 10.464639658108352 12.470129262655972 41.827108528465033 15.103249331936238 9.2236871756613237 37.066510274074972 6.8699694685637978 10.177835424430667 3.5414352361112824 6.5623667370527974 11.973408292047681 16.621996558271348 16.267853155732155 5.8420513141900319 7.0238192398101083 4.9267803132534027 13.065811943262814 152.65287104388699 7.0775045463815323 7.3054491793736807 18.286894781515002 8.4771118951030058 16.506428186781704 8.3424365259706956 6.7170954793691626 8.1329217636957747 17.492547436617322 10.338689181022344 18.555053383111954 12.237284913659094 19.343561749905348 4.5220243860967457 59.827961678616703 9.4089624723419529 3.8557426091283551 70.383105569519103
leaf_count=60781 1329 41 88 673 222 748 85 91 137 159 249 983 167 129 75 93 82 69 73 87 166 40 153 232 94 77 61 99 176 90 80 290 105 152 76 77 114 306 123 87 65 64 43 1182 90 101 131 116 96 68 35 63 263 78 93 35 76 78 456 53 38 610
internal_value=-0.000576865 0.017691 0.0122992 0.0114176 0.00542835 0.0306405 0.0344543 0.017661 0.0337354 0.00622987 0.00789386 0.016356 0.0379991 0.0133634 0.00834904 0.0140358 0.0150168 0.020558 0.0173417 -0.0147372 0.00381601 0.00924787 -0.00167046 0.0142626 0.00511469 0.0117976 0.00759836 0.021472 0.0170332 0.0222066 0.00745073 0.00664228 0.00415441 -0.0122652 -0.00971878 -0.000574713 -0.00803105 -0.0011383 0.00311706 0.00394754 -0.0126189 -0.0382065 0.0435578 0.0211328 -0.0296383 0.019318 -0.0064402 0.00515729 0.0310907 -0.000883247 0.00880415 -0.00735217 0.0068893 0.0201997 0.0409839 0.0292598 0.0181309 -0.0524964 0.00366014 -0.0110545 -0.0296467 0.0071359
internal_weight=2003.4 1499.8 1058.9 1035.85 528.687 440.898 361.173 507.161 71.6418 522.824 484.382 157.516 300.108 79.7255 70.4165 60.9082 435.519 222.144 194.89 38.4417 326.866 213.376 67.1571 146.218 59.2476 49.745 103.812 46.1768 61.0646 36.3377 21.2344 270.402 233.336 33.3157 56.4641 38.6992 32.1368 28.5954 23.1378 93.3477 26.2698 10.7688 27.2533 168.094 17.7649 145.218 26.7961 15.5009 33.7067 32.2597 23.9173 17.2002 200.02 39.0515 256.369 50.1359 37.8986 7.90943 160.968 30.7573 21.3483 130.211
internal_count=72793 12012 10128 10040 6127 1884 1380 3913 423 5905 4489 1243 1119 504 463 388 3490 1580 1468 1416 3246 1910 612 1298 494 400 1066 286 261 247 157 2334 2044 380 912 573 496 420 228 1005 332 151 112 1264 339 1084 204 181 187 259 191 156 1664 244 952 204 169 118 1420 354 301 1066
is_linear=0
shrinkage=0.05


Tree=26
num_leaves=63
num_cat=0
split_feature=19 35 19 35 16 0 16 16 33 5 19 9 18 36 2 36 5 35 5 8 33 9 0 16 16 17 8 0 35 8 0 18 17 0 33 35 7 18 8 8 7 32 32 36 16 33 2 0 5 2 32 16 33 17 34 31 33 0 18 2 32 16
split_gain=736.674 36.7721 16.469 13.387 11.3874 9.5707 7.76061 7.40829 7.34909 6.39687 5.48423 4.84152 5.14559 4.75126 4.66346 5.99562 4.08054 4.05 4.98655 3.89584 3.68007 4.25654 4.08475 3.77493 6.75014 3.67345 4.40233 3.60954 4.57481 4.10441 4.5713 3.5576 3.4841 3.44563 4.31544 3.74796 4.58467 3.44374 3.75015 3.27352 3.75739 3.52187 3.24483 3.24463 3.17828 3.16715 3.1206 2.99017 2.98898 2.97787 4.5695 3.9691 2.94312 2.7867 2.53739 2.51161 4.2351 2.51119 6.65318 5.26125 5.25045 5.34257
threshold=1.0000000180025095e-35 0.18333333730697635 5.5000000000000009 0.057189542800188072 0.99949577450752269 0.72237586975097667 1.8249204754829409 0.99755874276161205 4.7803562210901882e-06 1397.5000000000002 1.5000000000000002 7.5000000000000009 17.500000000000004 0.099396798759698882 30.500000000000004 0.079972792416811003 1643.5000000000002 0.054093567654490478 3076.5000000000005 3228.5000000000005 9.9154846111559912e-07 1.0000000180025095e-35 0.71289253234863292 0.99983397126197826 1.1011993885040285 5.9980046749114999 1600.5000000000002 0.64959812164306652 0.020620748400688175 3896.5000000000005 0.65928840637207042 13.500000000000002 3.396040797233582 0.67580223083496105 0.004594021476805211 0.028174603357911113 31.500000000000004 3.5000000000000004 1661.0000000000002 1998.5000000000002 13.500000000000002 2.6190134286880498 2.9199811220169072 2.8082928110961806e-05 1.2262758016586306 0.0018752759206108751 22.500000000000004 0.68765449523925792 4266.5000000000009 121.50000000000001 2.9976557493209843 0.84198671579360973 0.00011680560419335963 2.90773618221283 0.53504571318626415 1.9067394418925689e-06 4.7803562210901882e-06 0.73112106323242199 22.500000000000004 769.50000000000011 4.5028574466705331 1.0583582520484927
decision_type=2 2 2 2 2 2 2 2 2 2 2 2 2 2 2 2 2 2 2 2 2 2 2 2 2 2 2 2 2 2 2 2 2 2 2 2 2 2 2 2 2 2 2 2 2 2 2 2 2 2 2 2 2 2 2 2 2 2 2 2 2 2
left_child=-1 2 3 7 9 19 14 33 -8 -3 11 12 20 31 -6 42 -9 27 -19 -4 21 -5 47 -24 -25 -14 -27 45 -29 30 -30 49 -31 34 35 -2 -37 -35 -39 -23 -41 -42 44 -40 -16 -18 -12 53 -34 50 51 -11 -33 -22 -45 -13 -57 59 -59 60 61 -32
right_child=1 4 5 10 6 -7 8 16 -10 13 46 55 25 -15 15 -17 17 18 -20 -21 22 39 23 24 -26 26 -28 28 29 32 57 52 48 37 -36 36 -38 38 43 40 41 -43 -44 54 -46 -47 -48 -49 -50 -51 -52 -53 -54 -55 -56 56 -58 58 -60 -61 -62 -63
leaf_value=-0.054668689783959216 -0.042624318494439935 0.048319513441931528 0.019557677035066213 0.034182479643677335 0.046596624704654185 0.04388070969181751 -0.0064549508542229329 0.040583323783171463 0.030229367665599551 -0.01490298843178328 0.049337134285622863 0.01451323217695538 0.014246341202501601 -0.025062765379170272 0.036732864563369293 0.0031581045226481241 -0.01190301428412429 0.017094275080043912 -0.043070670729717341 -0.021278999630451538 0.036961803515178603 0.019700805779006528 -0.017179083143674417 0.05368657762439652 0.007173353025142739 0.015813576127690174 -0.025030804074532221 -0.032401580501299855 0.02861508218923391 0.030247794366090569 -0.035395422257511133 0.020412991626769291 0.037803739711087636 0.023526952200885923 0.034210958933238236 -0.032626622453646253 0.034769012237180437 0.025038176637347032 0.023775467296614151 -0.043341803653354292 -0.026980222282543882 0.020366281509001924 0.038162807293241161 -0.032741523510509289 0.0035693861453374638 0.025837448659916214 0.022135061036300332 0.046964517442188054 0.0041030029711516466 -0.0068134951990801614 0.048528913602784052 0.027778298231347854 -0.023724637449561506 0.0076614833086747439 0.021828597258306451 -0.055185340544643371 -0.0014512974900865352 0.024651335161308158 -0.0050856930179680841 -0.048075074161426479 0.046893915065700016 0.0038735385170706928
leaf_weight=474.24574278097134 5.6154304416850271 11.01588363945484 32.564585871994495 11.506715433672069 86.325631972402334 60.033093214966357 21.348887637257576 8.9638684783130866 37.870539631694555 8.538767105899753 11.347325554117559 7.3988706693053272 29.733370616100729 9.7420638268813473 14.221404287964107 15.839013107120989 37.221832224167883 5.6586757730692616 8.7991891577839834 7.1167453359812489 18.024083022028208 12.588064920157192 8.1858935607597214 10.832522697746752 27.863743564113975 10.140139549970629 18.881483251228929 6.6072719702497116 22.415955842472613 39.098119167611003 9.0824419166892749 5.9506266899406937 7.9578197728842488 4.7215358153916887 8.6013678098097426 4.1907982672564668 6.3422010373324156 3.9876644052565089 3.0731042567640534 6.7593403030186918 6.6422859383747008 9.6105835279449803 151.85963473655283 36.807095693890005 14.684324242174624 6.5349532216787329 148.78879823163152 24.116633541882038 37.982483515515924 8.6730612637475115 13.823962338268755 15.043379433453081 10.339030057191847 14.760541640222071 2.2610401464626184 5.7200410719960919 10.216328491456805 47.156535711139441 31.290043131448328 5.0589358285069457 6.7532124370336524 186.86631310451776
leaf_count=60781 231 49 218 61 336 288 96 61 165 75 51 47 266 66 59 64 440 46 98 80 89 80 144 49 177 74 257 111 175 233 131 49 62 99 132 125 78 41 42 85 67 87 574 1346 64 50 947 141 375 64 58 71 94 98 36 72 95 315 356 63 43 1966
internal_value=-0.000522408 0.0170518 0.0119695 0.00991192 0.0294312 0.0312868 0.033464 0.00482474 0.0170045 0.0128321 0.0169393 0.0120432 0.0144479 0.00741097 0.0369091 0.0326555 0.00717332 0.00652012 -0.0195227 0.0122337 0.019336 0.00774583 0.0245967 0.0136686 0.0201941 0.00189473 -0.0107598 0.0073681 0.00885862 0.00955113 0.00687118 0.0124834 0.0192773 -0.00969687 0.00560359 -0.00963397 0.00795409 -0.0171439 -0.0213067 -0.000799024 -0.0120128 0.00101653 0.0352401 -0.0256922 0.0198856 -0.00626658 0.0240626 0.0336006 0.00994067 0.0195836 0.025704 0.012324 -0.00760112 0.02377 -0.0295833 -0.00956098 -0.0207381 0.00516818 0.0127901 0.00229029 0.00354728 0.00205338
internal_weight=1935.4 1461.16 1035.88 936.165 425.276 99.7144 342.149 543.048 59.2194 83.1268 393.117 232.981 209.645 72.1109 282.93 196.604 467.448 458.484 14.4579 39.6813 150.89 47.107 103.783 46.8822 38.6963 58.755 29.0216 444.026 400.269 393.662 308.623 62.3688 85.0384 75.6002 24.7498 16.1484 10.533 50.8504 46.1289 35.6003 23.0122 16.2529 180.765 42.1412 28.9057 43.7568 160.136 56.9013 45.9403 46.0792 37.4061 23.5821 16.2897 32.7846 39.0681 23.3352 15.9364 286.207 78.4466 207.761 202.702 195.949
internal_count=72793 12012 10128 9542 1884 586 1358 6655 261 526 2887 1889 1675 477 1097 761 4525 4464 144 298 1078 380 698 370 226 597 331 4320 3830 3719 3049 411 670 2130 566 434 203 1564 1465 319 239 154 697 1424 123 490 998 328 437 268 204 146 143 187 1382 214 167 2874 671 2203 2140 2097
is_linear=0
shrinkage=0.05


Tree=27
num_leaves=63
num_cat=0
split_feature=16 1 32 15 4 1 1 4 12 16 16 1 3 12 1 10 16 36 11 15 1 32 18 18 12 0 6 4 3 8 15 3 32 7 16 16 16 8 33 15 3 4 0 1 7 4 8 15 3 36 7 7 15 18 6 3 0 18 4 33 36 36
split_gain=231.825 67.1354 52.5162 34.9335 18.8083 11.5607 11.0545 11.1386 9.90473 8.78964 8.20269 8.11825 7.97387 7.89301 7.61957 7.35061 6.91646 9.68374 6.75295 6.7351 5.68506 5.46515 7.93418 5.39272 5.25621 5.2327 6.01127 8.29879 5.54352 5.41129 5.11323 7.45857 5.97587 4.72638 11.2846 4.61543 4.77885 4.5066 4.48198 4.47939 7.15105 5.48038 4.46628 4.46561 4.37361 4.33207 4.24362 4.23311 4.17894 4.15097 5.14285 4.10805 4.09985 4.00426 4.91647 3.95167 3.92208 3.91779 3.9118 3.83241 5.11884 4.46856
threshold=0.86763349175453197 6.5000000000000009 1.9974078536033633 1.0715116858482363 30.500000000000004 4.5000000000000009 1.5000000000000002 4.5000000000000009 1.0000000180025095e-35 1.6973278522491457 1.0003581047058108 20.500000000000004 5.3008110523223886 1.0000000180025095e-35 16.500000000000004 1.0000000180025095e-35 0.94374412298202526 0.0051094812806695708 1.0000000180025095e-35 10.171568870544435 2.5000000000000004 1.5665698647499087 5.5000000000000009 8.5000000000000018 1.0000000180025095e-35 0.71803855895996105 0.00035513965121936058 13.500000000000002 5.0072908401489267 1466.0000000000002 12.775985717773439 6.2757027149200448 3.2575713396072392 65.500000000000014 1.0718141198158266 1.8516377210617068 1.9053691029548647 3258.0000000000005 0.00030021865677554166 4.945906639099122 3.7256208658218388 1.0000000180025095e-35 0.70836067199707042 19.500000000000004 221.00000000000003 8.5000000000000018 2555.5000000000005 8.0050001144409197 5.3683068752288827 0.011271718423813583 49.500000000000007 19.500000000000004 1.0715116858482363 6.5000000000000009 0.00052035698899999272 3.1567740440368657 0.6900310516357423 22.500000000000004 1.0000000180025095e-35 3.3869369872263639e-05 0.044629830867052085 2.5452459340158389e-06
decision_type=2 2 2 2 2 2 2 2 2 2 2 2 2 2 2 2 2 2 2 2 2 2 2 2 2 2 2 2 2 2 2 2 2 2 2 2 2 2 2 2 2 2 2 2 2 2 2 2 2 2 2 2 2 2 2 2 2 2 2 2 2 2
left_child=3 6 11 13 8 58 16 9 14 10 -8 21 43 -1 23 25 17 -2 53 59 -11 -3 -23 38 -13 26 -16 57 45 -30 32 35 -17 48 -35 -32 -37 46 39 40 -4 -41 -43 -7 -25 49 56 -29 -18 50 -27 -22 -36 54 -6 -19 -24 -28 -5 61 -61 -12
right_child=1 2 4 5 18 12 7 -9 -10 20 19 24 -14 -15 15 30 33 55 -20 -21 51 22 37 44 -26 28 27 47 29 -31 31 -33 -34 34 52 36 -38 -39 -40 41 -42 42 -44 -45 -46 -47 -48 -49 -50 -51 -52 -53 -54 -55 -56 -57 -58 -59 -60 60 -62 -63
leaf_value=-0.049347153630440239 0.048600928857319627 -0.022757769929027009 -0.0113484096900703 -0.036308292269503259 0.011742414541769801 -0.01724422055797013 -0.017088849873866822 0.026654656213949419 0.044286654939505683 0.02122833222386742 -0.064740880201580309 -0.032402144568215677 0.0066804412924612857 0.015799578675005949 -0.0059504744308134664 -0.00059490677941959036 0.040744530411554243 -0.0010901684872457907 0.048381815892231055 -0.046473767232840774 -0.01397531914796629 0.035024365748955635 0.012466942720672301 0.0048900014286428683 0.048956371640450816 -0.054522289165574403 -0.052642691652278452 0.032233111125644281 0.032558619125457558 -0.060305279819402036 -0.034133644216518925 0.051115990465113961 0.015998683870383668 -0.035327081398349829 0.010176076733768798 0.057045410926928511 -0.013643732651635584 0.022102418010621332 0.036133572630493042 0.057395086076494885 0.036846564198051678 -0.049816467581347813 0.0072978280140167801 -0.044009325225808582 -0.044315604386398491 0.039813305449262544 -0.079389216421022896 -0.035498371501805091 0.016722457675846347 0.020516574721163038 0.014224355470955167 -0.057917177075410997 0.052447002490877394 0.020186359847149574 -0.047885731879817546 -0.080235922140657223 -0.034259683908528807 -0.016233982380280738 0.018896951393372552 0.037420636272925224 -0.010191861033714814 0.014103150372467975
leaf_weight=233.69099421834107 4.6538775344379228 44.818820330314338 11.470384136773644 3.6473168996162739 11.766427595168354 28.022866379702464 17.98528692277614 141.47118836012669 13.833744603209196 7.7330647325143209 1.9086635638959695 112.41269492113497 16.746182955801487 4.7437882255762807 46.784063177416101 167.86167675850447 142.27289573359303 2.7735537579283118 19.817059498280287 3.6530469446443012 16.741203754441816 12.873074613045899 7.6882172520272531 146.16603368520737 2.0208984706550828 5.7858164452482033 26.294585330411792 6.6275478797033411 2.1638626758940509 5.7037541823228821 24.1244390248321 3.9667257755063465 80.171198450727388 7.8700266769155887 10.211177845019849 3.0773764105979344 10.717708527576177 7.1589136132970443 26.794021384324878 2.494051332119855 23.394941489212215 7.3349089487455768 6.4179048887453973 35.109045553952456 4.6599380616098633 9.7920178354252112 2.9515458284877232 3.5384839798789471 20.744153951993212 11.869676459231412 5.1348048249492422 7.7956262240186325 13.089117833413182 136.70861430326477 4.8950931038707486 3.6560640851967037 10.798406147398053 10.276405959157271 26.695426759775728 44.753261304227635 6.459917601896449 30.742717397864908
leaf_count=29071 68 3411 345 228 96 1977 637 935 73 143 125 9790 459 139 1377 4605 1201 63 94 81 435 371 236 2379 35 267 1298 70 27 135 660 38 1035 86 98 22 310 215 353 42 248 186 126 4075 122 116 143 95 87 413 112 152 45 1002 84 45 490 331 507 669 123 592
internal_value=-0.000508089 0.00790197 0.00074238 -0.0372903 0.00623494 -0.0140123 0.0232753 0.0168 0.00242015 0.00668082 0.0136654 -0.0222335 -0.0239926 -0.048051 0.0015327 -0.00243593 0.032084 -0.00633271 0.0209149 0.0199855 -0.0161545 -0.0106537 0.00242773 0.00888744 -0.0309654 -0.0121218 -0.0186206 -0.0313034 0.00290351 -0.0347645 0.00203988 -0.0141185 0.00476861 0.0342767 0.0164377 -0.0209426 0.00212544 -0.0122458 0.0195697 0.0108866 0.0209908 -0.0107969 -0.0231634 -0.0321289 0.00336974 0.0119992 -0.0237158 0.00865786 0.0376877 4.86363e-05 -0.0221981 -0.0279361 0.0339221 0.0173659 -0.00577611 -0.0460947 -0.014827 -0.0424119 0.0122611 0.0228804 0.0314149 0.00949426
internal_weight=1873.54 1524.88 1040.37 348.656 839.643 110.221 484.515 279.244 666.456 137.773 105.503 200.723 79.8781 238.435 652.622 423.89 205.271 11.0835 173.187 87.5176 32.2699 86.289 41.4702 228.732 114.434 133.971 93.5211 46.737 40.4499 7.86762 289.919 41.8862 248.033 194.187 31.1703 37.9195 13.7951 28.5971 77.9062 51.1122 34.8653 16.2469 13.7528 63.1319 150.826 32.5823 21.4382 10.166 163.017 22.7903 10.9206 24.5368 23.3003 153.37 16.6615 6.42962 18.4866 36.571 30.3427 83.8646 51.2132 32.6514
internal_count=72793 36337 30752 36456 16061 7246 5585 3892 14785 2957 2227 14691 6511 29210 14712 10911 1693 176 1276 1590 730 4866 1455 3801 9825 4241 3171 1794 1070 162 6670 1030 5640 1517 229 992 332 1084 1300 947 593 354 312 6052 2501 908 869 165 1288 792 379 587 143 1182 180 108 726 1629 735 1509 792 717
is_linear=0
shrinkage=0.05


Tree=28
num_leaves=63
num_cat=0
split_feature=19 1 19 12 2 0 16 32 8 1 9 5 0 19 16 1 0 8 16 16 17 5 1 33 16 0 33 36 16 0 4 4 16 7 0 16 1 2 2 2 5 0 36 8 0 36 1 1 7 0 4 19 2 16 16 33 16 19 2 8 1 4
split_gain=651.644 33.3941 12.5983 9.96291 9.08799 8.284 8.03218 7.20398 6.68009 5.97821 5.72924 5.51038 5.33588 5.31804 5.45545 6.16394 4.90713 4.63276 4.37214 4.20207 4.20072 4.263 4.10585 5.23508 4.74242 4.22496 6.48998 4.97477 4.03178 4.01707 3.94808 4.50223 6.08198 4.0448 3.56779 4.39379 4.186 3.65861 5.35823 6.02203 3.4325 3.6768 3.48679 3.33004 4.31311 3.30249 3.25398 3.24497 3.47079 3.22372 3.21112 3.17794 3.14903 3.11795 3.08679 2.95398 5.41425 3.68386 3.49299 2.91934 3.49706 3.24412
threshold=1.0000000180025095e-35 4.5000000000000009 5.5000000000000009 1.0000000180025095e-35 30.500000000000004 0.71612930297851574 0.99949577450752269 2.9199811220169072 1799.0000000000002 16.500000000000004 1.0000000180025095e-35 6014.5000000000009 0.64959812164306652 1.5000000000000002 1.1729229688644411 6.5000000000000009 0.70296096801757824 1424.5000000000002 2.1710938215255742 0.99949577450752269 99.704727172851577 1643.5000000000002 8.5000000000000018 0.0050670348573476085 0.98767763376235973 0.69676589965820324 0.004594021476805211 0.014729249291121961 1.3628750443458559 0.76482009887695324 62.500000000000007 33.500000000000007 1.5527758598327639 8.5000000000000018 0.65856647491455089 1.6560016870498659 20.500000000000004 612.00000000000011 321.50000000000006 421.50000000000006 5422.5000000000009 0.6395397186279298 9.310649602412015e-06 2405.5000000000005 0.69928359985351574 0.020918033085763458 25.500000000000004 1.0000000180025095e-35 7.5000000000000009 0.74930953979492199 187.00000000000003 1.5000000000000002 16.500000000000004 2.2106565237045293 0.90408447384834301 0.0020975201623514299 1.2970388531684878 1.5000000000000002 156.50000000000003 5282.5000000000009 45.500000000000007 13.500000000000002
decision_type=2 2 2 2 2 2 2 2 2 2 2 2 2 2 2 2 2 2 2 2 2 2 2 2 2 2 2 2 2 2 2 2 2 2 2 2 2 2 2 2 2 2 2 2 2 2 2 2 2 2 2 2 2 2 2 2 2 2 2 2 2 2
left_child=-1 4 3 6 -2 43 8 16 -3 13 19 22 28 14 45 -16 -6 -17 47 -9 21 -14 23 -10 25 26 51 49 -11 -18 31 32 33 -15 -23 37 53 38 59 -40 41 -30 -42 50 -45 -8 -38 -12 -49 -27 -4 52 -24 -37 -28 57 58 -50 -57 60 61 -36
right_child=1 2 5 -5 7 -7 9 10 11 12 18 -13 20 30 15 17 29 -19 -20 -21 -22 34 24 -25 -26 27 54 -29 40 -31 -32 -33 -34 -35 35 36 46 -39 39 -41 42 -43 -44 44 -46 -47 -48 48 55 -51 -52 -53 -54 -55 -56 56 -58 -59 -60 -61 -62 -63
leaf_value=-0.054273039274527146 0.039819048014618774 0.029364663315076808 -0.00056254532310915306 0.044246592858921185 -0.025450445298116769 0.038093389253572682 0.031420596025108001 -0.016916728634327662 0.023931519383956421 -0.033389360293110328 0.044026126079065836 0.047394320467471551 0.0443484841085982 0.056004134968887134 -0.018701831287263854 -0.021818877427770195 0.025625867281502242 0.013281933889980578 0.0060148210490877513 0.019518779504526743 -0.02441208429140803 0.025944324152859785 0.0059623543259694272 -0.037858399134045408 -0.05528860480164273 -0.018435319800278415 0.012960837676198867 -0.042476898635379498 0.026656281306628067 -0.011238799283454897 -0.0073666002105212212 0.047380640686834397 0.0041225954627588926 0.024363742862117368 0.0075176564679167368 -0.050159164909462019 0.018300558361082162 0.042351829116329474 -0.046896876968230819 0.0091672791909011963 0.0084093973885238545 -0.023426597328347995 -0.054494250238432122 -0.047440696470399668 0.017397298851054007 0.0034472247578398911 -0.0035734950711041776 0.010041274182044016 0.024614037300722553 0.023360013546976522 0.038875572283447984 0.007184214226622446 -0.042680738702764072 0.00017287948920543365 0.065487167665002163 0.022623794967250945 0.041040020850950001 0.046277166707096085 -0.025150006223911104 0.027778402191192288 -0.022743484767155934 0.022869282807784858
leaf_weight=431.50985111464979 119.13255142606795 13.994258473627267 10.752041138708597 19.944515336304903 10.26637042313814 66.83494777046144 37.661448236554861 10.900347135961054 15.982596103101971 13.129235239699481 46.461785795167089 4.4254903122782698 8.4577960297465307 12.109461199492214 23.530731476843357 10.474228197708724 23.37014476954937 91.690584424883127 16.839465882629156 28.876402106136084 9.5004313364624959 27.145132528152317 4.7980351769365397 4.3638471653684965 6.5190707556903353 17.154260174138475 8.5490108812227827 17.398438475327566 13.19534282945097 10.806915635243056 9.8573791179805976 19.812268659472466 34.444065685383976 60.891778258606791 153.59711708361283 7.2155525051057321 23.006623164750636 8.7610506899654848 8.6243226528167742 10.772576056420801 4.124734725803135 5.0737330969423047 4.728410966694355 5.3664631191641075 4.9131467081606388 14.657234962098299 65.140823636204004 21.040796104818583 33.887375080958009 6.3109309929423025 9.9263590537011606 11.1256867358461 10.85330184176564 5.3645734060555696 4.1570810191333285 7.4443522142246383 14.060080781579016 46.626566968858242 7.8720401795580983 24.881460991688073 8.009250642731784 44.350004615262151
leaf_count=60781 571 134 82 87 54 329 220 69 195 174 184 31 50 54 146 96 114 633 83 115 93 222 116 102 141 490 228 836 119 60 74 87 238 293 1441 93 202 41 83 86 47 66 85 77 49 109 903 99 175 128 49 216 420 72 17 61 47 208 44 180 147 347
internal_value=-0.000547393 0.0159983 0.0111398 0.00929905 0.0282619 0.0281892 0.00851221 0.0233174 -0.00319963 0.0104477 0.0268222 -0.0072817 0.0067168 0.0157171 0.0100166 0.00436948 0.00486326 0.0096833 0.0303626 0.00953406 0.00844307 0.00923265 -0.00953861 0.010679 -0.0142741 -0.0109464 0.000717972 -0.0222166 -0.0106452 0.0139691 0.0231181 0.0254794 0.021441 0.0296123 0.00846494 0.00714592 -0.00171497 0.0105921 0.00948011 -0.0157602 0.000364785 0.0127471 -0.0251871 0.006807 -0.0164513 0.0235838 0.00213567 0.0326739 0.0286455 -0.00719452 0.0183691 -0.0132461 -0.0277688 -0.0286959 0.030146 0.0322077 0.0186361 0.0371594 -0.00193011 0.011601 0.00964663 0.0109572
internal_weight=1832.67 1401.16 1003.58 905.784 397.585 97.793 885.839 278.453 125.632 760.207 234.009 111.638 445.078 315.129 178.014 125.696 44.4434 102.165 194.232 39.7767 404.827 395.326 107.212 20.3464 86.8658 80.3467 39.4831 40.8636 40.2515 34.1771 137.115 127.258 107.445 73.0012 386.868 359.723 100.728 258.996 250.235 19.3969 27.1222 18.2691 8.85315 30.958 10.2796 52.3187 88.1474 177.393 130.931 23.4652 20.6784 26.777 15.6513 12.5801 12.7061 109.89 29.3765 80.5139 15.3164 230.838 205.956 197.947
internal_count=72793 12012 10128 9542 1884 586 9455 1313 3054 6401 1085 2920 4451 1950 1204 875 228 729 901 184 3960 3867 2889 297 2592 2451 997 1454 491 174 746 672 585 347 3817 3595 1270 2325 2284 169 317 185 132 257 126 329 1105 818 634 618 131 752 536 165 245 535 152 383 105 2115 1935 1788
is_linear=0
shrinkage=0.05


Tree=29
num_leaves=63
num_cat=0
split_feature=19 1 19 12 16 16 12 16 8 6 0 33 8 0 33 0 8 8 19 3 4 1 0 6 31 0 4 36 16 16 6 0 6 15 7 16 1 1 8 16 0 15 8 36 36 4 33 1 4 4 33 0 15 9 17 15 0 4 31 7 8 31
split_gain=600.735 30.6383 12.6014 8.24272 9.50112 8.69871 8.07781 6.27988 6.50577 5.70385 5.58865 4.95316 7.23026 4.8714 5.90833 5.80035 4.65691 4.62704 4.62402 7.65833 6.11051 4.10139 4.49896 4.04941 4.4692 5.75214 4.40501 4.85099 4.32207 4.02426 3.97437 3.55227 3.62077 3.52698 6.6567 3.50799 4.1804 4.81458 5.53125 4.21966 4.65732 3.76199 10.2173 3.48859 3.47813 3.79562 5.10529 5.5637 4.38941 5.14597 3.95698 4.72987 3.78011 4.32729 3.43647 3.37367 3.34099 3.26207 3.25775 3.24666 3.20724 5.59114
threshold=1.0000000180025095e-35 6.5000000000000009 5.5000000000000009 1.0000000180025095e-35 0.99983397126197826 1.5856374502182009 1.0000000180025095e-35 0.99949577450752269 1830.5000000000002 0.075698308646678938 0.71383094787597667 4.7803562210901882e-06 3028.5000000000005 0.69676589965820324 2.4315065729751954e-06 0.74930953979492199 1771.5000000000002 2405.5000000000005 1.5000000000000002 3.4498615264892583 38.500000000000007 16.500000000000004 0.64959812164306652 0.010662743821740152 0.00024175861472031104 0.69049263000488292 1.0000000180025095e-35 3.0362452889676209e-05 1.6973278522491457 1.3628750443458559 6.0165323247929345e-06 0.65782737731933605 3.1453524570679299e-05 1.6375218629837038 12.500000000000002 1.2262758016586306 46.500000000000007 20.500000000000004 1631.5000000000002 1.2458654642105105 0.65993309020996105 10.669540405273439 2016.5000000000002 0.016413534991443161 0.071165069937706008 1.5000000000000002 1.734139061682072e-06 28.500000000000004 12.500000000000002 8.5000000000000018 6.0527399909915411e-06 0.70158386230468761 2.2316637039184575 5.5000000000000009 77.322280883789077 2.6489996910095219 0.71902084350585949 8.5000000000000018 4.298389058021713e-06 29.500000000000004 1488.5000000000002 0.010635156184434892
decision_type=2 2 2 2 2 2 2 2 2 2 2 2 2 2 2 2 2 2 2 2 2 2 2 2 2 2 2 2 2 2 2 2 2 2 2 2 2 2 2 2 2 2 2 2 2 2 2 2 2 2 2 2 2 2 2 2 2 2 2 2 2 2
left_child=-1 3 6 4 9 18 7 8 -3 30 17 12 16 14 -10 -15 -7 -4 19 -6 -20 23 29 24 25 31 -27 28 -28 -23 -2 -9 -33 -21 -35 41 37 38 -37 -39 -41 60 -43 57 45 46 47 -42 49 -47 58 -52 53 -48 -19 -51 -13 -17 -50 -53 -24 -62
right_child=1 2 10 -5 5 11 -8 21 13 -11 -12 56 -14 15 -16 43 -18 54 20 33 -22 22 35 -25 -26 26 27 -29 -30 -31 -32 32 -34 34 -36 36 -38 39 -40 40 44 42 -44 -45 -46 48 52 -49 50 55 51 59 -54 -55 -56 -57 -58 -59 -60 -61 61 -63
leaf_value=-0.054016480375598364 0.039711684140648094 0.029641149814288528 0.023668203814455144 0.050452596749649442 0.040727610492917871 0.010165586335857053 0.04317018869629103 0.012011580758439533 -0.027385143385138595 0.04511592147650173 0.035607881026176201 0.0026545718832797398 0.03592050405630403 -0.030140736511794542 0.012916525393899961 -0.0027643735287672271 -0.028595496713795673 0.0067643216569509531 0.047652989686347354 0.0028638924574959216 0.018959063602621354 -0.033087577266651215 0.053899932807726786 -0.0052404855930188949 0.022591947366077239 0.042597780251223731 0.042511568221303586 -0.0041187921997111751 -0.0011710093952079716 0.0010887915064432827 0.0010355287244545237 -0.0043069878018825673 -0.047636086575594858 0.0016348230270853124 0.038994535736230067 -0.048610388186380707 -0.032214608102143751 -0.035778665579345829 -0.0013843306868340345 0.0323119224526702 -0.052128019796122284 0.034483106466262889 -0.050490662547559739 -0.027024946225963815 0.031036999197172926 -0.0015285048009456665 -0.0094778068866971932 0.014214477046494759 -0.008727254572611521 -0.0030619180704426724 -0.031832032700701257 0.027395534186142989 0.046109182384508417 0.039829969989969224 -0.053999849601514494 -0.057396522716820289 0.030129899585838078 0.057573493846443662 0.02889025302863317 -0.014132877277366666 0.018751012721420223 -0.025195677748186325
leaf_weight=405.21355120814405 7.3305390588939181 12.798834419343619 17.566201927140359 31.264578904956579 57.829930055886507 14.875072933733465 15.913865847513078 12.459473825991152 12.097879178589208 9.8102757614105922 63.840925129130483 13.978074435144661 11.821885637938975 35.226607299409807 36.626692634774372 4.6192613411694747 16.175425641238689 5.3427111301571113 78.822445292025805 28.865218833088875 24.265949171036482 12.812152579426764 5.7495656721293917 24.25710716098547 123.64958444796503 13.229739354923366 15.4576608017087 27.50425810739398 8.9361873585730773 26.282999981194735 70.753447889816016 11.796777084469797 8.1542518939822894 19.254851043224335 31.313361801207066 7.7063981033861628 7.5667274948209515 5.2886025607585898 31.720751363784075 20.158792052417994 4.7191592268645755 6.7876028604805452 7.3881348362192512 4.6098118897061786 14.058912051841615 56.863056701608002 10.015828056260945 9.566675757057963 7.1981215672567478 4.5391979515552503 9.761380501091482 11.753050131723286 15.490145625546573 8.006705407984553 4.121911745518446 7.7082779835909605 53.081640567630529 4.3489843895658851 28.716008546762168 7.8496839422732583 100.12609466165304 7.8013981822878113
leaf_count=60781 34 136 113 142 270 73 70 84 410 50 323 73 49 1262 694 126 96 65 317 137 107 174 31 195 726 74 94 219 70 317 595 88 57 99 140 98 155 58 282 155 58 53 120 221 88 698 118 128 84 55 116 90 125 64 56 137 250 46 206 83 852 106
internal_value=-0.000545395 0.0152974 0.00988709 0.0256491 0.0238793 0.0275674 0.00790015 0.00719093 -0.00387534 0.0091812 0.0275394 0.0159168 0.00264314 -0.00827374 0.00290998 -0.0194391 -0.0100266 0.00848356 0.0328962 0.0268861 0.0408987 0.00898356 0.00607115 0.0141527 0.0162795 0.00827727 0.0168428 0.0102775 0.0265093 -0.0101114 0.00466645 -0.00893498 -0.0220162 0.016809 0.0247691 0.0076666 0.00442255 0.00548422 -0.0106151 0.00834741 0.00942578 0.0144841 -0.00980367 0.00832497 0.00707487 0.00522578 0.0173269 -0.00770099 0.000921716 -0.00786049 0.0102195 -0.00339469 0.0279959 0.0124277 -0.0196989 -0.0372589 0.0244029 0.0264954 0.0213507 0.010766 0.0175128 0.0155744
internal_weight=1772.85 1367.64 898.194 469.443 438.178 350.284 807.322 791.409 110.328 87.8943 90.8717 109.932 42.8724 97.5292 48.7246 48.8047 31.0505 27.0308 240.352 137.263 103.088 681.08 435.635 245.445 221.188 97.5383 65.1278 51.8981 24.3938 39.0952 78.084 32.4105 19.951 79.4334 50.5682 396.54 268.687 261.121 39.4271 221.694 216.405 127.853 14.1757 13.5781 196.246 182.187 47.7985 14.2858 134.389 69.1105 65.2782 29.3641 33.5127 18.0225 9.46462 12.2475 67.0597 8.96825 35.9141 19.6027 113.677 107.927
internal_count=72793 12012 9580 2432 2290 1611 9023 8953 2895 679 557 541 218 2759 1104 1655 169 234 1070 646 424 6058 4451 1607 1412 686 457 383 164 491 629 229 145 376 239 3960 2798 2643 380 2263 2205 1162 173 393 2050 1962 493 186 1469 890 579 289 307 182 121 192 323 172 290 173 989 958
is_linear=0
shrinkage=0.05


Tree=30
num_leaves=63
num_cat=0
split_feature=19 1 19 18 16 16 17 5 16 8 8 31 31 17 1 19 16 4 17 18 5 9 4 4 0 8 7 2 8 18 0 0 1 17 32 5 7 0 32 17 15 1 0 12 8 4 2 16 0 2 32 31 16 7 17 9 17 2 15 7 5 19
split_gain=574.832 25.3833 13.6649 11.7074 6.73675 8.39267 6.53136 10.3605 6.22209 5.83075 4.89496 4.83562 4.41066 4.30188 7.04393 5.47632 5.85733 5.63627 5.25133 5.13853 8.08922 7.53547 5.71417 7.53926 5.1322 5.02981 6.08431 4.49768 4.18001 4.09294 3.97934 3.96798 3.94982 4.94618 4.24778 3.8572 3.85641 3.83662 3.77744 3.75761 5.05089 5.68996 3.61179 3.59222 4.76283 7.28127 3.77052 3.57343 3.55794 3.49737 5.33687 3.49164 4.93987 3.38862 3.27699 3.42405 3.23515 3.1794 3.79455 3.17541 3.15688 3.1332
threshold=1.0000000180025095e-35 2.5000000000000004 1.5000000000000002 9.5000000000000018 0.94869717955589306 1.5856374502182009 3.4967733621597294 3972.5000000000005 0.99983397126197826 2604.5000000000005 1816.0000000000002 3.7837413628949439e-06 0.00021647655376000333 7.4128816127777108 30.500000000000004 10.500000000000002 1.0718141198158266 36.500000000000007 11.714131355285646 8.5000000000000018 2783.5000000000005 2.5000000000000004 62.500000000000007 34.500000000000007 0.71431159973144542 3920.0000000000005 163.00000000000003 124.50000000000001 2169.5000000000005 15.500000000000002 0.66936683654785167 0.74404335021972667 22.500000000000004 2.13494884967804 2.8001687526702885 1881.5000000000002 80.500000000000014 0.72340011596679699 3.231112122535706 3.4440877437591557 1.0481997728347781 1.0000000180025095e-35 0.76135635375976574 1.0000000180025095e-35 4142.5000000000009 1.5000000000000002 42.500000000000007 1.2078654766082766 0.6710948944091798 218.50000000000003 4.3756535053253183 0.00025533197913318878 1.2970388531684878 14.500000000000002 6.8525412082672128 8.5000000000000018 1.7465931773185732 41.500000000000007 0.18208556622266772 18.500000000000004 6010.5000000000009 2.5000000000000004
decision_type=2 2 2 2 2 2 2 2 2 2 2 2 2 2 2 2 2 2 2 2 2 2 2 2 2 2 2 2 2 2 2 2 2 2 2 2 2 2 2 2 2 2 2 2 2 2 2 2 2 2 2 2 2 2 2 2 2 2 2 2 2 2
left_child=-1 8 3 43 30 6 29 9 10 31 -2 -7 -9 14 54 16 17 18 -15 20 -18 -21 23 27 -17 26 28 -23 -20 53 -5 35 33 -13 -35 -8 -19 -24 -36 -10 -41 -42 -33 44 -3 57 -47 -44 -22 -50 -51 -31 -53 -6 55 56 -4 58 -46 -12 -34 -58
right_child=1 2 13 4 5 11 7 12 39 -11 59 32 -14 15 -16 24 19 36 25 21 48 22 37 -25 -26 -27 -28 -29 -30 51 -32 42 60 34 38 -37 -38 -39 -40 40 41 -43 47 -45 45 46 -48 -49 49 50 -52 52 -54 -55 -56 -57 61 -59 -60 -61 -62 -63
leaf_value=-0.053785202813720692 0.053462751694509203 0.01733023494877433 0.056461626665884362 0.01506341863704598 0.053898842271714535 -0.044683840580981134 0.032316418827096911 -0.017673724023461974 0.044130164543946866 0.03166572716567722 0.023943066469579721 -0.023554109657461422 -0.072237072211536871 -0.021338417684317365 0.0028214531026512489 0.0053671826701583115 -0.04203952234836205 -0.051361554228542772 0.012735875388363916 0.030046877429263097 -0.020151941838484722 0.030150685512731385 -0.040341457023254451 0.039095253918521505 0.04196450034762246 0.032349136448844254 0.036058374892602933 0.001628890234998108 -0.040486722977363609 0.025485327367692004 -0.028701898154405044 -0.038595920191006217 -0.025508627336334567 0.030842908593391921 -0.028966714700634701 0.0017345624460261184 -0.0024997236458215166 0.006492939198568636 0.013231142285473558 0.0032398935854679647 0.045672026576672214 0.023477879507695226 -0.028634127391685221 0.042810817963002679 0.048538151453071429 -0.052346276224293747 -0.007539140773131562 0.022703889998005537 0.035469305064520465 -0.035626967202002424 0.021515866534516866 0.012974999533962472 -0.035939242977852157 0.020086625164887434 0.058625776832556722 -0.0018220098901933727 0.021401466154718971 0.05208587933085345 -0.0017481611095054095 -0.0011098746812418913 0.028954179341159538 0.044685758971090381
leaf_weight=380.98919339972781 7.4344585090875617 198.3120298681315 11.798795618582515 6.4113437393680206 13.104763586074116 8.7365242140367609 13.898900130763648 16.196188017725948 63.388652909547091 21.338299262337387 22.801053069531918 13.416294671595095 4.801834011450409 11.828431183472274 25.464363074395806 13.330391978844998 8.479591425508259 7.4643892874009934 6.2235228503122952 103.68683741707355 7.3465658128261557 18.015764219686389 7.951868167147043 26.667552717030048 34.045549653470516 23.296962796710432 7.5465993760153642 59.379394966177642 9.0591808278113586 22.179364001378417 27.351353463018313 9.5929555650800484 26.855761438608173 16.587299387902021 8.4360992424190062 39.937327369116247 8.7975457767024619 9.7153054941445571 14.281810062006114 16.265929277986288 50.420156560838223 67.591809585690498 5.8195090554654589 11.080549348145722 4.9346683502662989 5.9396918457932797 22.407355030067265 8.1178608881309611 15.863980722613631 5.9401792511343983 13.090630536898969 16.931719828397039 7.4251544103026381 17.051648838445544 10.549169784411786 8.1089720111340267 49.755778037011623 5.8484406219795337 15.645872615743427 28.404176944866776 2.9533089827746144 20.359764737077057
leaf_count=60811 32 1761 64 124 73 147 96 203 291 184 105 117 56 165 341 94 62 141 72 619 86 124 81 151 137 303 70 507 190 162 944 117 501 114 96 442 103 63 109 67 194 313 66 47 57 133 357 65 93 78 86 151 76 145 48 77 334 65 232 214 30 93
internal_value=0.000521448 0.0156717 0.0123952 0.00714704 0.000737854 0.00321774 0.00903971 0.00174126 0.0298534 0.00852593 0.0155504 -0.00931041 -0.0301513 0.0182629 0.0263125 0.015712 0.0135545 0.00108421 0.0083831 0.0169062 0.00252725 0.0201415 0.0117044 0.016168 0.0316669 0.0160048 -0.000674415 0.00826809 -0.0188131 0.0204312 -0.0203911 0.00214379 -0.00556585 0.00265907 0.0116066 0.00962988 -0.0249278 -0.0145869 -0.00243867 0.0340966 0.02936 0.0329602 -0.014984 0.0149454 0.0137254 0.000674317 -0.0169278 0.00126785 0.0114736 0.0181319 0.0036796 0.0111329 -0.00193643 0.0347801 0.0322603 0.0291707 0.0322388 0.0195539 0.0103092 0.0100459 -0.0201128 0.0281626
internal_weight=1746.66 1365.67 1109.36 585.594 321.425 287.663 196.396 119.703 256.306 98.7049 58.6397 91.2671 20.998 523.767 126.037 397.73 350.354 74.2166 57.9547 276.138 50.7209 225.417 121.73 104.063 47.3759 46.1263 22.8293 77.3952 15.2827 76.6927 33.7627 77.3666 82.5306 52.7215 39.3052 53.8362 16.2619 17.6672 22.7179 197.667 134.278 118.012 23.5303 264.169 253.088 54.776 28.347 13.9374 42.2414 34.8948 19.0308 46.5362 24.3569 30.1564 100.572 90.0233 81.9143 26.429 20.5805 51.2052 29.8091 70.1155
internal_count=72879 12068 10852 6670 4018 2950 1836 1229 1216 970 351 1114 259 4182 957 3225 2994 1044 800 1950 405 1545 926 782 231 635 332 631 262 607 1068 786 967 436 319 538 244 144 205 865 574 507 248 2652 2605 844 490 131 343 257 164 389 227 218 616 568 491 354 289 319 531 427
is_linear=0
shrinkage=0.05


Tree=31
num_leaves=63
num_cat=0
split_feature=13 1 32 32 3 5 12 12 1 1 15 1 15 34 0 4 32 8 1 18 1 8 33 18 8 4 3 4 3 0 18 15 1 17 7 4 8 17 7 34 18 18 3 1 4 0 0 0 6 10 0 15 3 3 34 4 3 5 4 3 8 17
split_gain=157.71 41.3318 40.4566 33.9414 12.036 11.1636 10.9056 10.5227 8.52521 7.34871 7.6908 5.25238 5.2032 14.4526 5.18577 5.01978 4.58947 5.06858 4.58298 4.35854 4.74056 7.98702 5.73899 5.16761 4.44041 4.74138 4.41593 4.18249 4.61319 4.94939 5.5452 4.10165 3.86903 4.36126 3.77554 5.26419 5.61915 4.04342 3.50358 3.4956 3.48114 4.91384 3.43013 5.05049 5.43144 6.31436 4.1511 3.87346 3.36036 7.41373 5.41837 4.12511 3.66053 8.05953 3.29207 3.27858 5.36729 5.11287 4.52022 5.15938 6.551 3.25441
threshold=1.0000000180025095e-35 3.5000000000000004 2.0508674383163457 1.9335716962814333 4.388237953186036 6009.0000000000009 1.0000000180025095e-35 1.0000000180025095e-35 20.500000000000004 1.0000000180025095e-35 1.1336309313774111 13.500000000000002 0.75093984603881847 0.52669814229011547 0.71336460113525402 2.5000000000000004 3.7529759407043461 1647.5000000000002 1.5000000000000002 24.500000000000004 18.500000000000004 2020.5000000000002 9.9154846111559912e-07 4.5000000000000009 5883.0000000000009 14.500000000000002 3.9607677459716801 1.5000000000000002 2.4414010047912602 0.67580223083496105 3.5000000000000004 15.343137264251711 27.500000000000004 244.29100036621097 5.5000000000000009 69.500000000000014 1762.0000000000002 25.240055084228519 13.500000000000002 0.53922346234321605 5.5000000000000009 6.5000000000000009 3.5408543348312382 1.0000000180025095e-35 4.5000000000000009 0.73627281188964855 0.78461074829101574 0.71851158142089855 0.00022063528740545737 1.0000000180025095e-35 0.64881610870361339 12.012499809265138 4.4829866886138925 4.5900437831878671 0.44873283803462988 34.500000000000007 6.3017024993896493 6031.0000000000009 16.500000000000004 5.1789667606353769 1620.5000000000002 1.7465931773185732
decision_type=2 2 2 2 2 2 2 2 2 2 2 2 2 2 2 2 2 2 2 2 2 2 2 2 2 2 2 2 2 2 2 2 2 2 2 2 2 2 2 2 2 2 2 2 2 2 2 2 2 2 2 2 2 2 2 2 2 2 2 2 2 2
left_child=1 12 7 8 6 9 11 18 27 -4 -11 39 13 16 31 -10 17 -1 38 20 21 26 23 -22 25 40 -13 28 29 -3 -31 48 54 -34 55 37 -37 -36 -2 -5 -25 -42 -14 -44 45 -45 -47 -46 49 -6 -50 52 -52 -54 -12 57 -57 58 59 60 -33 -24
right_child=2 3 5 4 14 -7 -8 -9 15 10 32 19 42 -15 -16 -17 -18 -19 -20 -21 22 -23 61 24 -26 -27 -28 -29 -30 30 -32 34 33 -35 35 36 -38 -39 -40 -41 41 -43 43 44 47 46 -48 -49 50 -51 51 -53 53 -55 -56 56 -58 -59 -60 -61 -62 -63
leaf_value=-0.026380966404031023 0.016002777920118585 -0.050945496134331782 0.020071159631004191 0.0088822357206385216 -0.027420906672955044 0.039093367453243238 0.051569896276966634 0.029857469601237408 -0.030797850882355867 -0.033725187515341905 -0.0071758887011729271 0.024861061825790832 0.040296639519205792 -0.071662186682315554 0.017514601162508355 0.019287724267610887 -0.043502411652627818 0.02907724051609208 -0.048408858396971739 -0.018675523693812267 -0.049652139717882036 -0.036524451672834149 0.029867205463208368 -0.068775669886889143 0.043756253848743674 0.077119568080391221 -0.054069592322703121 0.023259187477174446 0.01306110158588744 0.038468789273876453 -0.016401187437880205 0.023074120829412972 -0.033070168990618862 0.037099707898918942 -0.0019821959604315216 0.040317640083565885 -0.018173790633292494 -0.046724442801463206 -0.047647784084713256 -0.049554372913353788 0.035279069309101477 -0.015534788503296938 0.037950509544382498 0.026677553744386542 5.9227565531653856e-05 -0.034160846289995488 0.015326831619130309 0.031736972985363487 -0.034599248727179337 0.013524590690571551 0.045361637407535529 0.049379648866867062 -0.05466341783855877 0.017229225537968542 0.027633129230778798 0.054853885343445485 -0.0028762421647347469 0.042660090610784109 -0.061994313499729128 0.035473468880058992 -0.063312381766992207 0.0055571988564779625
leaf_weight=4.5651574258226892 5.0117891880217922 8.843783265212549 14.13173613231629 133.68851284991251 14.962381388060747 10.411732385633512 10.512601669877766 4.6096263737417749 79.582681366009638 49.381562479538843 62.831499601830728 11.307427510502746 54.022726279101335 4.7071972209960213 286.03322789748199 5.3382022499572477 2.6889827102422705 42.248632708215155 174.41090817790246 44.389375090831891 7.2956470239441833 21.860090264584869 16.406134693301283 2.564575081691145 4.3358341621933496 1.5359984729439009 2.1013393215835086 11.26000409957487 17.099559015128762 5.2114679999649516 39.538494001200888 3.8884629488457048 22.749973752652298 2.4531495817936948 8.1781102148816007 7.4106183587573495 9.208060176111756 13.199657603166996 3.8020815958734602 2.6090703420341006 5.4935470869531846 35.518668895005248 56.364317724714056 15.290325827896593 11.354994539637117 12.019026562105866 6.5450581302866331 64.270634823245928 4.582503166049718 42.334587699035183 9.7818260479252768 11.274035643320529 4.1727173128165296 59.28857739130035 7.6157323685474685 8.1225687176920491 7.9832286145538083 4.8462864364264524 4.0128517772536716 5.6203798963688305 5.0379691403359175 85.586091545643285
leaf_count=201 336 991 253 2701 329 125 61 141 8336 4834 2922 326 729 24 2754 213 19 922 27886 1780 452 566 423 171 66 10 79 299 634 252 2873 96 2193 27 155 42 96 216 550 16 217 1519 298 144 78 141 62 378 94 556 117 100 110 708 69 45 75 71 115 67 177 2639
internal_value=0.000730836 0.00862254 -0.0287705 0.00415505 0.00801443 -0.0110658 0.00134364 -0.0447541 -0.0165474 -0.014347 -0.0177007 -6.55402e-05 0.0259336 0.0120593 0.0130535 -0.0276494 0.0200204 0.0236691 -0.0466312 -0.00454171 -0.00130782 -0.0178892 0.00237631 -0.0103696 -0.00457389 -0.00921895 0.0124915 -0.00504327 -0.00955128 -0.016766 -0.0100112 0.00735457 -0.00942767 -0.0262402 -0.001946 -0.0131992 0.00790877 -0.0296082 -0.0114545 0.00776362 -0.0122622 -0.00872832 0.0293544 0.02579 0.0195293 0.00288421 -0.0167132 0.0269806 0.0122787 0.00283219 0.0183534 0.0212244 0.0168906 0.0125021 -0.00341284 0.00887567 0.0262385 -0.00307185 -0.0150133 -0.00205327 -0.0256814 0.00946763
internal_weight=1693.5 1336.09 357.41 1062.02 895.143 169.575 385.205 187.834 166.874 159.164 145.032 374.692 274.077 54.21 509.938 84.9209 49.5028 46.8138 183.225 238.395 194.005 35.2689 158.736 56.7443 49.4486 45.1128 13.4088 81.9533 70.6933 53.5937 44.75 223.905 95.6504 25.2031 77.5082 37.9964 16.6187 21.3778 8.81387 136.298 43.5768 41.0122 219.867 165.844 109.48 33.8544 18.5641 75.6256 146.397 57.297 89.0997 84.5172 73.2431 63.4613 70.4472 39.5117 16.1058 23.406 18.5597 14.5468 8.92643 101.992
internal_count=72879 33543 39336 30547 16949 10423 11026 28913 13598 10298 10045 10965 2996 1166 5923 8549 1142 1123 28772 8248 6468 971 5497 2435 1983 1917 405 5049 4750 4116 3125 3169 5211 2220 1155 509 138 371 886 2717 1907 1736 1830 1101 803 347 203 456 2014 885 1129 1035 935 818 2991 646 120 526 455 340 273 3062
is_linear=0
shrinkage=0.05


Tree=32
num_leaves=63
num_cat=0
split_feature=16 1 2 15 2 1 1 2 12 16 15 16 12 10 1 0 0 6 6 18 9 0 31 7 0 16 16 0 18 17 4 2 0 9 2 15 17 1 4 7 2 17 16 7 0 16 17 2 33 18 0 18 7 16 16 0 2 4 0 15 16 5
split_gain=166.927 40.9009 32.4409 28.5525 10.5268 8.70773 8.4571 10.7701 7.55327 5.52645 5.36705 5.13319 5.02126 4.74917 7.01514 5.22038 5.24104 4.59288 10.0593 4.57666 7.19038 7.11651 5.64962 4.48101 4.2112 4.86865 4.14838 4.14215 3.99032 3.9479 4.35099 4.0632 3.71117 3.69976 4.41977 3.66495 6.05512 6.2404 3.87745 4.34803 3.78666 9.49638 3.53423 3.4704 5.06977 3.5795 3.35544 4.39089 3.34335 3.55129 4.32393 3.32697 3.29316 3.32011 3.26868 3.18863 3.66142 5.37358 3.70618 3.11665 3.10629 3.71872
threshold=0.86763349175453197 3.5000000000000004 16.500000000000004 0.70031845569610607 79.500000000000014 15.500000000000002 13.500000000000002 213.50000000000003 1.0000000180025095e-35 0.99983397126197826 1.547857999801636 0.90408447384834301 1.0000000180025095e-35 1.0000000180025095e-35 24.500000000000004 0.67580223083496105 0.6705608367919923 0.0006021526933182032 0.0034582260996103291 12.500000000000002 3.5000000000000004 0.72002601623535167 0.010635156184434892 101.50000000000001 0.66639137268066417 2.8550761938095097 1.4669077396392824 0.79950332641601574 29.500000000000004 6.3603229522705087 43.500000000000007 86.500000000000014 0.65271186828613292 1.5000000000000002 33.500000000000007 103.70833206176759 30.7179069519043 20.500000000000004 29.500000000000004 26.500000000000004 114.50000000000001 11.714131355285646 1.7985972762107851 23.500000000000004 0.73112106323242199 1.3860672712326052 5.6920928955078134 107.50000000000001 2.9937028784843282e-06 25.500000000000004 0.70793342590332042 8.5000000000000018 1.0000000180025095e-35 2.5950433015823369 3.4093986749649052 0.68629646301269542 47.500000000000007 14.500000000000002 0.68242835998535167 2.2316637039184575 1.1183523535728457 4758.5000000000009
decision_type=2 2 2 2 2 2 2 2 2 2 2 2 2 2 2 2 2 2 2 2 2 2 2 2 2 2 2 2 2 2 2 2 2 2 2 2 2 2 2 2 2 2 2 2 2 2 2 2 2 2 2 2 2 2 2 2 2 2 2 2 2 2
left_child=3 9 5 12 8 -3 -5 -8 48 33 42 -6 -1 17 29 16 46 24 -19 23 22 -22 -21 -11 25 -13 32 28 -24 -15 31 -31 -12 34 -2 36 38 -38 39 54 -41 -42 60 44 45 -20 -16 -48 55 -50 -51 -49 -33 -54 -26 56 58 -58 -4 -28 -7 -62
right_child=1 2 4 6 11 10 7 -9 -10 19 26 13 -14 14 15 -17 -18 18 43 20 21 -23 27 -25 35 -27 59 -29 -30 30 -32 52 -34 -35 -36 -37 37 -39 -40 40 41 -43 -44 -45 -46 -47 47 51 49 50 -52 -53 53 -55 -56 -57 57 -59 -60 -61 61 -63
leaf_value=-0.049365781073076674 0.021197415989984859 -0.0021414443319726435 -0.0040164634800121312 -0.0010758524089951183 -0.030414628058313516 -0.038118804015743017 -0.038527108430813438 0.015974252940828659 0.045381184140188234 0.037236506956648013 0.050897648674631403 -0.056291821259892932 0.0092240635881635207 0.04874113229115988 0.045146081478863953 0.011936155257817455 -0.061832869831181136 0.027814283548167271 -0.041664639162529417 0.034609013491932746 -0.047040691292702684 0.012041601684162672 0.0069334096080662325 0.0024617759546670176 -0.031043682187758687 0.028165940663086239 0.0004271403202407108 0.035475505873953476 -0.057451545762678184 0.044492874976894817 0.03279780156112929 -0.023184152076334785 -0.0044549770199095963 0.051597628922729316 -0.01355772621034663 0.029839907528398598 -0.076371438938487135 -0.0006285905548577774 0.033293119301757955 0.034186240853911198 -0.061820945069627681 0.025247454874468101 -0.050152240293569156 -0.022042262589321716 0.029928977488741189 0.010727515403971304 -0.059952002167738397 -0.042216256664923776 0.0064795765058403955 -0.032107039908068978 0.00096590182990694213 0.012881999267872186 0.016860988798185188 -0.016687745649252132 0.028439423915180031 -0.0007721010755737728 -0.049455106252640234 0.058813816819497246 -0.072074101649407071 -0.057959372322178619 -0.026735086436245666 0.0044772395298305588
leaf_weight=160.92010112042772 17.125103868544102 70.744534690398723 32.800451859598979 53.831976634217426 7.086051997030153 28.069929990801029 48.724872733233497 11.136256948811932 9.361277621239422 112.59406018420123 4.7134137211833176 6.8121123630553466 3.7418894083239129 12.577459277119486 3.1369545250199797 104.16998531646095 4.5166084414813659 52.542016846360639 6.3526414798107016 68.381958326324821 6.2739136242307714 27.16384005593136 6.3307934452313912 10.094312402419744 14.675772267859431 2.2766250860877335 4.614444494713096 5.763345304876565 3.8821438495069742 11.205683184321968 48.691580263432115 5.9569990595336995 8.4690704770619032 4.3101538410410276 19.636401867261156 9.5425084778107685 5.2693740963004512 5.6193744586780667 9.1435120813548547 10.218826033174993 4.8933764975517979 8.6986789652146381 17.523710116627626 17.399252887116745 12.33614882128313 6.6968177312519401 3.6587812772486386 3.511618652381002 194.42010036075953 13.996946063823996 33.620950272772461 12.464813465485348 122.08567395037971 7.8487310900818548 2.7408681022934607 92.213258345378563 11.944959833752362 1.267651168629526 2.1303015656303605 4.5288165279198438 30.095447135390714 13.973899789038112
leaf_count=26654 443 4108 1392 2673 222 3330 6693 349 65 1328 141 181 133 111 29 1405 84 541 165 575 84 286 105 73 329 46 243 46 49 81 280 72 671 44 255 74 44 69 73 123 71 90 2327 312 127 113 103 101 4986 519 980 149 1197 95 39 2833 515 11 128 470 3002 1042
internal_value=0.000589337 0.00772249 0.00335795 -0.0347279 0.00720343 -0.0158741 -0.0154561 -0.028388 0.00100827 0.0247217 -0.0245492 0.0118517 -0.0480343 0.0124332 0.0158808 0.00683643 -0.0126309 0.00574676 0.0131575 0.0276167 0.0205772 0.000956012 0.0283547 0.0343754 -0.00309588 -0.0351361 -0.00261331 0.00158462 -0.0175406 0.0215869 0.0198426 0.0155542 0.0153364 0.00777122 0.00263273 0.00101706 -0.00347271 -0.0372827 0.00383602 -0.00269703 0.0111902 -0.00609868 -0.0300111 -0.00484169 0.00694756 -0.0147776 -0.00287218 -0.0105437 -7.80065e-05 0.00348224 -0.00875566 0.000771407 0.0131679 0.0148345 -0.0216828 -0.00621747 -0.0166475 -0.0390675 -0.00816706 -0.0284927 -0.0251185 -0.016838
internal_weight=1656.53 1378.17 1096.62 278.355 913.885 182.733 113.693 59.8611 391.756 281.556 111.989 522.129 164.662 515.043 339.825 131.459 27.2888 175.218 95.3269 240.484 117.796 33.4378 84.3582 122.688 79.891 9.08874 22.3257 15.9763 10.2129 208.366 195.789 147.097 13.1825 41.0717 36.7615 70.8023 61.2598 10.8887 50.371 41.2275 23.8109 13.5921 89.663 42.7849 25.3856 13.0495 22.7722 19.6352 382.395 242.038 47.6179 15.9764 135.891 129.934 17.4166 140.357 48.1434 13.2126 34.9308 9.14326 72.1393 44.0693
internal_count=72879 36377 33089 36502 17755 15334 9715 7042 11429 3288 11226 6326 26787 6104 3707 1871 466 2397 1258 2546 1145 370 775 1401 1139 227 1525 200 154 1836 1725 1445 812 742 698 912 838 113 725 652 284 161 9701 717 405 278 382 353 11364 6485 1499 250 1364 1292 368 4879 2046 526 1520 713 7374 4044
is_linear=0
shrinkage=0.05


Tree=33
num_leaves=63
num_cat=0
split_feature=19 1 19 34 18 11 9 32 18 1 16 16 33 34 2 16 0 19 16 2 1 1 1 16 8 33 4 2 4 16 32 4 15 19 17 4 33 31 33 16 15 8 18 35 14 14 33 8 36 0 17 33 1 9 10 2 15 16 8 16 4 16
split_gain=496.443 17.6233 11.5724 21.4684 8.81828 7.62019 7.21085 5.5005 7.16153 5.21039 5.04553 5.04217 4.50295 4.44426 4.24965 4.29694 4.22469 4.11672 3.93798 3.82965 5.41088 3.65946 3.70396 3.63983 3.57608 4.46475 5.3947 3.46133 4.63055 3.41779 3.40922 3.64281 3.402 3.35422 8.67745 3.24783 3.56771 3.31174 3.23973 3.1732 4.0147 3.44989 3.28759 5.48712 4.77775 6.29436 4.58761 4.66044 3.76537 3.17104 3.05186 7.98139 3.71529 3.45778 3.20024 3.03987 3.12177 2.9613 2.95538 2.94974 2.90518 4.10016
threshold=1.0000000180025095e-35 1.5000000000000002 1.5000000000000002 0.44063910841941839 9.5000000000000018 1.0000000180025095e-35 3.5000000000000004 2.2931644916534428 15.500000000000002 22.500000000000004 0.99949577450752269 0.95474797487258922 0.012791178654879333 0.53961744904518139 100.50000000000001 1.0003581047058108 0.69676589965820324 5.5000000000000009 1.3065387010574343 33.500000000000007 3.5000000000000004 24.500000000000004 20.500000000000004 0.99983397126197826 1851.0000000000002 0.0081560160033404844 15.500000000000002 281.50000000000006 45.500000000000007 2.0582987070083623 3.1834850311279301 16.500000000000004 14.510000228881838 1.5000000000000002 12.462354183197023 68.500000000000014 0.0025928451213985686 0.0011153221130371096 2.1253275917842988e-05 1.0321964621543886 16.25657939910889 4523.0000000000009 12.500000000000002 0.080128207802772536 4.2696731090545663 4.9089648723602304 0.022983022034168247 2604.5000000000005 0.0022446432849392299 0.72387886047363292 5.0566709041595468 0.00052035698899999272 10.500000000000002 3.5000000000000004 1.0000000180025095e-35 41.500000000000007 36.014286041259773 1.1011993885040285 4000.5000000000005 2.3481009006500249 4.5000000000000009 1.0933960080146792
decision_type=2 2 2 2 2 2 2 2 2 2 2 2 2 2 2 2 2 2 2 2 2 2 2 2 2 2 2 2 2 2 2 2 2 2 2 2 2 2 2 2 2 2 2 2 2 2 2 2 2 2 2 2 2 2 2 2 2 2 2 2 2 2
left_child=-1 23 3 4 19 10 7 8 -6 -8 11 38 14 -7 15 -12 -10 24 -14 20 -3 22 -19 -2 25 26 -16 -28 -29 35 50 58 33 34 -25 36 37 -26 49 41 42 55 43 -41 46 -46 47 -44 -49 -4 53 -52 -53 -21 -55 -9 -57 -15 -32 -31 61 -17
right_child=1 2 5 -5 6 13 9 39 16 -11 12 -13 18 57 17 60 -18 21 -20 30 -22 -23 -24 32 29 -27 27 28 -30 59 31 -33 -34 -35 -36 -37 -38 -39 -40 40 -42 -43 44 -45 45 -47 -48 48 -50 -51 51 52 -54 54 -56 56 -58 -59 -60 -61 -62 -63
leaf_value=-0.053429247801361969 0.01670468030736285 0.053167645693712851 -0.0008117791522092503 -0.072111861850106249 0.039280419314877593 0.040509485519002048 0.00062989931786847347 0.0025915029293727791 0.024628391074374908 -0.0230310964745707 0.062640770307500981 -0.038790164091329384 0.017404779137031649 -0.002684873042413835 -0.023207473508790589 -0.017702144168504089 -0.0086507746196821493 0.023070694330664974 0.055371043774240375 0.022136934808651379 0.018564063130789368 0.007344963324457489 0.055780523487470361 0.03755738036695417 0.01831166895786419 -0.042313652076111333 0.030060570020844769 -0.031286629269245109 0.016661610327360587 -0.049143003233825602 0.031317317680722635 -0.0010559111418673858 0.015362447373874641 0.048435022893827499 -0.013192579122339313 -0.0087223979424536063 0.041223236411262708 -0.0064510989227848717 -0.006567878227833889 -0.046962999035530612 -0.025504123269412995 0.016760932857384111 0.003907251171060405 0.016921939404840308 -0.046616167163558347 0.014070698601169683 0.052372643484645535 0.012898516118620302 0.053471378787240446 0.04311876003671599 -0.034735734331354254 0.043004500117090991 -0.0055421803633635284 0.025156098689827662 -0.01560129797671491 -0.038777171775651292 0.021734356685114795 0.037850466472512931 -0.001209791547636204 0.0071145342696873658 0.033246513885070432 0.020229608880103382
leaf_weight=337.04419425880769 42.120144678279757 12.719394214451311 7.5025345785543349 8.3237124755978567 28.358255817554891 52.479935890063643 64.640315206255764 11.240187207702549 17.209325321018696 36.352083940757439 6.8615938909351817 7.2398805459961286 13.391582675278189 12.08210321608931 14.261565834283827 8.2205693684518319 21.389450684655458 38.307409904897213 13.939194383099673 29.900046328548342 101.02592128654942 26.178492048755288 11.180643144994972 59.99723400734365 89.245833721011877 6.0359476618468753 16.553958078846335 7.7607516795396831 14.338249430060385 3.9081865884363634 40.551940179429948 17.156240310519934 21.470646146684885 41.117769472301006 9.7984733879566175 12.834492459893225 14.252055685967205 15.90884458273649 20.243080297717825 6.3147913981229049 8.6177951274439675 9.5582962315529567 38.825575394555926 7.18600819632411 6.9844748526811626 11.00480152107775 9.1637752167880517 11.932220537215473 10.980957403779028 9.07841838756576 15.208009775727989 7.0488249640911809 8.9388698386028391 6.8276607352308956 16.348658006172627 15.617851406801494 2.4682419681921592 7.1850661411881438 8.4360664635896665 5.7701789420098066 34.767039285972714 53.416264836676419
leaf_count=60811 254 67 165 273 220 339 670 178 164 810 32 144 87 113 155 61 264 199 61 224 996 198 38 314 664 42 111 73 102 56 297 210 102 170 37 98 95 123 483 98 123 112 371 46 110 100 43 107 61 93 304 42 171 67 157 444 35 45 124 72 245 409
internal_value=0.000593792 0.014733 0.0124172 0.00761921 0.0087595 0.0178335 0.00314869 0.00828816 0.0202029 -0.00788685 0.0154267 -0.00064521 0.0171661 0.0329693 0.0157556 0.0244105 0.00618679 0.0125236 0.0367683 0.0155105 0.0224336 0.0224633 0.0304607 0.0295068 0.00877933 -0.00157193 0.00307547 0.0127729 -0.000176906 0.013079 0.0102753 0.018772 0.03358 0.0371065 0.0304327 0.0151782 0.0177471 0.0145653 0.00685437 0.00296593 0.00727151 -0.00932595 0.01003 -0.0129593 0.0135216 -0.00949144 0.0193605 0.0144605 0.0323427 0.0232411 0.00360643 -0.00880477 0.0158616 0.0109011 -0.00359431 -0.0178284 -0.0305191 0.0124315 0.0257159 -0.0156026 0.0216895 0.0151706
internal_weight=1624.82 1287.78 1113.27 590.33 582.006 522.944 317.844 216.852 66.957 100.992 451.197 44.0639 407.133 71.7471 379.802 103.265 38.5988 276.537 27.3308 264.162 113.745 75.6665 49.4881 174.504 200.87 58.9505 52.9145 38.653 22.099 141.92 150.416 66.1442 132.384 110.913 69.7957 132.241 119.407 105.155 36.824 149.895 111.01 38.8846 102.393 13.5008 88.8918 17.9893 70.9025 61.7388 22.9132 16.581 84.2721 31.1957 15.9877 53.0764 23.1763 29.3263 18.0861 19.2672 48.988 9.67837 96.4039 61.6368
internal_count=72879 12068 11191 6888 6615 4303 3956 2476 648 1480 3806 885 2921 497 2773 747 428 2026 148 2659 1063 435 237 877 1591 483 441 286 175 1108 1596 631 623 521 351 980 882 787 741 1828 1059 769 936 144 792 210 582 539 168 258 965 517 213 448 224 657 479 158 421 128 715 470
is_linear=0
shrinkage=0.05


Tree=34
num_leaves=63
num_cat=0
split_feature=19 1 19 11 12 18 11 9 31 1 7 19 10 18 9 31 2 31 15 31 1 19 32 7 0 8 5 17 31 13 0 32 17 1 9 32 15 31 8 32 32 17 7 31 7 32 32 2 0 15 17 4 18 7 8 15 17 17 8 15 17 17
split_gain=461.273 16.8732 10.2134 15.9486 8.55009 6.61902 6.0532 4.7352 4.5252 4.10405 4.07549 4.81687 3.7627 4.69007 5.7958 3.71557 4.28518 3.90946 5.27746 4.14863 3.64372 4.32957 5.18324 4.434 3.68984 5.01998 3.56814 3.48587 3.44447 5.05711 3.42717 3.34366 3.30209 3.24608 3.23492 3.26284 3.72616 5.26792 4.06922 3.51735 3.22956 4.19384 3.11785 3.05855 3.01339 4.51262 4.90143 2.99828 2.96868 7.26862 5.0144 5.28228 4.12528 2.90568 2.87417 3.4529 5.91658 5.60316 3.33068 3.17234 3.12657 2.83293
threshold=1.0000000180025095e-35 1.5000000000000002 1.5000000000000002 1.0000000180025095e-35 1.0000000180025095e-35 7.5000000000000009 1.0000000180025095e-35 3.5000000000000004 0.0027273151790723209 36.500000000000007 243.00000000000003 2.5000000000000004 1.0000000180025095e-35 4.5000000000000009 2.5000000000000004 0.030983542092144493 39.500000000000007 0.0099572264589369314 0.61556267738342296 0.013255031779408457 37.500000000000007 4.5000000000000009 3.8547390699386601 2.5000000000000004 0.74271774291992199 2447.5000000000005 2041.5000000000002 14.654661178588869 0.05986429192125798 1.0000000180025095e-35 0.70571327209472667 2.1762200593948369 12.089809894561769 7.5000000000000009 11.500000000000002 3.6695361137390141 1.4984662532806399 4.3983984596707168e-06 2034.5000000000002 4.1136822700500497 4.034879446029664 30.7179069519043 139.50000000000003 7.5757179729407664e-07 3.5000000000000004 2.7669528722763066 2.9976557493209843 146.50000000000003 0.66263389587402355 13.211111068725588 7.1349408626556405 5.5000000000000009 11.500000000000002 8.5000000000000018 3087.0000000000005 0.7489837408065797 2.1924664974212651 3.3481972217559819 2604.5000000000005 7.3393940925598153 2.4285062551498418 2.0275217294692998
decision_type=2 2 2 2 2 2 2 2 2 2 2 2 2 2 2 2 2 2 2 2 2 2 2 2 2 2 2 2 2 2 2 2 2 2 2 2 2 2 2 2 2 2 2 2 2 2 2 2 2 2 2 2 2 2 2 2 2 2 2 2 2 2
left_child=-1 42 3 4 5 28 12 15 9 34 11 -8 13 14 -4 17 -17 31 19 -19 21 22 27 -24 25 30 -25 32 29 -3 -23 -7 43 -10 35 36 37 -9 -39 -37 -28 -42 -2 -14 -38 -46 -47 53 49 -15 52 -52 -50 -20 58 60 -57 -58 -33 -59 -56 -31
right_child=1 2 6 -5 -6 7 10 8 33 -11 -12 -13 20 48 -16 16 -18 18 47 -21 -22 24 23 26 -26 -27 40 -29 -30 61 -32 54 -34 -35 -36 39 44 38 -40 -41 41 -43 -44 -45 45 46 -48 -49 50 -51 51 -53 -54 -55 55 56 57 59 -60 -61 -62 -63
leaf_value=-0.05322815754734829 0.031081863275151767 0.016899257467175032 -0.063793060338644444 -0.06730302650825247 0.045228542820862146 0.02059899098793529 0.018105318359443408 -0.05025624303495007 0.011503994414199562 -0.027667146961311603 0.0025717280346732904 0.047555419586032995 -0.010666517443872037 -0.061789901553156772 0.0068147047748890882 0.051905075588805152 0.0016290453802730942 -0.081493712833357601 -0.015651397595038499 -0.015386879195786502 0.0040479646674289769 0.0251914289120331 0.037297096339099216 0.030893996270880405 0.045321135917895113 0.038765908214727036 -0.032744260775674446 0.036236176480159983 0.053957150860035302 0.01938829366891481 -0.018644645148715368 0.004127332556111943 -0.010526238435927524 -0.067041853102319346 -0.036143206174625062 -0.056321200741555222 -0.011717036929636441 -0.036224836648497072 0.015434185466250028 0.0034391023092721594 0.025875365672376804 -0.010332750485964199 0.0053107763348870058 0.02338612732826973 0.036073119604074624 -0.030542777321262017 0.017767904074123837 -0.033814721876553336 0.05325254938268556 0.020399228224910831 -0.031853858120780856 0.011585428093030746 0.013308397485855076 0.019205113679102392 0.042113788325641763 -0.071146769837327123 0.027310753855474969 -0.031182241659001287 0.025604918662796572 0.013507449155635337 -0.0034861684888656467 -0.018577774048280263
leaf_weight=316.24673854792491 154.2403662353754 163.34887729492038 4.8304870463907701 7.039021781878545 15.353532515466211 46.129397536627948 22.6793576432392 5.9854458677582469 1.8250706465914834 14.026904805563388 10.699347272515295 35.804211852140725 7.1853578910231581 4.5890053305774909 7.2963349460624158 9.6647760770283657 7.5484534242423242 3.6810620818287116 8.6652491274289805 6.6802952480502427 39.168974615167826 8.4784303046762961 9.0755615439265949 7.7798334537073961 27.860700907185674 19.615558447316289 8.9171207621693593 33.607585363090038 5.4825697392225257 6.8921073707751956 9.4045174513012153 60.505724514368922 9.4529042495414597 4.7100849263370037 5.4826078955084077 4.5206189369782788 9.7827059319242817 5.0245626391842988 15.796828967053441 5.4075617603957653 11.508526725694535 26.211621867492795 12.702838927507399 80.131743620149791 21.126061739400029 7.0688957730308202 20.40660931635648 4.9514949689619234 12.724265933036806 6.5008655283600092 7.5940892081707707 89.211667518131435 13.137457795441149 19.285623595584184 6.2943963557481757 3.9375345427542916 8.9026563232764619 15.837909513618799 25.726063209353015 5.2998961322009555 9.3325083907693607 17.114332766737789
leaf_count=60811 809 1264 58 274 84 411 174 73 27 355 100 223 47 67 108 92 113 43 116 124 539 61 54 55 138 125 99 255 34 152 69 669 95 237 95 70 110 75 204 44 88 240 68 648 169 80 205 82 55 55 92 747 111 238 40 32 69 303 228 69 135 572
internal_value=0.000758083 0.0143162 0.0120535 0.00749982 0.00842067 0.00740506 0.0171869 0.00343373 -0.00463753 -0.00233034 0.0309443 0.036135 0.0150446 0.00846371 -0.0213105 0.00746744 0.0298577 0.00575626 -0.00775353 -0.0388725 0.0182619 0.0204096 0.0166577 0.00494241 0.0315385 0.0212983 -0.000453629 0.022363 0.0148932 0.0137501 0.00213834 0.00896831 0.0175449 -0.0451064 0.00120237 0.00335494 0.00651628 -0.00891596 0.00296797 -0.0237717 -0.00568291 0.000714451 0.0291209 0.0205839 0.0136019 0.0186982 0.00533854 0.00204623 0.0111631 -0.0136108 0.0134028 0.00817776 0.0329614 0.008399 0.00501859 -0.00457076 -0.0135169 -0.00596313 0.0105349 -0.0199772 0.0148811 -0.00767794
internal_weight=1575.49 1259.25 1092.3 578.837 571.798 556.445 513.466 363.607 121.164 114.629 69.1829 58.4836 444.283 145.884 12.1268 242.443 17.2132 225.23 43.2637 10.3614 298.398 259.229 193.87 63.4927 65.3592 37.4985 54.4171 130.378 192.838 187.355 17.8829 181.966 96.77 6.53516 100.602 95.1193 85.1911 26.8068 20.8214 9.92818 46.6373 37.7201 166.943 87.3171 58.3843 48.6016 27.4755 32.9024 133.757 11.0899 122.667 96.8058 25.8617 27.9509 135.837 49.6049 33.978 30.0405 86.2318 21.1378 15.6269 24.0064
internal_count=72879 12068 11191 6888 6614 6530 4303 4508 1744 1480 497 397 3806 1293 166 2764 205 2559 603 167 2513 1974 1581 536 393 255 482 1045 2022 1988 130 1956 790 264 1125 1030 916 352 279 114 427 328 877 695 564 454 285 436 1127 122 1005 839 166 354 1545 648 473 441 897 372 175 724
is_linear=0
shrinkage=0.05


Tree=35
num_leaves=63
num_cat=0
split_feature=19 1 19 12 19 2 7 1 15 0 34 18 0 33 15 2 6 12 0 18 5 8 1 2 5 1 17 9 18 31 18 31 18 2 17 0 0 5 31 2 0 34 17 2 8 8 18 5 33 15 18 17 17 8 33 19 36 0 15 33 9 9
split_gain=400.988 23.5053 8.17944 7.05069 8.17657 12.1012 6.82282 6.32632 6.14107 7.57286 5.83979 5.22978 5.14759 5.12708 4.78957 4.59688 3.6976 3.49004 3.40495 3.25945 3.11323 4.6893 3.24651 3.08503 3.07416 3.0233 3.02216 3.41753 5.29775 2.93345 2.91822 2.92579 2.85437 3.10981 4.76145 3.08262 2.78333 2.75093 2.77936 5.36404 2.71993 3.52185 3.92629 4.79849 3.20834 3.79861 2.63438 2.57093 3.15392 4.7028 4.46905 6.81287 7.87613 5.17498 5.04194 4.15981 3.70358 4.56748 3.3839 4.87445 4.23241 6.37667
threshold=1.0000000180025095e-35 8.5000000000000018 2.5000000000000004 1.0000000180025095e-35 1.5000000000000002 210.50000000000003 61.500000000000007 1.5000000000000002 2.4739555120468144 0.69139862060546886 0.4985432773828507 16.500000000000004 0.75005722045898449 4.7803562210901882e-06 0.71464285254478466 35.500000000000007 5.0426209782017402e-05 1.0000000180025095e-35 0.76248550415039074 6.5000000000000009 2268.5000000000005 1389.5000000000002 30.500000000000004 103.50000000000001 2306.0000000000005 39.500000000000007 3.4440877437591557 1.0000000180025095e-35 18.500000000000004 0.0011834586039185526 9.5000000000000018 0.0022835568524897103 8.5000000000000018 22.500000000000004 6.5972311496734628 0.73627281188964855 0.72387886047363292 2151.5000000000005 0.010635156184434892 19.500000000000004 0.78960418701171886 0.48523263633251196 22.564919471740726 2007.0000000000002 2321.0000000000005 2856.5000000000005 22.500000000000004 2420.5000000000005 0.00093684237799607228 10.669540405273439 7.5000000000000009 9.7094273567199725 7.2694807052612314 3960.5000000000005 0.00035656447289511567 1.5000000000000002 0.0011698118178173902 0.65192604064941417 6.5060975551605233 0.00033579842420294886 2.5000000000000004 6.5000000000000009
decision_type=2 2 2 2 2 2 2 2 2 2 2 2 2 2 2 2 2 2 2 2 2 2 2 2 2 2 2 2 2 2 2 2 2 2 2 2 2 2 2 2 2 2 2 2 2 2 2 2 2 2 2 2 2 2 2 2 2 2 2 2 2 2
left_child=-1 3 11 4 5 6 7 46 15 19 23 17 32 -14 16 -4 -8 20 29 -10 21 -3 37 -11 -22 -24 -6 28 -28 -18 -17 -32 33 -9 -35 36 -34 38 -23 -40 41 42 -29 44 -44 -46 -2 -26 50 -50 51 52 54 -53 58 -51 -52 -58 59 -49 -60 -62
right_child=1 2 8 -5 26 -7 14 12 9 10 -12 -13 13 -15 -16 30 18 -19 -20 -21 24 22 25 -25 47 -27 27 40 -30 -31 31 -33 35 34 -36 -37 -38 -39 39 -41 -42 -43 43 -45 45 -47 -48 48 49 55 56 53 -54 -55 -56 -57 57 -59 60 -61 61 -63
leaf_value=-0.05304601162767375 0.035493772783665931 0.024897008766098946 0.04047315648118293 0.045064229700214599 0.043826869272630492 -0.036058120707695256 0.018378224379418301 0.046126819142191411 -0.031907985926571202 0.054463925889309595 0.059155093540836326 -0.0032780422083918794 -0.029373458658739911 0.0098344790014816413 0.016004881560620892 -0.049798301384838074 0.021090369591179742 0.041071099579364556 -0.063694071596201024 0.0062751410253475276 0.050970469297233867 0.016018285901854716 0.026856611855595226 0.019460881753114896 -0.026138812556020481 -0.029348231872420645 -0.011818167774945506 0.029780976382789981 0.03529861582052795 -0.043844983848153302 0.0046872822364329506 -0.039931654109729403 0.010634691813177673 -0.00043485178757328603 0.040216953676452234 0.031201704775048369 -0.022681652910263535 -0.062994705705014337 0.0058389374137672555 -0.055729916612653585 0.041154319060970862 0.046840158585463754 0.013617893557887856 0.042890308763447377 -0.043908568937293398 0.0081387254850858581 0.0054070743906416974 0.012785353238736447 0.024978733134901045 -0.037866617365319072 0.0053826983960101535 0.041341770749107991 -0.055038727062194738 -0.0093429818912671731 -0.033868450165581349 0.022523775332649626 -0.06757015540434623 -0.0083221488495342621 0.031364734183405789 0.064434704852731284 -0.070768613858620641 0.0092485584167858511
leaf_weight=296.2576812368352 57.597490556538105 9.3496789243072254 4.5024596024304655 28.091169076040387 23.365901267156005 11.90576386079192 3.974933819845325 15.674270047806202 6.6960913152433923 6.6749333813786498 11.257636424154041 194.86026602890342 12.261546624824403 26.057241724804044 13.437102906405924 4.7246704148128655 3.3421134296804649 7.3123526610434046 6.1743803238496184 33.807947777211666 4.0910059600137165 4.6268414957448902 7.0209605987183732 110.55900438828394 5.6294054556637994 3.629483126103878 14.584735271055253 52.672553815878928 10.095614571124313 3.6263825069181621 15.178994065616282 4.8473320701159528 27.241432946175337 15.483651433140041 13.468938225880263 13.301969971507786 8.1427091443911177 4.0670328745618454 6.3341480409726492 8.012663508532567 29.395730035379529 14.713727736845611 21.169570311903954 8.6515162177383882 6.8346417099237424 7.1973303221166134 8.3275419790297729 63.695394697133452 48.787184037268162 6.3043059604242426 70.793129340745509 26.278144360054284 5.1489211432635775 6.2300660214386872 6.4942282740958026 5.2065144060179591 3.5343535956926635 40.847037097904831 4.2776510994881383 4.9210241930559269 4.6646849252283555 5.340203545987606
leaf_count=60781 325 76 30 150 112 106 41 91 111 39 69 2891 100 190 94 71 30 38 86 332 38 42 128 901 111 159 84 308 67 72 148 69 203 96 78 83 75 80 104 199 146 85 129 37 51 56 62 655 507 93 722 210 114 122 102 58 67 544 36 34 55 77
internal_value=-0.00089873 0.0118428 0.00643032 0.0207971 0.0192069 0.0130845 0.0156494 0.0190501 0.0151531 0.0188144 0.024757 0.00332823 0.0127181 -0.00271158 -0.0063385 -0.00599811 -0.0238776 0.00687845 -0.0366574 -3.72592e-05 0.00617471 -0.00643177 -0.0151259 0.0214538 0.00791244 0.00770299 0.0269951 0.0246161 0.00745518 -0.0127018 -0.0144517 -0.00611264 0.0190543 0.0281882 0.0184766 0.0106819 0.00296783 -0.0256784 -0.0176796 -0.0285471 0.0276277 0.0240532 0.0205797 0.00952793 0.00132843 -0.0172123 0.0316933 0.0073408 0.0079638 0.0181961 0.00541662 0.011883 0.00509357 0.0316282 0.0085571 -0.0105511 -0.00171647 -0.0130404 0.0118807 0.0164895 -0.0102613 -0.0280587
internal_weight=1508.75 1212.5 755.706 456.79 428.699 240.017 228.112 197.557 198.249 168.996 128.492 557.457 131.632 38.3188 30.5549 29.2535 17.1178 362.596 13.1429 40.504 355.284 43.0408 33.6911 117.234 312.243 10.6504 188.681 165.315 24.6803 6.9685 24.751 20.0263 93.313 44.6269 28.9526 48.6861 35.3841 23.0407 18.9737 14.3468 140.635 111.239 96.5256 43.8531 35.2015 14.032 65.925 308.152 302.523 60.298 242.225 127.05 94.5421 32.5082 89.3932 11.5108 115.175 44.3814 82.899 68.6164 14.2825 10.0049
internal_count=72770 11989 9032 2957 2807 1732 1626 1303 1770 1452 1009 7262 916 290 323 318 229 4371 188 443 4333 788 712 940 3545 287 1075 963 151 102 288 217 626 265 174 361 278 425 345 303 812 666 581 273 236 107 387 3507 3396 658 2738 1405 1073 332 959 151 1333 611 857 689 168 132
is_linear=0
shrinkage=0.05


Tree=36
num_leaves=63
num_cat=0
split_feature=19 1 12 19 16 11 11 16 19 2 2 8 7 18 31 8 0 5 5 31 9 2 19 0 16 0 1 7 17 17 17 33 18 33 33 33 16 18 18 33 2 2 31 5 2 18 19 5 5 1 17 0 17 8 18 16 9 18 16 1 17 0
split_gain=371.065 21.1961 9.58316 9.65681 7.04728 5.86504 5.83213 4.96799 4.83552 12.5776 5.66229 4.8025 5.10367 4.28284 3.89682 3.8927 5.32267 3.81914 3.57927 4.23093 3.36599 3.2156 3.07317 4.17393 3.39195 3.16544 3.06215 3.99466 3.49462 3.45156 3.3762 4.09248 2.96828 2.95606 2.86836 3.86161 2.84784 2.79728 2.7467 2.74361 3.53463 5.45478 3.08935 3.35497 3.43418 2.7386 2.71674 2.70226 2.81784 3.82323 2.5737 4.08067 4.19316 3.55739 3.89772 5.66515 3.661 3.52813 3.39708 3.30319 3.00095 4.92469
threshold=1.0000000180025095e-35 4.5000000000000009 1.0000000180025095e-35 1.5000000000000002 0.99983397126197826 1.0000000180025095e-35 1.0000000180025095e-35 0.95474797487258922 1.5000000000000002 210.50000000000003 33.500000000000007 2175.5000000000005 18.500000000000004 9.5000000000000018 0.030983542092144493 1272.5000000000002 0.73517227172851574 4417.5000000000009 2287.0000000000005 0.0042137547861784705 1.0000000180025095e-35 75.500000000000014 13.500000000000002 0.7209606170654298 0.90408447384834301 0.77469253540039074 30.500000000000004 26.500000000000004 3.3481972217559819 7.7171776294708261 22.564919471740726 0.0011306082597002389 10.500000000000002 5.8856139730778531e-06 0.0018752759206108751 0.0010520659270696344 1.1557172536849978 8.5000000000000018 8.5000000000000018 5.2694498663186102e-05 273.50000000000006 130.50000000000003 0.00011409690705477261 3964.5000000000005 51.500000000000007 48.500000000000007 3.5000000000000004 3231.5000000000005 2804.5000000000005 19.500000000000004 2.9447655677795415 0.69676589965820324 4.2500202655792245 3283.5000000000005 3.5000000000000004 1.3860672712326052 7.5000000000000009 3.5000000000000004 1.1975396275520327 7.5000000000000009 2.13494884967804 0.67268562316894542
decision_type=2 2 2 2 2 2 2 2 2 2 2 2 2 2 2 2 2 2 2 2 2 2 2 2 2 2 2 2 2 2 2 2 2 2 2 2 2 2 2 2 2 2 2 2 2 2 2 2 2 2 2 2 2 2 2 2 2 2 2 2 2 2
left_child=-1 4 3 5 11 7 15 33 9 10 38 -2 37 50 39 16 -5 20 -12 21 -8 32 24 -24 25 -17 28 29 -26 -28 -31 -32 -20 -3 35 -30 -36 -13 -6 40 41 -15 -41 45 -45 47 -19 48 -44 -50 53 52 58 54 -9 -56 -57 -54 -52 -53 61 -55
right_child=1 2 -4 6 8 -7 17 13 -10 -11 18 12 -14 14 -16 22 -18 46 19 -21 -22 -23 23 -25 26 -27 27 -29 34 30 31 -33 -34 -35 36 -37 -38 -39 -40 42 -42 -43 43 44 -46 -47 -48 -49 49 -51 51 59 57 60 55 56 -58 -59 -60 -61 -62 -63
leaf_value=-0.052875413032935373 0.033398008553025084 -0.031221161963862418 0.046553988982692945 -0.039767210354422031 0.04852916416686217 -0.05907358414930905 0.0042865106376707793 0.038461088532020606 0.035178130443703291 -0.038131544910702586 -0.014813148886310971 0.031760754555336869 -0.012478959395803053 -0.0062789969084551915 0.037130463509814672 -0.01609763799368763 0.021389373983525441 -0.016675354112385781 0.01821508652415121 0.052368661869451577 0.041968492361999593 0.028760046817414356 0.0029314568109516997 0.046043061107147516 0.031952565172498081 0.051590584701200898 -0.017271418388851042 -0.0099970454820608526 0.010422417909088098 0.031775415821310854 0.016254025919412298 -0.032764909335645645 -0.013982893102513697 -0.0048867145294100214 -0.00039042967202661 -0.024189876234207756 0.02877798990379158 -0.0035157799752061438 0.026797084173573356 0.027589687629894777 0.028648786208023604 -0.04553704125228919 0.0075557002114157003 -0.00059079344414934495 -0.045429348141464827 -0.032784464289205749 0.028597513072403258 0.021346462198122439 -0.045492835405869306 0.0049511286065571257 -0.0040816031709717841 -0.018000368241914245 -0.037514144134583795 -0.017064863514554159 -0.034603479691243187 0.024856500039465088 -0.021046722550052771 0.0092950211132334006 -0.058422953808938353 0.018782570786654806 0.047305162740463015 0.032230204927904814
leaf_weight=278.42220513382927 15.175109763629733 14.938607726478947 15.319065356627105 8.8832971788942796 24.681214582175016 3.9583286007400593 7.2260042466223231 7.5140685550868502 99.363520046696067 8.5272996108978969 8.9837435428053123 15.066666752099993 29.323691690340638 78.789443402551115 6.6106526833027592 18.880967344390232 5.9346866868436328 7.1514782160520536 14.935966581106188 8.2035621814429742 32.949478865135461 20.380764521658421 9.4821923226118106 13.76364730298519 24.342254685238004 1.9011351782828558 8.5628378922119719 35.173086715862155 141.2482187282294 21.219719745218754 17.113548699766401 5.6682086382061234 13.745179735124109 37.173269204329699 10.714157103560863 8.5459409356117231 38.21753466501832 8.9623997546732408 35.383639745414257 11.775157516822217 6.1034209448844186 9.967716137878595 43.435575884766877 10.19903993047774 7.3461293317377558 4.6294221375137559 6.1748661119490862 22.824341806583107 6.7562328055500975 8.4593038186430913 5.4675511401146633 7.0460671149194232 4.7141534350812426 7.2358987927436855 9.1892459616065043 15.771764089353384 5.9945761654525986 27.557713842019439 6.0675438996404409 45.627128296531737 12.926121643744407 16.899548750370741
leaf_count=60781 86 637 82 86 144 216 55 51 496 47 51 81 318 1039 47 576 43 66 81 35 254 126 68 61 143 27 138 475 1055 200 161 80 98 1169 108 74 215 65 226 110 61 178 469 116 107 74 45 239 63 98 38 54 78 73 74 115 72 308 79 375 66 117
internal_value=-0.000928606 0.0112644 0.00735185 0.00666008 0.0226822 0.00151759 0.0120678 0.00206142 0.0268088 0.0206415 0.0246092 0.00857911 0.00151988 0.00400399 -0.00066868 0.00983463 -0.0152737 0.0274971 0.0145292 0.0191324 0.035191 0.013575 0.0108832 0.0284574 0.00965113 -0.00990556 0.0109588 0.00304536 0.0140713 0.0117726 0.0174247 0.00405788 0.0027845 -0.0124359 0.011881 0.00844774 0.0223912 0.0186033 0.035727 -0.00185695 -0.00815685 -0.0106878 0.00332053 0.00056343 -0.0193646 0.00462407 0.00430218 0.00674962 0.00106919 -0.0174478 0.00989596 0.0044845 -0.00679111 0.0168083 0.00615769 -0.00168355 0.0122145 0.00245731 -0.0326655 0.0138621 0.0278636 0.0174514
internal_weight=1464.61 1186.18 883.45 868.131 302.733 444.978 423.153 441.02 234.205 134.841 126.314 68.5279 53.3528 388.908 216.896 369.651 14.818 53.5018 66.2492 57.2655 40.1755 49.0619 354.833 23.2458 331.588 20.7821 310.806 87.7374 223.068 52.5643 44.0015 22.7818 28.6811 52.1119 198.726 149.794 48.9317 24.0291 60.0649 210.286 94.8606 88.7572 115.425 103.65 17.5452 86.1049 13.3263 81.4755 58.6511 15.2155 172.011 96.4802 43.807 75.5312 38.4697 30.9556 21.7663 32.2719 11.5351 52.6732 37.0616 24.1354
internal_count=72770 11989 10135 10053 1854 6123 3930 5907 1304 808 761 550 464 4101 2601 3510 129 420 391 340 309 305 3381 129 3252 603 2649 1054 1595 579 441 241 179 1806 1452 1129 323 146 370 2554 1278 1217 1276 1166 223 943 111 869 630 161 1500 932 503 568 312 261 187 386 117 429 256 190
is_linear=0
shrinkage=0.05


Tree=37
num_leaves=63
num_cat=0
split_feature=19 1 19 34 34 18 16 1 19 18 17 7 16 32 0 18 2 4 0 19 32 7 0 2 16 2 19 2 5 32 9 1 2 0 0 36 7 32 2 4 2 32 32 4 32 18 1 16 31 7 16 4 9 7 32 16 5 5 16 36 36 7
split_gain=345.13 18.8858 10.5747 12.0814 7.62312 5.60844 5.08538 4.51305 5.7364 6.64872 4.18687 4.51548 3.5241 3.89371 3.49469 5.15544 4.28132 8.88338 3.49455 3.46726 4.18284 3.59772 3.51497 3.49981 5.57401 3.43305 4.02985 7.26029 3.32512 3.26488 5.15191 3.82568 5.40442 3.65123 4.54031 3.23793 3.1044 4.25575 2.94538 3.2914 3.01009 2.94228 3.12293 2.9135 3.09781 3.01514 2.91206 2.90473 4.1087 2.89621 2.84849 2.87021 2.77078 5.39955 3.33599 2.98318 2.75056 3.50213 2.70812 2.70372 2.67959 2.53684
threshold=1.0000000180025095e-35 1.5000000000000002 2.5000000000000004 0.53643921017646801 0.49934445321559912 9.5000000000000018 0.99983397126197826 30.500000000000004 1.5000000000000002 39.500000000000007 2.9447655677795415 72.500000000000014 0.99949577450752269 1.9974078536033633 0.71612930297851574 6.5000000000000009 798.50000000000011 162.50000000000003 0.76135635375976574 11.500000000000002 4.19482445716858 10.500000000000002 0.74552536010742199 404.50000000000006 1.2875040769577029 37.500000000000007 3.5000000000000004 213.50000000000003 2870.5000000000005 3.0944443941116337 2.5000000000000004 10.500000000000002 57.500000000000007 0.6657695770263673 0.69758033752441417 0.061627488583326347 1.5000000000000002 3.0944443941116337 281.50000000000006 12.500000000000002 114.50000000000001 4.273745298385621 4.1136822700500497 1.0000000180025095e-35 2.9408290386199956 8.5000000000000018 9.5000000000000018 0.68581107258796703 0.030983542092144493 66.500000000000014 1.601876497268677 5.5000000000000009 5.5000000000000009 7.5000000000000009 3.7529759407043461 1.4524518847465517 2135.0000000000005 1950.5000000000002 2.4080677032470708 0.012670979369431736 0.015299633610993625 33.500000000000007
decision_type=2 2 2 2 2 2 2 2 2 2 2 2 2 2 2 2 2 2 2 2 2 2 2 2 2 2 2 2 2 2 2 2 2 2 2 2 2 2 2 2 2 2 2 2 2 2 2 2 2 2 2 2 2 2 2 2 2 2 2 2 2 2
left_child=-1 6 3 5 14 10 43 8 36 18 11 12 13 -3 15 46 -17 -18 38 20 21 -16 -21 24 -22 61 27 50 -14 30 31 -12 -33 -31 -35 59 37 -7 39 40 -10 42 -9 -2 -45 -46 -4 -38 49 52 51 -27 54 -54 56 -56 57 -49 -30 -36 -6 -8
right_child=1 2 4 -5 60 7 25 41 9 -11 29 -13 28 -15 19 16 17 -19 -20 22 23 -23 -24 -25 -26 26 -28 -29 58 33 -32 32 -34 34 35 -37 47 -39 -40 -41 -42 -43 -44 44 45 -47 -48 48 -50 -51 -52 -53 53 -55 55 -57 -58 -59 -60 -61 -62 -63
leaf_value=-0.052724138305139348 0.034486202987335866 0.017101492069978713 0.020250619507556085 -0.068383179715381853 0.049444721317538493 -0.05366128225013822 0.050927168987290529 -0.0071130872816211376 0.01659948510397757 -0.030551169369632054 0.029261217826301585 -0.021159953330500914 0.00043941040062272883 -0.034581321182859601 0.052265986026922055 0.017257073592333055 -0.051483795672800384 0.018816154508280048 0.038618962824151004 0.016667339930622985 -0.054958208366193667 0.019244552165885821 0.056784908223503849 0.013919020922833198 0.0095129752385388223 0.020325300130692683 0.047730153522714369 -0.018066890861644834 0.031579767356930744 -0.023514462379704934 -0.014147646375629458 0.012620384165312887 -0.031225617936211838 0.032242533839604133 0.0067215669283207935 -0.028291000899537413 -0.030152679534152363 0.015543059412850717 -0.012887781917706674 0.03382765501633319 -0.011923325901828187 -0.052027702463447324 0.040359647491694524 -0.021084768712792523 0.039488618253680913 -0.0015174959923200692 -0.036668973020646034 0.011400542507584731 0.036333958054559849 -0.011938761872398465 0.0038643095686471045 0.049149559583990088 0.02326784443408117 -0.022416788904619577 -0.046324543156882947 0.011430846819831454 0.012401600092915299 -0.032423988433868678 0.0015558967783117306 0.033239306871867713 0.01577770649586753 0.02037825100544537
leaf_weight=261.32545158220455 10.191953159868715 10.755640441551806 2.9423533845692864 5.5019294787198296 22.544943079352382 5.8811850394122285 32.00607536919415 93.417615754995495 43.700154593214393 7.6380419228225938 17.183460983447731 6.7211934812366954 12.165861571207641 5.5118255927227429 11.176637690514324 65.568872927920893 7.6016397122293737 10.991281341761349 16.851290232036263 10.506032291799785 5.2637757072225204 31.484341847710311 11.367888834327458 51.428128585685045 9.2334456071257573 16.859817810356617 16.640040550380945 10.349999938160179 72.605693907476962 6.5501771145500234 38.629445573315024 25.348107097204775 9.7240181453526002 27.608894947916269 53.807424257975072 5.5578077444806686 6.9037992302328339 3.5700310869142413 9.280478907749055 20.946011452935636 11.733407908584921 3.4981398163363329 3.5977087118662885 8.896888021379711 7.4297129623591927 11.302029130980371 9.5093456131871772 10.020955862943085 8.7572209122590703 34.05253925267607 9.2595100700855237 17.706967558711767 9.0822642110288161 22.468241322785616 5.2919770656153542 3.8714535478502512 106.8856152347289 8.3631714554503542 8.3771640025079233 11.703000399284063 8.0099811675026995 8.627715911716221
leaf_count=60781 68 204 26 103 139 89 199 1812 343 88 124 100 91 122 73 636 85 77 113 58 66 233 46 389 75 92 83 49 473 138 664 276 144 253 507 100 272 45 89 139 112 68 36 56 47 80 183 98 94 502 66 85 84 259 95 31 964 99 93 135 75 44
internal_value=-0.000812056 0.0108781 0.00842735 0.00543767 0.0171722 0.00598061 0.0274797 0.00231603 0.00510185 0.014452 0.0110953 0.018619 0.0210625 -0.000409942 0.0140172 0.00680925 0.0112519 -0.00992569 0.0178051 0.0193551 0.0156966 0.0278958 0.0375165 0.00780245 -0.0138958 0.0328558 0.0262085 0.0195982 0.0248125 0.00663981 -0.000301946 0.00993336 0.000463741 0.0126354 0.015035 0.0083502 0.000527486 -0.0275206 0.0137106 0.0169424 0.0105622 -0.00697703 -0.00535261 0.0116373 0.00320861 0.0147471 -0.0232188 0.00175647 0.00281155 0.001344 0.0284932 0.0350906 0.00406904 -0.00926581 0.00719863 -0.0219235 0.00932891 -0.00853579 0.028474 0.0114588 0.0406189 0.0444408
internal_weight=1421.79 1160.46 1011.19 753.563 257.629 748.061 149.271 435.811 335.298 110.149 312.25 116.137 109.416 16.2675 227.074 96.6135 84.1618 18.5929 102.511 130.46 108.586 42.661 21.8739 65.9253 14.4972 111.45 70.8163 54.1763 93.1487 196.112 90.885 52.2556 35.0721 105.227 98.6771 71.0682 225.148 9.45122 85.6601 76.3796 55.4336 100.513 97.0153 37.8206 27.6286 18.7317 12.4517 215.697 208.793 200.036 43.8263 34.5668 165.984 31.5505 134.433 9.16343 125.27 18.3841 80.9829 65.5104 30.5549 40.6338
internal_count=72770 11989 11120 8959 2161 8856 869 5432 3516 884 3424 1083 983 326 1947 1007 798 162 796 940 836 306 104 530 141 618 375 292 657 2341 1208 544 420 1133 995 742 2632 134 683 594 455 1916 1848 251 183 127 209 2498 2226 2132 243 177 1630 343 1287 126 1161 197 566 642 214 243
is_linear=0
shrinkage=0.05


Tree=38
num_leaves=63
num_cat=0
split_feature=19 1 19 12 16 8 33 5 3 16 16 18 1 0 8 0 33 31 16 19 36 6 0 31 0 18 33 8 31 16 31 16 32 8 17 33 32 19 0 17 4 0 31 3 16 8 18 0 16 31 4 32 0 17 16 6 16 17 8 32 3 4
split_gain=319.574 16.8646 8.14825 7.03691 5.019 6.57493 5.46054 5.22371 5.20585 4.9523 5.49945 4.48738 4.48077 4.41541 4.41196 4.43896 4.15609 4.92229 3.89098 4.48479 4.11279 3.87565 4.55575 4.01343 3.79194 4.15732 3.90892 3.72357 3.55981 3.54845 3.52354 3.41042 3.40725 3.39183 3.27457 5.06783 3.40822 3.22519 3.58058 4.54787 3.2431 3.21451 3.19621 3.5079 3.17277 3.66947 3.04872 3.0404 3.02032 2.98238 2.93042 2.97603 5.96286 3.73824 3.26759 4.05507 2.99943 2.91279 2.90863 4.21227 3.35438 3.25286
threshold=1.0000000180025095e-35 8.5000000000000018 2.5000000000000004 1.0000000180025095e-35 0.99949577450752269 1407.5000000000002 0.00067892798688262712 6014.5000000000009 3.7726949453353886 0.94374412298202526 1.7503993511199953 7.5000000000000009 1.0000000180025095e-35 0.69139862060546886 2056.5000000000005 0.72898292541503917 0.00088228142703883361 0.0013906050007790329 1.1498725414276125 11.500000000000002 0.019480877555906776 0.0002366331536904909 0.65271186828613292 4.2208910144836417e-06 0.67735481262207042 5.5000000000000009 4.7803562210901882e-06 4389.5000000000009 0.057925187051296241 2.0247833728790288 0.018795999698340896 0.8046463429927827 4.19482445716858 4000.5000000000005 6.8525412082672128 0.00035656447289511567 4.6485307216644296 1.5000000000000002 0.75091743469238292 2.4285062551498418 19.500000000000004 0.73943710327148449 0.017701680772006515 4.182021141052247 1.0583582520484927 3871.0000000000005 11.500000000000002 0.77000045776367199 0.72323149442672741 3.9966885196918164e-06 8.5000000000000018 2.4443135261535649 0.70478248596191417 2.1924664974212651 1.3860672712326052 3.7207524655968889e-05 1.3065387010574343 17.906783103942875 1968.5000000000002 3.9048351049423222 4.8940944671630868 2.5000000000000004
decision_type=2 2 2 2 2 2 2 2 2 2 2 2 2 2 2 2 2 2 2 2 2 2 2 2 2 2 2 2 2 2 2 2 2 2 2 2 2 2 2 2 2 2 2 2 2 2 2 2 2 2 2 2 2 2 2 2 2 2 2 2 2 2
left_child=-1 3 4 9 5 -3 7 -7 31 28 12 14 -11 34 15 -6 21 -18 19 20 33 23 -23 27 -14 26 -26 49 32 41 -24 -8 42 -15 -4 36 57 38 39 -27 -39 -12 43 48 -25 -46 -47 -40 -2 -13 51 53 56 54 55 -16 -53 -36 59 60 -19 -60
right_child=1 2 13 -5 11 6 8 -9 -10 10 29 16 24 18 50 -17 17 58 -20 -21 -22 22 30 44 25 37 -28 -29 -30 -31 -32 -33 -34 -35 35 -37 -38 40 47 -41 -42 -43 -44 -45 45 46 -48 -49 -50 -51 -52 52 -54 -55 -56 -57 -58 -59 61 -61 -62 -63
leaf_value=-0.052580346570176753 -0.039849450693001644 0.049769192008481011 0.033224261399461129 0.044498619102912342 -0.011596668632757535 -0.032855779682779605 -0.0066224058484455816 0.034448336099756276 -0.020391280729458512 0.035560269829254698 -0.031688010312599588 -0.014323185350001292 0.045501677740818737 0.026664155218082311 0.018103533126179065 0.031501330755023919 0.028521346558453443 -0.0041192401618598889 0.023549666702000472 0.050601334108946995 -0.029683561489569993 -0.050899019935523648 -0.0093497621897880492 0.038622462400747105 -0.016543554118079468 0.044818174573709894 0.017550323160467101 0.010232605924347713 0.036814390577811405 0.014274746650279344 0.031617799928010372 0.03514946959444698 -0.042867712124715941 -0.012049212560076808 -0.0334917173320241 0.019008037900754501 -0.061515408327191601 0.036603178694750722 -0.016529906668318266 0.012694710145290345 0.016526917612698738 0.006028401442457771 -0.035335701258035888 0.024424838724013385 0.014020563510754272 -0.04775689781293152 0.00052032209632458084 0.012535235490482584 0.0051626274187634618 -0.062865255476304477 0.031195685418242514 0.00051299278804942095 0.022131948946795287 0.045149351712372547 0.031159428699438097 -0.036072724010379184 -0.040964884814705248 0.0051416367581754909 -0.0062076899253345336 -0.037069992369502189 0.030694729351116092 0.029092364811055177
leaf_weight=245.53596669441322 5.2016643872484591 4.4288718048483124 6.6545086996629825 24.181483188644052 29.251812195405364 32.521860301727429 8.4008179218508321 3.1633598282933226 16.250989885767922 50.558736117556691 9.5703977998346108 16.001298455055807 12.763674899935721 12.820744333788754 8.153247997164728 7.5080741494894019 25.181931097060442 37.67079514823854 108.57910977117717 4.6664698906242839 9.4024219880811852 6.2997345179319373 93.341396800242364 8.9747251495718938 16.013156108558178 16.25075632892549 17.699431408196688 13.301531573757527 6.4479331308975807 48.775547089055181 5.5612522959709159 11.679826342500744 4.7699721502140155 10.126905729994176 8.1812509633600765 14.132696677930651 3.8959424234926692 45.737359691411257 13.272182650864123 34.217463716864586 35.908595832064748 13.788425380364059 5.0332499761134377 16.015957755502313 44.440144852735102 4.7236102856695643 10.628117971122263 27.936672929674387 13.143763106316326 3.9441738165915003 27.977518303319812 9.2707539703696984 17.77161133941263 11.878052201122044 11.361514287069438 5.9926738291978827 8.2259693350642902 12.08719563949853 10.246792783960702 7.9787998031824818 8.4757785852998477 17.972978789359331
leaf_count=60781 97 27 59 150 364 1272 347 27 655 283 69 234 72 112 66 32 205 431 781 30 197 99 1158 60 90 100 109 125 48 346 44 152 72 135 116 148 45 267 114 237 201 97 96 153 490 53 130 205 151 75 236 94 137 58 85 57 120 147 112 83 62 172
internal_value=-0.000852982 0.0103233 0.00568349 0.0183194 0.00248794 -0.00936102 -0.0129974 -0.0268895 0.000647578 0.016709 0.0188664 0.00449133 0.0221391 0.014548 0.0120306 -0.00279406 0.00120029 0.00917632 0.0187771 0.00477801 -0.00183197 -0.00293858 -0.00967217 0.0040055 0.0190519 0.0174213 0.00135606 -0.0102575 0.00211026 0.00660037 -0.00704617 0.017674 -0.00295647 0.00957976 0.00085001 -0.00477535 -0.0186852 0.0205461 0.0141095 0.0230385 0.0277735 -0.00942448 0.00187606 0.00732683 0.0109013 0.0067404 -0.0143342 0.00317419 -0.0076001 -0.0239223 0.017446 0.0121513 0.00173244 0.0219801 0.0111908 -0.0048473 -0.0189876 -0.0104525 0.00326043 -0.00352492 0.00227507 0.0162747
internal_weight=1381.95 1136.41 719.127 417.286 528.58 76.4457 72.0169 35.6852 36.3316 393.105 342.492 452.134 270.358 190.547 137.391 36.7599 314.743 107.527 145.596 37.0165 32.3501 207.216 105.202 102.014 219.799 207.036 33.7126 33.247 50.6125 72.1344 98.9026 20.0806 44.1646 22.9477 44.9516 38.2971 24.1644 173.323 91.6771 50.4682 81.646 23.3588 39.3946 34.3614 68.7666 59.7919 15.3517 41.2089 18.3454 19.9455 100.631 72.6538 35.2683 37.3855 25.5074 14.1459 17.4967 20.2684 82.3451 54.1254 46.1466 28.2198
internal_count=72770 11989 9032 2957 7262 2480 2453 1299 1154 2807 2190 4782 1678 1770 1249 396 3533 1065 1255 474 444 2468 1301 1167 1395 1323 199 434 617 512 1202 499 569 247 515 456 308 1124 656 337 468 166 497 401 733 673 183 319 248 309 853 617 351 266 208 123 214 263 860 576 493 284
is_linear=0
shrinkage=0.05


Tree=39
num_leaves=63
num_cat=0
split_feature=19 1 19 12 19 34 14 34 15 11 2 4 1 4 0 4 16 36 18 0 6 32 2 16 11 5 8 15 18 32 18 18 8 0 1 16 1 15 18 2 19 4 15 4 18 15 14 4 6 31 36 8 36 4 10 6 14 2 2 36 31 36
split_gain=297.014 15.7204 8.1904 6.08083 5.61299 11.3406 6.76751 6.10405 5.47709 6.99218 4.97966 6.15047 4.69587 5.74291 4.68497 4.31158 4.09317 4.18919 3.91896 4.02751 4.17098 3.70352 7.09337 3.40598 3.33756 3.2061 3.13927 3.11608 4.0962 3.02956 3.01685 2.99778 3.69972 2.96822 3.93379 3.66405 2.82966 2.72146 2.69756 2.62999 2.75353 2.59399 3.38307 2.72397 2.57291 2.53035 2.52051 3.78573 2.66968 4.26922 3.74996 3.72674 3.5644 3.01262 4.96374 2.92638 3.06936 3.52668 3.19423 2.94374 2.80193 2.73062
threshold=1.0000000180025095e-35 8.5000000000000018 2.5000000000000004 1.0000000180025095e-35 2.5000000000000004 0.53643921017646801 4.9801702499389657 0.47831027209758764 2.4739555120468144 1.0000000180025095e-35 181.50000000000003 169.50000000000003 1.5000000000000002 16.500000000000004 0.69139862060546886 8.5000000000000018 0.96830552816391002 0.71097981929779064 8.5000000000000018 0.6510901451110841 0.0024079019203782086 2.2250474691390996 42.500000000000007 0.92411464452743541 1.0000000180025095e-35 6014.5000000000009 3200.5000000000005 12.775985717773439 41.500000000000007 3.3097821474075322 38.500000000000007 32.500000000000007 5149.5000000000009 0.66454505920410167 29.500000000000004 1.601876497268677 1.5000000000000002 44.366666793823249 12.500000000000002 47.500000000000007 1.5000000000000002 6.5000000000000009 6.5060975551605233 21.500000000000004 4.5000000000000009 4.4968354701995858 2.1383330821990971 2.5000000000000004 0.00064710661536082636 0.00021647655376000333 0.013148446101695301 2034.5000000000002 0.021616115234792236 2.5000000000000004 1.0000000180025095e-35 5.7426797866355635e-05 3.7494349479675297 34.500000000000007 29.500000000000004 2.8082928110961806e-05 0.001053129031788558 0.024768437258899215
decision_type=2 2 2 2 2 2 2 2 2 2 2 2 2 2 2 2 2 2 2 2 2 2 2 2 2 2 2 2 2 2 2 2 2 2 2 2 2 2 2 2 2 2 2 2 2 2 2 2 2 2 2 2 2 2 2 2 2 2 2 2 2 2
left_child=-1 3 16 4 5 6 12 10 15 14 -6 30 13 23 31 24 17 25 19 20 21 -18 -23 -2 -4 39 -8 46 33 -16 36 32 -10 -29 35 37 -12 -35 -25 40 -3 -21 -43 44 -44 -40 47 -20 49 51 53 -48 -52 54 -50 56 57 -53 -58 -59 -55 -54
right_child=1 2 8 -5 7 -7 26 -9 9 -11 11 -13 -14 -15 29 -17 18 -19 27 41 -22 22 -24 38 -26 -27 -28 28 -30 -31 -32 -33 -34 34 -36 -37 -38 -39 45 -41 -42 42 43 -45 -46 -47 48 -49 50 -51 52 55 61 60 -56 -57 58 59 -60 -61 -62 -63
leaf_value=-0.052450797333318304 0.0036749956383905179 -0.013184243506753644 -0.0096531651700264079 0.042680475365623999 0.039864296908645784 -0.045373543422804946 -0.049467043066989208 0.052467451913550005 -0.014937873596991672 0.049881078794482697 0.017343708401404711 0.042872755959723119 0.011844505456163026 -0.012517220974984165 0.053431832472017049 -0.025926420226064104 -0.054520638565980432 0.038299946704645725 0.026248527299398906 0.0081641542041706872 0.035250935015638467 0.047571536928586865 -0.035232558373991023 0.043857853848394121 0.039717467372502258 0.037362318244069881 0.00035890748411407641 0.013123502591406742 0.030815296884320383 0.017618954869002956 0.029758326935656956 0.028499933371333053 0.036871731934810574 -0.019077267072459329 -0.055348586605034666 -0.040856159018771765 -0.0169232441348891 0.029182034823270298 0.033128295513890446 -0.028600955464754271 0.027889006424506785 0.035512227033179265 0.042693486365185475 -0.016032359444825645 0.0027347627628222493 0.0015296315223527418 -0.035270745603576105 -0.010240002766421076 -0.039659395404572799 -0.020936308705169202 -0.024943583860959614 -0.021458086080040743 0.041066059942125643 0.010206330950757722 0.017381468361639084 0.019411335184326056 0.021402438857112162 0.032080831907145578 -0.027779007483229118 -0.0062341970406403525 0.041755261685464722 0.00054778972895330833
leaf_weight=230.66793063207297 10.298569802194832 24.525830964790661 7.2666154664475489 23.039997300133109 22.355272963643074 8.1151893800124508 5.4866572516038996 18.908342240378261 25.593794496264312 15.423426529392598 8.682777367532255 11.575763080269097 188.51691497815773 8.6795025728642923 6.2680443022400132 13.852314246818421 5.6373164877295556 4.1726329140365115 23.275972083210945 93.207397961057723 4.0118295028805724 4.0914069246500713 7.0309138353914022 35.819520145654678 6.4721036916598678 2.9249000251293173 7.4587266505695879 5.8576364591717711 4.6710382597520939 102.03822699375451 7.2254373282194129 6.9643579274415961 3.9818772645667186 6.188017396256333 8.0948800574988109 7.6062079090625039 19.678180769085884 5.5337887573987246 20.843668743968014 24.208815650548786 4.8948761741630724 24.440843068063259 7.2383801890537205 7.4498857595026484 9.0842970227822644 9.1022066082805377 6.4856243822723618 10.233912853524087 5.3518316466361293 30.929474028758705 13.332814035937188 7.5956183960661319 4.5243723019957534 13.304324517026545 13.272759668529034 22.146752059459686 4.1688440740108517 13.776117503643038 15.867091989144681 7.8808373585343352 14.941151440143583 51.370126177556813
leaf_count=60781 84 989 98 150 118 82 68 109 317 110 48 60 1495 49 39 175 83 45 224 812 33 25 142 232 45 23 74 67 48 879 47 61 46 83 181 115 150 45 140 1100 85 176 54 90 103 51 113 127 79 411 193 111 48 133 148 228 40 133 202 96 108 569
internal_value=-0.000813244 0.00988881 0.00538748 0.0177335 0.0162318 0.012913 0.0145656 0.0272785 0.0143341 0.0178764 0.0204273 0.011214 0.0162391 0.0260151 0.0144685 -0.00624229 0.00215116 -0.0100473 0.00376646 0.0100149 -0.0105439 -0.021506 -0.00477262 0.0304119 0.0136046 -0.0136144 -0.0207589 0.000347396 -0.0130311 0.0196916 0.000915795 -0.00101298 -0.00796256 -0.0191851 -0.0260864 -0.0138309 -0.00643233 0.00370564 0.0345988 -0.0163946 -0.00635067 0.0130345 0.0224499 0.00902031 0.0204547 0.0235237 0.00231188 0.0151049 0.000406132 -0.00521929 0.0056804 0.00101934 -0.00171363 0.0166014 0.000990607 0.00431412 -0.00246949 0.00785679 -0.0175459 0.0181382 0.0268949 0.00382754
internal_weight=1343.64 1112.98 707.189 405.787 382.747 294.321 286.206 88.4258 187.861 160.27 69.5174 47.1622 273.26 84.7435 144.846 27.591 519.329 60.7271 458.601 162.192 20.7715 16.7596 11.1223 76.064 13.7387 56.5544 12.9454 296.409 37.9516 108.306 35.5864 36.54 29.5757 33.2805 27.4229 19.328 28.361 11.7218 65.7654 53.6295 29.4207 141.421 48.2134 23.7726 16.3227 29.9459 258.458 33.5099 224.948 108.85 116.097 77.9209 69.2273 46.8701 18.6246 71.4353 49.2885 29.2526 20.0359 21.657 28.2455 55.8945
internal_count=72770 11989 9032 2957 2807 2275 2193 532 1770 1452 423 305 2051 556 1342 318 7262 2242 5020 1518 283 250 167 507 143 2197 142 3502 539 918 245 424 363 491 424 243 198 128 423 2174 1074 1235 423 247 157 191 2963 351 2612 1334 1278 923 810 468 227 810 582 340 242 229 241 617
is_linear=0
shrinkage=0.05


Tree=40
num_leaves=63
num_cat=0
split_feature=19 1 19 34 34 17 8 18 19 17 0 19 11 12 0 17 31 18 36 3 9 1 19 8 31 7 5 15 15 5 7 5 15 0 18 36 18 9 18 4 18 8 17 8 1 8 8 0 4 15 3 0 4 18 1 15 4 35 15 1 0 17
split_gain=286.178 14.3721 6.82869 7.81129 7.73625 5.96646 3.90204 3.99986 5.42622 3.87836 3.79129 3.71333 6.94328 5.48403 3.81254 3.68575 5.61331 4.93531 4.43647 4.41618 3.52593 3.30125 3.29577 3.26804 3.34255 4.09504 3.12828 3.10717 4.05068 5.89595 4.04677 3.25305 3.09099 3.03993 2.98463 4.12235 2.96392 2.91639 3.97015 3.0237 2.90141 3.35421 4.95997 3.32138 4.91468 3.20519 3.05245 3.34238 7.66022 4.6278 5.01277 3.75366 3.60789 3.02976 2.84768 3.4355 6.16267 3.92523 4.0133 3.58809 3.2824 3.01039
threshold=1.0000000180025095e-35 1.5000000000000002 2.5000000000000004 0.49934445321559912 0.53504571318626415 1.340002775192261 3994.5000000000005 12.500000000000002 3.5000000000000004 16.48219203948975 0.79950332641601574 1.5000000000000002 1.0000000180025095e-35 1.0000000180025095e-35 0.62102890014648449 6.997901678085328 0.00055558895110152673 7.5000000000000009 0.0071636855136603126 4.4716224670410165 7.5000000000000009 6.5000000000000009 10.500000000000002 2160.5000000000005 4.0763984543445994e-06 40.500000000000007 6010.5000000000009 1.1744564771652224 0.46470099687576299 3181.5000000000005 196.50000000000003 1614.5000000000002 0.26013697683811193 0.71289253234863292 21.500000000000004 0.00082428017049096536 12.500000000000002 2.5000000000000004 9.5000000000000018 6.5000000000000009 25.500000000000004 3920.0000000000005 3.7028172016143803 2427.0000000000005 7.5000000000000009 1589.0000000000002 3706.5000000000005 0.73010635375976574 16.500000000000004 12.775985717773439 5.7021131515502939 0.67425155639648449 13.500000000000002 4.5000000000000009 34.500000000000007 11.674797058105471 3.5000000000000004 0.064583335071802153 13.211111068725588 19.500000000000004 0.68147659301757824 4.2500202655792245
decision_type=2 2 2 2 2 2 2 2 2 2 2 2 2 2 2 2 2 2 2 2 2 2 2 2 2 2 2 2 2 2 2 2 2 2 2 2 2 2 2 2 2 2 2 2 2 2 2 2 2 2 2 2 2 2 2 2 2 2 2 2 2 2
left_child=-1 6 4 15 5 34 7 -2 9 10 -9 12 13 14 -7 19 23 18 -18 -4 21 -13 -19 -17 25 -25 -8 28 29 31 37 -16 -31 -20 -3 -36 -34 38 -30 -39 41 46 53 45 -45 -42 47 48 52 50 -49 -50 54 -43 55 56 59 58 -57 -29 -61 -58
right_child=1 2 3 -5 -6 11 26 8 -10 -11 -12 20 -14 -15 27 16 17 22 33 -21 -22 -23 -24 24 -26 -27 -28 40 30 32 -32 -33 36 -35 35 -37 -38 39 -40 -41 43 42 -44 44 -46 -47 -48 49 51 -51 -52 -53 -54 -55 -56 57 61 -59 -60 60 -62 -63
leaf_value=-0.052316533454132765 0.040597065960264606 0.022380979931970739 0.015848842664698524 0.039518336160368005 -0.054019148759572137 -0.043640042828140831 -0.0033487011290974813 0.008678613679435036 0.049576146550893666 -0.01384210619441901 0.044028222677662932 0.025670035892157373 -0.06315153782080965 0.040595663318916751 0.029936792991082026 -0.018149285503017198 0.032822523336991836 0.016699558248638443 -0.0064436586118974837 0.066171174574418137 -0.0094267179597814482 0.0090803998832598102 0.039517931655884846 -0.044905675099398447 0.010864494565254172 0.012544618211309047 0.030690121310730872 0.0020873555757865837 -0.020960203915138392 0.00072890444923233899 -0.060207345127415546 -0.026186529418425381 0.060431089011353967 -0.071929812312393135 -0.029980992044763722 0.028478893452502502 0.01562015247114029 -0.030985442247530262 0.0099716336903269438 0.014177512954753162 0.0013858608287746579 -0.018061337943677116 -0.018150387053982218 0.055154114710150207 -0.0070754576518619466 -0.031122512746268972 0.044174226519699898 0.019520857916774881 0.0077336973344997997 -0.012121899164077087 0.06991120511941544 -0.049767528444745759 0.043433254590142537 0.02601300824816934 -0.010500208236460501 0.04693622708746157 -0.053928509999658585 0.041793007827671869 -0.024422115687099746 0.0073375265208593821 0.044029625451278545 -0.0082788438865985213
leaf_weight=216.34857148287119 49.775868272408843 75.346004240680486 12.682009692303838 30.037676592357457 5.3315156940370789 4.5482176123186937 17.895258089527491 21.606931712478399 12.970180381089447 10.438057249411939 11.688098421320317 38.088475259020925 4.0362289922777554 9.3556521590799075 3.2229359322227564 18.02166466973722 3.3197207730263454 79.522730503231287 3.7762796592433006 6.6437525339424601 20.201754892477766 140.9985057474114 19.755644045770168 6.5587160345166904 57.061879594810307 5.8849542457610369 10.837770743295549 30.840862230397761 16.244818525388837 8.8176941303536314 4.0479439543560138 12.981701373588292 7.4193443555850518 3.3392262551933527 6.8491856688633543 5.3876468306407332 7.341488934122026 20.029145313426856 28.703352257143706 4.5475104842334977 14.16735831834376 5.3031411208212402 28.379625137429684 4.6905064508318892 9.8055164362303895 16.313018282875419 6.3059171536006025 42.391379846725613 4.1441524801775804 9.923980317078529 5.5857246508821836 9.0062783393077535 6.9595607295632353 14.728612513747064 20.646112380316481 2.9832834824919718 4.6269039604812887 15.187527775764464 5.8034106027334929 10.999454280361535 13.670421599410473 16.456465427298099
leaf_count=60572 300 741 129 219 104 83 129 164 72 64 86 237 189 69 74 191 30 674 74 31 255 1524 107 89 496 47 59 267 167 114 59 330 62 57 104 67 86 376 376 57 178 71 595 30 191 293 79 436 65 112 30 171 51 146 447 20 41 94 136 116 116 214
internal_value=0.000268151 0.0105709 0.00844008 0.0156241 0.00598776 0.00643391 0.0258416 0.0302539 0.0211743 0.012751 0.021088 0.00473272 0.00211905 0.00273721 0.00188747 0.01231 0.0102682 0.0178021 -0.0149073 0.0331485 0.010375 0.0126087 0.0212402 0.000824533 0.00574414 -0.0177358 0.00949035 0.00238973 -0.00465905 0.00819442 -0.0116093 -0.0150242 0.0241517 -0.0371756 0.0186613 -0.00424221 0.0381438 -0.00877981 -0.00120751 -0.0226288 0.00506276 0.00713587 -0.00470442 -0.00664228 0.0130603 -0.0160125 0.00992476 0.00884069 0.00469535 0.0189586 0.0253875 -0.0316469 0.00842401 0.0143449 0.00641394 0.00988632 0.0047161 0.0264044 -0.000194327 0.0134566 0.0276699 -0.018297
internal_weight=1320.58 1104.23 969.023 246.604 722.418 717.087 135.212 106.479 56.7033 43.7331 33.295 629.504 430.215 426.179 416.823 216.567 197.241 109.714 10.4352 19.3258 199.289 179.087 99.2784 87.5272 69.5055 12.4437 28.733 412.275 113.356 39.7832 73.5728 16.2046 23.5785 7.11551 87.5828 12.2368 14.7608 69.5248 44.9482 24.5767 298.919 253.943 48.4114 44.9764 14.496 30.4804 205.531 199.226 141.324 57.9011 47.9771 13.1504 128.174 20.0318 121.214 100.568 76.5941 23.9742 8.78669 55.5107 24.6699 21.0834
internal_count=72563 11991 11117 2144 8973 8869 874 686 386 314 250 7957 5941 5752 5683 1925 1765 942 161 160 2016 1761 781 823 632 136 188 5600 1701 666 1035 404 262 131 912 171 148 976 543 433 3899 3207 812 692 221 471 2395 2316 1738 578 466 236 1502 217 1451 1004 754 250 156 499 232 255
is_linear=0
shrinkage=0.05


Tree=41
num_leaves=63
num_cat=0
split_feature=19 1 16 16 16 12 8 34 32 16 8 32 16 15 1 36 31 1 19 33 18 10 18 32 19 8 1 15 1 18 18 18 5 5 16 15 31 7 16 16 19 15 5 8 7 15 3 7 17 18 7 7 32 7 7 18 18 33 18 33 7 7
split_gain=265.47 13.1149 7.70173 10.3252 7.22599 8.75462 6.20842 5.33129 4.99702 4.63469 4.05442 4.00222 3.76616 3.68222 3.58307 3.56018 4.57985 3.55623 3.35634 3.30014 4.04462 3.21591 3.76197 2.9491 3.96076 2.90898 2.88394 3.56089 2.75253 3.287 5.31079 2.6788 2.62534 2.5889 2.52266 2.47919 4.32476 4.16001 2.66389 3.23493 2.6224 4.37901 3.91066 4.41302 3.57199 3.47586 2.99671 2.98324 2.85268 3.45715 2.78488 3.41021 2.77201 5.51468 3.26688 3.14875 2.69141 2.61778 4.38807 2.58716 2.76362 3.23455
threshold=1.0000000180025095e-35 8.5000000000000018 0.98127377033233654 1.5856374502182009 0.99949577450752269 1.0000000180025095e-35 2355.0000000000005 0.51020923256874096 2.783414483070374 1.9053691029548647 3011.0000000000005 4.5028574466705331 0.95474797487258922 5.9901959896087655 3.5000000000000004 5.1386594350333332e-05 0.00019132285524392503 1.0000000180025095e-35 1.5000000000000002 8.2311518781352802e-05 12.500000000000002 1.0000000180025095e-35 14.500000000000002 1.7486701607704165 1.5000000000000002 4254.5000000000009 22.500000000000004 82.111110687255874 6.5000000000000009 7.5000000000000009 21.500000000000004 29.500000000000004 3831.5000000000005 3447.5000000000005 1.9645426869392397 0.44549953937530523 0.0035531870089471345 262.00000000000006 1.4953342080116274 1.2360472083091738 1.5000000000000002 16.25657939910889 6489.5000000000009 2629.5000000000005 5.5000000000000009 4.2015624046325692 5.2284276485443124 67.500000000000014 5.1463174819946298 10.500000000000002 44.500000000000007 21.500000000000004 3.1834850311279301 4.5000000000000009 2.5000000000000004 14.500000000000002 8.5000000000000018 0.0052843824960291394 9.5000000000000018 2.9937028784843282e-06 20.500000000000004 126.50000000000001
decision_type=2 2 2 2 2 2 2 2 2 2 2 2 2 2 2 2 2 2 2 2 2 2 2 2 2 2 2 2 2 2 2 2 2 2 2 2 2 2 2 2 2 2 2 2 2 2 2 2 2 2 2 2 2 2 2 2 2 2 2 2 2 2
left_child=-1 2 12 17 6 7 8 9 -3 35 11 26 15 14 19 -2 -17 -4 -10 20 -5 34 -23 -19 31 -8 -11 33 29 -26 -31 -25 -30 -28 -15 36 38 40 39 -6 41 45 43 -42 46 47 56 57 49 -45 51 52 53 54 -47 -55 -43 -37 -59 -50 -61 -62
right_child=1 4 3 13 5 -7 25 -9 18 10 -12 -13 -14 21 -16 16 -18 23 -20 -21 -22 22 -24 24 28 -27 27 -29 32 30 -32 -33 -34 -35 -36 37 -38 -39 -40 -41 42 44 -44 48 -46 50 -48 -49 59 -51 -52 -53 -54 55 -56 -57 -58 58 -60 60 61 -63
leaf_value=-0.052194316783861466 0.047305502949241567 0.036928554080216697 0.03942599058790467 0.017812961820647812 0.0267045013364779 0.059587258560453285 -0.025627527278542197 0.034168708348735831 -0.043029691726640423 0.003892971731007543 -0.049514626635778491 0.018997399034570778 -0.034519389852937996 0.020981113849946529 -0.020992260880084532 -0.04390039144245745 0.0066072545338859145 0.042422575513273622 0.015743320816272974 0.028725017615402394 -0.031298996604151579 0.038167037591172924 0.0064881912825052847 0.017207205690249517 0.010788664099361966 -0.0048250860831395371 -0.045077024944206956 0.028782716135298893 -0.0088798582769686017 0.056813050109498969 0.02342567196825172 -0.010543318959184991 0.030887999837449845 -0.012679525709973464 -0.01879190207950043 0.0080214178321384375 -0.010400930649807886 -0.031941093016583821 0.044683658217372302 -0.015130635455939229 0.016481449586134171 -0.0023566618893649605 0.042436218284321578 -0.043484936483250115 -0.069915571269306295 -0.0021888920096225484 0.029875992286375892 -0.016997087475127227 -0.0090406784714199082 0.0057963848527596736 0.052122223113871304 -0.025312286384981147 0.034207455509771376 -0.03534019840995091 0.042914706820933311 0.014329307506072808 -0.059003933351014795 -0.053181802634396917 0.0024295246627007755 0.031664362997740322 -0.0042458007938234168 0.038268628523786763
leaf_weight=203.6864993905765 4.7161568012088528 12.243281231727453 42.200077466666698 8.5368217341601902 20.527723029255871 8.0651257224380952 32.725783941568807 17.698088533245027 4.454982213675974 43.859893859364092 4.4348395839333525 20.827923730015755 6.4806028679013243 6.7343424968421486 17.725435796193779 4.9369719764217725 49.380905109923333 18.261925335973501 5.3417805847711861 11.221432559192179 8.2373832557350379 20.784253403544426 17.067375008016825 81.658665411174297 11.519179282709954 34.545446686213836 7.4969840887933961 4.4108749302104107 8.0071430765092391 24.452190537005663 23.222059552557766 9.7328852266073209 8.6156220994889718 34.744107120670378 9.7716766484081727 90.487796210683882 9.9414394749328476 6.6502976305782786 13.341754229739307 5.9631844488903871 116.32558427285403 5.1771532744169217 9.9908044254407269 7.2152961380779725 3.0894401036202899 6.2272926829755368 3.4313121717423192 18.798433580435812 20.227827049791813 7.0221796855330467 4.9434764683246604 5.2613021689467123 15.769906254485248 8.0922768553718907 11.29909331910312 5.2679568426683536 3.5241626864299178 4.910607589408758 12.776171366684137 13.201778994873164 23.047088611871008 5.5514923911541691
leaf_count=60572 37 209 272 51 172 46 1310 130 159 445 84 146 72 41 147 65 585 104 100 77 62 107 112 586 71 1111 150 53 58 127 144 90 45 646 90 931 133 70 88 76 892 78 70 56 60 79 35 250 212 70 33 96 135 129 70 53 96 43 156 111 219 46
internal_value=0.000171507 0.0100278 0.017313 0.0204414 0.00586902 0.00784534 -0.00739927 0.00713988 0.0156319 0.00630627 -0.00263176 -0.000764344 0.0016627 0.00705603 -0.00340143 0.00563467 0.0020166 0.0263254 -0.0109831 0.00773621 -0.00630467 0.015852 0.023883 0.0233446 0.0212609 -0.014945 -0.00531177 -0.0139656 0.0297099 0.0347585 0.0405501 0.0142519 0.0117319 -0.0184295 -0.00256478 0.00856534 0.0191006 0.007281 0.0264636 0.0172873 0.00793044 0.00385463 0.0119353 0.0103531 -0.0219173 0.00598862 -0.00969505 0.00138775 0.00100561 -0.0191785 0.0162625 0.012848 0.0171513 0.00844281 0.026889 -0.0157555 -0.0252997 0.00458264 -0.0130106 0.00563852 0.012742 0.004007
internal_weight=1285.86 1082.18 393.263 327.748 688.912 599.601 89.3113 591.536 22.04 573.837 115.775 111.34 65.5146 100.079 45.7211 59.034 54.3179 227.67 9.79676 27.9956 16.7742 54.3576 37.8516 185.47 167.208 67.2712 90.5119 46.652 75.8162 59.1934 47.6743 91.3916 16.6228 42.2411 16.506 458.063 49.7741 408.289 39.8327 26.4909 401.638 199.056 202.582 192.591 15.2221 183.834 12.1326 126.973 76.2657 14.2375 56.8613 51.9178 46.6565 30.8866 17.5264 13.3602 8.70132 108.175 17.6868 62.0282 41.8004 28.5986
internal_count=72563 11991 2943 2184 9048 6159 2889 6113 468 5983 1524 1440 759 687 337 687 650 1497 259 190 113 350 219 1225 1121 2421 1294 849 445 342 271 676 103 796 131 4459 469 3990 336 248 3920 2244 1676 1606 269 1975 209 1380 714 126 595 562 466 331 149 182 174 1130 199 588 376 265
is_linear=0
shrinkage=0.05


Tree=42
num_leaves=63
num_cat=0
split_feature=19 35 16 16 16 12 11 8 32 0 36 16 8 31 15 32 0 34 15 0 0 31 7 18 16 15 19 16 15 16 0 32 19 18 4 32 35 4 32 5 36 32 36 8 18 8 35 0 0 0 15 15 0 18 15 15 15 8 15 0 17 16
split_gain=246.281 10.9914 6.8291 7.7208 6.27732 8.12706 5.49826 4.41955 5.16392 4.1982 3.90361 3.61622 4.08738 3.4451 3.38687 3.34497 3.30802 3.25782 3.21006 3.7199 3.09673 3.78987 6.60378 4.20224 3.3872 3.79759 5.0426 4.79471 4.66999 3.98903 3.82105 3.08128 3.07929 2.89565 2.90897 4.12123 2.82931 2.70959 2.58461 2.5429 2.47178 2.77808 3.60317 2.62294 2.70949 2.43166 2.39213 2.37936 3.14594 2.29448 2.33658 2.29717 2.14805 2.1374 2.13521 4.43371 4.37123 4.31439 3.42788 2.73444 2.33533 2.37303
threshold=1.0000000180025095e-35 0.10555555671453477 0.98127377033233654 1.5856374502182009 0.99949577450752269 1.0000000180025095e-35 1.0000000180025095e-35 2355.0000000000005 2.783414483070374 0.79251480102539074 0.14197965711355212 1.9053691029548647 3011.0000000000005 2.5779615953069883e-06 2.0836167335510258 4.5028574466705331 0.71803855895996105 0.48864623904228216 5.9901959896087655 0.70662879943847667 0.79950332641601574 0.0057426302228122958 59.500000000000007 21.500000000000004 0.99983397126197826 7.6401004791259775 1.5000000000000002 1.2551903724670412 32.535715103149421 1.3382202386856081 0.74552536010742199 2.6329318284988408 1.5000000000000002 13.500000000000002 27.500000000000004 3.7066130638122563 0.18333333730697635 2.5000000000000004 2.6465394496917729 5422.5000000000009 0.18529209494590762 4.19482445716858 0.089106667786836638 5647.0000000000009 13.500000000000002 4254.5000000000009 0.024099883623421196 0.77148628234863292 0.70018196105957042 0.73112106323242199 0.35493414103984838 0.85773810744285595 0.64793968200683605 26.500000000000004 0.46470099687576299 0.636914223432541 0.37519231438636785 2845.5000000000005 0.18208556622266772 0.70923805236816417 1.1822546124458315 1.7751502990722658
decision_type=2 2 2 2 2 2 2 2 2 2 2 2 2 2 2 2 2 2 2 2 2 2 2 2 2 2 2 2 2 2 2 2 2 2 2 2 2 2 2 2 2 2 2 2 2 2 2 2 2 2 2 2 2 2 2 2 2 2 2 2 2 2
left_child=-1 4 17 13 7 6 11 8 -2 18 -10 54 15 -4 -8 46 -17 39 19 -5 21 24 23 31 -15 26 27 37 30 -29 -27 -23 -12 -20 35 -35 -28 -26 -31 40 41 42 43 44 -3 47 -13 48 -9 50 -48 -52 -47 -21 56 59 57 -6 -59 -56 -57 -62
right_child=1 2 3 9 5 -7 14 45 10 -11 32 12 -14 20 -16 16 -18 -19 33 53 -22 22 -24 -25 25 28 36 29 -30 38 -32 -33 -34 34 -36 -37 -38 -39 -40 -41 -42 -43 -44 -45 -46 52 49 -49 -50 -51 51 -53 -54 -55 55 60 -58 58 -60 -61 61 -63
leaf_value=-0.052085723418815968 0.034531305109004762 0.021601140520333604 -0.00010109482567402925 -0.038738397454869622 -0.014103144644781322 0.058737050653287028 0.012265726263185202 -0.0096982210639738765 -0.060601414486190865 0.041255895662148129 -0.035242255532562564 -0.028621925937766659 -0.050902455306505272 -0.00061530428863085154 0.043608977640075278 -0.010013700287853231 0.032125170937577795 -0.031773322473935328 0.024118029700699487 0.0076259300021290057 0.038627227107904408 0.047539033245814634 -0.027261871945383216 -0.0099269043791389115 0.04936809546845377 -0.029556321355280836 0.032833914086106392 -0.023949983972312419 0.036700474379499796 0.044619203952165086 0.020060867926463739 0.011445007216309505 0.033526765758805352 0.012439250064264272 0.022822813633287035 -0.039266348534722634 0.061251349146800284 0.019611246225919199 0.0027653369041754469 0.040538069702565328 0.028473742865283744 -0.040215520516711144 -0.041519422697594309 -0.025083554702167079 -0.011667172447787033 -0.045856894609499925 0.035755748278859481 0.021292109895079018 -0.042709068994190497 -0.023088294821388147 -0.039574754813267991 0.0014150251968625925 -0.00021861945805664511 -0.024900196079129064 -0.043225971966700902 0.028313421373411776 0.042013481664155264 0.038784219185885704 0.0012074910923328939 0.00042718276992214011 0.0056055825068641848 0.021061685524786964
leaf_weight=191.28156372101512 12.135615378851073 22.39525635261089 13.415346423164008 7.2614673804491749 13.403564465232192 7.6642332710325709 19.468390825204551 13.475056603085255 3.1007807212881726 8.4580139573663455 2.6508956230245531 9.3152620010077936 4.1627688547596327 9.9708349704742414 15.465755472891031 7.0857631852850345 13.589750668033956 6.6348559660837045 26.406750094145536 24.801695782691244 39.581163970753551 13.154382422566416 9.2559737507253868 8.3296699468046409 19.083582378923897 7.7239123955369013 15.161925401538609 7.0410881508141783 12.211815714836119 6.7435313984751692 7.7973921559751034 10.740942282602189 4.2178036789409816 7.8476822320371884 8.997941065579651 7.5725045092403889 20.740585323423147 12.768848234787582 8.1423834115266782 4.6841954328119746 7.5953000481240442 4.3759392146021119 4.307439654134213 5.4623690424486986 8.4216931643895787 2.8085652810987076 4.6597525849938384 2.7489481759257606 15.541459235595537 10.938503312878309 3.6253126971423617 59.79507587198168 31.441064144484699 6.3424298986792556 6.9759784918278438 13.051096171140669 13.30017473362386 12.978207461535932 11.400514570064841 7.3852105187252164 327.63907007407397 26.870480149053037
leaf_count=60572 209 202 78 64 179 46 176 460 79 65 111 226 82 73 135 70 76 102 162 173 261 87 72 63 128 61 89 58 72 51 57 72 69 60 47 59 109 99 67 40 77 62 64 90 122 141 42 92 758 138 55 819 970 57 81 96 93 92 101 88 3291 273
internal_value=0.000133957 0.00955434 0.0163182 0.0193016 0.00572292 0.0075857 0.00691106 -0.00672317 0.0126275 0.00758908 -0.0140354 0.00568104 -0.00227702 0.0244588 0.0261418 -0.000420149 0.0176836 0.00139347 0.00439785 -0.0065118 0.0260394 0.0230889 0.00996249 0.0206544 0.0273633 0.0297392 0.0347397 0.0250525 0.013569 0.00705858 -0.00463028 0.0313148 0.00698615 0.0126417 0.00023069 -0.0129522 0.0492504 0.0374393 0.0217257 0.00523778 0.00209166 -0.00236492 0.00171602 0.00684936 0.0125095 -0.0132027 -0.00465754 -0.0231671 -0.0273791 -0.00183245 0.00158275 -0.000928082 -0.00396109 0.00100206 0.007761 0.00647692 0.0173615 0.00868352 0.0212118 -0.0207774 0.00754179 0.0067771
internal_weight=1251.61 1060.32 383.429 319.552 676.895 588.775 581.111 88.1202 22.1051 97.6885 9.96948 546.176 113.172 221.863 34.9341 109.009 20.6755 63.877 89.2305 38.4056 208.448 168.867 41.481 32.225 127.386 117.415 89.6819 53.7794 27.7331 21.927 15.5213 23.8953 6.8687 50.8249 24.4181 15.4202 35.9025 31.8524 14.8859 57.2422 52.558 44.9627 40.5868 36.2793 30.8169 66.0151 88.3339 31.7655 29.0165 79.0186 68.0801 63.4204 34.2496 31.1441 433.004 381.922 51.0825 37.7823 24.3787 14.3612 367.561 354.51
internal_count=72563 11991 2943 2184 9048 6159 6113 2889 468 687 259 5802 1508 1497 311 1426 146 759 622 294 1419 1158 294 222 864 791 601 403 190 176 118 159 180 328 166 119 198 227 118 657 617 540 478 414 324 2421 1280 1310 1218 1054 916 874 1111 230 4294 3829 465 372 193 169 3660 3564
is_linear=0
shrinkage=0.05


Tree=43
num_leaves=63
num_cat=0
split_feature=19 12 1 19 34 7 16 16 31 11 16 34 8 16 8 0 4 0 17 7 18 36 33 33 15 4 19 8 5 33 1 18 0 1 8 0 33 19 34 16 8 15 4 4 16 18 33 8 0 8 0 17 4 7 16 18 33 7 8 1 31 1
split_gain=228.326 11.3923 8.66816 6.80549 8.49656 4.97702 5.97347 6.35963 4.94402 4.91205 4.19187 3.96199 3.96023 3.93334 3.72606 3.59829 3.51814 3.44345 4.94503 4.23417 4.48454 4.86406 3.52096 3.37433 2.96289 2.93835 2.87824 2.83662 2.82881 5.06029 4.1977 2.99759 2.70255 2.59709 2.4842 2.9175 2.42968 2.63857 2.37525 2.3352 2.3098 2.96744 3.2752 2.55999 2.20149 2.17228 4.37819 3.41363 2.05713 2.64386 4.98015 2.46471 2.08232 2.05608 3.83979 3.78519 3.29641 4.2192 3.55909 7.00018 5.53795 3.74504
threshold=1.0000000180025095e-35 1.0000000180025095e-35 8.5000000000000018 2.5000000000000004 0.52531525492668163 68.500000000000014 1.7503993511199953 0.84198671579360973 0.066637940704822554 1.0000000180025095e-35 0.99983397126197826 0.47831027209758764 2679.0000000000005 1.9053691029548647 5647.0000000000009 0.72002601623535167 7.5000000000000009 0.77148628234863292 1.340002775192261 40.500000000000007 17.500000000000004 0.0015306929708458485 6.0346180816850401e-06 5.5985690323723256e-06 2.4739555120468144 63.500000000000007 11.500000000000002 3011.0000000000005 2420.5000000000005 0.019980479031801227 1.5000000000000002 18.500000000000004 0.73871803283691417 3.5000000000000004 5587.0000000000009 0.71851158142089855 0.0015170319820754232 1.5000000000000002 0.57250532507896434 1.3628750443458559 2202.5000000000005 0.58840337395668041 20.500000000000004 6.5000000000000009 1.0718141198158266 17.500000000000004 2.9937028784843282e-06 2695.5000000000005 0.74477577209472667 2405.5000000000005 0.73222541809082042 3.396040797233582 30.500000000000004 14.500000000000002 1.7751502990722658 39.500000000000007 2.1253275917842988e-05 1.5000000000000002 2238.0000000000005 27.500000000000004 5.8137638916377916e-05 28.500000000000004
decision_type=2 2 2 2 2 2 2 2 2 2 2 2 2 2 2 2 2 2 2 2 2 2 2 2 2 2 2 2 2 2 2 2 2 2 2 2 2 2 2 2 2 2 2 2 2 2 2 2 2 2 2 2 2 2 2 2 2 2 2 2 2 2
left_child=-1 2 3 4 5 6 7 8 32 10 12 26 16 34 28 33 -4 18 -9 20 36 -22 -21 -17 38 -18 45 48 29 -7 -30 -32 -2 -8 53 44 37 -20 40 -23 -11 42 -42 -43 -36 46 -5 -47 49 50 -15 -51 -50 54 55 56 57 -12 61 -60 -61 -59
right_child=1 -3 9 11 -6 14 15 17 -10 24 13 -13 -14 27 -16 23 25 -19 19 22 21 39 -24 -25 -26 -27 -28 -29 30 -31 31 -33 -34 -35 35 -37 -38 -39 -40 -41 41 43 -44 -45 -46 47 -48 -49 52 51 -52 -53 -54 -55 -56 -57 -58 58 59 60 -62 -63
leaf_value=-0.051982334981291844 -0.0030705975323648046 0.041297346094850314 0.023313036678394791 -0.0014458437930340532 -0.03596297774015255 -0.057970946680125285 -0.048900645854127262 0.04330898502704994 0.0418462859865208 0.042496573688378676 -0.042742684967595583 0.049180929444697263 -0.014305634322735867 -0.0037325259297552186 -0.043151477137554864 -0.014485187580385731 -0.042143495256081215 0.033189723166197303 0.0002865041487538496 0.053358789688485744 0.02533631413198888 -0.011511877714184826 0.010004688631862185 0.019945611005704689 0.037673029364377171 0.02869253202718839 0.044485166416110986 -0.045856656297155074 0.041496636805808992 0.01828396453386438 -0.022435727246096642 0.021237866937409471 -0.046565491322383766 -0.0050216540786364693 -0.0047938064787497563 0.043867229376598905 0.030569758059886723 0.027642533438582719 -0.019724963447431174 -0.052971197705241502 -0.054824989743366116 0.044843625584683001 0.029608820816829747 -0.0046094584299863628 0.034605415656499758 -0.0062984889150263391 0.042136996533099755 0.032809623987829793 -0.0025460622523919237 -0.011526630580468013 -0.047988325819062726 0.030843335448265244 0.039997647379493906 0.0035652386192350279 0.032235435106283704 -0.031974435801744257 0.016078010054488064 0.031719938242824784 -0.036722415462151096 0.039257072689401547 -0.025602490413903542 -0.015667915894391156
leaf_weight=179.40615750168217 8.2160076661966759 26.760990709066391 15.924732754938306 8.8362517999485153 9.3697172892279905 4.6515683461911959 5.4266646560281506 16.052846314385533 3.8349573547020546 6.7050147738773438 5.1962711066007605 16.608079431578517 55.626770438859239 74.91235415590927 5.3192264428362241 10.65885586850345 4.6251573127228758 50.849264722317457 28.989180786535144 10.802710171788933 6.1030733957886723 8.5095495246350747 8.2671190779656154 21.408456683158875 16.566732052713633 2.1419633841142058 11.332229508087037 3.7441532621160141 7.633836871013048 4.087276860140264 9.0909279021434504 6.9193549240007988 6.317551744170486 8.9073532652109844 10.045854981057348 9.8810264710336906 18.043078928254545 12.665870318189262 5.1464278348721555 5.6524630524218074 3.1887609232217065 5.7654543570242804 1.7951054647564886 4.7919976604171097 5.47939608991146 17.289110332727436 16.564861182123423 8.2388446368277055 5.8432623669505102 5.3907351354137054 6.9463017703965297 9.4478664230555278 5.6642572190612555 238.24771123751998 18.633743959479034 5.661381233483552 81.364493424072862 16.239940671250228 11.583818500861527 9.0387952104210836 5.1755581730976692 5.6094056293368331
leaf_count=60572 116 207 380 72 89 74 46 116 32 83 90 111 2043 1083 60 91 200 385 221 44 48 76 73 140 163 45 56 82 43 56 76 75 104 85 123 62 113 77 58 52 124 66 13 61 42 124 103 48 74 73 74 94 28 2483 174 69 705 109 137 73 78 89
internal_value=0.000108963 0.00909682 0.00824619 0.0145207 0.0108404 0.0124742 0.0152266 0.0192636 -0.00865226 0.00483691 0.00367808 0.0274828 -0.00712454 0.00526212 -0.00436811 -0.000807904 0.0104792 0.0223538 0.0175661 0.0133933 0.00834441 -0.0119787 0.034564 0.00850116 0.0209813 -0.0197221 0.0216949 -0.00307017 0.00200245 -0.0223055 0.0109866 -0.00356079 -0.0219773 -0.0216336 0.0074717 0.0226287 0.0152433 0.00860453 0.0108864 -0.0280595 0.017968 0.00738564 -0.0244133 0.022397 0.00911154 0.0166238 0.0269759 0.00632319 -0.00158965 -0.00396792 -0.00748795 0.0154507 0.0183949 0.0065011 0.010914 0.00807354 0.0097629 3.94239e-05 0.00470509 -0.00787096 0.0156412 0.019554
internal_weight=1219.2 1039.79 1013.03 356.646 277.777 268.407 230.705 184.304 18.3685 656.384 612.425 78.8694 78.3186 534.106 37.7022 46.4013 22.6919 165.935 115.086 99.033 79.9632 20.2651 19.0698 32.0673 43.9595 6.76712 62.2613 111.949 32.383 8.73885 23.6441 16.0103 14.5336 14.334 422.157 25.4063 59.6981 41.6551 27.3928 14.162 22.2463 15.5413 4.98387 10.5575 15.5253 50.9291 25.4011 25.528 108.205 96.6973 81.8587 14.8386 11.5075 396.751 158.503 139.87 134.208 52.8438 47.6475 25.7982 14.2144 21.8493
internal_count=72563 11991 11784 2806 2292 2203 1819 1457 252 8978 8410 514 2668 5742 384 362 625 1205 820 704 587 176 117 231 568 245 403 1508 324 130 194 151 220 131 4234 227 411 298 405 128 347 264 137 127 165 347 175 172 1426 1324 1157 167 102 4007 1524 1350 1281 576 486 288 151 198
is_linear=0
shrinkage=0.05


Tree=44
num_leaves=63
num_cat=0
split_feature=19 12 16 16 1 0 8 5 19 18 33 15 0 19 4 19 4 18 17 17 19 7 15 1 19 17 17 16 8 7 34 0 16 36 36 35 17 4 32 33 17 15 4 0 33 1 9 8 16 33 31 7 33 36 15 18 0 0 17 8 8 31
split_gain=210.666 9.70151 8.66007 9.25076 8.52147 4.90576 4.73275 4.07261 4.0421 4.27983 3.21163 4.57269 3.77031 3.17462 7.47608 5.15529 4.73434 5.34967 3.73312 3.14612 4.39832 3.97649 3.5247 2.83518 2.76372 2.94118 4.41487 4.12908 2.87941 2.73806 2.70982 2.59112 4.97748 4.20036 6.1128 5.20526 3.23326 4.29453 3.36861 3.1884 3.00251 2.90754 2.73528 7.16184 3.28031 3.77514 2.58582 3.9601 2.79629 2.56452 2.53423 7.805 4.07653 3.98786 4.67856 3.21561 4.27283 3.36457 2.52333 2.5213 7.34616 3.06493
threshold=1.0000000180025095e-35 1.0000000180025095e-35 0.99949577450752269 1.5527758598327639 8.5000000000000018 0.80866622924804699 2254.0000000000005 6295.5000000000009 3.5000000000000004 14.500000000000002 0.00029310035461094236 16.25657939910889 0.72954177856445324 10.500000000000002 83.500000000000014 12.500000000000002 34.500000000000007 19.500000000000004 77.322280883789077 3.396040797233582 1.5000000000000002 17.500000000000004 29.514705657958988 1.0000000180025095e-35 7.5000000000000009 39.570186614990241 28.660159111022953 0.81109389662742626 5724.0000000000009 40.500000000000007 0.46088269352912908 0.67526817321777355 1.3860672712326052 0.0012638968182727697 6.0139767811051577e-05 0.030776515603065494 13.718648910522463 6.5000000000000009 3.3632726669311528 0.012388341128826143 12.462354183197023 0.97930938005447399 13.500000000000002 0.72340011596679699 0.0028540977509692316 33.500000000000007 1.0000000180025095e-35 3730.0000000000005 0.98127377033233654 2.9937028784843282e-06 0.0014703035121783616 14.500000000000002 0.0033829759340733294 0.0039960909634828576 0.48591269552707678 9.5000000000000018 0.6779308319091798 0.6451849937438966 18.710964202880863 1782.5000000000002 2128.5000000000005 0.00025533197913318878
decision_type=2 2 2 2 2 2 2 2 2 2 2 2 2 2 2 2 2 2 2 2 2 2 2 2 2 2 2 2 2 2 2 2 2 2 2 2 2 2 2 2 2 2 2 2 2 2 2 2 2 2 2 2 2 2 2 2 2 2 2 2 2 2
left_child=-1 2 6 4 7 13 -2 19 31 -10 12 -12 -11 14 16 -15 17 50 -18 -4 23 22 -22 -21 25 26 27 -8 -27 -19 46 32 33 34 41 -35 40 -38 -39 42 -33 -6 43 -40 45 -44 47 48 -29 -31 53 52 -52 54 -5 57 -57 -56 -48 -59 61 -61
right_child=1 -3 3 5 8 -7 24 -9 9 10 11 -13 -14 15 -16 -17 18 29 -20 20 21 -23 -24 -25 -26 28 -28 30 -30 49 -32 36 -34 35 -36 -37 37 38 39 -41 -42 -43 44 -45 -46 -47 58 -49 -50 -51 51 -53 -54 -55 55 56 -58 59 -60 60 -62 -63
leaf_value=-0.051882781008437157 0.013566732510741903 0.038858299169634652 0.034995014952403501 0.030555449773703267 -0.053606177568624763 0.051163406651273016 -0.024125325971305456 -0.0085456481394956107 0.0018452587023724217 -0.0065009876138616661 0.058907676628630647 0.012284808136560611 0.039502218533562505 0.052142168071826284 -0.041462660433916998 3.9971605151580282e-05 0.027975566042969163 -0.0067100928621217125 -0.012499107919743228 0.035436524034843611 -0.012751206895531704 0.036891755169636442 0.027989667346279251 0.0045596732717997288 0.027195788506994618 -0.053655455318426373 0.03354697307705342 -0.016759547398476193 0.013079187581418364 -0.0012073137921065841 -0.037864886325920923 0.011550538852862242 0.020137588525269031 -0.0012936242198013552 0.027040355570811598 -0.047673070975184861 -0.028072473830617884 0.038882503798493444 0.019133721385798979 -0.028474999949644565 0.040232090765598714 -0.0015874716643090227 0.011862738999750308 -0.063071533599084142 0.035442303561982691 -0.037190115198977455 0.012902381779020098 -0.031665401186021992 0.040315363126776693 -0.045713682460951227 -0.020007000583392859 -0.055990580083223586 0.029200514557325238 0.029742728625543387 -0.030907812945911568 -0.035545434547647616 -0.00079532294639196848 0.030368458671561811 -0.038135868182004658 -0.047270994334960195 0.019693052898716434 0.0082803956299614609
leaf_weight=168.29608339688275 31.785284335725009 25.647891439497471 48.652151845395565 14.719172189012168 4.5946696083992737 5.1430122740566722 33.983476300258189 10.029918143525718 19.922154873609543 9.8688442632555979 14.904695793986322 8.1266058795154077 8.1173552833497506 8.035386689007284 10.198117936030028 11.603647856041787 27.167138775810599 60.991383499465883 7.2086442857980719 8.8530751932412368 9.1229020953178424 45.804263269528747 12.69840759038925 46.398813630454242 5.2523319143801919 6.7117716167122108 6.1491696620360008 4.1533399084582943 2.1291218958795071 4.8599021844565859 4.9340895600616923 145.98786002397537 18.529454784467816 11.798836018890144 13.382054554298518 12.415533052757381 11.059822395443915 6.8222144348546854 6.232935067266224 7.585714714601635 9.7330559585243446 6.4673796128481627 22.296117391437296 4.6085060127079487 11.167979818768798 4.7596542239189139 32.362942882580683 12.088696715421973 4.4402660792693496 9.690747367218135 7.4994859714061084 6.7207255940884343 9.5923306643962842 17.344684372656047 4.9271820420399299 11.474991526454685 38.60944143962115 14.115843375213442 2.6175879617221645 7.3780506420880538 27.071264063939452 3.7424219325184822
leaf_count=60572 552 207 369 99 51 40 1519 59 162 86 93 58 55 39 104 76 212 829 50 64 61 287 84 365 69 250 133 95 35 81 113 1553 173 157 93 135 143 53 57 85 63 78 196 67 91 84 600 190 42 137 109 72 83 139 93 191 392 134 64 110 273 37
internal_value=-5.32878e-05 0.00849594 0.00771302 0.00965287 0.0135976 0.0027396 -0.00350781 0.0224227 0.00912677 0.0208582 0.0300928 0.0424568 0.0142607 0.00191754 0.000569949 0.0213578 0.00213946 -0.000358553 0.019488 0.0242335 0.0199726 0.0285232 0.010957 0.00950711 -0.00823439 -0.00993276 -0.00750585 -0.0101749 -0.037584 -0.0113596 -0.00235135 0.00672324 -0.0019159 -0.010314 0.00430722 -0.0250739 0.00924414 0.000679948 0.00568989 0.00169265 0.0133432 -0.0231937 0.00635672 -0.0158103 0.012644 0.00323336 0.000796662 -0.0132186 0.0127307 -0.0308486 0.00473374 -0.0103407 0.00760942 0.00730909 0.00412071 0.000495105 -0.00875702 0.00859137 0.0090832 0.012312 0.00563831 -0.028576
internal_weight=1188.59 1020.29 994.643 848.035 539.941 308.094 146.608 181.56 358.381 60.9397 41.0175 23.0313 17.9862 302.951 283.312 19.639 273.113 238.738 34.3758 171.53 122.877 67.6256 21.8213 55.2519 114.823 109.57 100.73 94.5804 8.84089 75.542 60.5969 297.442 67.1879 48.6585 24.4441 24.2144 230.254 74.5329 63.4731 56.6509 155.721 11.062 49.0652 10.8414 38.2238 27.0558 55.6628 20.6823 8.59361 14.5506 163.196 23.8125 17.0918 139.383 122.038 107.319 50.0844 57.2348 34.9805 52.3076 38.1917 11.1205
internal_count=72563 11991 11784 8122 4822 3300 3662 1289 3533 454 292 151 141 3260 3145 115 3041 2779 262 1230 861 432 145 429 3110 3041 2756 2623 285 1047 1104 3079 687 514 222 292 2392 776 633 580 1616 129 495 124 371 280 991 327 137 218 1732 264 192 1468 1329 1230 583 647 664 554 420 147
is_linear=0
shrinkage=0.05


Tree=45
num_leaves=63
num_cat=0
split_feature=19 35 19 11 11 35 18 0 0 5 9 7 33 0 0 18 33 9 8 8 9 9 33 17 19 0 4 6 9 19 2 4 35 2 0 0 36 32 7 15 2 35 15 15 4 15 35 8 0 9 0 31 31 18 19 2 6 0 33 35 15 17
split_gain=196.567 10.579 6.44567 14.8734 8.33537 4.16975 3.84883 5.0339 5.88532 5.16942 4.529 4.71817 4.05268 3.56999 3.42509 3.36443 3.15896 2.93439 3.58247 2.78605 2.72163 3.31922 4.2343 3.3135 2.69942 6.97628 5.00938 3.14881 3.00887 2.78377 2.69171 5.88671 4.7244 4.65292 4.71846 5.79098 5.23366 4.18824 3.59521 3.58549 4.87037 3.09546 3.549 3.45726 5.67701 5.19073 3.51338 5.001 3.06148 2.99075 2.87426 2.66081 2.76514 2.63452 2.85723 2.6086 2.704 2.57718 2.81108 3.71638 2.62125 2.56846
threshold=1.0000000180025095e-35 0.75000000000000011 1.5000000000000002 1.0000000180025095e-35 1.0000000180025095e-35 0.057189542800188072 32.500000000000007 0.68723106384277355 0.65035438537597667 2306.0000000000005 2.5000000000000004 6.5000000000000009 9.9154846111559912e-07 0.74552536010742199 0.77000045776367199 9.5000000000000018 0.012791178654879333 3.5000000000000004 1740.0000000000002 6009.0000000000009 8.5000000000000018 4.5000000000000009 6.0165323247929345e-06 2.1655398607254033 11.500000000000002 0.74620437622070324 104.50000000000001 0.011413030792027714 2.5000000000000004 20.500000000000004 124.50000000000001 4.5000000000000009 0.057189542800188072 129.50000000000003 0.74930953979492199 0.74201393127441417 0.11439744383096696 2.783414483070374 37.500000000000007 4.7517123222351083 142.50000000000003 0.024099883623421196 50.125000000000007 27.076315879821781 5.5000000000000009 44.366666793823249 0.035098522901535041 1832.5000000000002 0.76248550415039074 5.5000000000000009 0.66997718811035167 0.010284268297255041 0.017192633822560314 24.500000000000004 2.5000000000000004 199.50000000000003 6.0165323247929345e-06 0.71474647521972667 5.8856139730778531e-06 0.030776515603065494 8.7872233390808123 2.8279070854187016
decision_type=2 2 2 2 2 2 2 2 2 2 2 2 2 2 2 2 2 2 2 2 2 2 2 2 2 2 2 2 2 2 2 2 2 2 2 2 2 2 2 2 2 2 2 2 2 2 2 2 2 2 2 2 2 2 2 2 2 2 2 2 2 2
left_child=-1 2 3 5 24 15 7 8 -7 -10 -11 -12 13 -9 -15 20 -3 -17 -19 51 21 61 23 -23 26 29 30 28 -28 -26 31 37 49 -32 35 39 38 -4 48 40 -35 42 -41 44 -43 -45 -47 -48 -36 50 -33 -14 -53 54 -39 -42 -57 58 59 -46 -61 -2
right_child=1 16 4 -5 -6 6 -8 12 9 10 11 -13 19 14 -16 17 -18 18 -20 -21 -22 22 -24 -25 25 -27 27 -29 -30 -31 33 32 -34 34 36 -37 -38 53 -40 41 55 43 -44 45 57 46 47 -49 -50 -51 -52 52 -54 -55 -56 56 -58 -59 -60 60 -62 -63
leaf_value=-0.051786507164894018 -0.0050978947394367102 0.023417713363404605 0.014701964521601591 -0.070339806439816119 0.028663827716150461 0.032432759846815006 -0.010835595018250668 0.013105616067177337 -0.062035243913254795 0.01118904500134073 0.0098967992556032534 -0.050990406936649468 0.023508727248329909 -0.029935854334224712 0.0053286613831791136 -0.0011673927017217033 0.054491920016406792 -0.043841860468868336 -0.0089578212261732498 -0.016031147655985928 0.027664795636158923 0.028610618259525978 -0.047859482637022249 -0.026756216084182917 -0.017155520297802814 0.054231432856306633 0.018030147267163239 -0.048403528612906664 -0.025203871598862095 0.020138863839959522 -0.043604654070689162 -0.011923167851746838 0.03856251692711208 -0.05905534623901057 -0.0048589661338884326 0.042378324786080092 0.038552612182109702 -0.0095242198736460934 0.00047787710952769456 -0.026388782332964766 0.020766121514303973 -0.027906697391539417 0.023244897888296062 -0.028247386917418606 0.042373875894522794 0.036075975302258693 -0.040485325432309462 0.020470439658540108 -0.044638369712200268 -0.020144574694566694 0.028693364788149003 -0.019067713185273377 0.018372932961757987 -0.031946295957014086 0.03802530892748799 0.02594361897539578 -0.02466692320158375 0.04370309309452252 0.034926510200877704 0.012786699730498275 -0.04401011194733391 0.014629985858993054
leaf_weight=157.64806460789987 25.594349044375122 52.060832280665636 40.349087406881154 6.8048121833708128 60.068998351693153 8.3350008726119977 23.844644937198609 41.44550797296688 4.884701312519609 16.31331032700837 5.1197933210059992 8.4051015079021436 104.54878516029567 12.179622157942505 15.840749486349521 88.721944400342181 9.7030152417719346 9.751455454155801 30.008793431450613 5.521821611095219 12.624005058780311 5.7690409878268856 6.7064652675762764 5.0833500176668167 8.2654027361422795 11.254145937040446 7.6385753126815024 5.5505263684317461 8.5052096433937532 12.679458804428576 4.7698394376784554 5.7067889645695749 32.881151357665658 4.0068512894213226 8.1670961370691675 13.320764193311332 5.5823392886668435 15.268642163835471 23.274663179647177 9.9054347076453251 9.5672411872074026 4.6952027641236773 5.6592675046995273 9.2380318213254196 3.8417880823835757 11.485447770915927 5.1639323644340029 9.658284127712248 11.861379370093344 6.0876858886331311 18.398276174906641 8.0275093638338166 12.786015201359985 9.4271476007997972 3.9835805082693687 3.4489267440512767 11.240419265348462 19.26432613003999 13.791893337853251 3.8381772190332395 4.3154730647802353 46.426424491452053
leaf_count=60582 323 392 425 277 512 89 285 417 66 125 56 116 913 128 139 1551 71 268 711 104 205 64 209 138 70 47 77 55 86 73 53 60 257 42 77 108 50 207 228 163 102 67 58 117 42 100 64 87 95 102 194 94 150 118 44 32 171 152 155 35 76 715
internal_value=0.000134951 0.00824992 0.00694215 0.0030811 0.0113497 0.00408446 0.00833542 0.0102134 -0.00529696 -0.0143537 -0.00654797 -0.0279418 0.0135468 0.00378562 -0.00999977 -0.000840324 0.0282994 -0.00622583 -0.0175134 0.0187275 0.0059299 0.00286692 -0.0166254 0.00267633 0.00862772 0.0224815 0.00735283 -0.0159168 -0.00474731 0.0054215 0.00889097 0.0144079 0.0254497 0.00517446 0.00639054 0.0109905 -0.00701272 0.00431856 -0.0128867 0.00775237 -0.00798701 0.012163 -0.00834216 0.015905 0.0244142 0.0039961 0.0153185 -0.000766023 -0.0284174 0.0111693 0.0190775 0.0202586 0.00393256 -0.0102899 0.000314508 0.000448768 -0.012784 0.029867 0.0195308 0.00182941 -0.0172741 0.0076192
internal_weight=1166.32 1008.67 946.905 504.743 442.161 497.938 267.253 243.408 43.0579 34.7229 29.8382 13.5249 200.35 69.4659 28.0204 230.686 61.7638 128.482 39.7602 130.884 102.204 89.5796 17.5589 10.8524 382.092 32.199 349.893 21.6943 16.1438 20.9449 328.199 132.102 63.0739 196.097 191.327 142.441 48.8855 69.0285 43.3031 129.121 28.2634 100.857 15.5647 85.2926 49.7469 35.5457 26.3077 14.8222 20.0285 30.1928 24.1051 125.362 20.8135 28.6794 19.2522 24.2566 14.6893 45.0517 25.7873 11.9954 8.15365 72.0208
internal_count=72589 12007 11544 7143 4401 6866 2682 2397 452 363 297 172 1945 684 267 4184 463 2530 979 1261 1654 1449 411 202 3889 190 3699 218 163 143 3481 1407 613 2074 2021 1571 450 794 400 1463 347 1116 221 895 527 368 251 151 172 356 254 1157 244 369 251 305 203 460 308 153 111 1038
is_linear=0
shrinkage=0.05


Tree=46
num_leaves=63
num_cat=0
split_feature=19 1 16 19 34 16 36 8 33 8 33 5 32 31 32 4 5 8 0 0 2 19 4 4 4 19 2 4 16 0 4 0 19 16 34 2 15 7 16 5 2 2 2 32 1 7 16 15 8 0 2 0 0 32 0 0 15 1 16 16 4 31
split_gain=183.973 9.76885 6.50718 5.02738 5.61246 4.42509 3.22062 3.13573 4.13089 5.10186 3.72555 3.20409 5.03843 3.12903 3.02257 4.37001 4.06368 2.94806 3.03015 5.12275 3.03416 4.37067 3.15053 3.3303 3.24088 2.93916 4.96776 5.17802 3.40684 3.15763 2.96209 2.84621 2.79052 2.68113 2.6558 2.51348 3.19976 3.6778 2.48638 2.39251 2.31752 4.2404 4.56922 4.08756 3.70469 3.47736 5.47443 4.76397 3.896 3.31848 3.90347 3.11373 3.22215 7.22919 3.31813 4.22859 3.26023 3.7779 3.12373 3.91239 3.07623 2.99868
threshold=1.0000000180025095e-35 3.5000000000000004 0.99755874276161205 1.5000000000000002 1.0000000180025095e-35 2.2106565237045293 0.20107077062129977 6009.0000000000009 0.0017731467378325763 2737.0000000000005 0.0014315471053123476 6009.0000000000009 3.8547390699386601 0.00024175861472031104 2.6764796972274785 4.5000000000000009 2536.5000000000005 1286.5000000000002 0.71474647521972667 0.7175426483154298 126.50000000000001 21.500000000000004 160.50000000000003 22.500000000000004 9.5000000000000018 6.5000000000000009 285.50000000000006 47.500000000000007 1.3180668950080874 0.75091743469238292 69.500000000000014 0.70571327209472667 2.5000000000000004 0.8046463429927827 0.52585598826408397 721.50000000000011 50.125000000000007 5.5000000000000009 1.2458654642105105 2026.5000000000002 114.50000000000001 218.50000000000003 166.50000000000003 3.3374512195587163 22.500000000000004 14.500000000000002 1.5370666384696963 9.8828573226928729 2615.5000000000005 0.74697303771972667 309.50000000000006 0.65718269348144542 0.67840766906738292 1.8587874770164492 0.71241188049316417 0.70431900024414074 12.012499809265138 6.5000000000000009 1.0249245166778567 0.99983397126197826 7.5000000000000009 9.2425965704023852e-05
decision_type=2 2 2 2 2 2 2 2 2 2 2 2 2 2 2 2 2 2 2 2 2 2 2 2 2 2 2 2 2 2 2 2 2 2 2 2 2 2 2 2 2 2 2 2 2 2 2 2 2 2 2 2 2 2 2 2 2 2 2 2 2 2
left_child=-1 2 6 33 7 14 32 8 10 25 17 12 -9 -6 -4 16 -16 -5 31 -20 -21 22 23 24 -22 26 29 28 -28 39 -29 35 -2 -3 -15 36 37 -19 -18 -10 43 42 61 44 51 46 47 -46 -48 50 -43 -35 53 -53 55 56 57 -54 59 -56 -45 -42
right_child=1 3 5 4 13 -7 -8 11 9 -11 -12 -13 -14 34 15 -17 38 18 19 20 21 -23 -24 -25 -26 -27 27 30 -30 -31 -32 -33 -34 40 -36 -37 -38 -39 -40 -41 41 49 -44 60 45 -47 48 -49 -50 -51 -52 52 54 -55 58 -57 -58 -59 -60 -61 -62 -63
leaf_value=-0.05169673912340729 -0.011378196583677953 -0.014836977981512414 0.036508958104517805 -0.027072177481314914 0.0069494249297037142 -0.007730434418263734 0.036470525876341447 -0.058672073245583684 0.0044533904760262625 -0.032665553926430391 -0.039899176242065876 0.039486926998968566 0.050798255967630795 0.044415353211522811 -0.032635624615870946 0.0271827981048267 0.030145101929076396 -0.034915534634915008 0.043008502682181871 0.021105525482035321 0.010234430301521791 0.037355587871057666 -0.0380681784581553 0.010013764965352527 -0.031036736857865961 0.040195360301531383 -0.00041779993408011442 0.046262956094805519 -0.057453662144016586 -0.0054543753289788173 -0.0018578315972759775 -0.018585523449715872 0.026818264326105491 0.027182459123242044 0.015459076904401379 -0.024243682119713134 0.030750862760809718 0.0049342211581021771 -0.0010280058035726793 0.038447955511014813 -0.034721506348372198 0.0141418470438837 -0.04694388343791308 0.0078992104190281597 0.024254764342641431 -0.01149649715021493 -0.027866179294284067 -0.033780531951357148 0.027174799056533146 0.033241600799532457 -0.032710897188733302 0.032770986364548969 -0.033338999848289023 -0.033328681507382593 0.0011461628304852559 0.037758339028793463 0.044238811627181983 0.010061835113018081 -0.0040551850593531155 0.04604361874706759 0.050266246293376331 0.0021439224778148861
leaf_weight=148.65208683616947 29.826528909616172 23.237584451911971 40.605432155542076 7.5731328018009654 15.916182287968693 11.165600741282104 5.3169175619259468 2.3739046105183688 6.4429364879615596 5.1107994238845995 5.0365651147440067 13.606228638440369 1.8862907243892548 21.597672954201698 5.8700345568358925 72.571581302210689 11.958690777420999 6.3640871858224264 10.981267566792665 27.074177965521812 7.6263679848052588 7.4910224527120581 5.830799311399459 34.612065778113902 12.641623723320661 13.408683868125079 5.065561583265664 5.2588215097784987 5.4189949631690979 6.8999009346589437 8.1604148512706143 19.358942855149508 5.6945906691253176 18.185607257299125 12.502647812478243 7.9619021080434313 10.64252447709441 64.183225962799042 13.752844670787452 26.316051935777068 7.3029716564342406 12.124339508824056 9.3424650982487929 8.9585521789267677 30.524517523590475 65.602694105589762 14.821989024989309 3.999410828575491 4.1055819345638147 9.3978246720507723 7.0191234874073407 5.8999779503792551 5.9165028398856512 13.83906133007258 12.614883910864593 17.258824300952256 5.604683189187198 32.875008560717106 62.983032951131463 7.8851362243294707 8.2120175459422153 22.544394962955266
leaf_count=60582 327 1317 343 82 150 94 44 95 74 201 64 107 41 166 45 450 106 97 75 280 94 36 41 298 148 83 62 38 52 73 87 248 38 158 123 105 97 783 107 212 144 152 208 110 327 1180 371 114 50 77 141 52 56 159 214 144 43 324 637 66 79 318
internal_value=0.000149959 0.00797952 0.017945 0.00548991 0.00965522 0.0225984 0.000177719 0.00727156 0.00609567 0.0157104 0.00262479 0.0276388 -0.0102018 0.0252548 0.0249377 0.0204265 0.00490114 0.00358806 0.0046692 0.0106709 0.00694374 0.00132192 -0.00312422 0.000588445 -0.0155074 0.0189225 0.014435 -0.00356971 -0.0298971 0.0252871 0.0170001 -0.00120787 -0.00525471 0.00165876 0.0337987 0.00256562 0.00519468 0.00133937 0.0134709 0.031762 0.00264921 -0.00575143 -0.0164279 0.00443125 0.00308255 -0.00378317 0.00568364 0.0175317 -0.0159272 0.00890841 -0.00303713 0.00754765 0.00538197 -0.0135716 0.00795968 0.0167568 0.00859256 0.00344232 0.0014627 0.0184155 0.0281617 -0.00687621
internal_weight=1133.01 984.361 196.762 787.599 377.343 155.924 40.838 327.326 309.46 82.0822 227.378 17.8664 4.2602 50.0165 144.759 104.153 31.5816 222.341 214.768 106.257 95.2761 68.2019 60.7109 54.8801 20.268 76.9714 63.5627 23.9038 10.4846 39.6589 13.4192 108.511 35.5211 410.256 34.1003 89.1517 81.1898 70.5473 25.7115 32.759 387.019 67.7311 39.1898 319.287 302.117 119.054 53.4515 34.5239 18.9276 28.5413 19.1435 183.063 164.877 19.739 145.138 61.655 44.3962 38.7915 83.4831 20.5 17.1706 29.8474
internal_count=72589 12007 1554 10453 4012 1145 409 3573 3330 882 2448 243 136 439 1051 708 258 2384 2302 972 897 617 581 540 242 681 598 239 114 359 125 1330 365 6441 289 1082 977 880 213 286 5124 1040 670 4084 3895 2042 862 441 421 370 293 1853 1695 211 1484 567 423 380 917 280 189 462
is_linear=0
shrinkage=0.05


Tree=47
num_leaves=63
num_cat=0
split_feature=19 1 1 12 19 32 19 31 16 8 0 17 2 4 17 18 32 0 18 17 1 32 34 4 6 35 1 32 8 33 17 7 15 31 33 16 33 16 33 16 15 15 2 2 15 2 18 8 32 18 0 2 17 15 16 33 1 31 1 36 4 36
split_gain=171.23 9.43627 5.15188 4.46907 3.62609 3.73276 3.37488 4.60213 2.84759 4.72006 4.39931 4.3797 3.90713 7.37538 4.85227 4.14528 3.90088 3.80966 3.41646 3.47176 3.54954 3.31993 3.08141 3.20686 4.52502 3.05134 5.04896 3.13395 6.15815 4.91502 2.98859 2.90731 2.6797 2.95924 2.60034 2.83409 2.5988 2.59172 3.79843 2.88053 4.80441 4.94519 4.17793 5.74802 3.98004 3.93921 3.62695 2.77123 3.12731 3.08036 2.90411 2.6847 3.29161 2.51287 2.49345 2.44539 3.63902 4.99148 3.38188 3.25254 2.97749 2.42513
threshold=1.0000000180025095e-35 15.500000000000002 1.0000000180025095e-35 1.0000000180025095e-35 7.5000000000000009 1.7048724293708803 10.500000000000002 0.00058401620481163274 0.99949577450752269 2889.5000000000005 0.70060920715332042 2.0024224519729619 30.500000000000004 3.5000000000000004 4.520428180694581 22.500000000000004 3.160750269889832 0.72435569763183605 34.500000000000007 28.660159111022953 13.500000000000002 2.6905734539031987 0.51208260655403148 6.5000000000000009 0.00035513965121936058 0.064583335071802153 12.500000000000002 3.7529759407043461 2389.0000000000005 4.0145689126802615e-05 6.1121435165405282 17.500000000000004 0.52185857295990001 0.00024617074814159429 0.012791178654879333 0.94374412298202526 0.012388341128826143 0.99983397126197826 0.00036303928936831659 1.8516377210617068 13.985294342041017 1.5729483366012575 216.50000000000003 769.50000000000011 50.125000000000007 404.50000000000006 6.5000000000000009 1347.5000000000002 2.8158111572265629 12.500000000000002 0.72435569763183605 475.50000000000006 23.828220367431644 0.97930938005447399 0.94869717955589306 0.00067892798688262712 20.500000000000004 0.0013056377065367999 35.500000000000007 0.0071636855136603126 3.5000000000000004 0.0023762476630508904
decision_type=2 2 2 2 2 2 2 2 2 2 2 2 2 2 2 2 2 2 2 2 2 2 2 2 2 2 2 2 2 2 2 2 2 2 2 2 2 2 2 2 2 2 2 2 2 2 2 2 2 2 2 2 2 2 2 2 2 2 2 2 2 2
left_child=-1 2 34 6 5 32 37 -8 10 11 -7 61 36 14 21 30 -17 -12 19 20 -11 -14 23 -19 -25 -15 27 29 -29 -27 -16 -32 33 -4 35 -2 -13 38 54 40 41 -39 -42 -44 46 -46 -41 -40 49 50 53 52 -48 -49 -3 58 -57 -58 -43 60 -60 -10
right_child=1 3 4 -5 -6 8 7 -9 9 18 17 12 13 25 15 16 -18 22 -20 -21 -22 -23 -24 24 -26 26 -28 28 -30 -31 31 -33 -34 -35 -36 -37 -38 39 47 44 42 55 43 -45 45 -47 51 48 -50 -51 -52 -53 -54 -55 -56 56 57 -59 59 -61 -62 -63
leaf_value=-0.051617484795712591 -0.0078148237705779472 -0.012487594786773661 0.036020753448209986 0.041996902933108267 0.030878235533151877 0.019441886604100747 -0.0090182431411224302 0.036462638678463444 -0.042985235324620168 0.020488816858203772 -0.042628418045273814 0.037852875073988324 -0.012782995235660594 0.039053974407452195 -0.060641372904372631 0.028895808399515711 -0.030153184359470508 0.01393229710718613 -0.017214270054663524 0.053235761973393851 -0.01268265033918293 0.03654252935142991 -0.044947043946471733 0.029516406488892616 -0.033739235236306682 0.0029812093037516869 -0.022150336762567169 0.011791285887064303 -0.033919002258711521 0.034221282067563315 -0.00045094761412854673 -0.045000654262481975 0.042283090487480884 -0.0052682137201439565 0.051064454072062199 0.026613177548137197 -0.0019836823657667381 -0.0016500227486740669 0.069306827269267332 0.011977505952283987 -0.030959019836048669 0.014053561441779322 0.013099575050423362 -0.032414766951832374 0.036671594955563068 -0.016166001972116848 -0.017026103303522624 -0.028884994916291897 -0.018477083061630567 -0.017538556681801123 0.072191992359534787 0.015794987695083394 -0.064884076036737001 0.029461627497623866 -0.045073803795875195 -0.008197362545097191 0.052014738546969877 0.016534294650309766 0.029471011766687524 -0.039822784347893464 -0.010946290955711218 0.0012854567290655017
leaf_weight=139.89516617543995 6.9483989290893069 19.466605478897694 7.7824981007725063 7.0394870517775407 20.796725673601031 18.144633839838207 8.7002265863120574 15.420772384852169 6.9246408604085428 95.990140851587057 7.3456783271394661 15.768746986985208 6.511275911703704 9.1234523793682438 7.4596337499097016 6.2202268578112108 5.082017844542861 20.743292451370507 6.5140797421336165 7.3564762389287344 8.8042776845395547 7.1653759442269802 4.0040876029524943 3.8632295839488497 10.542812328319995 21.587085001170635 11.673987211659549 41.662012374028563 8.9513237439095956 30.210242838598788 7.6514552831649763 7.0241663306951523 14.049286041408775 9.8096019304357451 8.9604121288284642 42.786124972626567 5.5296802287921301 90.42685612430796 1.4935320671647776 13.423960549756883 15.516358217224477 68.212622191756964 24.676360451616347 9.6494117565453035 9.5649070348590595 5.5884525123983613 43.237124025821686 2.5011317306198233 13.592621622141449 5.5649114792468017 2.7857619016431263 5.5388706009834996 3.9184624832123509 7.0381011972203851 8.4051759480498713 8.8957271147519332 13.823144735768436 35.040474472567439 6.7909656083211365 5.8723457390442482 13.850490822456775 5.5912108905613422
leaf_count=60582 57 934 65 49 142 256 70 92 78 755 197 135 63 65 68 58 54 367 53 46 81 52 98 38 192 178 125 317 87 230 73 67 114 118 71 335 58 1149 10 209 273 680 252 98 87 77 835 115 621 253 43 55 61 137 240 74 100 332 95 114 207 52
internal_value=7.77897e-05 0.00757501 0.0123562 0.00245995 0.0104996 0.00948834 0.00185358 0.0200581 0.00813982 0.010058 -0.00143891 0.0054483 0.00732002 0.00479529 -0.0120303 -0.0222925 0.00234462 -0.00958691 0.0179881 0.0200327 0.0177019 0.0130593 -0.0033879 0.00134637 -0.0167761 0.0112293 0.00900415 0.0125555 0.0037071 0.0212017 -0.0348722 -0.0217737 0.0260007 0.0129974 0.0262703 0.0218032 0.0275102 0.000843839 -0.00872613 0.00240071 0.00471264 0.00761406 -0.00942786 0.000304914 -0.00592723 0.0171855 -0.0112243 0.00275891 -0.000398128 0.0133381 0.0272794 -0.017135 -0.0210029 0.0141635 -0.0223145 0.0131078 0.0212166 0.0265714 0.00816353 -0.00698987 0.00235086 -0.0232082
internal_weight=1104.51 964.613 498.578 466.035 439.883 419.087 458.995 24.121 387.445 322.802 64.6437 204.137 191.621 170.322 47.1142 33.4375 11.3022 46.4991 118.665 112.151 104.794 13.6767 39.1534 35.1493 14.406 123.208 114.085 102.411 50.6133 51.7973 22.1353 14.6756 31.6414 17.5921 58.6949 49.7345 21.2984 434.874 60.8478 374.027 292.755 242.913 49.8421 34.3258 81.2718 15.1534 66.1184 32.9761 31.4825 17.8899 12.325 52.6945 47.1556 9.53923 27.8718 152.486 57.7593 48.8636 94.7264 26.5138 20.6415 12.5159
internal_count=72589 12007 4745 7262 4282 4140 7213 162 3843 2695 1148 1760 1630 1437 435 320 112 892 935 882 836 115 695 597 230 1002 937 812 404 408 208 140 297 183 463 392 193 7051 2353 4698 3374 2751 623 350 1324 164 1160 1179 1169 548 295 951 896 252 1174 1602 506 432 1096 416 302 130
is_linear=0
shrinkage=0.05


Tree=48
num_leaves=63
num_cat=0
split_feature=19 1 12 19 34 11 16 5 7 8 1 33 19 19 32 0 0 1 16 8 2 17 0 31 16 33 1 16 31 36 17 0 8 36 5 8 8 16 8 6 33 7 7 16 6 32 36 32 1 7 16 0 1 16 0 0 7 5 32 2 7 0
split_gain=159.354 7.69492 6.04894 6.64689 9.04129 5.95725 3.53577 4.76001 2.783 3.42629 3.72523 2.66121 2.39641 2.27249 3.13813 3.97364 3.4357 3.54222 4.80295 4.50132 3.36958 2.84427 2.82529 2.25886 2.74198 4.92781 6.19188 3.9339 5.22533 3.60273 3.54613 3.8822 3.94789 6.25905 3.21596 2.83102 3.22878 2.73083 4.43151 2.78067 2.66832 2.55555 3.01473 2.46328 2.38319 5.35623 4.78587 3.09946 2.80278 3.45181 5.25279 2.67495 2.89865 3.48668 3.38512 3.80808 3.19691 2.87268 3.25899 2.81483 2.54672 2.58313
threshold=1.0000000180025095e-35 1.0000000180025095e-35 1.0000000180025095e-35 1.5000000000000002 0.45859153568744665 1.0000000180025095e-35 0.8046463429927827 883.00000000000011 78.500000000000014 2629.5000000000005 12.500000000000002 0.00088228142703883361 2.5000000000000004 22.500000000000004 3.7529759407043461 0.73112106323242199 0.72387886047363292 15.500000000000002 2.0582987070083623 2169.5000000000005 111.50000000000001 6.4842107295989999 0.7156667709350587 0.0099572264589369314 1.1426820755004885 0.0031041993061080579 9.5000000000000018 0.99983397126197826 0.00064779244712553929 0.024768437258899215 5.0566709041595468 0.69546890258789074 3969.5000000000005 0.016977157443761829 2741.5000000000005 5082.0000000000009 3972.5000000000005 0.94869717955589306 3988.0000000000005 0.00045237662561703479 0.052392099052667625 4.5000000000000009 10.500000000000002 1.0650178194046023 0.0024079019203782086 1.8243299722671511 0.020918033085763458 2.9199811220169072 34.500000000000007 31.500000000000004 2.8550761938095097 0.76482009887695324 20.500000000000004 1.8784712553024294 0.70158386230468761 0.71474647521972667 8.5000000000000018 5835.5000000000009 2.24670422077179 30.500000000000004 10.500000000000002 0.7087993621826173
decision_type=2 2 2 2 2 2 2 2 2 2 2 2 2 2 2 2 2 2 2 2 2 2 2 2 2 2 2 2 2 2 2 2 2 2 2 2 2 2 2 2 2 2 2 2 2 2 2 2 2 2 2 2 2 2 2 2 2 2 2 2 2 2
left_child=-1 11 3 4 6 13 7 -3 12 -10 -11 -2 -7 14 15 16 17 18 -5 22 -17 -18 -19 24 27 35 -27 28 37 -30 -29 43 33 -33 -28 36 44 39 -39 -8 41 -25 -43 -32 48 -46 -47 -48 49 51 -51 52 54 59 -26 -56 -55 58 -57 -54 -50 -62
right_child=1 2 -4 5 -6 8 23 -9 9 10 -12 -13 -14 -15 -16 20 21 19 -20 -21 -22 -23 -24 40 25 26 34 30 29 -31 31 32 -34 -35 -36 -37 -38 38 -40 -41 -42 42 -44 -45 45 46 47 -49 60 50 -52 -53 53 56 55 57 -58 -59 -60 -61 61 -63
leaf_value=-0.051538152455876389 0.015969480357648943 0.031847930799489235 0.034945440568082679 0.031968342517194666 -0.06754589594322892 0.015545722991631448 0.01459685445607287 -0.024888885920015882 0.036518541298007336 0.026374687638744683 -0.019063592024864712 0.037914125596246656 0.047647526249744283 0.027922540117421124 0.0021434110173117944 0.014780634890275399 0.0024585116174408719 0.011825949015587801 -0.013312625695572733 -0.0063649266819410886 0.043213155870287068 -0.046202387010016721 0.053232705887271359 -0.037348404114827045 -0.016451369291210934 0.041968857856745478 -0.0066906866189955982 0.025559515732438226 0.030355255768305268 -0.034406592608244822 -0.063137430870354033 0.051785901219452715 -0.025130626508807364 -0.0098282258943456109 0.038954782033640278 -0.036198460566982775 0.016498425718021268 0.0076581387757403488 -0.0594096377826481 -0.050391479472616824 0.029026189214539311 0.019439842248116183 -0.013093156227777842 -0.00051208439035740254 0.034327988453549362 -0.046539661805436568 -0.031297547908487648 0.022287236751029244 -0.041508432020096041 -0.019396824659278198 0.037706997919606078 0.032636274703812633 0.0013727104066761338 -0.03684263247083127 0.032514840383338649 -0.029989604737796813 0.014999618261233721 -0.03465036434203058 0.014472336742642051 0.041227289424291776 -0.019106839711281392 0.024260349448718313
leaf_weight=131.27083832610515 33.294925402849913 4.4285988807678249 17.822069430723786 28.619304702617228 4.7070963458390898 8.6491693817079085 7.4859819617122429 22.369306325679645 11.203965378925206 8.2011353885754961 10.024278586730359 23.613506092689931 17.732491143979132 13.440437963232396 169.75809694919735 32.00560822756961 7.1299540055915696 25.518082797527317 7.3628190103918305 45.194503244478256 15.450926578370852 5.1880631851963699 4.9127831179648629 7.3643463319167486 24.433799299411476 16.017967450432479 20.047879677265886 48.940042926929891 12.751283651683478 2.5824142168276003 3.0938445506617454 9.4735876638442331 5.1340792840346685 7.2963197827339163 4.7786097992211571 5.6175461374223223 25.427337440662086 3.7604950945824367 7.1384393777698278 2.1098560523241758 4.7458401741459957 9.3936299039050919 29.433553429786116 3.1883635371923447 4.4529374390840557 12.561040928587319 4.8230789517983776 6.1266151517629623 7.0134166995994773 29.145479497499764 4.672830205410718 9.1642490532249195 6.3967278879135874 4.7278659930452696 10.817120927385984 5.2071758359670701 8.0150747355073673 5.5219012685120097 19.765735203400254 14.411937613040207 10.797133478801696 5.0349187655374399
leaf_count=60582 277 49 164 268 254 98 169 1264 81 63 126 186 136 82 1791 340 58 289 70 739 121 67 40 142 286 110 260 433 221 102 58 77 57 83 47 53 270 49 147 60 51 92 423 50 42 194 65 70 213 368 34 85 66 115 78 50 131 52 181 118 253 89
internal_value=8.4084e-05 0.0072512 0.00610969 0.00551951 0.00139501 0.0101464 0.00210717 -0.0155126 0.0253305 0.0147593 0.00138288 0.0250752 0.037123 0.00775637 0.00696185 0.0117346 0.00702324 0.00978904 0.0227028 0.00364476 0.0240377 -0.0180363 0.0185107 0.00320814 0.00454032 0.0017597 0.0177324 0.0110633 -0.00262708 0.0194484 0.0174231 0.00329579 0.0132335 0.0249786 0.00209517 -0.00115105 -0.000250059 -0.0191435 -0.036269 0.00030774 -0.00667605 -0.0103442 -0.00522231 -0.0313536 -0.00245562 -0.015954 -0.0254774 -0.00131558 -0.0001697 0.00244057 -0.0115065 0.00678928 0.00440383 0.0163623 -0.00169887 0.00702645 -0.00423481 -0.00201479 0.00520145 0.0289757 -0.0164263 -0.00531518
internal_weight=1076.77 945.498 888.589 870.767 460.375 410.392 455.668 26.7979 55.811 29.4294 18.2254 56.9084 26.3817 354.581 341.14 171.382 123.926 111.607 35.9821 75.6254 47.4565 12.318 30.4309 428.87 377.933 264.978 40.8445 112.955 35.8285 15.3337 77.1262 28.1862 21.904 16.7699 24.8265 224.134 218.516 20.4948 10.8989 9.59584 50.9374 46.1915 38.8272 6.28221 193.089 27.9637 23.5107 10.9497 165.125 142.28 33.8183 108.462 99.2973 33.5516 65.7457 41.3119 12.7429 30.4948 24.9729 20.8087 22.8455 15.8321
internal_count=72589 12007 11544 11380 7011 4369 6757 1313 504 270 189 463 234 3865 3783 1992 1531 1406 338 1068 461 125 329 5444 4736 3230 417 1506 748 323 758 325 217 160 307 2813 2760 425 196 229 708 657 515 108 2490 371 329 135 2119 1564 402 1162 1077 430 647 361 246 283 231 184 555 342
is_linear=0
shrinkage=0.05


Tree=49
num_leaves=63
num_cat=0
split_feature=19 12 19 34 34 1 0 8 16 31 15 32 4 1 1 8 36 7 8 16 15 4 16 32 15 33 32 2 15 36 32 31 8 36 16 16 19 19 19 15 17 0 4 33 15 17 7 7 6 2 4 35 4 2 8 7 15 36 35 33 0 16
split_gain=147.945 6.91242 6.25014 11.6654 5.52323 4.34466 3.67803 3.70325 2.99018 5.65031 2.96328 3.92183 2.6431 2.64044 2.88487 6.00244 4.63652 3.64371 3.92725 3.54312 3.51241 3.6425 2.9515 2.75677 5.07552 2.74027 3.0581 3.64514 2.68803 2.59099 2.58909 4.08073 2.78245 2.35154 2.25588 2.24827 2.96318 3.54123 4.1685 3.70822 3.1175 2.95416 2.97862 2.89639 2.62855 2.87953 2.62832 2.49255 2.47301 2.44204 3.42723 2.1927 2.18404 2.10761 2.09043 2.04707 3.97223 2.86834 2.02828 2.25697 1.94107 1.87232
threshold=1.0000000180025095e-35 1.0000000180025095e-35 1.5000000000000002 0.45859153568744665 1.0000000180025095e-35 1.0000000180025095e-35 0.79950332641601574 3364.5000000000005 0.78671583533287059 0.12181610614061357 2.7007462978363042 2.705342292785645 23.500000000000004 16.500000000000004 18.500000000000004 3896.5000000000005 0.032191550359129913 14.500000000000002 2056.5000000000005 2.8550761938095097 10.669540405273439 14.500000000000002 1.8516377210617068 3.2834076881408696 5.3975307941436776 3.8286455037450659e-06 1.7048724293708803 12.500000000000002 0.52185857295990001 0.040830833837389953 2.2000944614410405 0.0018254666356369855 3258.0000000000005 0.039697589352726943 0.99755874276161205 2.5319919586181645 22.500000000000004 15.500000000000002 11.500000000000002 326.50000000000006 2.3594870567321782 0.75734329223632824 72.500000000000014 0.00099676102399826071 0.76980057358741771 6.1121435165405282 39.500000000000007 15.500000000000002 0.0059820048045367011 824.50000000000011 4.5000000000000009 0.042572464793920524 3.5000000000000004 38.500000000000007 1475.0000000000002 101.50000000000001 1.2313120365142824 3.0362452889676209e-05 0.095454547554254546 0.001183831016533077 0.7175426483154298 1.0718141198158266
decision_type=2 2 2 2 2 2 2 2 2 2 2 2 2 2 2 2 2 2 2 2 2 2 2 2 2 2 2 2 2 2 2 2 2 2 2 2 2 2 2 2 2 2 2 2 2 2 2 2 2 2 2 2 2 2 2 2 2 2 2 2 2 2
left_child=-1 2 3 5 6 -2 35 -8 9 -7 11 -6 -12 25 15 16 -15 18 22 -19 30 53 23 24 33 -10 28 -28 -27 55 31 32 -20 -16 -3 36 37 38 39 40 -4 44 43 46 45 -42 -43 -45 -49 50 -37 52 -32 -22 -52 56 -29 -58 59 -13 -31 -47
right_child=1 34 4 -5 10 8 7 -9 13 -11 12 58 -14 14 17 -17 -18 19 20 -21 21 -23 -24 -25 -26 26 27 29 -30 60 51 -33 -34 -35 -36 49 -38 -39 -40 -41 41 42 -44 47 -46 61 -48 48 -50 -51 54 -53 -54 -55 -56 -57 57 -59 -60 -61 -62 -63
leaf_value=-0.051467386272782724 0.022791692007455948 0.0072897255055335442 0.02982883540150701 -0.07122472781833282 0.0465062510404496 -0.026684518965768907 0.044274953095606112 -0.00099743590104301263 -0.00098687446562517535 0.033188155840347032 0.015947728950641935 -0.018692841567878638 0.050612467960834878 -0.058097884912711818 0.033509141095532088 0.026698469469290706 0.01147918112908289 -0.0079607411238860927 -0.03726424177637748 0.033808139074298992 0.010426083263721653 0.034266275804665278 -0.023768114100536433 0.033308477664661343 -0.049267188038058692 0.0086579831183955566 -0.030473434892352044 0.032960179991597421 0.050839084874419682 -0.032312178206104665 0.036527933242573384 0.039037997095299357 0.016707322848747652 -0.015161642917482119 0.043200682185241236 -0.039555718366066972 0.033349775290026459 -0.034110318313614295 0.039370427793173395 -0.030887402900034291 -0.042119245750966011 -0.0061407354422789344 -0.040422102815331235 0.012212251350361067 0.0099227119692744808 -0.021748819431293507 0.028840412643155556 -0.049092296286427056 -0.0033403939625957003 -0.043131488754243545 -0.013132938450777398 0.059968542152853743 -0.0046675720492476798 -0.053996077644613262 0.023119735198918166 -0.011788059826951691 -0.021164327966026131 0.01265801939039201 0.023761384123315805 0.01761304468292171 0.0028085761995748993 0.034312781171511146
leaf_weight=123.46389202342834 26.224288755096495 5.8921438707038787 15.009721504524348 5.3516322155483058 7.9974822578951708 20.102767130825672 13.34069765545428 6.829467747360467 77.261356117669493 4.9012836581096044 8.5725404834374803 10.3036555107683 15.336864024400709 8.9723618449643272 6.2116051036864537 4.7486532642506054 3.2660002959892145 96.9559219062794 5.0949748978018778 5.3577111996710292 1.8568203896284083 2.9780456670559943 12.611589482054113 6.7009913427755228 4.5574615416117004 6.8698105420917264 5.8244883585721245 23.777468156535178 8.3891689507290703 5.2653561551123884 11.836799264885491 6.6342696109786621 4.4946795403957367 4.1330032758414745 16.964642248116434 4.4756478238850894 11.228266831487415 5.1016103960573664 10.167792776599525 6.3827999383211127 5.2057725721970183 10.538905939087273 5.3399512693285933 5.4638802781701115 217.92788134980947 2.742375420872122 10.947690017987041 6.5814150646328908 5.3582118037156761 4.0092753972858182 6.3364647645503309 6.3552135368809095 4.4183074822649351 4.0143471444025636 10.676459287293254 7.5459640100598326 6.9479712676256886 64.0991275832057 10.987599904648958 7.3230462763458481 15.561149351298807 3.2594649232923985
leaf_count=60582 243 62 162 266 60 1183 103 46 793 51 89 115 116 133 74 52 54 1750 67 59 43 53 327 69 107 73 60 201 70 61 123 48 61 62 159 79 67 40 57 64 70 123 50 44 2487 82 94 65 70 50 74 33 81 140 120 95 79 581 97 66 174 30
internal_value=-4.27579e-05 0.00678699 0.00610246 0.00218238 0.0104983 0.00301123 0.00818998 0.0289461 0.00185269 -0.0149483 0.0244929 0.0155521 0.0381837 0.00284643 -0.00130011 -0.0210162 -0.0395301 0.000518 0.00837783 -0.00577349 0.0176525 -0.0107753 -0.0045479 0.00667262 -0.00530469 0.00661222 0.0106815 0.00817812 0.0318486 0.0100055 0.0241304 0.00888948 -0.0119677 0.0140636 0.0339434 0.00698263 0.00811688 0.00720302 0.00789422 0.00680844 0.00764279 0.00642462 -0.00540587 -0.000597833 0.00870825 -0.0149064 0.0116826 -0.0157594 -0.02856 -0.00730818 -0.000624376 0.0350665 0.0253306 -0.0336219 0.00961742 0.013276 0.0152706 0.0093504 0.00690064 -0.00360949 -0.00607065 0.00869698
internal_weight=1053.09 929.622 906.766 479.321 427.445 473.969 366.924 20.1702 447.745 25.0041 60.5212 36.6118 23.9094 422.741 201.199 16.987 12.2384 184.212 81.8981 102.314 47.6835 8.84921 34.2147 21.6031 14.9021 221.542 144.281 129.022 15.259 123.197 38.8342 16.2239 9.58965 10.3446 22.8568 346.754 321.256 310.027 304.926 294.758 288.375 273.366 44.2301 38.8901 229.135 11.2076 21.4866 17.4035 11.9396 25.4978 21.4886 22.6103 16.2551 5.87117 17.0129 102.371 94.8246 71.0471 28.6143 17.6267 20.8265 6.00184
internal_count=72589 12007 11786 7266 4520 7000 3977 149 6757 1234 543 338 205 5523 3336 239 187 3097 1288 1809 649 236 639 312 243 2187 1394 1251 143 1191 413 176 128 136 221 3828 3505 3438 3398 3341 3277 3115 446 396 2669 182 217 179 135 323 273 237 204 183 194 956 861 660 278 181 235 112
is_linear=0
shrinkage=0.05


Tree=50
num_leaves=63
num_cat=0
split_feature=19 12 19 34 18 34 17 0 2 19 0 6 7 15 9 7 19 1 10 17 17 0 32 17 17 7 2 32 32 17 1 0 36 10 2 35 36 18 32 32 2 17 36 31 2 0 0 19 7 15 2 17 0 10 15 35 1 1 35 32 32 1
split_gain=135.601 7.90966 8.35275 5.85637 5.88972 5.77953 4.03916 3.55577 3.30389 4.0641 3.26019 3.21463 3.00317 2.92788 4.92225 4.46955 4.42961 4.28009 4.16875 4.25708 4.91291 3.10085 2.86738 4.68721 4.07431 4.1711 4.34185 4.31505 8.4799 3.27191 2.69811 4.55609 3.81577 3.21022 3.12519 2.51517 2.38943 2.37058 2.36508 2.53958 3.08589 2.70632 2.34544 2.93515 2.4637 2.622 2.30457 3.73925 2.60526 2.51417 2.25244 2.39455 2.78755 2.23599 3.33324 2.20399 2.18329 2.14347 3.75081 3.92575 4.54143 2.98022
threshold=1.0000000180025095e-35 1.0000000180025095e-35 2.5000000000000004 0.52964901924133312 20.500000000000004 0.49959962069988256 6.7298219203948983 0.78008651733398449 203.50000000000003 5.5000000000000009 0.77629280090332042 0.03812063671648503 36.500000000000007 13.985294342041017 10.500000000000002 5.5000000000000009 1.5000000000000002 2.5000000000000004 1.0000000180025095e-35 3.4440877437591557 6.997901678085328 0.72588157653808605 1.0053574442863467 1.340002775192261 1.4644599556922915 13.500000000000002 234.50000000000003 2.7669528722763066 2.9199811220169072 7.4128816127777108 14.500000000000002 0.73943710327148449 0.011741415597498419 1.0000000180025095e-35 82.500000000000014 0.03637566231191159 0.014729249291121961 7.5000000000000009 3.6336457729339604 3.3374512195587163 116.50000000000001 16.48219203948975 6.0246031807764675e-06 0.00022950510901864621 421.50000000000006 0.78960418701171886 0.74620437622070324 11.500000000000002 26.500000000000004 12.775985717773439 23.500000000000004 3.8749305009841923 0.71336460113525402 1.0000000180025095e-35 2.5793672800064091 0.029857398010790352 2.5000000000000004 19.500000000000004 0.042572464793920524 2.1293355226516728 2.2816116809844975 32.500000000000007
decision_type=2 2 2 2 2 2 2 2 2 2 2 2 2 2 2 2 2 2 2 2 2 2 2 2 2 2 2 2 2 2 2 2 2 2 2 2 2 2 2 2 2 2 2 2 2 2 2 2 2 2 2 2 2 2 2 2 2 2 2 2 2 2
left_child=-1 2 3 4 7 8 12 10 30 -10 13 42 -3 14 16 56 17 -2 19 -18 -21 -22 37 -24 -25 27 38 29 -29 57 31 -4 33 -32 -35 -7 -30 -19 39 -27 -41 -42 -6 -44 45 50 48 -48 -11 -50 -45 52 -52 -16 -55 -34 -15 -26 59 -59 -61 -62
right_child=1 6 5 -5 11 35 -8 -9 9 46 -12 -13 -14 15 53 -17 18 22 -20 20 21 -23 23 24 25 26 -28 28 36 -31 32 -33 55 34 -36 -37 -38 -39 -40 40 41 -43 43 44 -46 -47 47 -49 49 -51 51 -53 -54 54 -56 -57 -58 58 -60 60 61 -63
leaf_value=-0.051400708252702765 0.023363018141107087 0.060400501623594983 0.044657707339076633 -0.036774414861479171 -0.046095080260341197 0.0048455640439180655 -0.0022144318538824081 0.019855985697316191 -0.0021525629945513386 0.018947460283694643 -0.040955375083795924 0.017841967119901762 0.015294135554136785 -0.028620891116141578 0.0049723396927701244 -0.028199169298078787 0.031053189827958263 -0.063257399401570755 0.02487894074528213 -0.046624861205708634 0.021300518686070719 -0.032079581830405511 0.019052958182880469 -0.045623318117385597 0.0034469205895170697 -0.0086792711981833939 0.026993165879506661 -0.063009781850394936 0.025716550417967596 0.057361994116563821 -0.033207297888259768 0.0024872274224919215 0.060777688860389402 -0.026364089762496015 0.022202740523789774 0.042766508707480465 -0.020481116824075815 -0.0003819467829439977 -0.040455474111276396 0.037315663245875055 -0.048164261459895531 0.017121509195932871 0.0050875748604334919 -0.029137079273417212 -0.051427682665284684 0.01788139221162224 0.0063281295884893536 0.049773972728398709 0.015923059883306653 -0.020493526094438736 -0.019086621400125219 -0.010979148648740221 0.036528644517671849 -0.004965652219281907 -0.066485619422985989 0.01309472280496011 0.0063269316234134346 -0.026288342070117827 0.055380209152961046 0.058080668430356523 -0.036020023067468515 0.026054657241646031
leaf_weight=116.24364547393634 27.07644412573427 12.148322841152554 19.91835357807577 9.4248350318521243 3.7380714917089781 5.4780963798984912 5.5672551086172453 41.013550872914493 70.732836731243879 27.289030553773046 3.9158206949941805 14.229784190421922 5.3001076038926831 5.0024684499949208 4.6509321159683141 15.729171822778879 8.6104503720998782 2.9901389107108107 59.853733347728848 6.5199782541021731 9.6583069814369065 3.7874409393407396 39.316268647089601 4.7425004588440052 25.15422922745347 92.044191114720888 10.06227663066238 5.4070282815955606 9.0431592799723131 4.719474005047231 5.7348139332607415 9.4406763426959497 4.7796046701259893 4.4366388944909003 13.071115056984125 21.670091819018126 4.053561767563223 3.0063316053710878 5.1326771453022948 7.0822196577209962 2.742159461369738 3.7694373712874949 43.131178562063724 14.840778546640648 3.5165713196620336 8.4313384741544706 9.3591533014550823 10.518656276166437 8.2410378046333808 11.154899613931773 3.6215319158509356 77.49812871334143 5.9626071862876415 4.1193252499215305 4.7299340926110744 4.9158481284976006 41.907070943387225 4.8678598878905239 6.9437476070597759 6.1514306021854273 3.2429953967221063 4.7887765462510288
leaf_count=60713 238 124 127 158 77 60 43 425 836 227 53 243 48 30 82 289 61 61 676 72 123 53 446 64 250 1652 118 75 120 41 88 83 57 71 145 186 59 53 123 85 78 58 575 290 51 103 88 55 85 104 61 1291 69 74 69 57 637 108 47 45 62 73
internal_value=-0.0005293 0.00592656 0.00518063 0.00235952 0.00292108 0.0134698 0.0348674 0.00577427 0.0105258 0.00619249 0.00446413 -0.0049361 0.0466991 0.0048712 0.0065457 -0.00513391 0.00765492 0.00449783 0.0173778 0.00166629 -0.0110071 0.00626424 0.00241514 0.00327101 0.000167765 0.00128026 -0.00445381 0.0105964 -0.0103308 0.0175275 0.0200758 0.0310974 0.0102518 -0.000739636 0.00989542 0.0351146 0.0114179 -0.0317348 -0.00731041 -0.00569998 0.0144729 -0.0103716 -0.00695256 -0.00602061 -0.0102281 -0.00891522 0.0150603 0.0293182 0.00898956 -0.00502067 -0.0111319 -0.00806341 0.0155135 -0.0230961 -0.0378481 0.0366012 0.00260007 0.0138521 0.0239207 0.0124543 0.0257513 0.000990711
internal_weight=1032.23 915.986 892.971 666.23 656.805 226.741 23.0157 481.835 199.593 137.296 440.822 174.97 17.4484 436.906 374.267 62.6387 360.767 272.337 88.4299 28.5762 19.9657 13.4457 245.26 239.264 199.948 195.205 120.833 74.3723 18.5037 55.8685 62.2971 29.359 32.938 23.2426 17.5078 27.1482 13.0967 5.99647 110.771 105.638 13.5938 6.5116 160.74 157.002 113.871 110.354 66.5628 19.8778 46.685 19.3959 101.923 87.0823 9.58414 13.5002 8.84926 9.69545 46.9095 51.149 25.9948 19.0511 14.1832 8.03177
internal_count=72615 11902 11687 9418 9260 2269 215 6500 2023 1395 6075 2760 172 6022 5066 956 4841 3856 985 309 248 176 3618 3504 3058 2994 2114 880 254 626 628 210 418 304 216 246 179 114 1996 1873 221 136 2517 2440 1865 1814 559 143 416 189 1711 1421 130 225 143 114 667 585 335 288 180 135
is_linear=0
shrinkage=0.05


Tree=51
num_leaves=63
num_cat=0
split_feature=16 17 32 12 0 12 4 34 16 32 8 31 34 9 35 5 31 5 5 8 32 1 4 0 1 34 5 7 18 36 18 8 1 7 2 2 1 18 17 18 33 32 7 1 33 2 2 33 7 2 36 16 16 1 8 18 8 1 7 2 10 17
split_gain=37.2929 9.45776 8.8561 6.93938 6.78189 5.21462 4.91282 4.35945 4.06589 3.67348 3.49653 3.47403 3.42975 3.33529 6.80665 4.39247 5.83855 4.16318 4.00453 3.7042 3.42115 3.29664 3.12062 2.93901 2.80941 2.84676 2.80658 3.43676 2.74321 2.91861 2.82415 3.18684 3.02036 2.77912 2.63857 2.7255 4.10964 4.46858 3.59775 4.90255 5.15326 4.55768 3.3667 3.32518 4.07654 3.01152 4.33484 2.93242 4.43917 3.66382 2.94427 2.90055 2.87826 2.77298 3.61566 3.21175 3.04914 6.56619 3.51165 3.26437 3.96716 2.72741
threshold=0.78038880228996288 7.4128816127777108 1.1051870584487917 1.0000000180025095e-35 0.79950332641601574 1.0000000180025095e-35 172.50000000000003 1.0000000180025095e-35 0.99949577450752269 4.8506186008453378 2169.5000000000005 0.00068256785743869852 0.5251169502735139 10.500000000000002 0.22500000149011615 5128.5000000000009 4.2208910144836417e-06 6011.5000000000009 5056.5000000000009 2169.5000000000005 2.4688410758972172 8.5000000000000018 62.500000000000007 0.85092544555664074 4.5000000000000009 0.55698156356811535 6014.5000000000009 9.5000000000000018 5.5000000000000009 2.6264133339282129e-05 9.5000000000000018 3258.0000000000005 32.500000000000007 10.500000000000002 1653.0000000000002 79.500000000000014 22.500000000000004 21.500000000000004 13.718648910522463 17.500000000000004 0.00035372191632632172 3.2575713396072392 14.500000000000002 19.500000000000004 0.0057820586953312167 21.500000000000004 51.500000000000007 0.00033579842420294886 43.500000000000007 27.500000000000004 0.0012174861039966347 0.97488546371459972 1.0462067723274233 2.5000000000000004 2056.5000000000005 5.5000000000000009 4015.5000000000005 16.500000000000004 23.500000000000004 45.500000000000007 1.0000000180025095e-35 3.1548153162002568
decision_type=2 2 2 2 2 2 2 2 2 2 2 2 2 2 2 2 2 2 2 2 2 2 2 2 2 2 2 2 2 2 2 2 2 2 2 2 2 2 2 2 2 2 2 2 2 2 2 2 2 2 2 2 2 2 2 2 2 2 2 2 2 2
left_child=1 3 10 -1 5 6 7 13 -7 12 -2 -8 -9 15 20 18 26 19 34 -18 -15 -12 24 -3 25 -6 27 -17 29 -21 31 -30 -32 -33 35 36 37 43 39 40 -37 -40 -39 53 -45 -44 51 -38 49 -49 -51 -47 -41 -4 55 -55 57 59 -58 60 -56 -62
right_child=2 23 4 -5 22 8 11 9 -10 -11 21 -13 -14 14 -16 16 17 -19 -20 28 -22 -23 -24 -25 -26 -27 -28 -29 30 -31 32 33 -34 -35 -36 38 47 42 41 52 -42 -43 45 44 -46 46 -48 48 -50 50 -52 -53 -54 54 56 -57 58 -59 -60 -61 61 -63
leaf_value=-0.04380070576290504 -0.041841566513195559 -0.0066429983228845722 0.017435559200692421 0.053246189477213879 0.027947955151311474 -0.014768652899790739 0.001039959603309937 0.021764354358337231 0.048978071713104962 0.051263038860017665 0.018522276471347861 0.035396868068587148 -0.0088031067937767351 -0.043424691185031568 -0.08534300710077132 0.021216158058583779 0.046924735534064066 0.040891992634060119 -0.051038649233923289 -0.035739347190065142 0.0016315692647302844 -0.023972120097434685 0.059152382545699704 -0.089629331957121847 -0.010538466380929819 -0.013933528016595748 0.002736143228442664 -0.037462237204241237 0.030207363575564257 0.036868167847606985 0.016107820345972381 -0.089678252927280197 -0.022353621543591169 -0.019306150786207895 -0.041837611020991032 0.0096282078676925911 -0.021947170591383826 -0.030651265562730953 -0.045874911509095999 -0.050247084651196178 0.0462570460056555 0.0011443815269148499 -0.029243556942930848 0.035648877131429522 -0.05346318052176418 -0.048000103896308217 -0.02159808950189155 -0.01477891566494865 -0.034030654012253331 0.07444610605084323 0.010045755530062254 0.032947497537253644 0.0022266501494502219 0.035285981758687683 -0.046677058496879344 0.0021707654535303906 -0.024829682223990266 -0.066111865846306919 0.044779981391189515 0.011825962503275958 0.0050566564140714851 -0.039302379468281662
leaf_weight=62.232141752218013 13.735646240995264 35.683707311400212 24.276327815256082 1.8982200725004066 33.491242578893434 3.3123048188863313 12.239380854414778 24.970050090458244 10.217110280354971 6.4378923028707495 7.0218306374445119 18.447685306891799 14.508673313772304 5.3218314616824562 3.1784815746359518 3.343600117659661 6.8808468028437337 15.482451985240912 3.9870135781238778 1.5692919233115379 20.222553745436016 13.039226939203216 4.9507213346660128 1.0997922911192279 7.5352255828620391 4.6166938962414852 64.762501182442065 9.8361954083084111 2.5727476844913317 11.725482817273585 29.80283351871185 1.7385693198884817 6.1593687150161704 7.2679565224098042 3.8779994621872893 24.027378315426176 43.003834246395854 16.986127571202815 5.3004901816020711 2.9782901373691884 15.994259727187453 186.2844186097791 7.7139913113787797 13.611301160126457 1.4169967753696244 1.2226978818653176 7.9980336839798829 17.598630510561634 10.181855353817808 1.9220084405969853 23.166960802016547 11.660476807446683 21.322951288602781 9.389855155721305 8.3521211525658163 33.247185625892598 2.8745337565196669 5.4962496601510784 4.9006998018594459 13.879147888859732 14.691766353440473 4.5347462309873654
leaf_count=27656 4114 4584 765 114 611 93 105 323 141 43 780 135 196 672 61 142 231 242 185 113 574 3723 34 17 328 44 1947 546 95 430 684 73 248 253 44 626 4929 696 252 104 273 3229 722 654 170 118 247 2361 1134 17 1097 390 414 490 663 1634 181 408 180 308 767 205
internal_value=-0.000502985 -0.0293355 0.00270748 -0.0409282 0.00368026 0.00258654 0.0020713 0.001297 0.0333714 0.0162416 -0.0224057 0.0216938 0.0105306 0.000359259 -0.0163412 0.00104156 0.00828907 0.0175009 -0.0011136 0.0121529 -0.0077553 -0.00909811 0.0214477 -0.00912421 0.017358 0.0228741 -0.00154407 -0.022576 0.00822 0.0282977 0.00260535 -0.018871 0.0095204 -0.0328904 -0.000743554 -0.000445141 -0.00387148 0.000536748 0.00327867 0.0135102 0.0242666 -0.000156479 -0.0130202 0.00505816 0.0272466 -0.00254703 0.00731527 -0.0122514 -0.00436487 0.00271102 0.0149793 0.025265 -0.00420438 0.00231689 -0.00145265 0.00946365 -0.00995703 -0.0147596 0.019045 -0.00795154 -0.0179047 -0.00540582
internal_weight=1007.2 100.914 906.287 64.1304 872.49 821.896 808.367 777.68 13.5294 45.9166 33.7967 30.6871 39.4787 731.763 28.7229 703.04 161.142 83.1995 541.898 67.7171 25.5444 20.0611 50.5939 36.7835 45.6432 38.1079 77.9423 13.1798 60.8363 13.2948 47.5415 11.5793 35.9622 9.00653 537.911 534.033 278.126 182.252 255.908 64.3229 40.0216 191.585 45.5813 136.671 15.0283 28.5952 20.8812 95.8733 52.8695 42.6876 25.089 12.8832 24.3012 121.643 97.3663 42.637 54.7293 46.954 7.77523 41.4578 27.5786 19.2265
internal_count=72615 32371 40244 27770 31627 30610 30376 30136 234 562 8617 240 519 29574 1307 28267 5004 2369 23263 2127 1246 4503 1017 4601 983 655 2635 688 1896 543 1353 421 932 326 23078 23034 18136 8598 4898 1417 899 3481 2173 6425 824 1477 755 9538 4609 3475 1114 508 518 5601 4836 2124 2712 2351 361 1943 1635 972
is_linear=0
shrinkage=0.05


Tree=52
num_leaves=63
num_cat=0
split_feature=19 19 34 12 34 18 2 16 16 16 17 32 4 6 16 1 0 0 1 15 16 32 4 17 0 32 33 0 15 2 2 4 10 0 0 18 33 9 1 0 15 18 17 16 18 1 0 1 6 7 9 0 17 4 17 4 36 17 36 2 2 18
split_gain=122.853 6.8267 12.2212 7.62153 5.43407 4.12468 3.60741 3.74946 3.50875 3.36133 4.32642 3.24477 3.03007 2.95108 2.946 3.16079 3.9514 2.82214 3.47053 3.61501 3.06608 3.67881 2.95606 2.98973 2.74986 2.65677 2.66853 2.6292 2.59359 3.07046 2.59292 4.51715 3.90618 3.29355 3.19447 2.79004 3.91381 3.15696 3.06538 4.14393 3.19698 2.68627 5.1769 2.52038 4.31921 3.2228 3.96449 4.81313 4.31604 4.0046 3.65847 4.27074 3.73516 2.99116 2.41071 4.18845 2.38695 4.13707 2.35601 2.3245 3.11621 2.48296
threshold=1.0000000180025095e-35 1.5000000000000002 0.45859153568744665 1.0000000180025095e-35 1.0000000180025095e-35 26.500000000000004 19.500000000000004 1.7503993511199953 2.9692879915237431 0.74240529537200939 21.406914710998539 4.1136822700500497 2.5000000000000004 3.8057422671045065e-06 1.4953342080116274 35.500000000000007 0.64613533020019542 0.69325447082519542 2.5000000000000004 2.1297335624694829 3.0930933952331547 2.6764796972274785 6.5000000000000009 28.660159111022953 0.64057350158691417 3.5168188810348515 0.037590665742754943 0.79950332641601574 11.674797058105471 138.50000000000003 183.50000000000003 172.50000000000003 1.0000000180025095e-35 0.66263389587402355 0.6779308319091798 32.500000000000007 0.00026467721909284597 1.5000000000000002 5.5000000000000009 0.74271774291992199 13.211111068725588 19.500000000000004 20.442836761474613 2.0247833728790288 7.5000000000000009 1.5000000000000002 0.71289253234863292 13.500000000000002 2.9937028784843282e-06 59.500000000000007 1.0000000180025095e-35 0.73112106323242199 39.570186614990241 2.5000000000000004 4.9716665744781503 4.5000000000000009 0.025545185431838039 9.9550070762634295 0.0080996435135602968 544.50000000000011 327.50000000000006 20.500000000000004
decision_type=2 2 2 2 2 2 2 2 2 2 2 2 2 2 2 2 2 2 2 2 2 2 2 2 2 2 2 2 2 2 2 2 2 2 2 2 2 2 2 2 2 2 2 2 2 2 2 2 2 2 2 2 2 2 2 2 2 2 2 2 2 2
left_child=-1 2 3 5 8 6 7 14 9 10 -3 -12 -5 -10 15 16 -2 18 -8 -20 21 24 -23 28 -21 26 -7 30 29 -24 32 35 33 -11 -35 36 59 -37 -38 40 -40 56 -43 45 -45 54 47 -47 -48 53 51 -50 -52 58 -19 -56 57 -34 -49 60 -32 -61
right_child=1 4 -4 12 -6 25 17 -9 13 27 11 -13 -14 -15 -16 -17 -18 43 19 20 -22 22 23 -25 -26 -27 -28 -29 -30 -31 31 -33 41 34 -36 37 38 -39 39 -41 -42 42 -44 44 -46 46 48 49 50 -51 52 -53 -54 -55 55 -57 -58 -59 -60 61 -62 -63
leaf_value=-0.051317703137899962 0.059545691890719434 -0.052308357319870227 -0.069714881005800519 0.055185095901279915 0.024463162233299425 -0.0087529284382155681 -0.05414090490856438 -0.012723643583670483 0.017532300984480668 -0.03913675889107085 0.040487335664149963 -0.021218435889595919 0.0091430751966207601 -0.030744772720755171 0.036604571138658053 -0.020692620904123486 0.011331701764250357 0.037915723139904371 -0.018810088253977744 -0.020764301981039311 -0.043332724837105596 -0.02690765427380433 -0.028245084302143106 -0.038772917123528074 0.024645945856639352 -0.030925501190004118 0.032657812831513609 0.029206283398829077 0.043176009081540047 0.028800965871849007 0.0085985946069564948 0.023567672250608726 0.020932524265368273 0.036273795249167545 -0.00012629783305655268 -0.016849460286861805 -0.039855633750093739 0.023177886323756742 0.00049975239101950682 0.01541551488136518 -0.03582808656560673 0.0010808127281997663 0.054014932513165394 0.042759890557358328 0.0034176490887207534 0.032670543046359288 -0.055571316780062829 0.054555374681022395 -0.02064801887887923 -0.051897815605195886 -0.00751797355329137 0.02876097648320804 -0.063276067449856394 -0.013224978392321654 -0.024357068650071877 0.025993204069856682 0.00070862048316398135 0.051702597452864221 -0.0011901959556126507 0.028954679622835291 -0.0213863802875979 -0.009015613320953391
leaf_weight=106.48053729283856 4.6113881263881913 5.0202134472783646 5.9679508873959994 9.200337175279854 57.339872222393751 49.697603821055964 3.7069097757339469 13.465030050836502 4.5716792782768598 4.4770724708214393 3.8183215511962754 4.8195370244793594 5.8427461339160791 10.291193349286912 14.025268199853597 6.8849803626071653 54.16105413553305 9.2232071156613546 30.513766810763627 3.8818538822233704 3.4684800226241341 11.556498242309319 4.8765978738665599 3.134959887713193 23.614482003264129 12.707061503548173 4.2207184336148194 16.769020688720047 5.2526714359410098 4.5686613651923835 24.639531152322888 25.934770098887384 44.062523807864636 7.2216148898005477 36.450745459180325 6.2861022213473943 9.1067395228892547 22.767206214368343 10.952230820432307 12.910815987735985 13.547551714815198 33.44259793870151 5.3590651776175937 10.608497247099878 20.375727499835193 16.186716844793409 4.3596665468066922 4.1937013855204048 6.2610136447474387 3.5795504379784679 71.664365518605337 14.507367901038377 3.1349316209089002 8.9415603782981616 6.7889330890029695 10.547418799251316 8.8550299513153714 14.52478375751525 3.4584621505346149 15.747452448122205 13.364689559675751 5.9255756665952495
leaf_count=60713 57 206 263 107 570 891 20 216 51 67 91 91 54 127 119 204 711 89 582 82 83 255 117 81 289 232 68 144 70 58 313 206 426 60 388 82 60 193 130 125 190 421 45 76 240 169 50 52 101 116 1199 153 79 213 49 79 92 137 77 142 187 57
internal_value=-0.000569553 0.00551983 0.00137947 0.00229542 0.0101649 0.00112042 0.0031248 0.0116795 0.00789302 0.00891486 -0.0153952 0.00605829 0.0373023 -0.0158952 0.0158033 0.0113598 0.0151147 0.000361846 -0.00671893 -0.00478438 0.00230672 0.00508948 -0.00720935 0.00555601 0.0182351 -0.0103584 -0.0055113 0.00991391 0.015011 -0.000651973 0.00888875 0.004453 0.0135196 0.00170581 0.00589278 0.000787617 -0.00296865 0.0145174 -0.0138408 -0.0075081 -0.0195883 0.0188735 0.00839177 0.00381673 0.0168878 0.00132975 -0.00177538 0.0123619 -0.00691944 -0.00393343 -0.0047 0.0138657 -0.00985486 0.00641331 0.0172634 0.00627599 0.024904 0.0285609 0.0293607 0.005506 -0.00194602 0.0185733
internal_weight=993.877 887.396 469.19 463.222 418.206 448.179 381.554 93.1477 360.866 346.003 13.6581 8.63786 15.0431 14.8629 79.6827 65.6574 58.7724 288.406 94.5749 90.868 60.3542 56.8857 29.3894 17.8329 27.4963 66.6254 53.9183 332.345 14.6979 9.44526 315.576 161.183 154.393 48.1494 43.6724 135.248 106.195 29.0533 46.5173 37.4106 24.4998 106.244 38.8017 193.831 30.9842 162.847 136.287 36.36 99.9273 20.1733 95.5677 20.7684 74.7993 16.5937 26.5596 17.3364 67.4423 58.5873 7.65216 59.6772 38.0042 21.673
internal_count=72615 11902 7301 7038 4601 6877 5686 1307 4031 3853 388 182 161 178 1091 972 768 4379 1637 1617 1035 952 581 326 371 1191 959 3465 245 175 3321 1685 1636 515 448 1479 1204 275 505 445 320 1121 466 2742 316 2426 2209 627 1582 458 1532 254 1278 342 217 128 655 563 129 699 500 199
is_linear=0
shrinkage=0.05


Tree=53
num_leaves=63
num_cat=0
split_feature=19 19 34 12 18 34 9 16 31 0 31 16 4 3 3 19 15 19 1 36 15 32 36 19 7 0 3 0 0 0 1 4 9 7 15 32 32 8 18 0 9 18 16 16 9 0 16 1 0 36 7 8 32 1 8 7 7 7 0 8 18 32
split_gain=114.49 6.86558 5.85111 7.49176 5.15679 4.63498 3.59819 3.49684 4.86276 4.01333 3.35569 3.33796 3.13604 3.07079 2.9714 3.09466 2.82401 3.49886 3.62166 3.44245 2.92073 3.02013 4.81815 3.94699 2.7647 2.42198 5.67883 2.9928 2.326 3.18691 2.69648 3.03735 6.31912 3.31532 3.06281 2.59118 4.84379 2.79573 3.70602 2.44506 2.62799 2.66741 2.65698 5.76417 3.31021 5.3551 3.71385 3.37874 3.4333 2.92161 2.52575 2.47953 2.34529 2.47408 3.33256 2.27957 3.61803 2.70085 4.59187 3.31806 4.14246 2.7357
threshold=1.0000000180025095e-35 2.5000000000000004 0.55698156356811535 1.0000000180025095e-35 20.500000000000004 0.49959962069988256 11.500000000000002 0.78671583533287059 0.097562313079833998 0.79950332641601574 6.579429623343459e-07 0.99949577450752269 2.5000000000000004 3.8176519870758061 5.3205649852752694 5.5000000000000009 13.985294342041017 1.5000000000000002 28.500000000000004 0.10535796731710435 50.125000000000007 3.5168188810348515 0.025545185431838039 1.5000000000000002 17.500000000000004 0.73750686645507824 4.2268071174621591 0.75174331665039074 0.73807907104492199 0.74930953979492199 1.0000000180025095e-35 2.5000000000000004 1.5000000000000002 27.500000000000004 0.62568682432174694 2.0404444932937627 2.0082530975341801 1447.5000000000002 10.500000000000002 0.71474647521972667 10.500000000000002 18.500000000000004 1.0462067723274233 0.91822597384452831 2.5000000000000004 0.70478248596191417 1.6759720444679262 20.500000000000004 0.67425155639648449 0.00011283013373031282 52.500000000000007 3147.5000000000005 1.1051870584487917 20.500000000000004 2128.5000000000005 133.50000000000003 72.500000000000014 35.500000000000007 0.75445175170898449 1714.0000000000002 30.500000000000004 4.1136822700500497
decision_type=2 2 2 2 2 2 2 2 2 2 2 2 2 2 2 2 2 2 2 2 2 2 2 2 2 2 2 2 2 2 2 2 2 2 2 2 2 2 2 2 2 2 2 2 2 2 2 2 2 2 2 2 2 2 2 2 2 2 2 2 2 2
left_child=-1 2 3 4 7 14 -6 8 -2 10 -9 -7 -5 -11 -3 55 17 19 25 28 -18 -22 23 -23 -21 -19 -27 -28 35 -30 -31 32 34 -33 -32 36 52 38 -37 40 41 42 43 -39 49 46 -46 -48 -49 -44 51 -41 -12 -54 -55 56 57 59 -59 -16 61 -61
right_child=1 5 -4 12 6 11 -8 9 -10 13 16 -13 -14 -15 15 -17 20 18 -20 24 21 22 -24 -25 -26 26 27 -29 29 30 31 33 -34 -35 -36 37 -38 39 -40 50 -42 -43 44 -45 45 -47 47 48 -50 -51 -52 -53 53 54 -56 -57 -58 58 -60 60 -62 -63
leaf_value=-0.051252207960493769 -0.022770891693058626 0.019191925892721756 -0.054692777194562073 0.054383802363131742 -0.0043104039611518109 -0.00015265001334114435 -0.058370875455557428 -0.037996123258260989 0.026767955457129691 0.0039437420362053157 -0.022285052985320911 0.041840631280954485 0.010661570351846839 0.041449859140092665 0.01058091816903675 0.013761802326625844 -0.01367752538914685 0.027363877476992371 -0.003924612062156255 0.0039002846890100699 0.031324561178314107 0.0085655607763335372 0.037554566683609035 -0.054872369788954482 -0.060135325276159605 0.03956160704259222 -0.044427886669808063 0.0066363454196615088 0.030206686304313071 0.037325653149463379 0.044075914304372625 0.043387008742985539 -0.042044323076976566 -0.00054549099131411796 -0.011859426755973278 0.052376930455643116 0.060705373341201845 0.023645852383543785 -0.0086893029525742758 -0.011114759298654599 -0.036513399947393714 -0.036742723171458096 0.05926329786394309 -0.033545776038066709 -0.031472023847428907 0.036907752621431394 -0.022832984207328447 0.045809832045429745 -0.015614664019927116 0.015519054410746453 0.0044665525637500097 -0.044521557497579987 0.022210105987366141 -0.032182062549072098 0.013216965635263301 0.023037952241614795 -0.041720680259164422 0.031591938517107634 -0.024428026754332154 -0.0060716453888282462 0.028816113677402774 -0.044870664700872892
leaf_weight=100.17017529628356 22.645253743277866 61.523893414763734 4.4262464866042128 9.7169454079121369 167.74634957977105 6.1317025292664793 3.13550323806703 4.5157091319560996 6.3407753389328709 9.0945448810234684 5.9322651582770041 20.733156548812985 7.0964728100225321 13.646030518226324 14.019533047452567 64.6367261512205 35.936658223625273 47.399186179507524 18.133846055716276 3.0993279283866277 9.2075163945555705 4.6397219533100706 4.4881785633042446 5.1998955272138119 3.6951850375626236 7.7549024038016823 5.0903181750327331 6.5763825541362166 19.562862995779142 5.9127118010073891 4.7485790215432662 6.7551195118576315 9.4588510403409582 11.788197442889212 5.0498908581212163 5.3840617630630714 4.6299968147650352 7.1309147663414505 4.6134784915484488 14.495549713727089 4.4282001825049511 4.0303932763636103 4.5572354923933771 11.527920549735425 11.967101521324368 7.6220580628141752 6.4892716314643648 6.2987765669822675 3.5611007073894143 23.498656193725765 11.761742707807569 9.0049580452032369 22.955888884142041 6.2103058416396406 11.579007837921379 8.3312363624572736 5.996715414337813 12.534300075843932 5.1655015964061013 7.4735722308978501 3.6010196078568688 11.587230163626371
leaf_count=60713 1200 633 64 124 2756 80 63 68 74 93 96 172 68 120 127 559 584 391 280 47 98 65 47 62 57 61 55 64 197 54 54 70 110 143 56 48 35 137 65 182 58 82 31 237 197 71 83 83 69 244 151 122 231 123 149 106 82 120 49 135 44 176
internal_value=-0.000625533 0.00518833 0.00259855 0.00299103 0.00211098 0.0127864 -0.00530236 0.00487441 -0.0119341 0.00600896 0.00486597 0.032256 0.0359299 0.0264502 0.0101023 0.00590846 0.00534723 0.00709262 0.0158925 0.00419215 -0.00471046 0.00898158 -0.00537676 -0.0249592 -0.0309254 0.0212705 0.00639944 -0.0156436 0.00514294 0.0134331 0.00592652 0.00101512 -0.0128929 0.0154586 0.0152482 0.0023479 0.0119261 -0.00125573 0.0241972 -0.00326934 0.00105734 0.00297663 0.00491346 -0.0116886 0.00975415 -0.000293414 -0.0103071 0.00518504 0.0236251 0.0226246 -0.0144487 -0.0239156 0.00708759 0.0113641 -0.00263198 -0.00147941 -0.00486244 -0.000798013 0.0152431 -0.00853831 -0.0203662 -0.0296579
internal_weight=972.445 872.275 650.54 646.114 629.3 221.735 170.882 458.419 28.986 429.433 406.692 26.8649 16.8134 22.7406 194.87 133.346 402.176 342.704 84.9546 257.75 59.472 23.5353 14.3278 9.83962 6.79451 66.8208 19.4216 11.6667 250.955 63.2762 43.7133 37.8006 19.2573 18.5433 9.79847 187.679 51.3075 136.371 9.99754 126.374 91.1116 86.6834 82.653 18.6588 63.9942 35.9383 28.3163 16.3491 9.85988 28.0559 35.2623 23.5005 46.6775 40.7452 17.7893 68.7091 60.3779 54.3812 17.6998 36.6814 22.6618 19.0608
internal_count=72615 11902 9619 9555 9363 2283 2819 6544 1274 5270 5057 252 192 213 2031 1398 4989 4133 851 3282 856 272 174 127 104 571 180 119 3178 684 487 433 220 213 110 2494 634 1860 113 1747 1292 1234 1152 374 778 503 432 235 152 275 455 304 599 503 272 839 733 651 169 482 355 311
is_linear=0
shrinkage=0.05


Tree=54
num_leaves=63
num_cat=0
split_feature=19 12 19 18 34 34 0 8 33 8 36 31 36 33 2 33 17 7 8 0 5 31 5 2 2 6 36 1 1 6 1 8 1 31 17 17 9 7 31 17 2 36 17 35 1 2 2 17 17 36 36 0 0 1 8 36 9 2 18 18 2 33
split_gain=107.485 6.41974 6.18721 4.17431 3.87159 3.67072 2.96987 2.75926 2.60429 3.45615 2.93058 2.61275 2.40197 2.96514 2.87029 2.61272 2.39771 2.50607 2.38912 2.29116 2.53706 2.89667 3.03669 2.88154 2.17432 2.14059 2.90043 2.94258 3.07142 2.91885 2.7728 4.05538 3.5847 2.3838 2.26633 2.93915 2.66311 4.35829 2.16726 2.57297 2.10843 2.9579 2.84434 1.96345 1.96005 3.21647 4.61791 2.83527 1.95487 1.93262 5.03127 4.96022 3.97436 2.8509 3.94706 2.29797 2.25181 1.8562 2.43459 2.02884 1.8269 1.81115
threshold=1.0000000180025095e-35 1.0000000180025095e-35 2.5000000000000004 20.500000000000004 0.50955879688262951 0.5251169502735139 0.74271774291992199 6012.5000000000009 0.037590665742754943 1272.5000000000002 6.0246031807764675e-06 6.4854601077968268e-05 0.24639891833066943 0.028015439398586753 431.50000000000006 2.9937028784843282e-06 6.7298219203948983 27.500000000000004 1516.5000000000002 0.74552536010742199 1932.5000000000002 3.7837413628949439e-06 6011.5000000000009 24.500000000000004 47.500000000000007 0.0081397201865911501 0.0019122142693959179 38.500000000000007 44.500000000000007 5.9033061461377665e-06 30.500000000000004 1913.5000000000002 38.500000000000007 4.2208910144836417e-06 0.46033549308776861 0.91375643014907848 4.5000000000000009 4.5000000000000009 0.00025044410722330218 11.046194076538088 76.500000000000014 0.00023989566398086029 3.0729029178619389 0.064583335071802153 5.5000000000000009 52.500000000000007 76.500000000000014 22.564919471740726 14.654661178588869 0.00029749558598268783 3.7035861168988056e-05 0.67268562316894542 0.71103858947753917 28.500000000000004 2321.0000000000005 0.0041916577611118564 6.5000000000000009 20.500000000000004 7.5000000000000009 17.500000000000004 22.500000000000004 1.5371436347777493e-05
decision_type=2 2 2 2 2 2 2 2 2 2 2 2 2 2 2 2 2 2 2 2 2 2 2 2 2 2 2 2 2 2 2 2 2 2 2 2 2 2 2 2 2 2 2 2 2 2 2 2 2 2 2 2 2 2 2 2 2 2 2 2 2 2
left_child=-1 2 3 5 7 6 12 -4 10 -10 -5 24 13 14 15 49 17 -3 -15 -8 23 -22 -23 -21 -12 26 29 -28 -29 -17 31 -27 -32 -31 -35 -36 37 -37 39 40 42 -42 61 -6 45 60 -47 -48 -26 50 51 -2 -53 54 55 -51 -54 -39 -59 -60 -13 -38
right_child=1 16 4 8 43 -7 19 -9 9 -11 11 44 -14 18 -16 25 -18 -19 -20 20 21 22 -24 -25 48 30 27 28 -30 33 32 -33 -34 34 35 36 38 57 -40 -41 41 -43 -44 -45 -46 46 47 -49 -50 53 -52 52 56 -55 -56 -57 -58 58 59 -61 -62 -63
leaf_value=-0.051193114959318553 -0.029898309892754188 0.058877349647681598 0.0081572768824318357 -0.048812874143903645 0.012580481339500266 -0.03882331407039135 0.034870761979475771 0.037443839606175991 0.06065598441753093 -0.00059735872957339213 0.026463004510572364 -0.00075796298136795873 0.029443004266670215 0.0067206564107564152 -0.027977435869023327 0.02603483716198414 0.0026611367536118272 0.01548465271373912 -0.059003095868025171 0.022383195411506698 -0.022681764309001044 0.012014476568344472 0.052567775959678154 -0.037443362109236225 -0.0087913782617818886 0.00090938589353042583 0.020938166125058763 -0.047431149393352169 0.021228406719901484 -0.030605581607701222 0.043703893938616012 -0.048522142769615265 -0.029981074674981387 -0.034480809269271676 0.03699682179118062 -0.058428362400693892 0.019432620059254255 0.02873926327367899 0.042171803978072839 0.039475483650137602 -0.052589552340869011 0.013727705935967952 0.02825518249176779 0.043293372669407741 -0.012381297054558061 -0.052388025061620803 0.022104944700350293 -0.022548925747513916 0.030099086823664835 -0.01700964213527675 0.034139752200060325 0.020385120340825333 -0.040322081163999074 -0.024936012927870496 -0.020044294568177627 0.01670255874577365 0.0056441395439381994 0.0090812209692074861 -0.030466142545532388 0.011840159932119725 0.035684303221009045 -0.029151108520896946
leaf_weight=94.263169940706575 12.492639954201875 9.4459796976298112 187.41244305879809 3.9694423030596218 8.435233832336964 4.8631502212956539 9.8647651735227537 8.4031976247206313 3.4129689224064332 7.080278352368623 10.249174488242717 6.0316005013883105 8.0513311359100026 2.2567055169492951 7.5691186571493736 12.701511017046867 4.7411806602030984 5.1368095222860566 3.570281021296978 3.1305293934419733 5.6486442964524022 83.956181625835598 4.884823750704526 5.6365408464334905 17.369591274298731 11.204338431824004 57.099957207683474 3.3962991307489565 3.1299098603194579 5.7949439033400258 4.9250958114862433 6.5893630119971922 2.4825683268718421 3.9247771948575965 6.3715942706912747 3.8095847098156801 2.961195965297529 4.288104989565908 4.9527928237803271 4.8991345018148413 3.8695340584963551 2.9734042850323021 9.1399442593101394 13.583630686625837 90.906500098411925 5.0763704860582974 8.3136211764067394 6.2102351114153853 3.9697609152644864 6.45208378043026 11.306204330874605 20.332574268337343 5.3221488241106254 18.495789844309911 18.413259651628323 23.342454402241856 5.3353320593014359 13.351665769238027 11.587116282898931 3.7513235500082365 8.0012132320553047 5.4467171190772206
leaf_count=60713 226 117 1951 81 88 83 109 101 23 160 149 76 112 30 141 135 43 55 115 57 61 967 42 93 237 118 758 117 75 125 79 162 70 64 58 61 33 57 55 59 62 54 112 129 1804 45 90 57 38 84 132 215 57 577 406 229 51 180 186 65 85 101
internal_value=-0.000514879 0.00505721 0.00440019 0.00185392 0.0116493 0.0043808 0.00485325 0.00941408 -0.00480543 0.0193255 -0.00638704 -0.0053084 0.00246671 0.0017954 0.00244363 0.00318607 0.0335497 0.0435922 -0.0335493 0.0118489 0.00964947 0.0120368 0.0142443 -0.0160806 0.00753462 0.00686888 0.00896024 0.017303 -0.0145027 0.00364269 -0.00669508 -0.0173961 0.0190095 0.00037813 0.00258587 0.00446539 0.00154725 -0.00779334 0.0115821 0.00640949 -0.000232149 -0.0237733 0.00894792 0.0315275 -0.00856593 0.00174659 -0.0113368 0.00301146 -0.00155658 -0.00253253 0.00442567 -0.00330048 0.00742158 -0.00824785 -0.00184513 0.0094021 -0.0173105 -0.00194407 -0.00653009 -0.0201193 0.0200206 -0.0120403
internal_weight=951.588 857.325 838.001 620.166 217.835 449.575 444.712 195.816 170.591 10.4932 160.098 156.128 331.591 323.539 317.712 310.143 19.324 14.5828 5.82699 113.121 103.257 94.4896 88.841 8.76707 31.5885 188.651 163.45 63.6262 6.52621 99.8233 25.2014 17.7937 7.40766 87.1218 81.3269 77.4021 71.0305 36.7878 34.2427 29.2899 24.3908 6.84294 17.5479 22.0189 124.54 33.633 19.6002 14.5239 21.3394 121.492 54.7889 43.4827 30.9901 66.7036 48.2078 29.7945 10.6575 32.9782 28.6901 15.3384 14.0328 8.40791
internal_count=72615 11902 11687 9418 2269 6573 6490 2052 2845 183 2662 2581 5161 5049 4904 4763 215 172 145 1329 1220 1070 1009 150 424 2786 2357 950 192 1407 429 280 149 1272 1147 1083 1025 549 476 421 362 116 246 217 2157 353 192 147 275 1977 681 549 323 1296 719 313 108 488 431 251 161 134
is_linear=0
shrinkage=0.05


Tree=55
num_leaves=63
num_cat=0
split_feature=19 16 17 19 33 6 2 15 35 17 31 18 2 6 34 7 16 16 16 7 0 0 19 36 0 17 18 17 36 31 36 33 18 8 19 12 35 8 8 35 7 16 16 35 18 16 15 2 35 2 6 7 31 15 0 2 15 33 18 0 6 33
split_gain=98.8235 4.70258 4.69489 8.35666 4.46345 4.7351 4.66446 3.54612 3.58644 4.11757 3.48965 3.38281 3.32064 3.20982 3.32412 3.20607 5.2172 4.2935 3.33104 3.07873 3.05996 3.02198 4.71506 4.43705 3.52624 3.17181 2.92004 2.82351 2.79731 3.99567 3.74693 3.88022 3.44959 2.96969 2.77427 3.3204 2.75995 2.68065 4.30012 3.94508 2.64463 2.62937 3.32019 4.05305 3.81145 2.76753 2.68433 2.55392 4.55804 3.72721 3.83577 2.79822 2.50044 2.8893 5.21714 2.75454 3.37432 4.46779 4.22647 2.81641 2.49906 2.4386
threshold=1.0000000180025095e-35 2.9692879915237431 3.4440877437591557 2.5000000000000004 8.9397804003965592e-06 2.2794312826590616e-05 185.50000000000003 8.4316773414611834 0.41666667163372045 4.3205935955047616 4.298389058021713e-06 28.500000000000004 431.50000000000006 5.0426209782017402e-05 0.52934756875038158 73.500000000000014 2.3015964031219487 2.5950433015823369 0.8046463429927827 16.500000000000004 0.74477577209472667 0.73452186584472667 10.500000000000002 0.086536344140768065 0.73750686645507824 5.5864350795745858 4.5000000000000009 2.90773618221283 0.050476228818297393 0.0024920372525230054 0.013680972158908846 0.0013535838807001712 14.500000000000002 3638.5000000000005 1.5000000000000002 1.0000000180025095e-35 0.028174603357911113 2034.5000000000002 3896.5000000000005 0.064583335071802153 101.50000000000001 2.2106565237045293 1.0462067723274233 0.040833333507180221 8.5000000000000018 1.3500339388847353 1.9976958632469179 69.500000000000014 0.18333333730697635 58.500000000000007 0.00045237662561703479 53.500000000000007 0.00074041116749867808 0.70031845569610607 0.71015262603759777 34.500000000000007 0.48591269552707678 9.9154846111559912e-07 5.5000000000000009 0.68242835998535167 0.00032914917392190551 5.9865337789233317e-06
decision_type=2 2 2 2 2 2 2 2 2 2 2 2 2 2 2 2 2 2 2 2 2 2 2 2 2 2 2 2 2 2 2 2 2 2 2 2 2 2 2 2 2 2 2 2 2 2 2 2 2 2 2 2 2 2 2 2 2 2 2 2 2 2
left_child=-1 2 11 4 6 -6 7 8 9 -4 -8 15 13 -7 34 16 18 -18 19 -2 -14 23 24 25 -23 -5 -12 -17 29 30 31 33 -31 -27 35 40 -28 -9 39 -39 47 42 44 -44 46 -45 -36 49 -49 51 -51 -15 55 54 -54 56 -20 58 -58 60 -59 -57
right_child=1 -3 3 21 5 12 10 37 -10 -11 26 -13 20 14 -16 27 17 -19 52 -21 -22 22 -24 -25 -26 28 36 -29 -30 32 -32 -33 -34 -35 41 -37 -38 38 -40 -41 -42 -43 43 45 -46 -47 -48 48 -50 50 -52 -53 53 -55 -56 61 57 59 -60 -61 -62 -63
leaf_value=-0.051136536840243565 0.017578436862542336 -0.014908129563637304 -0.037491262500156344 0.039679458356587378 0.041547080140238286 -0.040367227972463962 -0.035977602350028066 -0.053188254110233493 0.015823210228812574 -0.0075992794145713811 0.045046171011528705 -0.0078925889186477541 -0.05670527735865924 0.0042467346568829667 -0.039896481528802374 -0.019315507864920697 -0.049708740351252265 0.01630370608049948 0.025740340722614177 -0.041100368933608133 0.0021627863297166076 0.04496745231902298 0.04336843043696112 -0.0401549480221512 0.00866722387092006 0.015327638429900545 -0.031907634283013381 0.029431076490109218 0.037665770870604118 -0.052956780882281868 0.036069447141134622 -0.035075420699838121 -0.0024861544086477241 -0.0054857849829338234 0.056432144953531105 0.047406468248881756 0.012124276527931818 -0.04061213807327501 -0.060680388019134335 0.023184368610991275 -0.021655757872988856 -0.025433648152711097 0.0035369369836844933 0.049871717569249574 -0.022090683849718754 0.019463224091492259 -0.0047641037660348341 0.0010945767157736178 0.033973106348685653 -0.078392818931400307 -0.013548931352338537 -0.03324395071386118 -0.024089485354480092 0.035022009852682792 0.030472607786590868 0.037430983727527595 0.014841197808054766 0.0086473132292561421 -0.03890892210780425 0.021387890424743879 -0.038141594215588104 0.0083308438993212035
leaf_weight=88.77103479145444 4.3557590607088041 30.731831543147564 13.714235785184426 7.3296556100249282 7.6533532557077697 4.2275372059084466 4.2019098754972211 8.3085048841312545 12.977660240605472 72.020796794095077 5.683016635477542 20.893597700400278 4.6028516478836519 47.196609437931329 4.298841794836334 12.629067227826456 5.4819119460880739 4.4731096224859357 21.676073648966849 4.5919489245861769 4.2418021569028497 7.5074494648724786 15.218213327229021 5.0232795770280054 61.45069610606879 43.786846987903118 4.1473914613015976 3.8842168673872939 6.442550648469477 5.2355477954260996 10.308628385886548 5.876274303533136 9.5812452677637321 28.159968996420503 3.4735032729804542 3.6554637020453802 25.077473788056523 3.8466484511736763 4.1396557290572664 6.5488366857171059 13.765072624082675 4.2927896417677394 18.995360960252583 13.483327181078495 10.871406010817735 16.812100686132908 3.7015651646070182 42.712145681725815 13.995312539860604 3.1223595095798364 8.4598950361832959 5.5638119928771621 6.7531171394512084 38.700366313569248 12.473578029312192 19.675742495805029 5.6736130584031335 8.2393171675503236 10.29102045856416 25.205134076997638 4.3661515545099965 11.353535884059964
leaf_count=60715 133 464 248 59 87 87 86 174 99 1311 54 371 97 732 91 269 87 64 222 252 53 55 99 90 624 446 110 56 62 75 95 71 99 342 47 50 287 114 84 64 377 53 213 115 266 135 77 792 113 54 125 143 124 419 141 168 66 92 139 295 58 105
internal_value=-0.000928845 0.00429525 0.00501282 0.00272481 -0.00152538 0.00286382 -0.0079487 -0.0127811 -0.00867287 -0.0123808 0.00707077 0.0112503 0.00156231 0.00277739 0.00362812 0.0132519 0.0151528 -0.0200472 0.0171742 -0.0125354 -0.0284728 0.0108939 0.0181784 0.00585734 0.0126192 0.00783756 0.0122526 -0.00784945 0.00570402 0.00370384 0.00774276 0.00399055 -0.0203201 0.00718127 0.00451867 0.000386297 0.00587557 -0.0305337 -0.017584 -0.000422296 -0.000888637 0.0125071 0.0149258 0.0216438 -0.00342306 0.0329969 0.0248614 0.00147287 0.00920895 -0.0053452 -0.0310296 0.000293182 0.0187911 0.0271512 0.0113084 0.014243 0.00908587 0.00237268 -0.0198069 0.0117375 -0.00755894 0.0267833
internal_weight=941.932 853.161 822.429 601.712 395.791 235.125 160.666 121.556 98.7127 85.735 39.1098 220.717 227.472 218.627 214.4 199.824 183.31 9.95502 173.355 8.94771 8.84465 205.92 84.1764 121.744 68.9581 116.721 34.9079 16.5133 109.391 102.949 88.1317 77.8231 14.8168 71.9468 210.101 138.471 29.2249 22.8436 14.5351 10.3955 134.815 71.6301 67.3373 49.2908 18.0465 30.2954 7.17507 121.05 56.7075 64.3427 11.5823 52.7604 164.408 57.9271 19.2267 106.481 75.4513 53.7752 15.9646 37.8106 12.6055 31.0293
internal_count=72695 11980 11516 8455 6338 3707 2631 2094 1658 1559 537 3061 3620 3470 3383 2690 2365 151 2214 385 150 2117 778 1339 679 1249 451 325 1190 1128 954 859 174 788 3292 2386 397 436 262 178 2336 906 853 463 390 250 124 1959 905 1054 179 875 1829 684 265 1145 872 650 205 445 150 273
is_linear=0
shrinkage=0.05


Tree=56
num_leaves=63
num_cat=0
split_feature=16 2 16 32 8 1 15 4 2 36 15 15 15 0 8 2 15 15 15 18 18 16 16 32 0 32 7 0 7 36 8 34 16 18 5 35 15 15 2 0 15 0 9 36 2 5 5 15 5 4 36 2 16 16 8 4 7 0 1 36 7 15
split_gain=25.9346 11.3173 5.49335 4.91359 4.23178 4.23159 4.78558 4.62844 3.66161 3.43872 3.21953 3.67705 3.17922 3.08566 3.5791 3.68081 2.87158 3.9002 3.15133 3.23952 3.06571 3.56541 3.10867 5.45121 3.11237 3.43341 3.03295 2.95501 2.86786 3.28396 3.38806 2.84959 2.80818 2.92867 2.70258 3.25862 2.67195 3.45425 3.26455 3.10223 2.81041 2.53318 2.70796 2.60071 2.65622 2.51676 4.14438 4.02602 4.00991 2.92348 3.00823 2.42126 2.63885 2.39786 3.63543 2.53541 4.28205 3.7192 3.13276 3.61386 2.65527 2.49806
threshold=0.86763349175453197 64.500000000000014 2.9692879915237431 0.8111037313938142 4483.5000000000009 1.5000000000000002 82.111110687255874 53.500000000000007 1.5000000000000002 0.0034682155819609766 0.23345498740673068 0.24014133960008624 0.97930938005447399 0.73060226440429699 1466.0000000000002 916.50000000000011 12.775985717773439 4.2015624046325692 3.7350877523422246 21.500000000000004 5.5000000000000009 1.6973278522491457 1.6372629404067995 3.2059261798858647 0.73112106323242199 1.5781120061874392 42.500000000000007 0.64959812164306652 12.500000000000002 6.0246031807764675e-06 5510.5000000000009 0.50239053368568432 0.96830552816391002 3.5000000000000004 3076.5000000000005 0.027402402833104137 0.37519231438636785 0.46470099687576299 29.500000000000004 0.70706748962402355 0.15919147431850436 0.7114849090576173 9.5000000000000018 0.0036338469944894318 34.500000000000007 1774.5000000000002 2592.5000000000005 12.012499809265138 2536.5000000000005 47.500000000000007 0.014729249291121961 612.00000000000011 0.91117948293685924 1.0462067723274233 3706.5000000000005 1.0000000180025095e-35 12.500000000000002 0.68723106384277355 9.5000000000000018 0.0013127283309586348 5.5000000000000009 1.2521186470985415
decision_type=2 2 2 2 2 2 2 2 2 2 2 2 2 2 2 2 2 2 2 2 2 2 2 2 2 2 2 2 2 2 2 2 2 2 2 2 2 2 2 2 2 2 2 2 2 2 2 2 2 2 2 2 2 2 2 2 2 2 2 2 2 2
left_child=1 10 3 8 -3 6 -5 16 12 31 -1 -12 -2 14 -9 -16 17 18 20 -20 36 22 24 -24 25 -22 27 -18 -26 -30 51 -4 33 -19 -17 -36 39 -38 -39 40 -7 43 -43 44 -23 47 48 -34 -47 50 -48 52 -31 54 -27 57 60 -55 59 -58 -57 -59
right_child=2 4 9 5 -6 7 -8 13 -10 -11 11 -13 -14 -15 15 34 26 32 19 -21 21 41 23 -25 28 53 -28 -29 29 30 -32 -33 45 -35 35 -37 37 38 -40 -41 -42 42 -44 -45 -46 46 49 -49 -50 -51 -52 -53 -54 55 -56 56 58 61 -60 -61 -62 -63
leaf_value=-0.048410369526604491 -0.017124009434328801 -0.017449080704557824 -0.0173964113130959 0.017839938978446067 0.018412891964964699 0.045694084491862567 -0.036584369043808594 0.037573496581145477 -0.06737670077169132 -0.099381360320744572 0.060571741859693051 -0.029263822543943913 0.066107887052940226 0.025254022300444615 0.016674273847871363 -0.044946199539863091 -0.04870916030074985 0.060815090732078449 -0.0046786467809777589 -0.049909904274489915 -0.031735988627824188 -0.033358592402650426 0.047355023810935162 -0.04925303271142481 0.036555862093501826 -0.035584982605034288 -0.064342969750061818 -0.0037880091307770044 -0.074554531808478527 0.045236665734512085 0.041092387446685724 0.068078066009606156 -0.060853255838855383 -0.044645964174276895 0.027621000393895558 -0.0233341499222883 0.05482187425439447 0.025204320347584675 -0.00089048724729350211 -0.057214255591318514 -0.027201153834161457 -0.032620051745820153 0.021973650192593338 0.024271695752384449 0.003869183995296341 0.019494929919430824 0.0082749452270701428 0.053101165991500499 0.066709584105459088 0.066357148913640737 -0.023295374420258468 0.0662482055792976 -0.00064710033688317658 -0.0090984246664348647 -0.0023774722403964283 0.03901062252852066 -0.0058705769083693829 0.01000601061638509 -0.0047196258912856268 0.043505369364854274 -0.055921356149418455 0.05396262671970338
leaf_weight=28.876064395226422 17.096038658230107 17.006061122199753 30.85194191365736 71.7188878623856 15.933355530520201 2.4923371636541543 4.2801962260855353 6.9524340135976663 3.4960239180654744 1.2455620914697636 1.1710789703647595 41.647442452471296 1.2298439636651881 33.840671866666526 15.090725480462423 5.7716344975051497 3.8114324664056758 0.78305430465843429 10.737634673394497 6.2702421967405817 10.840202739171216 8.506120273494167 7.7001253953058022 1.8018681390676645 7.6219748278963371 12.216927343615678 2.2454501632601014 92.745879252834129 1.2935188742703747 3.2834853013337115 6.2514149994240134 1.0069256201386441 2.7905397056019856 4.1321839989395812 5.0584461260586968 8.2627151237102208 4.9199804509989908 21.788356053904863 26.639504472201224 2.9098101732379291 2.8164272173307836 19.620804779930044 2.5687993101601014 6.4364090262242817 10.971952282648997 26.582026983975087 95.541186502494384 1.0731753333820964 5.4126526740728869 2.0307904975488773 8.19260709825903 1.4710408747196186 68.621909209672594 8.3664379520923848 25.329966914869146 0.85614934912882645 6.7648624673020086 6.0118511450127681 53.229477883578511 8.1950071157189068 5.2743669645860791 6.9904754594899714
leaf_count=19455 4231 1703 1970 1402 665 265 32 54 991 2 137 14402 86 318 184 65 236 40 470 162 2260 1315 335 21 489 1144 18 2557 54 278 191 4 183 318 47 87 193 1909 874 434 420 1003 102 427 375 714 2492 10 64 13 217 12 2632 464 994 73 111 457 1881 141 300 212
internal_value=-0.000919865 -0.024362 0.00207125 0.0029106 -0.000102035 0.00357784 0.0147748 0.00234299 -0.020484 -0.0178813 -0.035508 -0.0268068 -0.0115383 0.0140707 0.00487061 -0.00178069 0.000911226 0.00240827 -0.000333602 -0.0213539 0.000682656 -0.00146714 0.00100306 0.0290352 -0.000141992 -0.00467593 -0.0068971 -0.00556119 0.00723553 0.00447385 0.00575763 -0.0146949 0.00930887 -0.0278448 -0.0163673 -0.00398494 0.0108168 0.0149052 0.0108499 -0.0157214 0.00702141 -0.0139003 -0.0263 -0.003283 -0.0123883 0.0105983 0.0117146 -0.0292016 0.0274824 0.00694472 0.00578161 0.00274724 0.00144813 -0.00247429 -0.0131825 0.00172744 -0.00263672 0.0169059 0.00096188 0.0211775 -0.0426638 0.0336385
internal_weight=924.676 104.634 820.042 786.938 32.9394 765.116 75.9991 689.117 21.8219 33.1044 71.6946 42.8185 18.3259 74.9766 41.136 34.1835 614.14 515.338 368.799 17.0079 351.792 290.225 242.121 9.50199 232.619 144.076 98.8028 96.5573 88.5433 80.9214 79.6279 31.8589 146.538 4.91524 19.0928 13.3212 61.5664 53.3478 48.4279 8.21857 5.30876 48.1041 22.1896 25.9145 19.4781 141.623 137.759 3.86372 31.9947 105.765 103.734 73.3764 71.9054 133.236 37.5469 95.6886 74.3199 21.3688 68.1893 14.9599 6.13052 13.0023
internal_count=72695 36362 36333 34357 2368 29049 1434 27615 5308 1976 33994 14539 4317 755 437 383 26860 24049 19998 632 19366 15271 12049 356 11693 8037 2811 2793 3656 3167 3113 1974 4051 358 199 134 4095 2976 2783 1119 685 3222 1105 2117 1690 3693 3500 193 778 2722 2709 2922 2910 5777 2138 3639 2506 1133 2133 252 373 669
is_linear=0
shrinkage=0.05


Tree=57
num_leaves=63
num_cat=0
split_feature=16 2 33 17 17 4 0 4 17 5 4 17 8 1 18 5 36 8 4 16 18 2 0 35 0 34 16 14 6 14 2 16 14 2 32 32 18 36 8 36 1 18 4 4 36 8 1 32 2 14 16 14 16 16 32 16 0 8 17 32 36 8
split_gain=23.1397 10.3351 4.50124 4.28517 4.57041 3.868 3.75102 4.10473 7.09529 5.6294 4.20496 4.1706 3.54486 5.04275 4.28932 3.50315 4.37941 3.26677 3.22387 3.10008 3.96878 4.36443 3.95265 4.19619 3.10004 3.09715 3.01418 3.36614 2.98858 3.60248 2.94704 3.34387 4.08302 3.1294 2.63762 4.03759 2.62045 2.61176 3.20723 2.72542 2.49352 4.05967 3.47376 2.5422 2.47041 2.45913 2.37906 2.35458 2.31115 2.26096 3.17101 2.88373 2.26033 2.25073 4.95304 4.14613 3.1029 5.35857 3.13177 4.98533 4.9426 3.37715
threshold=0.86763349175453197 64.500000000000014 0.00067892798688262712 1.0373247265815737 1.0725734829902651 1.0000000180025095e-35 0.71612930297851574 26.500000000000004 7.5592894554138192 2440.5000000000005 16.500000000000004 8.0674519538879412 2845.5000000000005 9.5000000000000018 4.5000000000000009 1691.5000000000002 0.094013389199972167 4254.5000000000009 14.500000000000002 1.0718141198158266 14.500000000000002 123.50000000000001 0.79950332641601574 0.03637566231191159 0.73452186584472667 0.49823655188083654 1.480901896953583 3.65057384967804 0.0014663257170468571 3.2384861707687382 81.500000000000014 1.2875040769577029 4.135134458541871 102.50000000000001 1.7795782685279848 1.8133502006530764 7.5000000000000009 0.0034682155819609766 2254.0000000000005 0.0039960909634828576 28.500000000000004 12.500000000000002 31.500000000000004 17.500000000000004 0.10535796731710435 1701.0000000000002 38.500000000000007 1.8027088046073916 2672.5000000000005 2.6735538244247441 1.9366058707237246 1.8688347935676577 1.0185971260070803 1.9053691029548647 4.8506186008453378 1.8249204754829409 0.71383094787597667 2149.5000000000005 3.7028172016143803 2.8523025512695317 0.0011214356636628511 2856.5000000000005
decision_type=2 2 2 2 2 2 2 2 2 2 2 2 2 2 2 2 2 2 2 2 2 2 2 2 2 2 2 2 2 2 2 2 2 2 2 2 2 2 2 2 2 2 2 2 2 2 2 2 2 2 2 2 2 2 2 2 2 2 2 2 2 2
left_child=1 28 3 5 -5 47 34 8 10 -9 30 -10 14 18 -13 -16 -17 -3 -14 20 21 44 23 46 -15 -11 40 37 29 -1 31 32 -8 -32 -6 -36 -7 38 -28 -39 -21 42 -42 -43 -4 -29 -22 49 -41 50 51 -2 -23 54 55 56 58 -58 60 -60 -37 -61
right_child=2 17 19 4 6 36 7 9 11 25 -12 12 13 24 15 16 -18 -19 -20 26 22 52 -24 -25 -26 -27 27 45 -30 -31 33 -33 -34 -35 35 53 -38 39 -40 48 41 43 -44 -45 -46 -47 -48 -49 -50 -51 -52 -53 -54 -55 -56 -57 57 -59 59 61 -62 -63
leaf_value=0.0091241080363406567 -0.022188632664456056 -0.016664470661451294 0.024318654539175602 0.055311734171018229 -0.050531239480521455 0.031786148232505466 0.023409538586205036 -0.026958283708511069 -0.060112652995549964 0.017622648377537718 -0.055017189647507715 0.04379514862447409 0.036112514432184925 0.00043297426704583551 0.041466568318565766 -0.021928920960623682 -0.091610352166223069 0.014997818012859527 -0.0073651495848279002 0.018543437924186727 0.024564626615202711 -0.06249854670742986 0.036893192311096383 -0.038603939706047176 -0.046149725243572699 0.056098967071300881 -0.041346526220211031 -0.030519907427141599 -0.039645126174748337 -0.039843765676797621 0.05036074971927168 -0.0028194535100841316 -0.010056068998314153 0.0019995907707382717 0.068453932695893463 0.017423291712129901 -0.01315042766514932 0.05162052521000015 0.080632370940853376 0.0056487514087159192 -0.011253886919737957 -0.00017663860587288413 -0.091415391114892108 0.033962410098571393 -0.034004945791257103 0.0064801742666637926 -0.035256412789410163 -0.062427214739564134 0.050245886565617105 -0.032296395593240303 -0.043493819774716891 0.025405609857990764 0.012847206192260189 -0.012622237405630491 -0.050384940201161577 0.033920328618629599 0.043202061001873772 -0.067094877498969752 -0.026481687663041972 0.013926808659762325 -0.019626137623638629 -0.0076274997458676197
leaf_weight=7.792950238712363 5.4049674326233816 15.5903453270148 20.156151207891533 3.7993014478706746 3.0362203515251158 6.3490536218741891 40.465325219731312 6.5885058252606532 4.0618350552977054 43.632856888638344 2.5096063276287159 2.564571297436486 12.247150242445061 9.0582896635751222 1.9754878281964909 30.467707458126824 2.4350847792229606 17.062192483572289 6.5407530679367474 98.58543089669547 5.3878632159612669 2.8023471739434163 3.0000903540058053 16.064694632746978 5.8964475253014816 5.9424832342192522 4.4856677275383836 11.49810267344583 54.622775755065959 7.250408764462918 8.6961025327327643 44.159443222830305 11.764013486012116 5.4361991075274991 1.9267547891067796 41.761589319925406 6.6342434861289803 3.7896311446675091 0.61247123731300224 57.336892500461545 7.2033315321023128 13.497807733539959 1.6635971092619 9.1496143960393947 1.9953330265707325 7.3686291060876092 2.4034222496266011 3.4173971511190748 3.0600947290658942 16.252501239825506 4.3310104454285456 7.7404710788687225 1.5437263914500361 59.378481461957563 4.9978623283095649 8.6102312455186603 1.4954244620748784 4.1770711394492537 22.187453591934172 28.929301190568367 11.47543214278994 48.875442805700004
leaf_count=1177 1044 1655 1771 140 750 726 1293 84 94 395 19 52 136 162 91 680 92 713 72 2837 424 128 128 984 153 43 593 342 31119 1698 134 1645 527 69 128 1626 828 94 32 1595 679 876 21 101 217 199 359 327 18 3888 1344 1232 37 2603 66 247 40 150 1193 728 928 1169
internal_value=-0.000931355 -0.0233312 0.00190931 -0.000751098 0.000687111 -0.0146683 0.000255907 0.00460091 0.00106213 0.016464 0.00898172 -0.0108341 -0.00802223 0.00373131 -0.0186142 -0.0232032 -0.0270859 -0.000119721 0.0209764 0.00715187 -0.00365211 0.0100767 -0.0171977 -0.0240001 -0.0179339 0.0222347 0.00979301 0.00265462 -0.0342104 -0.0144768 0.0104349 0.00730862 0.0158718 0.0317579 -0.00422835 -0.00362708 0.00882432 0.00775322 -0.0266924 0.0104891 0.0146298 0.00238669 -0.0262936 0.0136156 0.0190651 -0.0160691 0.00611129 -0.0228794 0.00790833 -0.0188724 -0.00638858 0.00583644 -0.0357357 -0.004226 -0.00133598 0.000127438 -0.00170366 -0.0380176 -0.00035933 -0.00557509 0.00943715 0.000386807
internal_weight=909.146 102.319 806.827 535.222 485.092 50.1296 481.293 244.442 188.278 56.1638 113.031 75.2473 71.1855 33.7426 37.4429 34.8783 32.9028 32.6525 18.7879 271.605 53.3536 26.4976 26.8561 23.856 14.9547 49.5753 218.251 88.1515 69.6661 15.0434 110.521 96.3888 52.2293 14.1323 236.851 233.815 12.9833 69.2848 5.09814 64.1866 130.1 31.5144 8.86693 22.6474 22.1515 18.8667 7.79129 37.1463 60.397 33.729 17.4764 13.1454 4.34607 231.888 172.51 167.512 158.902 5.6725 153.229 99.9922 53.237 77.8047
internal_count=72695 36362 36333 24898 15509 9389 15369 5741 5219 522 3687 1532 1438 523 915 863 772 2368 208 11435 4048 2153 1895 1767 315 438 7387 2873 33994 2875 3668 3465 1820 203 9628 8878 1554 2332 625 1707 4514 1677 700 977 1988 541 783 7835 1613 7508 3620 2276 165 8750 6147 6081 5834 190 5644 3090 2554 1897
is_linear=0
shrinkage=0.05


Tree=58
num_leaves=63
num_cat=0
split_feature=19 19 17 16 7 8 1 4 5 17 18 5 15 17 6 10 36 1 17 11 7 18 8 8 0 1 16 15 17 5 7 4 0 36 15 15 0 4 7 1 15 16 18 4 17 8 17 0 16 36 18 4 18 16 10 8 15 0 4 16 36 16
split_gain=87.8367 3.2582 5.62914 2.95114 3.12782 4.62659 4.15903 3.7172 3.6839 5.98476 3.6077 3.50077 3.443 3.46456 4.04887 3.33518 3.18769 2.98633 2.77917 2.77277 3.07186 3.65767 2.37317 4.42141 3.08231 2.68534 3.68966 2.35086 3.1574 2.26617 2.94728 2.73167 2.12935 2.08115 1.95991 2.95079 4.34082 2.33063 2.46745 2.35278 2.96888 2.28334 1.91718 5.3694 7.96254 4.30395 4.03562 6.0702 4.01038 6.08648 3.17012 2.88588 3.87333 2.79357 5.38638 3.24038 5.37381 4.77902 2.89842 2.64922 2.52336 2.43643
threshold=1.0000000180025095e-35 2.5000000000000004 3.396040797233582 3.6517140865325932 44.500000000000007 4142.5000000000009 22.500000000000004 1.0000000180025095e-35 3518.5000000000005 2.6736279726028447 4.5000000000000009 3831.5000000000005 4.0070421695709237 1.1437773704528811 3.1453524570679299e-05 1.0000000180025095e-35 4.1936496018024636e-06 26.500000000000004 2.1100443601608281 1.0000000180025095e-35 94.500000000000014 22.500000000000004 4818.5000000000009 3706.5000000000005 0.72237586975097667 1.0000000180025095e-35 0.96830552816391002 0.91080269217491161 1.5787785053253176 2741.5000000000005 16.500000000000004 1.0000000180025095e-35 0.69546890258789074 1.276632292501745e-05 2.6489996910095219 12.775985717773439 0.70253181457519542 449.00000000000006 47.500000000000007 24.500000000000004 27.076315879821781 1.6372629404067995 10.500000000000002 16.500000000000004 9.4709076881408709 4428.0000000000009 18.710964202880863 0.74477577209472667 1.0321964621543886 0.1711191534996033 25.500000000000004 12.500000000000002 6.5000000000000009 1.1975396275520327 1.0000000180025095e-35 2948.0000000000005 1.1336309313774111 0.73167037963867199 7.5000000000000009 2.5950433015823369 0.10233630239963533 1.5370666384696963
decision_type=2 2 2 2 2 2 2 2 2 2 2 2 2 2 2 2 2 2 2 2 2 2 2 2 2 2 2 2 2 2 2 2 2 2 2 2 2 2 2 2 2 2 2 2 2 2 2 2 2 2 2 2 2 2 2 2 2 2 2 2 2 2
left_child=-1 2 3 4 6 7 8 -6 29 10 15 -12 13 17 18 -10 -13 -8 -15 22 -21 -22 23 25 32 -3 -27 -18 -29 30 31 -2 -24 -19 -28 36 -36 38 39 -37 -41 -38 43 51 -45 46 -46 -48 49 -44 -51 53 -53 55 -55 57 58 60 -57 -50 -4 -56
right_child=1 19 42 -5 5 -7 12 -9 9 -11 11 16 -14 14 -16 -17 27 33 -20 20 21 -23 24 -25 -26 26 34 28 -30 -31 -32 -33 -34 -35 35 37 41 -39 -40 40 -42 -43 48 44 45 -47 47 -49 59 50 -52 52 -54 54 61 56 -58 -59 -60 -61 -62 -63
leaf_value=-0.051065580150398721 0.041206068941108814 0.044446712949643544 0.018968739114548799 -0.036402290028898519 -0.040800186049951968 0.015864204928794721 -0.028838828001841718 -6.0993864537100618e-05 0.057747348252845103 0.037866027975671172 -0.043658274329130178 -0.036197369544125134 0.027324919522457965 -0.023612910669529447 -0.030190743640575259 0.0045611677779430725 0.028115723696549234 -0.012541547102657015 0.033572704844249464 0.037528629772459458 -0.015779470031945242 0.032089072729437555 0.025480519960904092 -0.015217228106113471 0.048281194969309549 -0.03665921669086717 -0.01238197652650571 -0.024932833071459437 0.012877957119701997 0.042279399586169442 -0.011005241153061111 0.00054517125574618443 -0.026341836276168984 0.038324270146809905 -0.0074937056254271717 -0.0045630714693023922 0.037986281743090766 0.026793494716654306 -0.030987581631795866 0.044794886250233937 0.0055529713937467534 0.0097770383001458475 -0.027673312353776805 -0.069933708983260831 0.039214265443772774 -0.05734262087993907 -0.036292699300169776 0.023152651996076627 0.00024130035549059376 0.038807385864464278 -0.017477696586384341 0.048257899101372237 -0.0099137356168473301 -0.028405068176393156 -0.0082971323822919659 -0.046594329246657046 0.013485022250674057 0.052799638408359842 0.014587092104119986 -0.025626227792473928 -0.032196857674165288 0.018951440817414546
leaf_weight=79.73811070722877 13.60407828027383 4.9708558507263652 10.554125454975294 3.5703083048574618 9.9917637727921846 18.189545668545179 3.1537001244723788 12.736845724983139 5.0888898577541095 15.705995358061044 4.9225207399576894 4.9525446826592079 9.7272149734199029 3.4990834938362259 17.776332054985687 7.0048729153349996 9.29686116799712 2.6347028007730833 5.4088048348203301 16.815320088528097 8.4133572140708583 7.5914822844788423 4.7865543914958817 23.183805768378079 7.5852340990677467 4.6663198280148199 10.265442818403242 8.9519846625626105 14.406945488415657 18.739476592745632 6.0789442998357108 5.9316464732401064 3.3833508836105466 8.4933889433741552 10.465574784204362 34.787769882939756 23.454778497572988 10.082778121344743 5.5293990653008214 6.4339331239461925 19.212396926246583 10.333985481411217 34.892404910759069 5.5440883683040729 5.9170107850804987 3.313455981668084 9.2302752020768839 8.0308521650731546 183.8546764026396 6.1603980395011586 4.2121844078646973 8.9455344206653518 4.2074587345123282 15.531138139776884 14.402045972645281 6.9145765940193069 30.135705008404329 9.9740429748781008 2.6884788451716304 10.461219327058641 3.1226556180045 19.061236979439855
leaf_count=60715 157 36 160 70 210 298 48 204 34 161 57 57 148 71 434 99 130 62 61 160 93 81 85 280 72 147 125 110 155 200 103 87 54 150 127 326 181 64 58 74 219 94 1135 65 77 75 201 74 2358 123 134 96 81 279 184 235 628 140 43 209 67 234
internal_value=-0.000969945 0.00390749 0.0020439 0.00866755 0.00944756 -0.00292975 0.01251 -0.0179704 0.0177817 0.0106652 0.00284421 -0.00400782 0.000583707 -0.00576589 -0.0164036 0.0269412 0.00118199 0.0141096 0.0111098 0.00924445 0.022605 0.00692574 0.00679669 0.00500963 0.0253292 0.00835432 0.00702764 0.0068509 -0.0016125 0.029066 0.0193992 0.0288602 0.00401966 0.0262812 0.00858897 0.0103785 0.0206436 0.00440474 0.000982534 0.00390763 0.0153976 0.0293587 -0.00145621 0.00282737 -0.0154436 -0.00404004 0.00357989 -0.00863536 -0.00427353 -0.0176768 0.0159507 0.00748992 0.0296496 0.00489644 -0.00407028 0.0118269 0.00310573 0.0264805 -0.0294659 -0.00115131 0.00728671 0.0072241
internal_weight=898.72 818.982 607.02 209.866 206.296 40.9182 165.378 22.7286 114.685 70.3306 54.6246 42.5309 50.6932 40.966 26.6842 12.0938 37.6083 14.2818 8.90789 211.962 32.8202 16.0048 179.142 163.387 15.7551 140.203 135.232 32.6558 23.3589 44.3541 25.6147 19.5357 8.16991 11.1281 130.566 120.301 44.2543 76.0463 65.9635 60.4341 25.6463 33.7888 397.154 157.573 32.0357 26.4916 23.1781 17.2611 239.581 45.265 10.3726 125.537 13.153 112.384 48.9944 63.3896 39.7388 23.6508 9.60306 194.316 13.6768 33.4633
internal_count=72695 11980 9704 3106 3036 712 2324 414 1350 803 642 509 974 826 566 133 452 260 132 2276 334 174 1942 1731 211 1451 1415 395 265 547 347 244 139 212 1268 1143 402 741 677 619 293 275 6598 2639 492 427 352 275 3959 1392 257 2147 177 1970 697 1273 906 367 278 2567 227 418
is_linear=0
shrinkage=0.05


Tree=59
num_leaves=63
num_cat=0
split_feature=19 33 36 16 16 2 18 2 5 31 19 0 0 18 0 33 16 19 2 5 18 2 7 2 16 16 7 1 15 15 15 19 35 16 16 32 17 15 2 7 15 7 36 1 0 36 18 35 31 16 17 32 15 0 16 32 36 2 31 17 2 16
split_gain=81.9723 3.61278 3.64546 4.67161 3.1527 4.00176 3.05438 3.38355 3.34695 4.90077 3.4939 3.70573 4.57801 4.25772 3.20822 2.93065 3.5742 2.68002 2.65502 2.64575 2.60357 3.86344 3.81402 3.52181 2.77344 2.95796 2.73951 2.51767 2.87539 2.41812 2.53261 2.36622 2.33508 2.31422 4.48855 4.1104 2.82611 2.71752 2.99694 2.37868 5.13227 2.30658 2.30575 3.9668 3.67534 4.92622 3.7533 2.90413 2.68833 2.65752 2.15062 2.14147 3.7293 2.31025 2.2427 2.10505 2.08919 1.99936 2.18962 1.95648 3.17047 2.44381
threshold=1.0000000180025095e-35 0.00067892798688262712 0.0041916577611118564 1.0583582520484927 1.3382202386856081 1777.0000000000002 3.5000000000000004 16.500000000000004 2124.5000000000005 0.023687018081545833 2.5000000000000004 0.71241188049316417 0.70382118225097667 6.5000000000000009 0.72743797302246105 6.0165323247929345e-06 1.7985972762107851 4.5000000000000009 203.50000000000003 1445.5000000000002 38.500000000000007 218.50000000000003 11.500000000000002 339.50000000000006 1.8249204754829409 1.9645426869392397 53.500000000000007 30.500000000000004 9.4759726524353045 2.6489996910095219 8.0050001144409197 11.500000000000002 0.048809524625539787 0.99983397126197826 1.0067931413650515 2.9596570730209355 13.718648910522463 13.985294342041017 210.50000000000003 18.500000000000004 1.8024389743804934 49.500000000000007 0.055003814399242408 20.500000000000004 0.79251480102539074 0.096638768911361708 13.500000000000002 0.024099883623421196 0.027939289808273319 0.99755874276161205 0.51654422283172619 3.9048351049423222 8.4316773414611834 0.76135635375976574 0.83626914024353038 3.0560940504074101 4.332212120061741e-05 150.50000000000003 6.7625308020069507e-07 39.570186614990241 176.50000000000003 1.717173755168915
decision_type=2 2 2 2 2 2 2 2 2 2 2 2 2 2 2 2 2 2 2 2 2 2 2 2 2 2 2 2 2 2 2 2 2 2 2 2 2 2 2 2 2 2 2 2 2 2 2 2 2 2 2 2 2 2 2 2 2 2 2 2 2 2
left_child=-1 6 41 42 27 20 7 -2 9 14 33 12 31 -13 -8 29 17 18 -17 -11 21 24 -23 -22 -6 -26 -24 -5 -29 -15 -31 -12 -9 36 35 -35 50 38 57 -38 -41 -3 43 51 45 46 -44 -45 -47 -48 -10 52 53 54 55 -4 -34 58 -36 60 -39 -62
right_child=1 2 3 4 5 -7 8 32 10 19 11 13 -14 15 -16 16 -18 -19 -20 -21 23 22 26 -25 25 -27 -28 28 -30 30 -32 -33 56 34 37 -37 39 59 -40 40 -42 -43 44 47 -46 48 49 -49 -50 -51 -52 -53 -54 -55 -56 -57 -58 -59 -60 -61 61 -63
leaf_value=-0.051015661211792351 0.051508929587730359 0.031152850151349859 -0.047786204209743659 0.021517233566461777 0.011512160356293483 0.042821505948129834 -0.0095581973896836873 -0.014039232597777826 0.033703041255908721 -0.021293286701294122 0.0088639582766968147 0.046333847389826176 -0.036215805960858771 -0.010590462267706434 -0.054754269730647391 0.015126325413179237 -0.033438696314346067 0.0284264067184836 -0.038929935667803665 0.027971092328475236 0.0010203917588916043 0.00448634137691726 -0.058045128608210372 0.047452415478154403 -0.05290415696586568 0.00076325471729582017 -0.015284116218882078 0.013630909411405163 -0.030261756544369335 0.043099403466586778 0.014465171716442092 -0.02902854349976261 -0.0073951970036308049 0.037465964319811536 -0.0326710247080787 -0.010495144708501153 0.047345110883216524 -0.023580989723885313 0.019325040780324366 0.058733080456697555 -0.049206880609558808 -0.0096427665315242089 0.051177651608735511 -0.051531918499746691 0.042863869009736273 -0.053147956307617865 -0.052164884928451151 0.016719839732728749 -0.0073859063796133315 0.030679040115566443 -0.021116624244461521 -0.060076804393471843 0.034510199894816358 -0.0030674313372146093 -0.062943591430011422 0.032783456949101626 0.03375940473762637 -0.020567121082193635 0.00067622810086163064 -0.045025579264911311 0.03795408519616883 -0.0080989111295063036
leaf_weight=75.125359329642379 5.7352619534358409 23.931633731350306 1.8004343118518646 69.174987182952464 44.264832734130323 6.3635569289326659 7.0506027019582715 7.5869840953964767 1.8894211403094221 4.5415324714267609 36.391012417618185 9.6792352823540551 8.264057192951439 5.8501682337373486 8.8613688142504525 4.8704043878242427 6.8494988847523919 8.9444920243695361 4.2569108959287405 6.8150271396152675 10.105735963210465 11.401131648570301 6.5880759581923476 6.8534120731055728 3.6761979125440112 8.5133375003933889 8.6810310035943967 12.368987034074964 5.3430170547217122 11.685898333787916 22.766319672111422 4.6458986643701783 4.5690103434026232 14.354095145128669 5.043584255501627 6.4858451639302066 3.28657192736864 17.56599404709414 19.149160127621144 1.7767449368257073 2.8965896922163665 4.0513943959958842 5.6468706701416576 1.8070245882263396 5.2137481928803018 4.478964908514171 2.0317719962913547 11.335938114440067 11.321507308632134 1.8490101220086215 33.688942573498935 4.1003425312228492 2.6642047823406747 5.164735092315822 6.0042216023430228 1.4747465159744022 9.4864209266379458 12.68222725111991 205.0818941234611 4.6020333785563698 4.6828765626996738 7.4850817350670695
leaf_count=60715 80 326 103 681 454 46 206 248 41 124 479 77 112 65 155 60 62 65 57 135 131 101 83 56 59 101 91 177 84 97 217 40 62 130 85 84 40 319 204 46 106 97 110 140 64 187 119 397 302 24 982 84 43 103 110 36 136 181 2730 76 57 113
internal_value=-0.00106366 0.0035938 0.0081046 0.00624702 0.0101433 0.00437472 0.00110874 0.0173634 0.000204501 -0.0168205 0.00120315 0.00838203 -0.00226334 0.0153888 -0.0347279 0.0107965 -0.00268158 0.00897585 -0.0100851 0.00827008 0.00193018 -0.0017124 -0.0173954 0.0197842 0.00569656 -0.0154221 -0.033734 0.0172105 0.000390213 0.0191308 0.0241777 0.00457405 0.00831477 -0.00141417 0.000163311 0.0225394 -0.0121799 -0.00152445 0.000343551 0.014752 -0.00816942 0.0252464 -0.00536093 -0.0142478 0.0046345 -0.00323495 0.0251617 0.00733591 -0.0203581 -0.0126937 -0.0182054 -0.0276232 -0.0198451 -0.0298708 -0.0447891 -0.0115073 0.0203812 -0.00128781 -0.000124197 -0.0146878 -0.00999229 0.00962473
internal_weight=880.857 805.732 286.211 258.228 193.334 106.447 519.521 27.3777 492.143 27.2685 464.875 124.204 49.301 74.9029 15.912 65.2237 24.9213 18.0718 9.12732 11.3566 100.084 83.1246 26.6702 16.9591 56.4544 12.1895 15.2691 86.887 17.712 40.3024 34.4522 41.0369 21.6424 340.671 297.133 20.8399 43.5383 276.293 241.957 7.95991 4.67333 27.983 64.8935 34.3516 30.5419 25.3281 9.52765 13.143 15.8005 3.88078 35.5784 21.2087 17.1083 14.4441 9.2794 3.27518 14.0554 222.808 210.125 34.336 29.734 12.168
internal_count=72695 11980 4309 3886 2064 1122 7671 526 7145 620 6525 1331 631 700 361 623 244 182 117 259 1076 889 275 187 614 160 174 942 261 379 314 519 446 5194 3979 214 1215 3765 3200 192 152 423 1822 1016 806 742 253 537 489 143 1023 479 395 352 249 139 198 2996 2815 565 489 170
is_linear=0
shrinkage=0.05


Tree=60
num_leaves=63
num_cat=0
split_feature=19 12 19 35 4 0 19 11 18 33 36 15 4 32 4 15 34 4 33 2 5 36 15 4 17 9 7 0 32 36 35 2 0 15 36 0 5 7 0 7 33 36 13 2 33 33 5 9 18 15 15 7 15 5 2 4 2 2 17 15 33 33
split_gain=78.6484 4.3204 4.3196 4.34698 3.88286 3.2599 3.01939 9.07464 2.95323 2.68075 3.53109 3.18306 3.49795 3.42177 3.08956 2.61865 4.24813 2.74759 2.57628 2.49538 2.63146 2.47041 3.40132 2.4432 5.82116 5.25341 3.28615 2.99594 2.28957 2.2521 2.17752 2.13666 2.12404 2.82453 3.40622 2.65324 3.46195 2.82575 2.77209 2.30003 2.08223 2.01192 2.76157 1.99411 1.97865 2.32533 1.94921 3.90012 4.62479 2.42908 3.97611 2.35802 2.07805 2.14601 2.00977 1.92475 2.36753 5.6148 2.98041 2.77204 2.56309 1.91667
threshold=1.0000000180025095e-35 1.0000000180025095e-35 3.5000000000000004 0.042572464793920524 65.500000000000014 0.79251480102539074 1.5000000000000002 1.0000000180025095e-35 39.500000000000007 0.00013143481919541958 0.0012174861039966347 67.916667938232436 55.500000000000007 4.1136822700500497 33.500000000000007 2.4739555120468144 0.51085442304611217 9.5000000000000018 0.00035656447289511567 22.500000000000004 6295.5000000000009 0.061627488583326347 13.985294342041017 4.5000000000000009 7.895503282546998 2.5000000000000004 35.500000000000007 0.72638511657714855 1.8907159566879275 0.0008739114273339511 0.03637566231191159 281.50000000000006 0.69412422180175792 5.0087718963623056 0.0046189408749341973 0.7087993621826173 2977.5000000000005 15.500000000000002 0.72237586975097667 18.500000000000004 5.9033061461377665e-06 0.38501882553100591 1.0000000180025095e-35 441.50000000000006 5.9865337789233317e-06 5.8856139730778531e-06 5128.5000000000009 4.5000000000000009 12.500000000000002 0.14256678521633151 0.26013697683811193 11.500000000000002 1.7514705657958987 2251.5000000000005 14.500000000000002 15.500000000000002 70.500000000000014 58.500000000000007 6.3603229522705087 6.0084745883941659 2.4315065729751954e-06 5.5985690323723256e-06
decision_type=2 2 2 2 2 2 2 2 2 2 2 2 2 2 2 2 2 2 2 2 2 2 2 2 2 2 2 2 2 2 2 2 2 2 2 2 2 2 2 2 2 2 2 2 2 2 2 2 2 2 2 2 2 2 2 2 2 2 2 2 2 2
left_child=-1 2 3 9 6 15 7 19 23 11 28 12 13 44 18 17 -17 -4 -12 20 46 29 -23 24 25 26 -8 -27 -11 55 41 -19 33 39 -35 36 -34 38 -37 -31 -26 42 -20 -16 45 -2 47 49 -49 -5 -51 52 53 -52 -54 56 57 59 -58 -21 -60 -25
right_child=1 -3 5 4 -6 -7 8 -9 -10 10 14 -13 -14 -15 43 16 -18 31 30 21 -22 22 -24 61 40 27 -28 -29 -30 32 -32 -33 35 34 -36 37 -38 -39 -40 -41 -42 -43 -44 -45 -46 -47 -48 48 -50 50 51 -53 54 -55 -56 -57 58 -59 60 -61 -62 -63
leaf_value=-0.050962782137763521 -0.0092162921352779304 0.029394623889890545 0.016643631739658566 -0.0110199577087856 -0.029317095730704797 0.044412549100749418 0.049865554863359779 -0.072532886700440391 -0.018069075911016284 -0.013170198481312812 -0.027672376287933672 0.019817855148519525 0.033093369372320824 -0.052309054929712363 -0.062245865099819109 0.0099328009665797523 0.049960396417672456 -0.055408605963231196 0.0095209062903326841 -0.007235312901243976 -0.026889179270866516 -0.0072271926795080882 -0.063671550951582279 0.0089017756566174208 -0.052449348452817394 0.011090716033777757 0.0039624411468285325 -0.029083498988965568 0.036752188305805698 -0.057489842223436727 -0.013561870636541374 -0.002966063637142578 0.05542148134974291 0.042805456403436019 -0.019022127933723199 -0.042804992873226339 0.0067620978623247757 0.01395631457596863 0.00081655979061441531 -0.0091505837618302398 -0.0095546143421027154 0.052492590519312723 -0.024988852902930916 -0.0075355971664299894 -0.023639454032978235 0.026466851164458821 0.034131894451764171 0.0095932666859140665 -0.067355339272758941 0.062720655527573888 0.057758984959663751 -0.0023443174721644432 -0.011354609601676176 0.017110329652060063 0.026086915484265612 -0.031181811332229543 0.028972808201854806 -0.053936824146252185 0.021179729846911653 0.032924041123466634 -0.034914647184779594 0.023794465287415491
leaf_weight=70.301350493318751 73.875587966409512 16.634159875568002 5.2773138750344497 7.6412939690053454 8.1137760030105692 7.2775588613003483 11.292079567909242 3.9711763021186917 8.0554831256158632 2.9284535893239072 7.0930157930124542 9.0394920282997173 4.3172438261099151 5.2162356316111973 3.238078366033732 105.17626080475748 7.0744083160534492 4.0241237625014037 56.380111773265526 27.483924604952335 4.2633815575391045 20.257160073611889 3.0740074657369396 35.613373542670161 4.6639942126348597 12.645261528901758 5.9550592619925728 7.3310322780162087 10.646188632585107 3.4270843677222755 14.778937820927238 3.7542838547378778 6.9966798145323974 4.8180033098906261 4.1434047594666481 4.4286703281104591 7.6541832485236228 46.181237098295242 20.504654699005187 8.727461440023033 7.1916002985090017 2.4134421087801448 6.4614953891141331 3.4295056653209031 23.149293163325638 4.8663548091426483 9.9086842089891416 4.7247891682200116 3.3281427188776433 4.7545926533639422 6.5020059952512401 13.902265624608843 6.2909524692222467 6.4859285773709416 8.3297483650967461 6.2067385017871848 11.295777931809427 5.9077674131840459 3.6046310439705831 5.0933267720974973 4.680788422934711 54.92212791275233
leaf_count=60649 1816 212 57 121 98 74 116 171 118 72 186 110 52 100 76 1078 63 47 908 323 48 370 69 363 48 122 65 89 165 56 259 64 67 47 70 65 94 625 230 131 97 33 524 64 479 69 114 113 53 42 55 229 84 85 88 82 105 81 45 55 76 563
internal_value=-0.000239809 0.00417657 0.00364612 0.00198758 0.00494402 0.0118798 0.00560236 0.00250176 0.0113678 -0.00359708 0.00214776 -0.00871744 -0.0110324 -0.012811 -0.00130177 0.00999041 0.0124555 -0.0112037 0.0012086 0.00360285 0.0112768 0.000598852 -0.014664 0.0130663 0.00408278 0.0138009 0.0340162 -0.00365268 0.0259824 0.00267944 0.00376818 -0.030097 0.00712711 -0.00707822 0.0142188 0.0106245 0.0299999 0.00663287 -0.00693152 -0.0227803 -0.0264294 0.00769308 0.00597255 -0.0341054 -0.0107889 -0.00701103 0.0135409 0.010248 -0.0222083 0.0150965 0.01941 0.0144492 0.0229056 0.0374598 0.00997669 -0.00471673 -0.00188786 -0.00908946 0.0122662 -0.000956554 -0.0105104 0.0179362
internal_weight=877.725 807.424 790.79 658.206 430.372 132.584 422.258 274.588 147.67 227.833 107.369 120.464 111.425 107.107 93.7946 125.306 112.251 13.0557 87.127 270.617 76.1318 194.486 23.3312 139.615 49.079 37.2234 17.2471 19.9763 13.5746 171.154 80.034 7.77841 106.881 21.116 8.96141 85.7654 14.6509 71.1146 24.9333 12.1545 11.8556 65.255 62.8416 6.66758 101.891 78.7419 71.8684 61.9597 8.05293 53.9068 46.2655 41.5109 27.6086 12.9879 14.6207 64.273 58.0662 38.485 19.5812 32.5773 8.28542 90.5355
internal_count=72630 11981 11769 10386 5473 1383 5375 3794 1581 4913 2287 2626 2516 2464 2050 1309 1141 168 1910 3623 1032 2591 439 1463 537 392 181 211 237 2152 1724 111 1385 304 117 1081 161 920 295 187 145 1465 1432 140 2364 1885 984 870 166 704 583 541 312 140 172 767 685 459 226 378 121 926
is_linear=0
shrinkage=0.05


Tree=61
num_leaves=63
num_cat=0
split_feature=19 19 34 16 0 12 6 2 17 16 6 8 8 8 16 6 13 2 8 7 2 33 32 0 9 18 6 33 35 6 16 2 35 0 32 4 2 16 8 0 0 19 6 4 1 0 4 16 2 32 4 33 18 2 32 8 32 33 8 0 33 0
split_gain=73.5662 4.47321 12.777 4.5498 3.54615 3.23477 3.2623 3.12768 2.51671 2.45701 2.40763 2.96589 2.76881 2.28969 2.99453 2.45974 2.33189 2.48779 2.31487 2.28404 1.9374 1.99502 2.06429 1.92587 1.91848 2.52307 2.62308 1.98963 3.01011 2.42363 2.33308 1.90598 1.82184 2.09365 1.89176 1.86574 1.81973 1.80235 3.68745 3.68188 4.18216 4.90626 3.52087 4.11588 3.2891 3.49281 3.06134 3.74867 2.46436 2.56992 2.43906 2.22684 2.20925 2.60219 2.14847 2.61535 2.26009 2.01278 1.94281 4.50275 3.21674 2.8308
threshold=1.0000000180025095e-35 1.5000000000000002 0.45859153568744665 3.4093986749649052 0.79950332641601574 1.0000000180025095e-35 2.9937028784843282e-06 22.500000000000004 4.9716665744781503 2.3481009006500249 1.6062880604295063e-05 4050.0000000000005 1816.0000000000002 1260.5000000000002 3.4093986749649052 0.0012223310768604281 1.0000000180025095e-35 69.500000000000014 1799.0000000000002 13.500000000000002 388.50000000000006 0.038813175633549697 2.187984943389893 0.7553539276123048 1.5000000000000002 5.5000000000000009 0.00064710661536082636 0.00088228142703883361 0.033908046782016761 0.00020084129937458786 1.3382202386856081 14.500000000000002 0.29166667163372045 0.68908786773681652 2.1411460638046269 1.0000000180025095e-35 10.500000000000002 0.99949577450752269 2825.5000000000005 0.77469253540039074 0.73452186584472667 10.500000000000002 0.00090552153415046643 9.5000000000000018 24.500000000000004 0.71289253234863292 3.5000000000000004 0.94869717955589306 404.50000000000006 3.7529759407043461 13.500000000000002 0.0019832873949781065 8.5000000000000018 221.50000000000003 4.5028574466705331 1881.5000000000002 5.5626702308654794 6.0165323247929345e-06 1573.5000000000002 0.70060920715332042 0.002218332490883768 0.69325447082519542
decision_type=2 2 2 2 2 2 2 2 2 2 2 2 2 2 2 2 2 2 2 2 2 2 2 2 2 2 2 2 2 2 2 2 2 2 2 2 2 2 2 2 2 2 2 2 2 2 2 2 2 2 2 2 2 2 2 2 2 2 2 2 2 2
left_child=-1 2 5 4 31 6 -2 9 -7 10 11 -8 19 15 16 -9 20 18 -18 36 21 22 -15 -21 32 26 -26 28 29 -27 -29 -3 33 -14 35 -35 -12 46 39 40 58 42 43 -42 45 57 -33 54 49 -47 -51 -41 53 -46 55 -48 -56 -40 59 61 -61 -39
right_child=1 3 -4 -5 -6 8 7 13 -10 -11 12 -13 24 14 -16 -17 17 -19 -20 23 -22 -23 -24 -25 25 27 -28 30 -30 -31 -32 37 -34 34 -36 -37 -38 38 44 51 41 -43 -44 -45 52 48 47 -49 -50 50 -52 -53 -54 -55 56 -57 -58 -59 -60 60 -62 -63
leaf_value=-0.050919283689605466 -0.016580695629400916 0.030985039980082476 -0.076170383066617775 -0.030446783356534331 0.02831761708515983 0.044644351543969868 0.06008332725240309 0.051876798875487608 -0.0063017360882502392 -0.024994997265802815 0.049784022213867969 0.008316349679385153 0.026694237964385553 -0.036401746559642463 -0.052115496361907036 0.0035434950397532135 0.028943761204329989 0.0010823876351301045 -0.034222235306184033 -0.021556905239682886 -0.030391519729381089 -0.033423694412598098 0.0022689203778069123 0.028746494282885744 0.041213978092134805 0.052452859518312515 -0.0088416085924717981 -0.015982303596588168 -0.036339320563309692 -0.023977147498366661 0.041556652305936949 -0.031616381298244872 0.039068973079929653 0.00018399820176617451 0.022582420337971327 -0.04233632268597351 0.016852397889598424 -0.0056553609113061511 -0.0068398132582380257 -0.049601737580876798 0.020204346394887603 0.050038194376989024 0.016680264464250867 -0.043335968141580278 0.038343990764276935 0.033526270952711344 0.069517607874569079 -0.028017308739861552 0.049741565674269322 0.030497663024487861 -0.013647549469687709 -0.0042184341496833829 -0.0059893083218912485 -0.010654454428133507 -0.031946813337537863 0.013546992263474639 0.023034622832401624 0.024418654232933025 0.0041182311450508194 -0.0099486457227020916 -0.055257932729052807 0.041801250478150975
leaf_weight=66.255031123757362 25.711834872607142 8.4031169870868307 5.3793700694805002 7.5755718955770126 21.673296048305929 7.4549720035865885 5.2671916559338552 4.1165802432224137 3.5921577173285186 4.9958369904197744 8.1279874211177283 5.8287043645977974 8.2249748120084458 3.5059701381251207 2.9357079397886983 7.3006138065829873 1.612418994307524 13.786353266914373 14.43813617271371 4.4395549017935982 5.0145494947209945 4.126137454994022 220.19319454743527 3.3297970118001103 5.0119043318554741 2.0020609088242116 5.4778169798664749 4.340651942882686 12.362171662040053 2.1523249505553395 2.9652843801304698 7.5013275900855652 5.1540682632476083 6.9107796733733249 4.5657223733142009 4.1166762714274228 8.6690433309413475 9.6626946870237607 12.94943475071341 4.7733838800340873 4.5082091894000751 9.163578459993003 43.819096323102713 5.8632902018725872 7.5574337467551214 22.315661171451211 2.3405320141464534 7.5561622842214993 11.760590601712464 5.5017894692718965 7.2548393085598946 6.231582272797823 22.307434814050794 4.224223367869854 4.8724050326272836 19.277503727702424 3.0323329539969563 8.550345878582446 83.622277807444334 9.4449320267885941 6.6932422686368218 4.6567591801285735
leaf_count=60649 368 98 286 110 210 116 46 44 42 96 86 68 124 70 60 97 20 586 738 88 91 46 3107 34 82 23 142 166 214 86 33 238 67 111 60 78 124 125 145 63 52 57 405 66 84 191 19 165 83 51 70 62 318 65 124 489 31 96 972 105 61 27
internal_value=-0.000296889 0.00391559 0.000396345 0.00790662 0.00870152 0.00138234 0.000657171 0.00182056 0.0280784 0.00921662 0.010944 0.03289 0.0081721 -0.000954475 -0.00189691 0.0209705 -0.00133566 -0.0144959 -0.0278767 0.0224191 0.000350743 0.0010274 0.00166285 2.17862e-06 0.00264158 -0.00535798 0.0150745 -0.014355 -0.0239654 0.0128556 0.00737122 0.00746507 0.0121156 0.00628307 -0.00448326 -0.0156893 0.0327878 0.00687588 0.00831074 0.00416023 0.00590082 0.0162016 0.0104798 -0.0157167 0.015947 0.0222756 -0.00248579 0.00340754 0.0299348 0.0232931 0.00539178 -0.0239034 0.00326114 0.020776 0.0114505 0.0196068 -0.0108554 0.00559151 0.000180305 -0.0106314 -0.0287405 0.00977777
internal_weight=862.459 796.204 423.111 373.093 365.517 417.731 406.684 380.972 11.0471 103.943 98.9467 11.0959 87.8508 277.03 265.612 11.4172 262.677 29.8369 16.0506 24.5664 232.84 227.825 223.699 7.76935 63.2844 34.3122 10.4897 23.8225 16.5166 4.15439 7.30594 343.844 28.9722 23.8182 15.5932 11.0275 16.797 335.441 290.861 188.439 177.434 63.3542 54.1906 10.3715 102.422 68.3327 44.5803 37.0789 46.8329 35.0723 12.7566 11.005 34.0891 11.7817 29.5228 21.618 7.90474 21.4998 114.08 30.4576 16.1382 14.3195
internal_count=72630 11981 7399 4582 4472 7113 6955 6587 158 1728 1632 114 1518 4859 4718 141 4658 1344 758 332 3314 3223 3177 122 1186 746 224 522 323 109 199 4262 440 373 249 189 210 4164 3098 1995 1870 580 523 118 1103 636 1066 828 395 312 121 125 467 149 663 508 155 241 1290 318 166 152
is_linear=0
shrinkage=0.05


Tree=62
num_leaves=63
num_cat=0
split_feature=19 1 19 34 32 16 4 2 1 32 4 1 34 35 4 2 19 16 13 18 15 6 16 16 15 2 31 32 36 31 4 4 5 2 4 19 6 2 18 2 16 1 18 16 18 6 7 31 4 16 5 32 18 18 31 16 16 16 4 1 2 19
split_gain=68.7403 3.85285 3.5589 3.6219 2.98801 4.19191 2.95794 5.77968 5.37114 3.66247 3.95657 3.03612 2.87293 3.11787 2.76979 3.50869 2.49462 3.90935 2.43165 3.16892 6.40012 5.64915 3.83555 3.7347 3.62185 2.70876 3.30388 3.90616 3.30125 2.91981 2.64815 2.41719 2.41451 3.5372 4.75705 3.8313 3.67329 3.9314 3.77275 3.1826 3.13999 2.79177 2.78711 3.35715 5.97239 2.70759 2.34109 2.31274 2.30891 2.4782 2.37602 2.36359 2.26999 2.21 2.17804 2.14484 2.21724 2.08971 1.99963 2.27648 1.99828 2.50918
threshold=1.0000000180025095e-35 22.500000000000004 4.5000000000000009 0.61338382959365856 1.8133502006530764 1.9953403472900393 4.5000000000000009 103.50000000000001 21.500000000000004 2.7348161935806279 65.500000000000014 21.500000000000004 0.51133564114570629 0.046536797657608993 5.5000000000000009 36.500000000000007 22.500000000000004 1.9053691029548647 1.0000000180025095e-35 12.500000000000002 1.9236596226692202 0.00035870884312316781 1.6973278522491457 1.480901896953583 4.7517123222351083 79.500000000000014 5.0153441861766632e-06 2.7669528722763066 0.0071636855136603126 0.0043853381648659715 2.5000000000000004 2.5000000000000004 6011.5000000000009 121.50000000000001 32.500000000000007 1.5000000000000002 1.3578817743109541e-05 138.50000000000003 24.500000000000004 431.50000000000006 1.1498725414276125 11.500000000000002 9.5000000000000018 1.3382202386856081 15.500000000000002 0.0031669208547100429 11.500000000000002 4.2208910144836417e-06 1.0000000180025095e-35 2.7679671049118046 3979.5000000000005 2.9976557493209843 22.500000000000004 10.500000000000002 0.00061291226302273582 2.2561950683593754 1.9645426869392397 1.2875040769577029 1.0000000180025095e-35 5.5000000000000009 2007.0000000000002 11.500000000000002
decision_type=2 2 2 2 2 2 2 2 2 2 2 2 2 2 2 2 2 2 2 2 2 2 2 2 2 2 2 2 2 2 2 2 2 2 2 2 2 2 2 2 2 2 2 2 2 2 2 2 2 2 2 2 2 2 2 2 2 2 2 2 2 2
left_child=-1 2 3 4 5 -2 7 8 18 14 11 32 13 -4 -8 -16 17 60 19 25 22 24 23 -21 -22 26 58 28 31 -30 -23 -28 33 35 36 41 -35 38 -38 54 -36 42 -11 44 -44 -42 -31 -9 -19 50 -50 -51 -43 -49 -39 56 -15 -29 -6 -60 61 -3
right_child=1 16 12 -5 6 -7 9 47 -10 10 -12 -13 -14 55 15 -17 -18 48 -20 20 21 30 -24 -25 -26 -27 27 57 29 46 -32 -33 -34 34 40 -37 37 39 -40 -41 45 52 43 -45 -46 -47 -48 53 49 51 -52 -53 -54 -55 -56 -57 -58 -59 59 -61 -62 -63
leaf_value=-0.050879019994145916 0.022874088600879135 0.0007461276444730438 0.046732562215663714 -0.039866573088714614 -0.035861385855770499 -0.029106304794933376 0.012595216092030188 -0.061809068376301041 0.045471132699696278 0.037590750183379248 -0.021078752356870567 -0.026389449796788946 0.045903065592009393 0.0075777906338581787 0.001668181400658814 -0.060493068007667919 0.027579395526822249 0.011559209378265357 -0.015766851726553142 0.0070722354460539347 -0.017832822156598534 -0.026591232667948106 -0.029274146081143145 0.050893819038284084 0.035114557079263586 0.040065897101365967 0.039275074632580252 0.011269672608282303 -0.035596031905040022 0.03751715898601983 -0.067277368673985496 0.0018036702440559352 0.026708236623978712 -0.052448183115598915 -0.0071334319790938823 0.033404905144690494 -0.054187321117487752 0.023343028439058555 0.010037474575293978 -0.03159559137660084 0.011693033560907505 -0.026783845188146041 -0.061237553599953726 0.029621076173770047 0.015458465098524646 0.051992950245175543 -0.013322760661101277 -0.052304642076520892 -0.01519487459620981 -0.039439455620397822 -0.045338152581422035 0.010791702613508432 0.025334804308177458 -0.0061305219539856074 0.0010139294241149782 -0.02113998005218921 0.042349179810375594 -0.025907423533955851 0.029509216812017569 -0.02128931256886513 -0.037227877193407415 0.045020480910386407
leaf_weight=62.489683911175234 38.903889486158732 218.69290249131154 6.1289732134900978 4.5044468110427252 6.145705744624137 4.3080848297104231 5.2609815363539374 3.9422400165349272 6.8630539712030432 10.53056327160448 9.8950347248464805 5.1780993090942493 8.0175261273980123 29.720609572716057 4.0829464314738271 5.1128004649654031 7.3720749523490658 6.860356902703642 20.561300300294533 29.973517804639414 8.4818740868940967 11.828768132254483 5.9179730638861647 5.8034441112540653 5.2160941241309038 6.7077720863744608 20.333135569468144 6.9601843813434234 3.9184727147221556 5.3229824742302281 6.0422580596059552 5.4593357276171437 25.489015306346118 3.5900291269645086 6.280566037399697 26.859324753750116 5.9974528132006508 17.098537376150489 3.6956147276796401 5.3525741649791589 7.4409012626856592 7.8331010545371083 4.0013370662927645 8.2739328639581782 6.9421131736598909 9.4752645678818208 3.9407553011551499 3.5125422952696672 14.731094657676296 3.1107747389469287 11.753491187002508 9.474784658290444 2.8490768575575203 9.8816118715330941 30.227873345720582 5.3144418299198142 5.4208857826888552 8.2722192094661278 3.9557312456890923 4.9845423940569162 3.4004255486652246 3.2476557567715636
leaf_count=60649 520 4488 37 57 67 56 72 28 75 114 126 84 66 287 52 77 40 139 634 374 88 141 102 60 51 56 200 93 51 62 66 60 242 50 93 283 92 207 50 69 76 155 52 83 91 63 62 66 273 116 315 165 63 143 382 53 33 89 42 70 54 26
internal_value=-0.000404897 0.00360565 0.00619802 0.00474512 0.00519297 0.0176918 0.00386101 -0.000597246 0.00210588 0.00795156 0.00973404 0.0113635 0.0182573 0.0134993 -0.0163394 -0.0328932 -0.0011188 -0.0018987 0.000353398 0.00257397 -0.00484615 -0.0218298 0.00801286 0.0141806 0.00232918 0.00972688 0.00678998 0.0125496 0.0209406 0.000585589 -0.0403474 0.0313437 0.012438 0.010113 0.00358162 0.0187671 -0.00326732 -0.000436549 -0.0297007 0.00494814 0.0230572 0.00904269 0.016916 0.00558687 -0.0125845 0.0342663 0.0158901 -0.028147 -0.0151938 -0.0198913 -0.028572 -0.00162394 -0.0128831 -0.0182394 0.0090812 0.0084645 0.0129416 -0.00891999 -0.0139057 0.00118711 0.000811185 0.00139399
internal_weight=848.945 786.455 507.812 453.209 448.705 43.212 405.493 194.026 176.689 211.467 197.01 187.115 54.6024 46.5849 14.4567 9.19575 278.644 271.271 169.826 149.265 73.2639 31.569 41.6949 35.777 13.698 76.0008 69.2931 54.2071 38.9747 13.1822 17.871 25.7925 181.937 156.448 89.1588 67.2894 65.9621 62.3721 9.69307 52.679 23.1967 40.4301 29.7479 19.2174 10.9435 16.9162 9.26374 17.3364 45.9305 39.0701 26.4846 12.5856 10.6822 13.3942 47.3264 40.4559 35.1415 15.2324 15.086 8.94027 225.341 221.941
internal_count=72630 11981 6365 5889 5832 576 5256 2680 2443 2576 2375 2249 476 410 201 129 5616 5576 2368 1734 882 346 536 434 139 852 796 617 435 175 207 260 2165 1923 1082 841 850 800 142 658 232 558 340 226 143 139 124 237 1008 869 588 281 218 209 589 373 320 182 179 112 4568 4514
is_linear=0
shrinkage=0.05


Tree=63
num_leaves=63
num_cat=0
split_feature=13 4 1 6 32 36 12 4 32 1 8 36 36 31 17 15 8 1 31 36 4 36 32 33 33 31 33 18 2 9 31 8 2 2 33 9 12 2 1 15 9 15 2 4 2 17 2 15 33 33 17 36 15 31 4 17 17 36 2 9 36 8
split_gain=12.2824 8.86639 4.98823 4.38519 4.2672 3.87625 3.12383 3.30587 4.49751 5.44056 4.30136 3.82603 3.3805 2.8034 2.6272 2.51751 2.44082 2.40586 2.3359 2.94101 3.14532 2.3022 2.32118 2.68188 2.08846 2.06355 2.05574 3.57796 3.14209 2.58345 2.5028 2.446 2.05846 2.01726 2.1561 2.02736 1.91006 1.90016 2.10531 1.89107 3.2978 3.92637 2.30685 2.18458 2.08918 1.87341 1.86181 1.91517 2.16778 1.84899 2.35908 1.90394 1.89306 2.04601 2.55107 1.74503 4.09833 1.87599 1.73466 2.56896 1.71312 1.70258
threshold=1.0000000180025095e-35 3.5000000000000004 22.500000000000004 0.0015569920069538059 1.9232949018478396 4.1936496018024636e-06 1.0000000180025095e-35 4.5000000000000009 2.783414483070374 3.5000000000000004 1881.5000000000002 0.077606946229934706 0.036306230351328857 0.00025533197913318878 5.2286753654479989 0.61556267738342296 1830.5000000000002 30.500000000000004 4.1503878946969061e-06 7.3904948294512005e-06 1.0000000180025095e-35 0.071165069937706008 2.7348161935806279 0.00030021865677554166 0.0015884453314356508 5.0153441861766632e-06 0.00029310035461094236 7.5000000000000009 72.500000000000014 1.5000000000000002 0.0007118390640243889 1347.5000000000002 631.00000000000011 13.500000000000002 0.023873182944953445 3.5000000000000004 1.0000000180025095e-35 56.500000000000007 20.500000000000004 57.625000000000007 2.5000000000000004 12.775985717773439 395.50000000000006 71.500000000000014 376.50000000000006 2.290979385375977 2672.5000000000005 326.50000000000006 5.5985690323723256e-06 0.00014467806613538417 1.3630139827728274 0.0012174861039966347 11.674797058105471 0.018795999698340896 9.5000000000000018 2.5961958169937138 3.1133344173431401 0.16258011013269427 24.500000000000004 1.5000000000000002 2.6264133339282129e-05 1925.0000000000002
decision_type=2 2 2 2 2 2 2 2 2 2 2 2 2 2 2 2 2 2 2 2 2 2 2 2 2 2 2 2 2 2 2 2 2 2 2 2 2 2 2 2 2 2 2 2 2 2 2 2 2 2 2 2 2 2 2 2 2 2 2 2 2 2
left_child=2 3 5 17 -4 -1 7 8 18 10 -10 21 15 14 -12 -11 -13 58 19 -7 -21 22 23 -9 -15 -3 27 28 -27 -30 -28 -32 -29 -5 -35 -36 39 61 -39 40 41 43 44 49 -41 -22 47 48 -44 50 -6 -51 53 -53 -55 -52 -57 -58 -2 -60 -61 -17
right_child=1 25 4 33 36 6 -8 11 9 12 13 16 -14 24 -16 37 -18 -19 -20 20 45 -23 -24 -25 -26 26 30 32 29 -31 31 -33 -34 34 35 -37 -38 38 -40 42 -42 -43 46 -45 -46 -47 -48 -49 -50 51 55 52 -54 54 -56 56 57 -59 59 60 -62 -63
leaf_value=-0.017588399825221399 0.012105936631159754 0.036912183354200157 -0.02161972935685302 -0.044992332867438541 0.050421407804176505 0.039221624851645806 0.035814031291632485 0.006429502145110344 -0.055074492764849083 0.042892960284902228 -0.010633116598502163 -0.0039783098344846144 -0.040108757332192831 0.024954289542453871 -0.065414491917106188 0.058452995971699687 -0.052788718278724292 -0.045308669107640462 0.0084480774620499383 -0.064826175470588887 -0.030557348563873696 0.049388539223399017 0.012201486641053891 -0.045108941986268122 -0.025842896596314703 -0.07765807478784291 0.029261415899792215 -0.025605074984757521 -0.04233607764287297 0.028675382336357486 0.062340655943439294 -0.0077388794505441789 -0.087300813256970672 -0.036349801439637459 0.015915604427944683 -0.051428673857899614 0.048033781323629988 -0.0083473361097200337 0.042405634922440552 0.0148502547131007 -0.010139942769710321 -0.024235643829047013 -0.028625706035499493 0.038833566402476802 0.062009348159911132 0.037480740510366393 0.020034878212967788 -0.042685335360138722 0.018543531520187798 0.047631578285743402 -0.033693147464943611 0.0096201548412055554 0.062027037681967712 -0.063182932072157111 0.018333378283042646 0.041804441800591084 -0.013234755278529528 0.03901413852361163 -0.055802388202798592 0.076341060450740239 -0.0086375113318658409 0.007610233019745458
leaf_weight=17.748781993992452 10.03806346020429 3.5625638187630093 28.469772585005558 26.850212197765359 1.9052222102473013 1.8605455734214027 8.7555235168547352 7.3840735121921153 8.9968098479730561 4.2271885809022924 5.5688366921967845 15.057349979266293 4.3302311163861296 5.7957327122567204 3.6056658083689399 2.4551708134240462 3.0861990053090258 3.9047917824500464 117.47034199266636 3.6152187955449335 2.321369597571902 3.9653768131392999 194.38754680042621 3.8351756555784959 3.1087743063690141 0.98818461829796689 8.3011431746417674 8.9218403188278881 1.5507387209217975 7.3581535046250792 1.3306536528689346 19.371863219887018 1.5934549533412781 11.133694727577678 4.8195908581110407 1.4549165252101373 1.9593646742869157 24.77384412416723 2.2269767405814482 10.78763617138611 95.143882259799284 11.955971092495018 4.1007273357245158 4.862662353902123 3.0020018089562646 1.7933506036642937 6.8376423832960418 3.6930591494310638 5.9992401862400584 3.2783633252547579 5.1272540836944236 40.452600921795238 1.5769024970650196 2.2377190474362574 1.680619489343371 4.5223148058867109 25.010845214928853 1.8446817311632902 3.0136399923940171 0.66477663896512229 5.4984556687995791 4.999869980267249
leaf_count=1996 1885 75 8047 24584 76 137 210 225 123 106 88 325 236 94 50 60 98 1381 8053 205 166 49 2829 125 58 376 365 916 75 296 58 1947 35 4062 1474 940 28 628 56 262 4387 537 71 50 9 44 49 56 63 124 332 1499 21 255 42 146 1204 91 175 17 481 178
internal_value=-0.00036568 -0.0151441 0.00211915 -0.0271778 -0.00333388 0.00531396 0.00625139 0.00564217 0.000902101 -0.00926597 -0.026824 0.009746 0.00178641 -0.0127655 -0.0321627 0.00647621 -0.0122809 -0.00952919 0.006511 -0.0172156 -0.0307997 0.011653 0.0109252 -0.0111883 0.00721979 0.000160317 -0.00248925 -0.0146455 0.00693186 0.0163147 0.00606615 -0.00323452 -0.0349543 -0.0363971 -0.02314 0.000299988 -0.00112777 0.00200845 -0.00416133 -0.00153938 -0.00340588 0.00272791 0.00928417 0.00621308 0.0251168 -0.000903777 -0.00129842 -0.011874 -0.000607835 0.00440307 -0.00381877 0.0108184 0.00819182 0.00627857 -0.0282197 -0.0066496 -0.00223058 -0.00964583 -0.00225821 -0.0179703 0.000528421 0.0243543
internal_weight=836.175 120.357 715.818 67.3781 264.448 451.37 433.621 424.866 197.15 70.0891 27.0758 227.716 43.0133 18.079 9.1745 38.6831 18.1435 23.1197 127.061 9.59048 7.72994 209.572 205.607 11.2192 8.90451 52.9786 49.416 20.4124 9.89708 8.90889 29.0037 20.7025 10.5153 44.2584 17.4082 6.27451 235.979 34.4559 27.0008 234.019 199.599 104.455 34.4203 92.4992 13.7896 4.11472 20.6307 13.793 10.1 87.6365 38.4103 49.2262 45.9478 44.3709 3.91834 36.5051 31.3778 26.8555 19.2149 9.17687 6.16323 7.45504
internal_count=72630 39142 33488 34999 17349 16139 14143 13933 10282 1677 413 3651 1264 290 138 1028 423 3939 8605 552 415 3228 3179 350 152 4143 4068 1698 747 371 2370 2005 951 31060 6476 2414 9302 922 684 9274 8764 4377 510 3840 271 210 239 190 134 3790 1849 1941 1817 1796 297 1773 1441 1295 2558 673 498 238
is_linear=0
shrinkage=0.05


Tree=64
num_leaves=63
num_cat=0
split_feature=19 19 34 19 12 9 0 8 17 19 4 31 16 33 0 2 0 0 18 8 0 18 16 1 8 4 16 4 33 1 2 14 8 19 1 14 14 16 16 16 8 2 2 0 17 17 19 14 14 8 2 16 8 36 1 31 35 0 14 35 18 36
split_gain=62.5654 3.95306 5.03669 7.95819 3.55634 3.20859 3.11648 4.82049 4.71823 4.16301 4.12859 3.0501 3.96181 2.85738 2.80838 2.36606 2.69605 2.3284 5.85008 3.63311 2.60039 2.26545 2.64898 2.23287 2.23193 2.53725 3.00101 3.62434 3.04399 2.22892 2.95921 2.48947 2.88166 2.22412 2.18772 3.71285 3.65697 3.03351 5.52522 5.50666 2.77598 2.75001 3.37278 4.0084 3.12071 3.89791 2.67603 2.51455 4.19335 2.35985 2.26245 3.50312 3.22834 6.43114 3.16133 2.61482 2.58479 2.79141 2.44963 3.0584 2.87427 3.2279
threshold=1.0000000180025095e-35 2.5000000000000004 0.49613974988460546 1.5000000000000002 1.0000000180025095e-35 7.5000000000000009 0.73222541809082042 1671.0000000000002 99.704727172851577 10.500000000000002 177.50000000000003 0.12969794869422915 0.78671583533287059 3.8286455037450659e-06 0.7114849090576173 203.50000000000003 0.75734329223632824 0.69718360900878917 15.500000000000002 3011.0000000000005 0.72743797302246105 8.5000000000000018 0.6306426227092744 2.5000000000000004 1678.5000000000002 130.50000000000003 1.6372629404067995 59.500000000000007 0.0029765227809548382 17.500000000000004 247.50000000000003 3.1984648704528813 2814.5000000000005 17.500000000000004 22.500000000000004 2.7403194904327397 1.2424533367156985 1.0392885208129885 1.3180668950080874 1.6560016870498659 1851.0000000000002 13.500000000000002 152.50000000000003 0.68435859680175792 1.5104544758796694 9.2679944038391131 1.5000000000000002 3.8176519870758061 3.4811217784881596 2007.5000000000002 18.500000000000004 2.0247833728790288 3167.5000000000005 0.0018234726157970729 14.500000000000002 0.017701680772006515 0.22500000149011615 0.6900310516357423 2.9700856208801274 0.051315790042281158 4.5000000000000009 2.3273548322322316e-05
decision_type=2 2 2 2 2 2 2 2 2 2 2 2 2 2 2 2 2 2 2 2 2 2 2 2 2 2 2 2 2 2 2 2 2 2 2 2 2 2 2 2 2 2 2 2 2 2 2 2 2 2 2 2 2 2 2 2 2 2 2 2 2 2
left_child=-1 2 4 -4 5 11 7 10 29 15 13 12 21 -3 33 16 -8 -7 19 -19 -20 22 -2 -5 -17 26 27 28 -26 31 -31 32 -9 -10 36 -36 37 -14 40 -40 -39 -37 43 -43 -45 47 50 48 -46 -48 52 58 53 -38 -54 56 57 -55 59 -52 -60 -62
right_child=1 6 3 23 -6 17 9 8 14 -11 -12 -13 34 -15 -16 24 -18 18 20 -21 -22 -23 -24 -25 25 -27 -28 -29 -30 30 -32 -33 -34 -35 35 41 46 38 39 -41 -42 42 -44 44 45 -47 49 -49 -50 -51 51 -53 54 55 -56 -57 -58 -59 60 -61 61 -63
leaf_value=-0.050828538587278253 0.024911528520189987 -0.0043280624660409972 -0.082348893318157243 0.030026869007562809 0.029827720446857428 -0.021580742956795532 0.042482052352651116 0.0097277424901346006 -0.012876087945003285 0.039451325715684056 0.021798180514068767 0.049363970730988915 -0.050669982646792094 -0.044959030437631345 0.008336569433300486 0.023444124983378677 0.0073967928335625576 0.029888118823494372 -0.0045692798904011052 -0.018750883104002882 -0.050550029150309699 -0.036448238621487827 -0.025501443930976166 -0.019152294198569335 0.021528738843080607 0.030967110511810111 -0.045106131679149668 -0.031082351622753558 -0.024308982329716608 -0.0061881580035420989 0.019586459592519541 0.0099267633337807078 0.054762824803453791 -0.062325240406770246 0.0077810030792614879 -0.040883640616569933 -0.038747816205665142 0.052288909802042496 -0.052256357981513152 0.008153474777099155 -0.00025746092293974616 -0.017987006915072806 -0.023421864786135567 0.052998110842848223 -0.018841405080172138 0.02305795641986802 0.0019035341616971695 -0.025601933882768619 0.031582132451105221 0.021796058068905149 0.020219626026537894 0.025953485862415568 0.014337107899131341 0.023974979544877355 0.058432103351947852 0.047403439530250439 0.037262401489475669 -0.02363146822373734 -0.021406267216287772 -0.013819725411833475 0.038250734277863976 0.0043453579056343793
leaf_weight=57.378274682749179 4.6857280693948287 7.4058266896754565 4.5769668068969596 3.3856247132644057 11.201200509443877 24.395929477876052 10.9317877010908 5.4876826833933618 5.6013674205169099 16.035258943215013 5.4117550915107122 3.4715518997982135 4.1350441668182638 10.408584437333046 7.3131805411539963 12.43944852799177 10.969977151602505 13.774912660010164 6.065259949071331 5.322822915390133 6.2366200261749327 9.8667676472105068 5.8702308745123446 7.2514450754970312 15.205367699032658 5.2884957669302812 4.3320991192013016 7.0550049040466538 4.7543913228437296 21.12548535107635 23.550317761488259 14.20449944026768 10.070481637027113 3.827947199344635 65.464619954349473 5.8458818681538096 6.7160817356780198 4.6954073598608392 7.9495263099670392 7.1791321840137243 5.4087556544691324 22.028768501011655 20.361247277120128 3.5320152300409964 8.7031408515758866 16.973144014831632 21.183713058941066 11.240454748040063 7.8352035572752348 50.332049260381609 7.6931680040433994 13.58918432286009 10.38113791588694 5.1555759981274658 6.6804388072341672 5.3652179278433314 5.2290889681316903 7.6453118077479303 9.4694227855652553 46.392732324777171 7.8123780302703372 69.190116059500724
leaf_count=60649 202 89 196 43 178 618 103 64 85 114 38 37 78 120 79 118 117 140 119 163 107 694 334 126 181 55 57 96 54 352 326 136 84 32 1198 150 87 39 93 103 65 456 404 34 211 277 218 283 107 525 87 133 140 38 58 54 76 103 124 536 71 976
internal_value=-0.000456452 0.00328881 0.00116209 -0.0272203 0.00194002 0.00136567 0.00931036 0.00388642 0.00906637 0.016442 -0.016449 0.00266413 0.00232959 -0.0280679 -0.0149162 0.0112437 0.0249088 -0.00999289 -0.000989713 0.0163317 -0.0278799 -0.0192235 -0.00312342 -0.00349928 0.00514498 -0.00106845 -0.00647313 -0.000277928 0.0106102 0.0144605 0.00739862 0.0250608 0.038878 -0.0329506 0.00327786 -0.00141062 0.00579093 -0.0109738 -0.00446851 -0.0235896 0.0241609 -0.00764484 -0.00550189 -0.000312601 0.00775106 0.00417997 0.00759548 -0.00735469 0.00504724 0.0159037 0.00464411 0.0017119 0.0142257 0.00437974 0.0316024 0.0167604 0.0076419 -0.0044579 -0.000631781 -0.00897797 0.00458854 0.00778527
internal_weight=829.09 771.712 570.293 15.214 555.079 543.878 201.419 114.407 91.181 87.0118 23.2262 488.082 484.611 17.8144 16.7425 70.9766 21.9018 55.7955 31.3996 19.0977 12.3019 20.4227 10.556 10.6371 49.0748 36.6354 31.3469 27.0148 19.9598 74.4385 44.6758 29.7627 15.5582 9.42931 464.188 161.984 302.203 29.3679 25.2328 15.1287 10.1042 96.5199 90.674 70.3127 48.284 44.7519 272.836 27.7788 16.5383 71.5158 201.32 154.147 47.1729 30.1113 17.0616 23.3952 18.03 12.8009 140.558 54.0859 86.4719 77.0025
internal_count=72630 11981 9681 365 9316 9138 2300 1405 1158 895 247 7991 7954 209 196 781 220 1147 529 303 226 1230 536 169 561 443 388 331 235 962 678 284 148 117 6724 3120 3604 378 300 196 104 1922 1772 1368 912 878 3226 601 318 743 2483 1927 556 358 198 271 217 141 1794 623 1171 1047
is_linear=0
shrinkage=0.05


Tree=65
num_leaves=63
num_cat=0
split_feature=19 33 33 9 16 31 16 17 1 31 31 18 16 0 14 0 31 19 32 18 0 17 6 2 4 14 14 1 1 16 18 16 4 9 17 16 6 0 14 18 1 31 14 14 0 17 19 1 18 16 32 11 14 17 6 9 32 1 6 4 35 18
split_gain=57.8886 3.86529 4.22674 3.91969 4.28241 3.59125 3.42392 5.86758 3.44574 2.99039 3.88228 2.81859 3.90849 3.84721 2.71245 2.70937 2.65057 3.4882 2.87436 2.88899 3.14556 2.95044 2.77268 2.46689 2.36695 4.24423 2.77581 2.27325 2.18441 2.48586 2.46285 2.17009 2.16932 2.73065 2.53842 2.36925 2.241 2.81164 3.09451 2.39555 3.87886 2.38048 2.47392 3.22769 2.22102 2.39027 2.95624 2.55901 2.36512 3.96688 3.39799 2.6862 2.72816 3.21416 2.63836 2.26221 2.87281 2.15499 2.49739 2.34779 2.2832 2.80065
threshold=1.0000000180025095e-35 0.00035372191632632172 0.0003446436749072746 1.0000000180025095e-35 0.99983397126197826 0.00055558895110152673 1.0718141198158266 1.280842185020447 16.500000000000004 0.0023807523539289836 0.057925187051296241 8.5000000000000018 1.2262758016586306 0.71708869934082042 0.89587974548339855 0.68859958648681652 0.037851648405194289 11.500000000000002 4.19482445716858 8.5000000000000018 0.75934982299804699 3.4967733621597294 0.0020436875056475405 269.50000000000006 12.500000000000002 4.2413008213043222 2.9174053668975835 14.500000000000002 34.500000000000007 0.76782628893852245 4.5000000000000009 1.1094301939010622 8.5000000000000018 9.5000000000000018 7.1349408626556405 1.480901896953583 0.0006021526933182032 0.77000045776367199 1.2424533367156985 9.5000000000000018 4.5000000000000009 0.00011409690705477261 3.4175922870635991 2.9174053668975835 0.62102890014648449 7.5592894554138192 2.5000000000000004 20.500000000000004 11.500000000000002 3.0930933952331547 3.0560940504074101 1.0000000180025095e-35 1.4978661537170412 3.4440877437591557 1.1501886092446513e-05 6.5000000000000009 2.8523025512695317 20.500000000000004 0.0013031126582063737 153.50000000000003 0.031754031777381904 33.500000000000007
decision_type=2 2 2 2 2 2 2 2 2 2 2 2 2 2 2 2 2 2 2 2 2 2 2 2 2 2 2 2 2 2 2 2 2 2 2 2 2 2 2 2 2 2 2 2 2 2 2 2 2 2 2 2 2 2 2 2 2 2 2 2 2 2
left_child=-1 2 3 4 5 -2 7 -3 -8 32 14 13 31 -10 -11 -6 17 18 19 21 23 27 -22 -21 26 -26 -17 -9 29 30 -16 -13 44 34 35 -34 37 38 -36 40 -40 42 43 -41 -5 48 -47 -48 50 -50 51 52 54 -54 -46 56 -55 -14 60 -60 61 -59
right_child=1 6 -4 9 15 -7 8 16 11 10 -12 12 57 -15 28 24 -18 -19 -20 20 22 -23 -24 -25 25 -27 -28 -29 -30 -31 -32 -33 33 -35 36 -37 -38 -39 39 41 -42 -43 -44 -45 45 46 47 -49 49 -51 -52 -53 53 55 -56 -57 -58 58 59 -61 -62 -63
leaf_value=-0.050795165029450119 -0.023808470445510464 0.036482332557491975 -0.036807090560163395 -0.0430486232657913 -0.003826084176122286 0.01995671469995302 0.016302169877006941 -0.00028780045313136501 -0.00085873879812610162 -0.064256061114025764 0.031842164316991738 -0.0029312506785284984 -0.020098619473500768 -0.053327059090503705 0.021988730385316298 0.059865034029959401 0.01531164977897144 0.046550193270452352 -0.039382167160941194 -0.030691421092591611 0.044596784366339445 0.018315160142381361 -0.015300806888093613 0.02872951630166496 -0.034691218894504543 0.037696311198770954 0.023891414129224381 -0.065142112076765221 -0.036552731205508664 -0.0044741006513850457 -0.066186581046958501 0.035226359623672585 0.043181465625370979 -0.015640966477502519 0.032909350806503368 0.0035277671020569144 0.017118798697160736 0.024972450299102261 0.030820608134258399 -0.0037020918977147773 -0.032229401823405217 -0.017218489977484978 -0.0041763667835292796 0.049683557083360294 -0.064043788612575134 -0.025330263477306145 0.031692660776852025 -0.020554246483940511 -0.0032173245373984904 -0.04778673358926791 0.030348505483071376 -0.043296716819072302 0.013047529040399859 -0.034207258378233872 -0.0020890917800527741 -0.059905842767102514 0.020852748492668424 -0.023112266453272752 -0.0055360367850477718 0.037656826995578978 0.035965879044663994 0.032943604063827209
leaf_weight=54.380932641797699 12.689394140266815 9.0686325001297501 7.8087819113861761 3.4361456464976063 9.4256576257757825 7.4330596462823442 113.35732133546844 3.7675318024121252 14.265095779206606 2.7642534761689594 4.6026402474381021 4.8433516742661622 9.6706520617008191 4.6269621960818759 1.0476108356378961 7.2196432380005744 12.219137526233679 2.6092044115066519 8.5505636304151249 22.923657454666685 3.3483174392022184 14.848626722930929 4.5677811612258665 1.890735201537608 3.9442718713544291 4.1612915340811014 20.845693923067302 2.1067058597691357 8.4407275217818079 37.089609297283459 3.244744312716648 16.152870231773704 8.9639374311082047 14.110111111309378 5.365608360618352 6.497175662778317 27.052070500561967 10.033377174288033 2.9114957647398141 5.0830772612243909 15.042261513881384 13.733600202016531 16.553060206118971 6.3911502072587609 2.7206497965380541 21.61959549179301 5.2059345589950663 4.2626018025912344 66.21455140109174 5.3995913490653029 12.073660412337629 3.1756613920442751 48.061844427371398 4.4892472904175502 4.6647053048945963 2.3534361715428522 5.0161503937561065 5.0472677974030393 36.462053418159485 3.4432231383398166 10.43541150074452 3.9894250528886914
leaf_count=60704 228 165 137 74 143 148 1154 71 199 79 80 76 124 60 49 75 241 27 229 849 47 439 143 41 69 42 223 85 292 559 173 194 106 235 54 90 322 91 20 68 303 200 204 55 62 410 46 73 1007 95 169 50 661 123 92 64 69 96 529 30 100 51
internal_value=-0.000961396 0.00260749 -0.00034097 0.000301328 0.011571 -0.00764199 0.00692357 -0.00155425 0.0101997 -0.00165998 -0.0121921 0.00384947 0.0075334 -0.0137091 -0.0160461 0.0200499 -0.00604377 -0.0100823 -0.0124655 -0.00815984 -0.017409 0.00644869 0.0100344 -0.0261638 0.0262717 0.0024716 0.0331454 -0.0235468 -0.0133714 -0.00864303 -0.0446661 0.0264243 0.00021976 0.00514344 0.00763667 0.0265179 0.0047793 0.000335242 -0.00346306 -0.00673127 -0.0220048 -0.000164902 0.0081915 0.0260337 -0.00321772 -0.00247894 -0.0151265 0.00817184 7.14344e-05 -0.00657779 0.00583942 0.00164096 0.00376123 0.0072953 -0.0249122 -0.0160175 -0.00515121 0.00178904 0.00535383 -0.00180914 0.0200333 0.0016347
internal_weight=813.724 759.343 451.148 443.339 65.719 20.1225 308.195 85.9009 222.294 377.62 57.1896 108.936 90.0443 18.8921 52.5869 45.5966 76.8323 64.6131 62.0039 53.4534 32.7305 20.7229 7.9161 24.8144 36.1709 8.10556 28.0653 5.87424 49.8227 41.382 4.29236 20.9962 320.431 131.737 117.627 15.4611 102.166 75.1136 65.0803 59.7146 17.9538 41.7609 28.0273 11.4742 188.694 185.258 31.0881 9.46854 154.169 71.6141 82.5554 70.4817 67.306 59.9207 7.38536 11.8588 9.5054 69.048 59.3774 39.9053 19.4721 9.03669
internal_count=72694 11990 7040 6903 928 376 4950 2337 2613 5975 1232 1459 1200 259 1152 552 2172 1931 1904 1675 1080 595 190 890 409 111 298 156 1073 781 222 270 4743 1748 1513 196 1317 995 904 850 323 527 327 123 2995 2921 529 119 2392 1102 1290 1121 1071 917 154 256 192 930 806 559 247 147
is_linear=0
shrinkage=0.05


Tree=66
num_leaves=63
num_cat=0
split_feature=16 15 33 33 17 17 16 4 2 35 32 11 16 18 33 16 17 31 15 31 32 16 1 15 15 7 4 15 16 16 7 4 15 15 18 35 17 18 17 31 18 32 7 31 17 7 31 6 7 6 1 1 33 31 7 5 10 18 1 9 5 32
split_gain=13.5915 5.97739 4.22113 4.945 4.38694 4.3208 4.40683 4.20532 4.01395 4.47762 3.54585 3.36139 3.38893 3.24896 2.94426 3.38933 2.63376 2.61878 4.41282 2.78136 2.61271 2.5565 2.53888 2.39006 2.96227 2.75661 2.36648 2.35078 3.05691 3.14455 3.44903 2.53429 3.34105 4.87849 3.16336 4.95927 3.97742 3.52121 2.70043 2.32946 2.38289 2.27804 2.25245 2.21767 2.21935 3.04768 2.19715 2.46661 2.16351 2.16208 2.08012 2.07716 2.07083 2.05716 2.13531 2.04293 1.9867 1.96834 1.96318 3.97481 2.41074 2.43187
threshold=0.86763349175453197 0.68766534328460704 0.00035372191632632172 0.0003446436749072746 1.0373247265815737 1.0725734829902651 1.1094301939010622 30.500000000000004 221.50000000000003 0.023532669059932235 2.1520605087280278 1.0000000180025095e-35 1.0583582520484927 36.500000000000007 5.5985690323723256e-06 0.99983397126197826 6.2219927310943612 0.0075599667616188535 1.3754432797431948 0.0067378464154899129 1.9232949018478396 0.87243109941482555 14.500000000000002 0.97930938005447399 1.9976958632469179 122.50000000000001 1.0000000180025095e-35 0.81853973865509044 1.2166416645050051 1.1011993885040285 35.500000000000007 3.5000000000000004 67.916667938232436 20.038461685180668 17.500000000000004 0.040833333507180221 18.710964202880863 29.500000000000004 3.1548153162002568 0.037851648405194289 8.5000000000000018 2.2692971229553227 223.00000000000003 1.9067394418925689e-06 63.698156356811531 3.5000000000000004 0.00022950510901864621 0.0003446436749072746 12.500000000000002 0.013101880438625814 26.500000000000004 11.500000000000002 0.0002366331536904909 0.097562313079833998 3.5000000000000004 2459.5000000000005 1.0000000180025095e-35 14.500000000000002 5.5000000000000009 9.5000000000000018 6011.5000000000009 3.3632726669311528
decision_type=2 2 2 2 2 2 2 2 2 2 2 2 2 2 2 2 2 2 2 2 2 2 2 2 2 2 2 2 2 2 2 2 2 2 2 2 2 2 2 2 2 2 2 2 2 2 2 2 2 2 2 2 2 2 2 2 2 2 2 2 2 2
left_child=1 -1 3 4 10 -6 14 13 -9 -10 20 12 16 17 23 21 -4 19 49 41 -2 -16 42 25 -25 26 -7 -24 29 30 -29 38 33 34 36 37 -33 -36 -30 40 -18 50 -14 -26 45 -45 56 -48 -31 -19 -8 -22 -15 -49 -55 -43 -3 -34 59 60 -57 -62
right_child=2 46 11 -5 5 6 7 8 9 -11 -12 -13 22 52 15 -17 39 18 -20 -21 51 -23 27 24 43 -27 -28 28 31 48 -32 32 57 -35 35 -37 -38 -39 -40 -41 -42 55 -44 44 -46 -47 47 53 -50 -51 -52 -53 -54 54 -56 58 -58 -59 -60 -61 61 -63
leaf_value=-0.037474900781645129 -0.018683827881908519 0.0072943948792086573 0.0035645782436042935 -0.044380264544446227 0.0629012939214591 0.0060149435485225607 -0.0090415193336041699 0.046681412285421393 -0.039057055828687591 0.0092806992081281344 -0.10952087624755902 0.025027617399563436 0.014081369880894701 -0.022457347248529123 0.054925669684056183 0.029801471345193831 -0.00025113550682467304 -0.063401715560980107 -0.047396800177588849 0.054047729473427508 0.057403407472221051 -0.0090004862660489938 -0.017959615499928368 0.026497838929356587 0.039775780530102334 0.0090051458193672381 -0.049685425687496086 -0.044395301141476162 -0.011437383856090583 0.0062903804759485149 0.036609358758690501 0.032790764750167414 -0.012235599750103732 -0.045639385115506546 -0.03090456705521551 -0.064822509999231587 -0.023017966981361642 0.018508015528425396 0.023683905370274129 0.017127562180774766 -0.040175420654619244 -0.054110802582211931 -0.034133453865035204 0.025516469746544385 0.025838442758082919 -0.02205925357442378 0.056946695846162847 -0.013964938323133436 0.042902961461037094 0.038254988067617735 -0.045123555966887399 -0.027200045294407588 -0.083648436451188177 -0.044336277086809497 0.024801153432176606 0.0056825514714694469 -0.073525256742230857 0.030258122858708231 -0.0048940841970342803 -0.03220841558229947 0.0057555950279417735 0.05618657998911411
leaf_weight=31.463469430840632 34.803670405475714 1.1184313052508508 22.834463134386169 6.7271030294577931 2.7479876514116759 2.7352810989687004 12.290069075184876 6.2583776391111305 5.343255268293432 46.341828610718949 1.0121311495895486 21.467271017143503 97.122032513623708 13.360103325219823 1.7976831579580892 26.737740604788996 5.3460076308110791 0.64056233427254428 8.2967450995056407 2.0918778546329113 2.1157905917352759 12.02968560674344 13.083027887929346 14.462568679766262 2.9571572614950155 6.9893591335567171 6.2964289596420713 3.3537910491286338 7.9170907575462506 6.1032306473061935 2.1606322472798638 9.3540723811020126 4.0265809599368358 8.979593944270162 6.5271362487110336 4.280139739974401 4.8467314642330157 8.0545565838110615 17.729446129815187 3.3791836914606384 12.420823305918018 1.8770003269746656 2.4842963827250051 4.1909639928198947 4.5315236137539605 17.104705180157907 1.4819361951667804 34.981362542079296 11.906679341627749 2.8510437419463415 5.917595601604261 1.1040750429092439 1.5422460163827043 1.3298802643985235 6.9700769950650283 33.999707213195506 2.3752921644190792 8.4315355641301704 130.36163672565453 5.767455792403779 4.276535962300839 5.4203265466494486
leaf_count=26573 8493 155 3078 269 116 360 980 73 84 548 18 292 2737 549 47 551 253 41 504 80 108 527 2393 586 60 335 516 208 929 323 45 249 64 191 156 94 83 141 652 176 675 85 75 280 65 795 96 6922 242 219 1046 161 32 1048 1344 558 291 99 4804 96 84 40
internal_value=-0.000934303 -0.0205191 0.0012439 -0.00184448 -0.00117632 0.000426317 -1.79104e-05 -0.0031689 0.00886282 0.00428349 -0.0171559 0.00601091 0.00444283 -0.00621736 0.00902908 0.0194081 -0.00821005 -0.00464392 -0.0275514 -0.0033071 -0.0146973 -0.000689507 0.00701483 0.00192534 0.00803662 -0.0145713 -0.0328164 0.00201208 0.00453245 0.0203802 -0.0126565 -0.000119096 -0.00621825 -0.0129573 -0.004081 -0.0175006 0.0137433 -0.00361031 0.012842 -0.0209249 -0.0281623 -0.00390726 0.0128788 -0.00123913 -0.00593525 -0.0126964 -0.00946398 -0.00648338 0.0304956 0.0196053 -0.0207684 0.0283933 -0.02879 -0.0086552 0.0137234 -0.00221768 -0.0476528 0.0165238 -0.00167603 0.00680511 0.0119545 0.0339454
internal_weight=796.509 79.7204 716.789 434.98 428.253 389.217 386.469 286.636 57.9435 51.6851 39.0357 281.808 260.341 228.693 99.8331 40.5651 43.9805 213.791 11.7884 202.002 38.0235 13.8274 216.361 59.268 43.2469 16.0211 9.03171 116.754 103.671 23.5243 5.51442 80.1469 54.5003 42.0422 33.0626 18.8618 14.2008 14.5817 25.6465 21.146 17.7668 199.91 99.6063 28.7844 25.8272 21.2957 48.257 44.7633 18.0099 3.49161 18.2077 3.21987 14.9023 43.2813 8.29996 181.703 3.49372 12.4581 179.826 49.464 43.6966 9.69686
internal_count=72694 36429 36265 23110 22841 14061 13945 9823 705 632 8780 13155 12863 9118 4122 1125 4182 8537 764 7773 8762 574 8681 2997 1786 1211 876 5869 3476 818 253 2658 1077 914 723 391 332 297 1581 1104 928 7693 2812 1200 1140 1075 9856 9410 565 260 2026 269 581 9314 2392 5667 446 163 5582 778 682 124
is_linear=0
shrinkage=0.05


Tree=67
num_leaves=63
num_cat=0
split_feature=19 19 0 36 2 19 34 11 2 8 2 4 19 9 4 18 15 14 0 17 15 9 17 9 0 8 0 6 18 2 14 1 19 34 9 0 36 15 0 32 2 12 18 2 2 17 17 15 17 9 2 5 1 2 18 2 9 8 1 8 8 5
split_gain=53.6433 3.11428 4.90128 4.30416 2.76951 2.63424 8.25867 3.01701 2.7438 2.61921 3.63321 3.35637 3.09663 2.84534 2.26104 3.28185 2.43163 2.64899 2.4755 2.43439 2.3851 3.39392 3.00513 2.32842 2.18141 2.1522 2.04401 2.50041 2.03024 1.93561 2.71382 1.83831 2.30184 1.78186 2.71397 1.71386 2.82454 1.79527 1.70785 2.34377 2.67622 1.69225 1.60305 1.54709 2.26195 1.53703 2.36985 2.90248 1.85958 1.49939 1.7832 1.65456 2.48985 1.89478 2.87379 2.47962 2.39105 2.58253 2.2913 2.15516 2.50036 2.03424
threshold=1.0000000180025095e-35 5.5000000000000009 0.71612930297851574 4.332212120061741e-05 327.50000000000006 1.5000000000000002 0.45859153568744665 1.0000000180025095e-35 8.5000000000000018 2185.0000000000005 769.50000000000011 98.500000000000014 4.5000000000000009 5.5000000000000009 13.500000000000002 17.500000000000004 1.4984662532806399 3.7256208658218388 0.71708869934082042 4.821209430694581 50.125000000000007 3.5000000000000004 39.570186614990241 1.0000000180025095e-35 0.62102890014648449 1535.5000000000002 0.78461074829101574 6.0165323247929345e-06 9.5000000000000018 181.50000000000003 2.9700856208801274 6.5000000000000009 2.5000000000000004 0.57250532507896434 2.5000000000000004 0.71708869934082042 0.0026627072365954523 0.14256678521633151 0.73807907104492199 3.4819382429122929 197.50000000000003 1.0000000180025095e-35 17.500000000000004 487.50000000000006 654.50000000000011 4.126145839691163 1.7465931773185732 1.9236596226692202 13.718648910522463 11.500000000000002 88.500000000000014 2741.5000000000005 4.5000000000000009 38.500000000000007 10.500000000000002 14.500000000000002 1.5000000000000002 1925.0000000000002 9.5000000000000018 2230.5000000000005 2287.0000000000005 2251.5000000000005
decision_type=2 2 2 2 2 2 2 2 2 2 2 2 2 2 2 2 2 2 2 2 2 2 2 2 2 2 2 2 2 2 2 2 2 2 2 2 2 2 2 2 2 2 2 2 2 2 2 2 2 2 2 2 2 2 2 2 2 2 2 2 2 2
left_child=-1 4 3 -3 5 6 8 14 35 10 25 12 13 43 15 29 17 -17 -19 -18 21 22 23 -16 -10 42 27 -4 -29 31 -31 32 -7 34 -9 37 -37 -2 39 -23 -41 49 -6 -11 -45 46 -33 -48 -47 51 -51 52 -26 55 59 -54 57 -56 -58 -55 -61 -57
right_child=1 2 26 -5 9 7 -8 33 24 11 -12 -13 -14 -15 20 16 19 18 -20 -21 -22 38 -24 -25 41 -27 -28 28 -30 30 -32 45 -34 -35 -36 36 -38 -39 -40 40 -42 -43 -44 44 -46 48 47 -49 -50 50 -52 -53 53 54 56 61 58 -59 -60 60 -62 -63
leaf_value=-0.050758376551631047 -0.022717836586281001 -0.054290918977878071 0.050145889796021484 0.0043148109434210198 0.010086423797346604 0.013040464209559606 -0.064251168005527701 0.04139408006003361 -0.038892671325598066 -0.058385727796375714 -0.029979385691143601 0.019597027612754937 0.017238976942547998 0.00044621058757908212 -0.0055934890497227182 0.038421225759081544 -0.050586136554946072 -0.035993652365575862 0.012760461974042868 -0.010877895798346688 0.031949672129586201 -0.033382485721415382 -0.02595176247293713 0.030187379930828286 0.0082945559570073088 0.016932119937155595 0.050658606611168867 -0.016768846600265976 0.018670881653005487 -0.06037714320909722 0.0096240018014698142 0.021800457869939952 0.053054336963439211 -0.0012986506965494313 0.0055852928454266301 0.0049592220658716234 0.046831202337049134 0.0138454658526982 -0.038041423016112179 0.045123610714304326 -0.0081110756236417846 0.025010856915974086 -0.030947243176928665 -0.006814022063265872 -0.056140019445084725 0.015798239277104387 -0.051383476329836419 0.00084099449332105964 -0.017757541088870402 -0.041464790757625936 0.013085337803294024 0.0023798142482811492 -0.028394224076813631 -0.060185216031815716 0.014030949509483734 -0.0081299963260931564 0.013406982902984017 -0.022653960029246002 -0.042287412660950846 0.054800626322144608 -0.038891915305528844 0.020449191830857579
leaf_weight=50.376065265256329 4.6658909486141082 3.8734857998788383 5.3613830395042887 16.386269269976765 4.5222888384014386 13.85964878741652 4.9093009774223892 14.675286912824964 3.6216373876668504 8.0168976311106359 7.7168503855355075 4.82760788896121 3.6038973629474631 5.0300733642652622 5.6980866943486097 4.8938982614781699 4.372273998335003 4.1993209270294738 6.8519155029207468 32.933331190608442 12.616133674047886 4.0728006991557804 3.5342749292030922 22.502020135521889 24.596409263787791 21.925634786952287 5.7864859309047452 4.7893023365177241 25.869859284721315 2.423068201635032 3.2304773977957666 4.7002963768318287 4.8524931902065864 6.4295740867964915 8.2749599828384799 7.8411436435999375 8.2810708400793356 11.969570194603874 4.080599582521244 3.7403225293382985 6.4013929851353168 6.6932958839461199 5.0247980244457722 5.2836731113493425 4.1494500166736543 29.003566589904949 4.5165695855393988 6.4740113918669522 4.8140611299313596 4.5774605977348974 2.226983260596171 232.64058269234374 6.5313119404017952 5.8560668425634486 12.502458503004169 12.402122988831254 2.3972952500917009 7.7845314914593464 8.0408103606896457 1.033055530395359 2.291896523325704 12.50426233501639
leaf_count=60704 126 53 31 220 52 152 272 183 106 197 123 61 74 78 103 65 65 81 112 463 100 67 60 278 299 249 49 57 250 54 64 69 44 89 116 118 110 209 54 36 105 131 61 89 75 456 75 85 92 132 51 3858 167 125 189 343 43 219 282 13 178 232
internal_value=-0.000845261 0.00257719 0.0132937 -0.00689009 0.00158831 0.00268268 0.00018305 0.00705538 0.00101888 -0.00781778 0.000765793 -0.0187 -0.025788 -0.0326859 0.00474705 0.00091581 -0.0085465 0.00779638 -0.00576544 -0.0155318 0.0125217 0.00762244 0.0175105 0.0229575 -0.000291641 0.00830426 0.0230748 0.0186436 0.0131348 0.00773653 -0.020378 0.0100664 0.023417 0.0219654 0.0284828 0.0148492 0.0264665 0.00359024 -0.00952917 -0.00134409 0.0115222 0.000117034 -0.0115103 -0.0422364 -0.0285116 0.00502046 -0.00791312 -0.0206206 0.0110215 -0.000379773 -0.0236114 0.000101322 -0.00542368 -0.0101532 -0.0173855 -0.000972676 -0.0100509 -4.57979e-05 -0.0294962 -0.0419314 -0.00978184 0.0062182
internal_weight=785.062 734.685 62.0668 20.2598 672.619 602.518 383.367 219.15 378.458 70.1012 39.1896 30.9116 26.084 22.4801 189.771 127.125 53.2507 15.9451 11.0512 37.3056 62.6456 50.0295 31.7344 28.2001 345.7 31.4727 41.807 36.0205 30.6592 73.8742 5.65355 68.2206 18.7121 29.3798 22.9502 32.7577 16.1222 16.6355 18.2951 14.2145 10.1417 342.079 9.54709 17.45 9.43312 49.5085 15.6909 10.9906 33.8176 335.385 6.80444 328.581 95.9402 71.3438 39.9061 31.4377 30.7251 20.287 10.4381 9.18102 3.32495 24.9064
internal_count=72694 11990 660 273 11330 10271 7203 3068 6931 1059 485 574 513 439 2680 1877 786 258 193 528 803 703 441 381 6368 362 387 338 307 1091 118 973 196 388 299 563 228 335 262 208 141 6262 113 361 164 777 229 160 548 6131 183 5948 2090 1791 1049 742 733 408 325 316 191 575
is_linear=0
shrinkage=0.05


Tree=68
num_leaves=63
num_cat=0
split_feature=19 19 0 31 19 33 4 16 17 16 36 4 18 17 32 18 18 9 0 16 0 32 4 33 18 35 0 36 7 17 17 31 4 2 31 35 17 8 36 19 0 17 4 31 4 0 36 36 17 17 0 2 32 7 32 17 0 17 0 35 16 31
split_gain=50.2073 2.98578 4.39566 3.94723 2.77789 2.57207 3.16404 3.27518 4.43825 3.0532 2.82014 2.83799 2.46444 2.393 2.98809 2.38112 3.90106 3.79694 3.11217 2.3699 3.57116 4.2188 6.48426 3.88098 3.61903 2.82874 2.20295 2.86464 2.60382 2.18278 2.21209 2.1035 2.28617 3.74611 2.23114 2.70896 2.01396 1.98042 1.94016 3.31466 3.06702 2.58931 2.978 2.46707 2.74533 3.34433 2.42311 2.70213 2.13956 2.24805 3.63214 2.0785 2.64645 2.07412 2.64443 2.63568 2.06046 2.37369 3.78448 3.139 2.98743 2.5243
threshold=1.0000000180025095e-35 5.5000000000000009 0.71612930297851574 0.00055558895110152673 9.5000000000000018 0.00035372191632632172 104.50000000000001 1.0583582520484927 1.280842185020447 1.1886010169982912 0.20107077062129977 6.5000000000000009 14.500000000000002 6.997901678085328 2.3281794786453252 12.500000000000002 19.500000000000004 3.5000000000000004 0.73871803283691417 1.8784712553024294 0.71954917907714855 3.9048351049423222 29.500000000000004 0.00013143481919541958 14.500000000000002 0.22500000149011615 0.7087993621826173 0.0059078149497509011 29.500000000000004 2.6356055736541752 18.710964202880863 0.002983322250656784 5.5000000000000009 49.500000000000007 0.0013906050007790329 0.060661764815449722 144.3378601074219 5797.0000000000009 0.0013654600479640069 1.5000000000000002 0.80377197265625011 3.2500417232513432 5.5000000000000009 0.023687018081545833 1.5000000000000002 0.74930953979492199 0.063474453985691084 0.12738534063100818 3.996585607528687 6.3603229522705087 0.77311325073242199 87.500000000000014 3.2059261798858647 58.500000000000007 3.231112122535706 11.046194076538088 0.75174331665039074 9.2679944038391131 0.71662521362304699 0.026671408675611023 1.1729229688644411 0.0018254666356369855
decision_type=2 2 2 2 2 2 2 2 2 2 2 2 2 2 2 2 2 2 2 2 2 2 2 2 2 2 2 2 2 2 2 2 2 2 2 2 2 2 2 2 2 2 2 2 2 2 2 2 2 2 2 2 2 2 2 2 2 2 2 2 2 2
left_child=-1 5 3 4 -3 19 7 8 -7 31 13 -12 36 14 -10 17 -17 18 29 38 21 22 23 25 -22 -21 28 -28 -18 -11 -31 34 33 -33 35 -9 -4 -15 39 40 41 42 -2 46 -45 -46 56 -48 -43 51 -51 52 -50 55 -55 -41 57 61 59 -59 -61 -40
right_child=1 2 12 -5 -6 6 -8 9 10 15 11 -13 -14 37 -16 16 26 -19 -20 20 24 -23 -24 -25 -26 -27 27 -29 -30 30 -32 32 -34 -35 -36 -37 -38 -39 43 53 -42 48 -44 44 45 -47 47 -49 49 50 -52 -53 -54 54 -56 -57 -58 58 -60 60 -62 -63
leaf_value=-0.050722524172288244 0.0035791320759223514 -0.003969604010357136 0.02262172837508377 0.015382370887322999 -0.057129264839742427 0.030860023768872636 -0.039097838735999681 -0.012062692449475601 -0.022412481860967389 -0.028859580056451273 0.03932148691524192 -0.013451602086013988 0.030662267326163346 -0.027747550952004724 0.011719356127606884 0.024094605103398989 0.0031305445216460734 0.01509712812991099 -0.038322570267722997 -0.0078559021457871407 0.023228734416680399 -0.057592773360228472 0.054121358601156667 -0.061335398245134037 -0.0095409115205319101 -0.054796768869962424 0.029958656723990632 0.0018075380613646681 -0.035823077747927118 0.016948996540007023 -0.022038911148692952 0.013456004508905637 0.026955559591359503 -0.050875685352386568 0.053702632187581027 0.042589169314384036 -0.01556617213323405 0.023832224860097419 -0.029978151114776194 0.02565487101038132 -0.033477042029687223 -0.034095152888805297 0.039370811925290107 0.044761164563997313 0.019741751424314533 -0.055174248836790424 -0.039466875916722335 0.024108881238684599 0.0113484788593606 -0.026620747089542186 0.038099712298847156 0.042046427928714061 -0.04129536302535991 -0.026148156059659401 0.010660330379674199 -0.00048856648514017582 0.0098993836514192114 -0.019509451959611127 -0.018725305259847065 -0.0077244480529000308 0.033323884256478351 -0.0033883781324245501
leaf_weight=47.472052378783701 56.132624499732628 5.2355501819401997 7.4319566842168552 10.249851112253962 4.6313862754032016 8.3544800155796093 3.9760546400211743 4.1629411350004393 10.822999786469156 6.3058188930153873 5.7457313413033244 4.5768832492176443 27.907836170401424 23.416453997895591 15.734558742260559 34.482410876546055 11.519345344509931 18.889937475789338 8.8802820551209134 37.074594478821382 14.474084515590219 5.5775622846558681 3.4761204775422803 4.4044217453338197 20.161191028077155 3.5136216916143885 12.152992609888313 35.244344478007406 6.8356814067810765 12.337188448756935 5.1597409965470424 8.0622339420951921 11.763254504650829 3.1459405794739714 8.1336099831387383 4.9797387139406055 6.447960770688951 2.0216308404924339 18.380235558608547 35.012927741277963 6.9349861955270162 6.9658546284772447 6.4828717601485542 5.2389402058906835 4.8984944403637201 2.1407308746129274 9.3564864360378106 2.0348077754024407 10.993273731786759 14.291098932968454 2.5554353166371575 3.6986110219731918 3.0495491176843634 6.7095171250402954 17.890095168724656 13.303815457969902 21.620365959010087 6.2115240585990277 16.315164068713784 6.3469833167037022 14.694655504077671 17.352832525852136
leaf_count=60704 866 82 61 125 66 164 69 68 385 86 125 113 266 874 410 376 175 219 106 793 150 116 34 86 276 30 151 472 99 150 65 139 130 56 71 57 60 84 411 414 78 159 53 95 123 47 267 41 201 323 29 42 26 94 208 205 346 171 286 148 167 401
internal_value=-0.000905401 0.0023525 0.0128548 -0.00634812 -0.0289219 0.00137338 0.0051715 0.00584146 -0.00336137 0.00922793 -0.00794914 0.0159227 0.0220991 -0.0126884 -0.00219039 0.00598186 0.0104736 -0.00274808 -0.0130621 -0.00117631 -0.00838024 -0.0164124 -0.0116736 -0.0167569 0.00415353 -0.0119195 0.00333037 0.00902567 -0.0113764 -0.00363804 0.00545169 0.0214716 0.0115586 -0.00460079 0.0346523 0.0177045 0.00488142 -0.0236484 0.000893781 0.00415585 -0.00128045 0.000863016 0.00728481 -0.00392428 0.0173554 -0.00304129 -0.00625059 -0.0281104 -0.00881368 -0.00372211 -0.0168034 0.0086993 -8.36942e-05 0.0124393 0.000620856 0.0184564 -0.00378322 -0.00751358 0.000320559 0.0117224 0.0209421 -0.0170655
internal_weight=773.374 725.902 61.9045 20.1168 9.86694 663.998 266.704 262.728 70.6727 192.055 62.3183 10.3226 41.7878 51.9956 26.5576 151.808 100.235 51.573 32.683 397.293 88.6816 54.0463 48.4688 44.9926 34.6353 40.5882 65.7524 47.3973 18.355 23.8027 17.4969 40.2477 22.9714 11.2082 17.2763 9.14268 13.8799 25.4381 308.612 184.021 111.104 104.169 62.6155 124.591 12.2782 7.03923 112.313 11.3913 41.5538 34.588 16.8465 17.7414 14.0428 72.9164 24.5996 48.3167 100.922 79.3014 43.5683 27.2532 21.0416 35.7331
internal_count=72694 11990 660 273 148 11330 4644 4575 2155 2420 1991 238 387 1753 795 1899 1273 626 407 6686 1485 1059 943 909 426 823 897 623 274 301 215 521 325 195 196 125 121 958 5201 2698 1777 1699 919 2503 265 170 2238 308 780 621 352 269 227 921 302 619 1930 1584 772 486 315 812
is_linear=0
shrinkage=0.05


Tree=69
num_leaves=63
num_cat=0
split_feature=19 19 11 11 9 8 3 33 16 16 7 15 5 8 8 8 31 31 36 31 31 33 19 8 7 9 36 31 15 16 32 15 4 4 4 4 8 32 16 5 16 12 5 5 31 31 8 18 5 31 31 18 7 8 17 8 33 16 16 5 18 18
split_gain=47.0878 3.14247 6.63044 2.98119 2.9521 2.78861 2.29133 1.85391 3.77725 3.59308 3.65795 4.13972 3.47527 3.37112 3.2905 2.02986 3.63229 2.01457 2.39962 1.69115 4.37307 2.09962 1.98694 1.85691 1.84065 1.60893 2.7001 1.90769 1.57498 1.75791 4.49155 1.73971 1.57299 4.42857 2.50089 2.33599 2.22168 2.07361 1.95972 1.90582 3.69705 1.60731 1.77594 3.1233 3.69378 2.89493 2.44624 2.42853 1.9998 2.40818 1.97078 2.42038 2.18611 1.78367 1.92947 1.56908 1.52835 2.94717 2.43988 2.23094 1.80178 2.71773
threshold=1.0000000180025095e-35 1.5000000000000002 1.0000000180025095e-35 1.0000000180025095e-35 9.5000000000000018 2369.0000000000005 2.2499048709869389 0.0025928451213985686 1.1183523535728457 1.1886010169982912 18.500000000000004 3.3651514053344731 3259.5000000000005 2185.0000000000005 1945.0000000000002 1799.0000000000002 0.015091084409505131 0.0013906050007790329 0.014729249291121961 0.00055558895110152673 0.00043053895933553582 0.00099676102399826071 4.5000000000000009 2066.0000000000005 33.500000000000007 3.5000000000000004 0.1208101585507393 0.0059679823461920032 12.012499809265138 0.96147063374519359 2.9199811220169072 2.5022935867309575 15.500000000000002 19.500000000000004 12.500000000000002 22.500000000000004 2149.5000000000005 4.034879446029664 1.0185971260070803 1003.5000000000001 0.86763349175453197 1.0000000180025095e-35 6179.5000000000009 6011.5000000000009 4.2208910144836417e-06 7.1628960540692798e-07 5082.0000000000009 18.500000000000004 5128.5000000000009 3.5150093026459224e-05 9.1784736468980571e-06 10.500000000000002 15.500000000000002 3994.5000000000005 2.4285062551498418 1242.0000000000002 0.00033917324617505079 1.4524518847465517 2.2106565237045293 4560.5000000000009 13.500000000000002 11.500000000000002
decision_type=2 2 2 2 2 2 2 2 2 2 2 2 2 2 2 2 2 2 2 2 2 2 2 2 2 2 2 2 2 2 2 2 2 2 2 2 2 2 2 2 2 2 2 2 2 2 2 2 2 2 2 2 2 2 2 2 2 2 2 2 2 2
left_child=-1 2 6 4 7 -6 -2 12 15 -10 -11 -12 13 14 25 -9 -17 -15 -19 20 23 -21 -23 -14 -22 26 27 -3 29 30 -5 -31 34 -34 39 37 -36 -35 -37 -8 -41 42 43 44 -42 -44 53 -45 49 -46 52 -52 -50 54 -47 -51 57 60 -58 -59 61 -57
right_child=1 3 -4 28 5 -7 32 8 9 10 11 -13 19 17 -16 16 -18 18 -20 21 24 22 -24 -25 -26 -27 -28 -29 -30 31 -32 -33 33 35 36 38 -38 -39 -40 40 41 -43 45 47 48 46 -48 -49 50 55 51 -53 -54 -55 -56 56 58 59 -60 -61 -62 -63
leaf_value=-0.050688662632926776 0.012684249291697439 -0.012450217295640144 -0.060484095333899916 0.050841194274133708 -0.006498203351757827 -0.059815406813089125 0.034237552059849685 -0.058725448002366676 0.049504540454575564 0.028069260661198081 0.021990741869657521 -0.023794112666433078 -0.01134026735227223 -0.068641081430653325 0.026804713480493597 -0.018197139654074334 0.036904654002405085 0.0029455997145386588 -0.045276763558410323 0.027863809224573374 -0.050410128800760248 -0.011886936734187933 0.027239314621978334 0.0083527807994773356 -0.0033002700166144846 0.0071143424957205064 0.017164796775736013 -0.050052325811968439 -0.0071953658297926109 0.018367419916025536 -0.034279333661396703 0.043881368755690903 -0.040982170909858784 0.002316233361342819 -0.0051661298772154828 -0.04787546291589706 0.041315880967142067 0.058574402964309324 -0.0034582163074178846 -0.02365276653065207 -0.045918279319258098 0.027269802824959645 0.0098875917256851624 0.033948031721672399 -0.041421986397163345 -0.00029857342534057591 -0.050509667869389957 -0.01357997654242965 -0.029148846435706366 -0.024705269992226258 0.044183784664624207 0.0012328651144348059 0.011825231181664611 0.014675094955999841 -0.055850723021966246 -0.0015004820853214017 0.0018915069006237917 -0.025817492841059581 0.033060350129892946 0.0093668437575868506 0.011166174304789271 -0.050025973283121854
leaf_weight=44.775407120097952 31.667654124321416 7.7479232042096609 4.6155009491485535 2.5243236212991169 11.158967136405407 3.143196632154285 3.7798301400616756 1.7820798917673553 8.2579964054748398 20.576988632790744 9.4077143818140048 10.389107205905018 13.43779832869768 2.74889708822593 8.2309314245358092 10.288556575775145 4.2165326117537907 5.31139256688766 5.0162436526734382 18.086986519629136 4.983521572314201 9.056353426538406 5.0564961656928054 109.60973515082151 3.5507130417972803 9.7641406673938018 4.1599397128447881 5.9736888464540243 5.2849231432192019 19.209092405624691 4.0142828216776252 10.244568148162214 9.285427696304394 4.2323223571293083 4.1840890822932106 2.8584868502803173 6.6667467807419598 2.6720211748033762 18.920664883218706 17.696112269535661 4.438951908145099 5.2686818321235469 8.8486870094202477 11.46870318148285 3.7396392161026588 3.1791758579202014 6.159287449438124 3.5103913052007547 4.4988775672391119 6.6931594982743254 7.8934007906354946 5.612094440497458 11.776876754593102 4.1476000156253576 3.0748257283121347 24.319817770388912 100.90961401374079 21.834038672270257 6.6952539952471843 5.6767289545387021 25.564565958455205 3.2738161366432896
leaf_count=60704 560 101 289 33 179 91 51 31 69 204 96 112 186 59 108 292 89 72 156 215 71 119 48 1415 51 119 51 81 58 217 114 124 206 102 76 132 118 32 265 1221 102 109 129 166 72 57 69 57 91 85 83 87 163 33 61 419 1509 477 71 97 395 45
internal_value=-0.000940669 0.00215997 -0.000915955 0.00571523 0.00393701 -0.0182158 -0.000193478 0.00507811 0.0124741 0.0194538 0.0133072 -0.00203654 0.00282112 -0.00886815 -0.000946651 -0.00836647 -0.00217942 -0.0306015 -0.0204765 0.00631497 0.00380159 0.0165857 0.00213162 0.00620214 -0.0308098 -0.00920904 -0.0181224 -0.0288203 0.0182927 0.0220353 -0.00141732 0.0272417 -0.00136238 -0.0109696 -0.000189131 -0.00125396 0.0233924 0.0240885 -0.00928793 -0.00104189 -0.00149197 -8.42836e-05 -0.000611586 0.000678763 -0.000744438 -0.0132007 -0.0255371 0.0228097 0.000133178 -0.00167773 0.012216 0.0263359 0.000499344 -0.0107497 -0.0276112 -0.000915404 -6.96715e-05 -0.00527261 0.00383086 -0.0185574 0.0016026 -0.00725774
internal_weight=763.172 718.396 385.163 333.233 291.956 14.3022 380.548 277.654 64.919 48.6318 40.3738 19.7968 212.735 48.9532 35.8766 16.2872 14.5051 13.0765 10.3276 163.782 131.582 32.1998 14.1128 123.048 8.53423 27.6457 17.8816 13.7216 41.2772 35.9923 6.53861 29.4537 348.88 37.9689 310.911 28.6835 10.8508 6.90434 21.7792 300.06 296.28 278.584 273.316 247.906 232.927 25.4096 16.5609 14.9791 228.488 198.707 29.7812 13.5055 16.2758 10.4016 6.254 194.967 188.274 80.669 107.605 27.5108 53.1582 27.5936
internal_count=72694 11990 7429 4561 4015 270 7140 3745 893 481 412 208 2852 747 460 412 381 287 228 2105 1723 382 167 1601 122 352 233 182 546 488 147 341 6580 737 5843 531 194 134 397 5649 5598 4377 4268 3919 3696 349 220 223 3594 3170 424 170 254 151 118 3098 3013 1433 1580 574 859 464
is_linear=0
shrinkage=0.05


Tree=70
num_leaves=63
num_cat=0
split_feature=19 19 34 32 32 4 8 1 1 36 0 17 16 32 36 16 16 8 2 14 9 0 17 36 0 0 32 5 18 32 19 31 36 34 36 14 19 8 16 36 1 0 9 36 33 32 2 5 8 1 8 8 16 32 0 19 18 1 18 16 36 14
split_gain=44.6595 4.7876 6.16581 3.01286 2.62658 3.11017 3.82603 2.96881 2.40629 3.14444 3.70507 3.37946 2.80042 2.47157 2.32649 2.13142 2.08938 2.70784 2.15236 2.49188 1.99383 2.47372 2.22824 2.13576 1.98216 2.78668 4.06676 3.67642 3.48236 2.95484 2.9533 3.46044 3.00916 2.57661 2.4691 3.94368 3.6846 2.39425 4.23762 2.23972 2.57522 3.45317 2.22367 2.12286 2.97257 2.49275 2.70797 2.09153 2.08111 2.04411 2.03351 3.23492 1.92128 1.90926 1.90472 1.88832 1.87868 2.03275 2.03835 1.80141 1.78216 1.7518
threshold=1.0000000180025095e-35 1.5000000000000002 0.45859153568744665 1.7277634739875796 2.783414483070374 4.5000000000000009 2520.0000000000005 3.5000000000000004 4.5000000000000009 9.310649602412015e-06 0.69975471496582042 4.8987619876861581 0.92411464452743541 1.7688530087471011 0.069015190005302443 0.47290496528148657 0.99949577450752269 6357.0000000000009 94.500000000000014 3.2769666910171513 8.5000000000000018 0.70971107482910167 7.1349408626556405 0.32230187952518469 0.6395397186279298 0.69139862060546886 3.7066130638122563 6010.5000000000009 6.5000000000000009 3.6336457729339604 3.5000000000000004 0.012056580279022457 0.044629830867052085 0.51581218838691723 0.025545185431838039 2.8029010295867924 2.5000000000000004 2465.0000000000005 1.2551903724670412 2.0480161765590313e-05 20.500000000000004 0.73222541809082042 3.5000000000000004 0.0002156195405405015 0.0015884453314356508 4.19482445716858 172.50000000000003 3436.5000000000005 1740.0000000000002 11.500000000000002 1934.5000000000002 2371.5000000000005 1.9953403472900393 0.46958591043949133 0.70750999450683605 7.5000000000000009 4.5000000000000009 32.500000000000007 7.5000000000000009 1.5527758598327639 2.6264133339282129e-05 3.0677825212478642
decision_type=2 2 2 2 2 2 2 2 2 2 2 2 2 2 2 2 2 2 2 2 2 2 2 2 2 2 2 2 2 2 2 2 2 2 2 2 2 2 2 2 2 2 2 2 2 2 2 2 2 2 2 2 2 2 2 2 2 2 2 2 2 2
left_child=-1 2 3 52 14 6 7 -6 9 -5 -11 12 -12 -10 -3 -15 17 -8 -18 -20 23 22 -22 -17 -7 27 28 43 54 37 31 32 34 39 35 36 -28 -30 -39 -32 41 -41 50 -26 45 46 -45 -37 -36 -33 -43 -52 53 -2 -27 -35 -55 58 -58 -13 -23 -14
right_child=1 4 -4 8 5 24 16 -9 13 10 11 59 61 15 -16 20 18 -19 19 -21 21 60 -24 -25 25 26 30 -29 29 -31 33 49 -34 55 48 47 -38 38 -40 40 -42 42 -44 44 -46 -47 -48 -49 -50 -51 51 -53 -54 56 -56 -57 57 -59 -60 -61 -62 -63
leaf_value=-0.050661558200936076 -0.013372397192512217 0.014266907233673102 -0.061569971606732055 -0.035536605686478824 -0.06015674366727191 0.036358303399763751 -0.048902939925100461 -0.013397546224894025 -0.053339840186965748 -0.031603245937836609 -0.016183782493900994 0.0070175391633922725 0.040455186795105097 -0.052004261204248003 0.054928254802521774 -0.0060870290518265386 0.027141310356472194 0.032790040943946323 -0.037491206531454782 0.016318262130476689 0.0059953476990435789 0.0053273568031867004 -0.048587212060638874 0.032087894897344239 0.027323671700437847 0.070177101657121543 -0.060139804952291168 -0.037581535795675906 0.020074345959047443 0.039367001646954919 0.040935815807039068 0.050600559422801929 -0.043457298311715048 0.014330343093169318 0.045132255708955252 -0.023364244795456492 -0.0055446546169096991 0.013209553790367852 -0.040048645830880504 -0.020891367448971184 0.015659455971463284 -0.0066315849889440823 -0.013385739824484677 -0.024789695577944089 0.019213765831219805 -0.050261225302499817 0.016371154996007151 0.0085096054687010623 -0.0042511902924378848 -0.00043329855355910978 0.058082679129717776 0.0073907226123065359 -0.023686653095154313 0.038197327226235575 0.02759284863336102 0.05875892825858308 -0.0079097782052265069 -0.01732801563819953 0.027679699942862623 -0.016993174746916102 0.04872437296802834 0.014508091478141923
leaf_weight=42.181419078533509 5.344106027041561 42.088766656816006 4.2393766473978749 4.5557841886766246 4.5542172230780151 5.5862999807577571 3.381386466673578 13.331763246096669 2.6182028052862725 5.7014844878576687 3.9655857319012311 31.518770857248455 14.590332849649714 2.339088831911794 3.8386917677707961 218.83582471252885 10.919517848175021 1.4490585299208758 3.6793727930635196 5.1814342513680458 9.4613079540431517 4.2622341932728869 2.3303338349796823 3.7262180261313906 6.4234780510887495 4.6410488588735443 6.2398128844797593 7.3298354875296345 17.414747010683641 9.1249084249138814 4.6862578585278234 4.2557206349447361 5.4876462522661305 5.2137186215259117 4.195803899317978 6.7901553541887578 6.1230956977233291 9.9695714176632446 5.9725266145542255 16.327320613665506 33.902837040368468 5.8757001925259891 8.2600560332648438 8.9161982475780039 9.1610490800812823 4.0385159021243444 7.2410853407345703 21.265739550814033 4.3402248150669038 3.6406891199294478 5.4592654556035978 7.4312401786446571 3.592274277471005 9.1438855957239848 6.0474647046066821 4.4183919681236148 5.4105741593521151 4.8551914645358911 15.690393255325032 10.38560278713703 5.3168299556709826 11.7385809388943
leaf_count=60847 103 574 295 42 41 82 136 200 66 83 62 358 220 197 44 4608 121 26 60 63 228 59 70 70 87 33 86 125 218 86 41 43 100 76 35 117 85 188 78 143 433 59 91 140 128 91 120 273 73 72 50 81 85 110 76 42 105 142 229 90 52 145
internal_value=-0.000650393 0.00226404 -0.00160804 -0.000930863 0.00653454 0.00482065 -0.00770522 -0.0253036 -0.00256387 0.00483891 0.00720016 0.0102644 0.022987 -0.00501637 0.0176654 -0.00450263 0.00508448 -0.0243963 0.0122838 -0.00602565 -0.00404713 0.0105408 -0.00479158 -0.00544789 0.00690176 0.00624406 0.0086517 -0.00532127 0.020573 0.0141546 0.00453341 -0.00386106 -0.0083475 0.0102479 -0.00441183 -0.00957216 -0.0330999 0.00725763 -0.00674303 0.0073724 0.0053365 -0.00273613 0.00823195 0.00128746 -0.00440945 -0.0151252 -0.00634295 0.000795419 0.0200228 0.0270711 0.0177471 0.0288593 0.0113565 0.014469 0.0460833 0.0347104 0.018708 0.0118422 0.0185541 0.00106671 0.0294147 0.0288868
internal_weight=766.008 723.827 379.622 375.383 344.205 298.277 42.4968 17.886 331.346 82.4561 77.9004 72.1989 30.2945 248.89 45.9275 246.272 24.6108 4.83044 19.7803 8.86081 243.933 21.3707 11.7916 222.562 255.78 250.194 207.084 43.1102 53.1703 42.4818 153.914 62.3389 54.4425 91.5748 48.9548 40.4188 12.3629 33.3568 15.9421 81.9427 77.2564 43.3536 27.0263 35.7803 29.3568 20.1958 16.1573 28.0559 8.53603 7.89641 18.7662 12.8905 44.0364 40.4442 10.6885 9.63211 35.1 25.9562 21.101 41.9044 9.57906 26.3289
internal_count=72883 12036 7419 7124 4617 3999 647 241 6350 1000 958 875 427 5350 618 5284 406 162 244 123 5087 409 298 4678 3352 3270 2579 691 679 570 1900 884 769 1016 669 561 171 484 266 898 857 424 281 566 479 351 260 390 108 115 190 131 774 689 109 118 586 476 334 448 111 365
is_linear=0
shrinkage=0.05


Tree=71
num_leaves=63
num_cat=0
split_feature=19 19 34 12 33 33 2 19 17 33 0 6 5 0 5 18 0 0 16 16 1 33 0 1 17 17 17 1 2 17 8 8 7 16 17 4 33 9 16 4 19 0 9 16 18 2 2 17 17 19 4 8 16 35 8 17 17 16 7 8 6 18
split_gain=41.6801 4.65639 6.03899 2.65406 2.38507 3.48971 3.04521 2.99343 2.86199 2.7118 2.27235 2.05153 4.52388 3.72039 2.51524 2.25735 3.19518 3.64419 3.26807 3.15172 3.17922 2.68141 2.74832 2.41341 2.51671 2.95601 3.07722 2.38038 2.09372 2.08874 2.11684 2.95307 2.25485 2.02765 2.29597 5.37856 3.56612 2.37593 1.99985 1.91915 2.56047 2.3595 1.9083 4.87369 2.57071 1.87414 4.47013 2.22583 4.5335 2.48183 2.02762 2.37646 2.1644 2.0136 1.85257 2.81505 2.84736 1.85044 1.82297 1.80843 1.80033 1.84521
threshold=1.0000000180025095e-35 1.5000000000000002 0.45859153568744665 1.0000000180025095e-35 0.012791178654879333 0.010769906453788282 21.500000000000004 4.5000000000000009 0.99057671427726757 0.0052843824960291394 0.74620437622070324 2.9937028784843282e-06 6014.5000000000009 0.77629280090332042 6821.0000000000009 9.5000000000000018 0.70836067199707042 0.6705608367919923 2.1710938215255742 1.7503993511199953 1.5000000000000002 0.0008177126874215902 0.69139862060546886 4.5000000000000009 6.4842107295989999 11.380020618438722 20.442836761474613 1.0000000180025095e-35 37.500000000000007 2.9447655677795415 1872.5000000000002 2962.5000000000005 7.5000000000000009 0.72950673103332531 12.089809894561769 3.5000000000000004 0.0023696819553151731 6.5000000000000009 1.1011993885040285 37.500000000000007 20.500000000000004 0.71708869934082042 3.5000000000000004 1.6973278522491457 13.500000000000002 309.50000000000006 388.50000000000006 28.660159111022953 22.564919471740726 2.5000000000000004 19.500000000000004 3845.0000000000005 1.2551903724670412 0.095454547554254546 3960.5000000000005 9.9550070762634295 9.0399837493896502 2.0582987070083623 17.500000000000004 4107.5000000000009 3.1453524570679299e-05 22.500000000000004
decision_type=2 2 2 2 2 2 2 2 2 2 2 2 2 2 2 2 2 2 2 2 2 2 2 2 2 2 2 2 2 2 2 2 2 2 2 2 2 2 2 2 2 2 2 2 2 2 2 2 2 2 2 2 2 2 2 2 2 2 2 2 2 2
left_child=-1 2 3 11 5 6 8 33 -3 10 39 13 15 14 -2 16 17 29 27 23 -21 -19 -23 24 60 -26 -27 -18 -14 -13 -31 -32 -33 -8 36 -36 54 42 59 41 -41 -9 45 -44 -45 47 -47 48 50 -50 51 52 -37 -48 55 56 -35 -39 -57 -29 -17 -62
right_child=1 4 -4 -5 -6 -7 7 9 -10 -11 -12 12 28 -15 -16 19 18 21 -20 20 -22 22 -24 -25 25 26 -28 38 -30 30 31 32 -34 34 35 37 -38 57 -40 40 -42 -43 43 44 -46 46 53 -49 49 -51 -52 -53 -54 -55 -56 58 -58 -59 -60 -61 61 -63
leaf_value=-0.050631331441745801 -0.030322627806156462 0.0038416867444073231 -0.064120658592554822 0.025585265786221167 0.020650415211577618 -0.032654650235460325 -0.025542206272468074 0.034625258126182439 0.051740785184902549 0.05126953967109539 0.024261334952848514 0.019713503296825155 -0.0019813981115808801 -0.064682923192493011 0.0053655442553875807 0.050597725468768034 0.035380603690638154 -0.026918598010890551 0.040740285336227797 -0.06159325436655725 -0.013583675365315961 -0.024595324316460238 0.0265868774089313 -0.0058485951759147834 -0.034013669075557779 0.038481441747966971 -0.016975064512847821 0.023559370426314563 0.03702134559162619 -0.053561580700473788 0.027529060153114873 0.033878096972688086 -0.039666113046434977 -0.002124527056529085 -0.044759994274320279 -0.028072263447376095 0.038078049064353997 0.050509117774069946 -0.0071347937447070499 -0.010519181333549689 0.019745150245696765 -0.0053332968776819041 -0.044986029971560676 0.02917025925097072 -0.011977867093395787 -0.048538914599094291 0.011568266421897549 0.02600298743483026 -0.061621685233570936 -0.003976295871864606 0.037749407042161356 0.036930742776920232 0.0099021897575614151 -0.02454374455093699 0.014129115281192742 0.04606664655215114 -0.045556431620454058 0.0080418678107114956 0.0035412923126858621 -0.0061690342021080346 8.3016102727977105e-05 0.033141786179602305
leaf_weight=39.817113460609107 7.9331629918888256 5.7531028976663929 3.861262880236608 8.9799175404477847 26.23913445067592 6.0479525829432523 6.6222618657629928 9.707416888792066 6.8100295807234943 4.411161341238766 21.973992199636996 16.244857978541408 4.9839619500562575 3.3730729669332495 13.072679692413658 3.8866372406482723 6.3595934314653269 21.314065366052095 8.0980928828939778 3.8275602138601235 34.800731748808175 4.7222243882715684 5.8995762232225388 121.388833159348 6.03116191714071 4.9224219061434251 5.0860881078988314 15.044845596072266 11.113538585137574 2.0576944588683537 5.6051476006396097 1.3467786817345766 4.6088494427967817 38.389950860757381 6.9738980000838628 6.2076135671231958 9.0776817239820939 3.7965372418984753 24.453587655443698 24.084824697580189 9.8456532233394665 5.9641559161245814 8.3913239799439925 5.6386413285508779 11.613367033191023 5.5143496445380178 14.97512880456634 12.721083953510968 3.7455128459259859 3.7232307232916355 5.676552604418247 4.2756049358285955 9.486572247464208 5.2008402938954523 34.675109058618546 4.6249470952898246 4.1850688378326586 7.9083650447428226 5.5375553509220481 7.7512422428699201 10.785376108717175 6.9351081936620167
leaf_count=60847 135 70 295 153 380 95 264 121 88 53 235 276 91 24 203 35 84 505 62 32 728 121 124 2661 74 47 62 325 147 52 107 46 197 511 98 99 99 38 346 311 65 67 123 70 137 96 231 157 62 40 88 60 98 66 474 54 61 124 82 232 159 96
internal_value=-0.000843855 0.00193149 -0.00191399 -0.0012659 0.00616955 0.00495777 0.00569751 0.00467062 0.0298061 0.0132212 0.0108763 -0.00193264 -0.000920156 -0.0159397 -0.00811261 -0.00221659 0.0030864 -0.00494979 0.0111345 -0.00553006 -0.0183408 -0.0166909 0.00383237 -0.00241844 0.00864179 -0.00636277 0.0102998 0.00666236 0.0249457 0.00760616 -0.00683614 0.00148049 -0.0230352 0.00170327 0.00255298 -0.00219201 0.00824992 0.000534659 0.00279702 0.00494666 -0.00173734 0.0194182 -0.00202889 -0.0137313 0.00147097 0.00216658 -0.0086442 0.00822583 0.00139678 -0.032885 0.0113803 0.00388473 -0.00511807 0.00225953 0.00515231 -0.000749967 -0.00639383 0.0218163 0.0228945 0.013451 0.0197802 0.0130209
internal_weight=754.104 714.287 374.488 370.627 339.799 313.559 307.512 294.948 12.5631 75.9872 71.576 361.647 337.268 24.3789 21.0058 321.17 123.507 61.7992 61.7074 197.664 38.6283 31.9359 10.6218 159.036 37.6468 16.0397 10.0085 53.6093 16.0975 29.8633 13.6185 11.5608 5.95563 218.961 212.339 115.849 96.4903 108.875 47.2497 49.6021 33.9305 15.6716 97.1698 25.6433 17.252 71.5265 25.6903 45.8362 33.1151 7.46874 25.6463 19.9698 15.6942 20.176 87.4126 52.7375 42.575 11.7049 10.1625 22.7961 21.6071 17.7205
internal_count=72883 12036 7419 7124 4617 4237 4142 3984 158 852 799 6971 6609 362 338 6371 2477 1428 1049 3894 760 750 245 3134 473 183 109 987 238 678 402 350 243 3132 2868 1587 1281 1489 903 564 376 188 1327 330 207 997 393 604 447 102 345 257 197 297 1182 708 572 162 136 557 290 255
is_linear=0
shrinkage=0.05


Tree=72
num_leaves=63
num_cat=0
split_feature=19 19 34 18 33 15 6 35 17 17 18 15 3 34 32 36 16 7 32 1 15 5 31 31 19 15 15 15 31 7 4 6 9 36 15 19 15 1 31 1 1 16 16 7 17 33 3 35 16 16 6 33 33 17 17 1 17 36 17 4 1 15
split_gain=39.279 3.98131 3.1701 2.63379 3.20217 5.56515 4.21367 3.01118 2.64529 3.66835 2.67501 6.78377 2.95338 2.60085 2.5939 2.58535 3.65696 2.44905 3.13413 2.44301 2.69246 2.62191 2.40596 3.17786 2.61552 2.34812 2.66976 2.32392 2.2767 3.27434 3.73046 2.25971 2.24283 2.16493 2.06909 2.01294 1.96211 1.94092 1.92506 2.23794 2.99434 3.32698 2.24923 1.87795 1.8936 1.84698 2.36607 1.83388 1.78663 1.75775 1.72951 2.56201 1.66794 1.66094 2.37144 2.1042 4.54184 2.64956 2.07803 2.71489 2.46863 2.24172
threshold=1.0000000180025095e-35 2.5000000000000004 0.55084714293479931 16.500000000000004 2.9937028784843282e-06 13.985294342041017 5.9033061461377665e-06 0.22500000149011615 0.54211276769638073 0.97354972362518322 11.500000000000002 0.34798711538314825 3.65057384967804 0.50955879688262951 2.6905734539031987 0.11439744383096696 0.99949577450752269 11.500000000000002 2.1411460638046269 25.500000000000004 9.007352828979494 1983.5000000000002 0.00074041116749867808 0.0014703035121783616 1.5000000000000002 4.2015624046325692 3.2873016595840459 20.038461685180668 0.00024617074814159429 34.500000000000007 5.5000000000000009 0.0027697463519871239 5.5000000000000009 0.096638768911361708 2.5022935867309575 7.5000000000000009 12.012499809265138 15.500000000000002 0.012839009985327722 1.0000000180025095e-35 4.5000000000000009 1.8784712553024294 1.0021758079528811 4.5000000000000009 5.6920928955078134 0.0052843824960291394 6.6839847564697275 0.025320513173937801 1.1640579104423525 1.4238294959068301 0.00011518172323121691 8.2311518781352802e-05 0.00064452335936948668 6.997901678085328 4.2500202655792245 5.5000000000000009 99.704727172851577 0.0010297723347321155 9.4709076881408709 6.5000000000000009 22.500000000000004 3.963624238967896
decision_type=2 2 2 2 2 2 2 2 2 2 2 2 2 2 2 2 2 2 2 2 2 2 2 2 2 2 2 2 2 2 2 2 2 2 2 2 2 2 2 2 2 2 2 2 2 2 2 2 2 2 2 2 2 2 2 2 2 2 2 2 2 2
left_child=-1 2 3 4 5 8 -6 -7 -2 -10 11 -11 17 45 -14 16 -5 34 -19 20 25 33 -12 -24 49 26 28 38 32 -30 31 -31 -8 -21 -13 -15 -22 -29 39 -18 41 -41 -42 -27 -45 53 -47 -35 -17 -25 51 -44 -52 54 -3 56 57 -55 -57 60 -60 -61
right_child=1 13 -4 15 6 7 19 -9 9 10 22 12 14 35 -16 48 27 18 -20 21 36 -23 23 24 -26 43 -28 37 29 30 -32 -33 -34 47 -36 -37 -38 -39 -40 40 42 -43 50 44 -46 46 -48 -49 -50 -51 52 -53 -54 55 -56 58 -58 -59 59 61 -62 -63
leaf_value=-0.050602824065910906 0.030173201472720526 -0.0075788843039551416 -0.046873127835813398 -0.0291645038776597 0.034922990435807745 -0.017090983823097587 0.0033305484655359037 -0.063529002925283809 -0.040936111390428791 -0.060652598683489267 0.00097360561706291986 0.061448673205645676 -0.031218754822503875 0.016236174085857341 0.005811736761461273 0.0023465678453315972 -0.031857062683413727 -0.03595232051782838 0.020777622498502325 0.066705720471448543 0.046166305045451592 -0.0085036693469881311 -0.0794737525826721 -0.014528024402111851 0.029523708952674983 0.011242822026245628 0.036089706183514987 -0.050205403299129293 0.0224207328608651 -0.0043728414716846546 0.021626305148590513 -0.055202768014971898 -0.02807775980763938 0.040012417459312319 0.020787412180275085 0.055274747364121718 0.014862268228257119 -0.009184296613017123 -0.025563288375014634 0.026823689950916232 0.039418180528479174 -0.015585347735260442 0.0010881049580503286 -0.048047958705818399 -0.0085681020136807937 0.028047571352144408 -0.0068109688151657497 -0.030599317532385758 0.035679635898911106 -0.072888193035197946 -0.015752783694164045 0.051264839754674121 -0.0011230654315452812 0.0036412307557288325 0.035995173900038903 -0.025114527033125125 0.021729078349014212 -0.039793776658686282 0.055008937267129993 -0.015421644038919109 0.0011849039274248957 0.0074824501034511
leaf_weight=37.511015779542504 7.2415049774572244 4.8064264240674666 3.6342769507900803 16.137812310422305 12.459607037715612 14.539088975172492 20.60832445090637 4.5938011747784904 5.4698772695846847 3.653191842720843 13.065590735757725 5.4626438100822288 5.3819638129789373 11.699213408865036 38.982072557904758 12.22501193493372 5.6548136356286696 3.1583717474713913 10.624486267333848 2.1684837847715235 6.6233474602922824 45.136191616998985 2.5689051225781432 3.9987052554497478 2.2970772460103035 7.322461964562538 8.0481175193563086 4.7403627932071668 29.8752795252949 4.8459042049944383 6.9682408617809406 3.9842628771439195 7.8485969181638202 1.7893879698822277 7.322565967682749 4.6005262909457079 20.495171420741826 7.3618282387033105 8.4976907044183445 18.245093763340268 2.9978564102202645 6.1947760754264882 25.159071678528566 4.2187782553955904 10.844489781884475 18.487010341836143 6.6080116163939229 1.8914904092089271 5.9895545775070778 1.9048414994031189 38.387739878846332 2.8301682339515528 39.560466256458312 5.1604548646137181 8.9121957430616003 5.3058524942025533 7.2494493853300801 10.984742069151251 5.3104518945328874 12.301072540925814 3.5573687655851245 81.217886657919735
leaf_count=60847 106 60 82 771 149 366 319 36 100 102 212 74 135 172 683 353 66 75 160 41 82 1179 36 136 30 73 127 73 437 91 135 115 110 38 120 50 287 158 131 199 56 59 487 62 150 215 100 62 49 26 711 36 624 47 98 80 55 106 54 193 76 1021
internal_value=-0.000739751 0.00189757 -0.000337708 -1.20813e-05 0.00273706 -0.00333359 0.00678974 -0.0282407 0.000954529 -0.00108211 0.00113284 0.0057927 0.00921481 0.00817613 0.00131943 -0.00462359 -0.00648178 0.0223987 0.00777783 0.0048708 0.00846879 -0.00442191 -0.0134489 -0.0309462 -0.0157446 0.00482779 0.0087384 -0.00418866 0.00576896 0.0126854 -0.00572434 -0.0273078 -0.00533206 0.0270747 0.0381605 0.0272546 0.0225079 -0.025252 -0.00246076 -0.00104871 0.0002575 0.0160743 -0.00329103 -0.00952818 -0.0196252 0.0063458 0.0188686 0.00372721 0.0133076 -0.0333585 -0.00449963 0.00616179 -0.00832787 0.00417558 0.0207287 0.00244325 -0.0111483 -0.0259107 0.00539581 0.00697691 0.0334172 0.00446975
internal_weight=746.721 709.21 523.009 519.375 325.393 130.265 195.128 19.1329 111.132 103.89 98.4204 74.5853 70.9321 186.201 44.364 193.982 175.768 26.5681 13.7829 182.669 131.683 50.9856 23.8351 10.7695 8.20062 104.564 82.1787 159.63 74.1306 45.6737 15.7984 8.83017 28.4569 5.84936 12.7852 16.2997 27.1185 12.1022 147.528 139.03 133.375 24.4399 108.935 22.3857 15.0633 169.901 25.095 3.68088 18.2146 5.90355 105.937 27.9892 77.9482 144.806 13.7186 131.087 23.3946 16.1452 107.693 102.387 8.86782 93.519
internal_count=72883 12036 9709 9627 5854 2397 3457 402 1995 1889 1789 1349 1247 2327 818 3773 3371 429 235 3308 1988 1320 440 228 192 1619 1334 2600 1207 778 341 206 429 141 194 222 369 231 2369 2238 2172 258 1914 285 212 2105 315 100 402 162 1858 523 1335 1790 158 1632 208 153 1424 1344 130 1214
is_linear=0
shrinkage=0.05


Tree=73
num_leaves=63
num_cat=0
split_feature=19 19 34 12 9 0 0 7 35 1 18 1 32 0 4 0 1 0 31 18 2 17 7 4 15 0 33 34 7 18 31 33 15 32 7 19 15 8 1 33 9 1 1 9 31 8 2 33 4 1 17 8 8 32 5 0 31 31 8 33 15 31
split_gain=36.8284 3.41141 5.48668 2.94247 2.21368 2.25315 3.42241 2.0864 2.43473 2.76132 2.08519 2.80349 2.00047 1.90785 3.842 3.77198 3.66017 3.58645 2.73344 2.63287 2.34145 2.441 2.40451 2.11347 2.15733 2.80624 2.50631 1.8966 2.55204 1.87072 1.96618 3.64147 1.8212 1.76576 2.52969 2.03356 1.88621 1.73765 2.04033 2.19871 1.68129 2.36345 2.34753 2.35417 3.01255 3.18041 2.43321 1.96518 2.30124 3.61323 2.24722 2.22815 1.82968 1.56596 1.55575 3.25971 2.73768 2.01901 2.97689 3.59183 2.64155 2.38967
threshold=1.0000000180025095e-35 1.5000000000000002 0.45859153568744665 1.0000000180025095e-35 2.5000000000000004 0.69049263000488292 0.69676589965820324 8.5000000000000018 0.021980676800012592 36.500000000000007 9.5000000000000018 1.0000000180025095e-35 1.1182886958122256 0.71289253234863292 22.500000000000004 0.71708869934082042 43.500000000000007 0.70571327209472667 0.0023807523539289836 26.500000000000004 262.50000000000006 3.3481972217559819 12.500000000000002 1.5000000000000002 12.775985717773439 0.7368602752685548 0.0003495026176096872 0.50717374682426464 270.50000000000006 12.500000000000002 0.0001724460817058571 0.0067043446470052013 0.074696607887744917 4.8506186008453378 40.500000000000007 3.5000000000000004 2.9106858968734746 1311.5000000000002 16.500000000000004 0.00071516339085064839 4.5000000000000009 1.0000000180025095e-35 4.5000000000000009 2.5000000000000004 0.025293289683759216 1714.0000000000002 58.500000000000007 2.9877214728912809e-06 1.0000000180025095e-35 9.5000000000000018 1.6476489305496218 1647.5000000000002 2371.5000000000005 2.2000944614410405 3932.5000000000005 0.63846778869628917 0.00024175861472031104 6.9336087449300987e-07 4328.0000000000009 2.9937028784843282e-06 1.547857999801636 1.542388781672344e-05
decision_type=2 2 2 2 2 2 2 2 2 2 2 2 2 2 2 2 2 2 2 2 2 2 2 2 2 2 2 2 2 2 2 2 2 2 2 2 2 2 2 2 2 2 2 2 2 2 2 2 2 2 2 2 2 2 2 2 2 2 2 2 2 2
left_child=-1 2 3 10 5 29 -7 8 -6 37 11 -2 32 14 17 -15 19 18 20 -16 21 -9 -23 -17 33 -26 -27 28 -8 -3 -31 -32 -12 34 35 -25 -36 -10 -39 -40 42 -42 43 44 45 -14 53 48 -43 -50 -49 -52 -53 -47 -13 -56 57 -57 61 -60 -61 -59
right_child=1 4 -4 -5 7 6 27 13 9 -11 12 54 40 15 16 23 -18 -19 -20 -21 -22 22 -24 24 25 26 -28 -29 -30 30 31 -33 -34 -35 36 -37 -38 38 39 -41 41 47 -44 -45 -46 46 -48 50 49 -51 51 52 -54 -55 55 56 -58 58 59 60 -62 -63
leaf_value=-0.050575086955690421 0.031936902365615132 -0.017494624900792607 -0.063779953221439645 0.027864540591703638 0.048502266874472511 0.0433660780433111 0.0094680374416482097 0.028901063262912963 0.038971954817340164 -0.029053588868850667 -0.0050545944087362965 -0.0047470017215652588 -0.040613823126570858 0.034027970609517781 -0.053008619000726911 -0.029320599711074809 0.019150556687447119 -0.036227523797127632 0.04649127563456714 -0.0088434712005180643 0.035011138584073342 -0.055461389845477604 -0.0051173321724830431 0.0080535687410964348 -0.034482331461807625 -0.019513917175094667 0.026293093854059438 0.026880355862490546 -0.029641646812988698 0.0413967057152302 -0.02194840873803422 0.039161784597431526 0.044816474786861411 0.03843630261186988 0.00235653781132136 0.045772785092648066 -0.034756622684170756 -0.0056173046762160173 0.032182850291500108 -0.012125210641119693 -0.063699511168540279 0.030973761159445053 -0.0067637356347258525 0.028916513779281838 0.037940234460248579 -0.010678111274296173 -0.019787686124389196 -0.051906546937474589 0.022482551313275083 -0.030803132358999365 -0.040480969031796897 0.010047719871423206 -0.021782912273057689 0.029289515111273336 -0.034336209185306006 0.039505544321489935 0.038951329468739054 0.024565355155356898 -0.034480978346925532 0.027482956265871356 -0.027308107340818445 -6.8283896669632019e-06
leaf_weight=35.429417773411842 7.8673795452341428 12.735699256416412 3.5188518412469412 8.594285153783856 3.9248016141355029 8.2984439756255579 104.89937618584372 4.3858235003426769 5.1093899924308053 4.632552118273451 3.5343579347245386 60.275719660450704 5.3686355929821792 8.9116765824146551 9.9324687873013335 5.8511630671564481 3.4421494072303167 5.6360607640817753 3.8598722778260699 5.1108957920223466 4.4080142593011251 2.7784266525413868 16.204232672695071 15.336681733606385 7.8735657338984337 5.8265290604904276 6.1255305632948875 14.987608635565264 4.3439158089458934 3.5022141789086154 7.3308902014978212 3.652234984561801 3.7976198513060808 4.4846263229846945 10.149531640112398 4.658781290985643 5.1660877224057904 14.908860781230034 10.794824892655013 3.7804536297917357 2.2720369696617118 4.8287110445089665 118.0202700192458 9.6004787189885956 4.4868740802630773 3.5152466096915331 7.2151941992342463 4.5401599099859622 5.3247026437893492 7.903509293217212 5.8108166530728367 9.6132504194974917 8.5122924086172116 8.0932480865158123 4.6860097309108815 4.0868611233308902 6.7731943130493155 17.873610123060644 9.6705078007653373 6.3661042988533136 3.3612419187556952 22.163758890936151
leaf_count=60847 114 218 295 153 42 94 1368 60 54 91 72 1453 64 81 181 97 45 93 74 68 48 46 273 189 92 62 58 221 91 40 132 41 37 60 193 36 77 187 153 52 20 93 2476 108 45 56 87 117 63 283 118 156 273 110 128 55 92 223 167 129 95 337
internal_value=-0.00083934 0.00167538 -0.00164497 -0.00104456 0.00534099 0.00958667 0.0122778 0.00142711 0.0109549 0.00719808 -0.00174332 0.00292159 -0.00488619 -0.00173199 -0.0087243 0.00350939 -0.0273612 0.00051879 0.00706519 -0.0380038 0.00158647 -0.00471844 -0.012486 -0.00064459 0.00216964 -0.0113055 0.00396256 0.0102012 0.00791289 -0.00351564 0.00877486 -0.00162735 0.0207763 0.00888274 0.00512934 0.0168418 -0.010162 0.0120527 0.00738776 0.0206905 -0.00580356 -0.0139047 -0.00327392 0.00748553 0.000311423 -0.00666747 0.00301424 -0.0114735 0.00143011 -0.00935425 -0.0196556 -0.0135383 -0.00490089 0.0171866 0.00123389 0.00604178 0.00873345 0.0055114 0.00317391 -0.0129024 0.00855014 0.0109628
internal_weight=736.148 700.718 367.675 364.156 333.043 159.75 132.529 173.293 43.1509 39.2261 355.562 143.124 212.437 130.142 55.7579 74.3842 18.4855 37.2724 31.6364 15.0434 27.7765 23.3685 18.9827 65.4725 59.6213 19.8256 11.9521 124.231 109.243 27.221 14.4853 10.9831 7.33198 39.7957 35.3111 19.9955 15.3156 34.5935 29.4841 14.5753 205.105 48.8055 156.3 38.2797 28.6792 24.1923 18.8237 46.5334 18.0569 13.2282 28.4765 23.9364 18.1255 11.6085 135.257 74.9813 70.2953 63.5221 59.4352 19.3979 9.72735 40.0374
internal_count=72883 12036 7419 7124 4617 2205 1774 2412 579 537 6971 2793 4178 1833 888 945 294 594 501 249 427 379 319 864 767 212 120 1680 1459 431 213 173 109 555 495 225 270 446 392 205 4069 1123 2946 470 362 317 253 1103 439 346 664 547 429 166 2679 1226 1098 1006 951 391 224 560
is_linear=0
shrinkage=0.05


Tree=74
num_leaves=63
num_cat=0
split_feature=19 19 18 2 32 16 2 2 34 19 1 8 10 17 31 16 2 16 4 35 4 4 17 32 33 15 1 17 8 36 16 2 1 1 18 33 36 10 18 4 33 1 36 18 16 2 16 4 36 36 7 36 17 19 33 36 36 7 1 15 2 16
split_gain=34.6956 3.13553 2.8337 2.86908 3.14933 2.53487 2.17494 2.25811 2.14691 2.08816 2.07053 4.03667 2.1553 2.01195 2.88152 4.49403 2.76089 2.28633 2.51023 2.63713 2.79083 2.19268 2.13487 2.63964 2.13417 2.98815 2.01298 1.98745 2.07806 2.41198 2.29092 2.42533 2.0983 2.49114 1.92097 4.20655 3.35764 3.10465 2.4226 2.27514 2.18369 2.84459 2.37305 2.06782 3.19594 2.42765 1.86726 3.30757 3.50798 2.6101 2.43645 2.16238 3.03969 3.5235 3.2501 1.86484 2.13911 1.82617 1.79894 2.46956 2.18066 1.94791
threshold=1.0000000180025095e-35 2.5000000000000004 10.500000000000002 146.50000000000003 3.0944443941116337 3.0930933952331547 55.500000000000007 51.500000000000007 0.50955879688262951 7.5000000000000009 43.500000000000007 2371.5000000000005 1.0000000180025095e-35 56.335966110229499 0.036644529551267631 0.99949577450752269 612.00000000000011 1.0003581047058108 19.500000000000004 0.028174603357911113 22.500000000000004 6.5000000000000009 3.396040797233582 2.6329318284988408 0.00093684237799607228 0.19316411763429644 15.500000000000002 3.1548153162002568 3121.0000000000005 0.00023989566398086029 2.4590674638748173 9.5000000000000018 5.5000000000000009 36.500000000000007 15.500000000000002 0.0013535838807001712 0.020918033085763458 1.0000000180025095e-35 8.5000000000000018 18.500000000000004 0.00642859353683889 36.500000000000007 0.061627488583326347 12.500000000000002 1.8784712553024294 183.50000000000003 1.2360472083091738 12.500000000000002 0.001601969823241234 0.023985130712389949 20.500000000000004 0.014214311726391317 43.970466613769538 7.5000000000000009 3.8286455037450659e-06 3.297201692475938e-05 0.00011283013373031282 33.500000000000007 1.0000000180025095e-35 20.038461685180668 179.50000000000003 2.2106565237045293
decision_type=2 2 2 2 2 2 2 2 2 2 2 2 2 2 2 2 2 2 2 2 2 2 2 2 2 2 2 2 2 2 2 2 2 2 2 2 2 2 2 2 2 2 2 2 2 2 2 2 2 2 2 2 2 2 2 2 2 2 2 2 2 2
left_child=-1 2 3 4 6 13 7 -2 10 -10 34 12 -12 14 15 -4 -15 -17 22 -20 -21 -16 24 -24 27 -26 -27 28 30 -30 31 -19 -33 -34 35 37 -37 38 -3 -40 41 46 -42 44 45 -39 50 48 -48 51 -36 52 54 -54 -49 -5 -57 -13 -25 61 -61 -60
right_child=1 8 5 55 -6 -7 -8 -9 9 -11 11 57 -14 16 21 17 -18 18 19 20 -22 -23 23 58 25 26 -28 -29 29 -31 -32 32 33 -35 40 36 -38 43 39 -41 42 -43 -44 -45 -46 -47 47 49 -50 -51 -52 -53 53 -55 -56 56 -58 -59 59 60 -62 -63
leaf_value=-0.050550159594902444 0.0036138583599908979 -0.032627590036431189 -0.022441821875864645 -0.039611246974207065 0.018259767871061455 -0.029926764431189318 -0.012716635459194367 0.034171171881740556 0.013657326941683066 0.054421336135354506 0.063782808136395974 -0.043824954213148068 0.018056101461765565 -0.051359191646329898 0.039624516759617145 0.032769858669590833 0.0068433432252813942 0.0095943286517935419 -0.024216096710007767 0.055236651626719646 0.010867192145132033 -0.012079486064516769 -0.026352967747934181 -0.033263885361865413 -0.024160918705660263 0.042880083836934965 0.0063467313894414595 0.034514506935964459 -0.0043611384289251589 0.032609721958362814 0.02138031751795651 0.0046342207956982049 -0.051508685148921998 0.0024283068030120872 0.046670066501663943 -0.061742608982325788 -0.0090220313465554283 0.034341055227048264 0.030928452559621358 -0.018239644328932495 0.048352187209607107 -0.024030667382326752 0.0092879193081502175 -0.011582118665750478 0.053956250886710813 -0.0058762785809916562 -0.052119997285223374 0.050848044924933056 0.0023283737789227973 -0.01943784787484798 0.008450965729042647 0.04179839134469087 -0.040070099043741286 0.012152737836143358 0.0012426169785116163 0.032836948132790797 -0.010048716892387559 0.013526205309915324 0.00097235600933105347 -0.042617914743194221 0.0061317679142535225 -0.023058788670439596
leaf_weight=33.461262165837979 116.33966701274039 8.1298591601662356 26.946685483009787 4.5208163205534211 42.35291231807787 8.9064044565893692 19.646213307511061 6.3772284421138457 11.546086644288151 4.3159169666469088 5.2317868508398515 2.4484951794147483 5.0783429481089115 4.865143155329859 6.9715560485201404 4.937949393875896 3.5057643782347441 5.0281401374377372 3.8936435999348786 4.5465005221776691 16.074598195496947 2.9049642513273284 15.50686049973592 5.2054462246596804 3.4132883911952403 8.9704712938982976 6.5045518977567545 3.5293998597189775 13.872724253218623 6.4686293026898047 3.8305085278116158 3.3928133652079842 9.7754260599613172 2.7409987798891953 6.30630786251277 4.8009033896960309 8.1415611132979375 6.2077714400366011 4.3923360449261946 5.0668984805233777 6.4446423668414381 7.7892710776068261 9.7984374258667213 6.0109695615246883 5.6255275448784223 9.4864137908443791 4.9754418996162695 6.7421643948182481 7.2962458082474768 6.3545582592487326 12.309713387861846 6.3432371811941257 5.0884734578430644 8.8431996479630453 6.4714090935885906 3.295342528261247 24.717487971298397 3.2047598775243387 100.71534906886518 6.9603510652668756 3.4216305334120989 9.2030921052210015
leaf_count=60847 2175 180 1318 95 726 185 540 101 172 50 33 57 68 125 156 64 58 82 84 55 201 53 287 48 56 109 116 49 190 77 78 45 169 69 61 63 119 66 41 88 58 134 118 76 53 136 69 48 68 63 179 60 64 78 69 54 529 56 1470 145 50 150
internal_value=-0.000821381 0.00157701 -0.000445754 0.00387862 0.00629005 -0.00366209 0.00272907 0.00520183 0.00716268 0.0247489 0.00550804 0.0226416 0.0412597 -0.00283604 -0.0021005 -0.00308903 -0.0269838 -0.000897811 -0.00161116 0.0135237 0.0206497 0.0244169 -0.00339033 -0.00689116 0.00392025 0.0181842 0.0275242 -0.00161901 -0.00444614 0.00739574 -0.0141716 -0.0206759 -0.0302428 -0.0396969 0.00371601 -0.00346258 -0.0285783 0.00377387 -0.0126117 0.00459125 0.00809925 0.0046471 0.0247871 0.014319 0.0216217 0.0100315 0.00780526 0.00294979 -0.0197472 0.00994048 0.021398 0.0155151 0.00937331 -0.00692139 0.0265536 -0.00981277 -0.00500378 -0.0113133 -0.00448656 -0.00324135 -0.0265513 -0.00103969
internal_weight=727.255 693.793 509.343 217.25 184.716 292.093 142.363 122.717 184.451 15.862 168.589 15.9634 10.3101 283.186 274.816 264.939 8.37091 237.992 233.054 24.5147 20.6211 9.87652 208.54 141.013 67.527 18.8883 15.475 48.6386 45.1092 20.3414 24.7679 20.9374 15.9092 12.5164 152.625 57.8622 12.9425 44.9198 17.5891 9.45923 94.7631 78.52 16.2431 27.3307 21.3197 15.6942 70.7308 52.1147 12.2717 39.843 18.616 33.4885 27.1452 13.9317 13.2136 32.5336 28.0128 5.65326 125.506 120.3 10.382 109.918
internal_count=72883 12036 9709 4220 3542 5489 2816 2276 2327 222 2105 214 101 5304 5121 4912 183 3594 3530 340 256 209 3190 2150 1040 281 225 759 710 267 443 365 283 238 1891 822 182 640 309 129 1069 893 176 331 255 202 759 519 137 382 240 319 259 142 117 678 583 113 1863 1815 195 1620
is_linear=0
shrinkage=0.05


Tree=75
num_leaves=63
num_cat=0
split_feature=19 19 11 16 19 2 7 36 1 8 2 4 4 2 7 8 7 15 4 1 2 5 32 2 2 36 4 4 1 8 31 8 34 4 8 19 8 4 2 2 16 36 4 1 17 8 16 16 32 7 17 2 5 31 35 15 17 32 32 7 16 16
split_gain=34.1055 3.07772 5.60508 2.89303 2.12177 2.24844 2.71142 2.28288 1.83407 2.03892 1.82398 1.82202 1.75736 4.80398 4.64099 2.83209 3.41768 2.77019 1.66163 2.40214 2.27807 1.642 1.61058 2.23681 2.3843 3.21591 1.62047 1.56598 1.48649 2.92213 1.96226 1.43807 1.42697 2.12148 2.61986 2.2335 1.56669 1.44058 1.42521 1.68328 1.55941 1.69152 1.90057 2.19864 1.39087 1.34721 1.59355 1.41043 1.57278 1.31866 1.30853 4.47093 3.32871 2.40281 2.67928 2.06553 2.85927 1.90779 4.09452 1.877 1.62196 1.86529
threshold=1.0000000180025095e-35 1.5000000000000002 1.0000000180025095e-35 2.5319919586181645 4.5000000000000009 631.00000000000011 7.5000000000000009 0.21174097806215289 34.500000000000007 2266.5000000000005 824.50000000000011 18.500000000000004 35.500000000000007 441.50000000000006 3.5000000000000004 1998.5000000000002 62.500000000000007 25.055555343627933 1.5000000000000002 1.5000000000000002 15.500000000000002 3436.5000000000005 3.7529759407043461 210.50000000000003 240.50000000000003 0.017612761817872528 19.500000000000004 14.500000000000002 29.500000000000004 2856.5000000000005 0.0016403359477408232 4107.5000000000009 0.50147825479507457 39.500000000000007 2496.5000000000005 9.5000000000000018 2111.5000000000005 24.500000000000004 125.50000000000001 210.50000000000003 0.94374412298202526 0.0026627072365954523 8.5000000000000018 43.500000000000007 8.2404446601867694 1523.5000000000002 1.0249245166778567 1.0021758079528811 3.5168188810348515 48.500000000000007 8.603492736816408 56.500000000000007 3436.5000000000005 0.00025533197913318878 0.29166667163372045 2.2316637039184575 20.442836761474613 2.9199811220169072 2.8678358793258671 216.50000000000003 0.8852146863937379 1.1729229688644411
decision_type=2 2 2 2 2 2 2 2 2 2 2 2 2 2 2 2 2 2 2 2 2 2 2 2 2 2 2 2 2 2 2 2 2 2 2 2 2 2 2 2 2 2 2 2 2 2 2 2 2 2 2 2 2 2 2 2 2 2 2 2 2 2
left_child=-1 2 8 4 5 7 -7 12 50 -10 11 44 13 17 -14 -16 -17 18 20 -20 -3 49 26 -24 -25 27 45 -26 32 30 -30 -31 33 36 -35 -36 -6 -38 40 -40 -11 42 43 -42 -5 -21 47 48 -47 -8 51 57 -53 54 -54 56 -52 58 60 -58 -2 -62
right_child=1 3 -4 10 28 6 21 -9 9 38 -12 -13 14 -15 15 16 -18 -19 19 22 -22 -23 23 24 25 -27 -28 -29 29 31 -32 -33 -34 34 35 -37 37 -39 39 -41 41 -43 -44 -45 -46 46 -48 -49 -50 -51 55 52 53 -55 -56 -57 59 -59 -60 -61 61 -63
leaf_value=-0.050525075767324595 -0.013441704012016713 0.02319968060555886 -0.064060318970526206 -0.0010725046631555304 0.0046417610326746741 -0.056835760857848784 0.005304073168420814 0.036454189426716972 -0.020103718750952335 -0.028837469869892052 -0.047058175060499099 0.014724627976816821 0.059732694427056879 -0.049201224349176537 0.028149882339130211 -0.031785036022340715 0.023566338233764292 -0.01352588242362225 0.029029814928592523 -0.013021747129237171 -0.010470478009866474 0.015684948206870698 -0.023191483124825722 0.033469357369266713 0.034327313370850564 -0.039351060010920424 0.0315605308626936 -0.0042896583738080427 0.030693473552056379 -0.053431247911476701 -0.0056272620089968597 -0.0016918327567971032 0.041070763205121014 0.020532193221158117 -0.036473765639077095 0.008402649313434974 0.023990330635055887 0.057829319973631603 -0.056104423850967304 0.0029794249737368772 0.0060460823668876604 0.036645336567549168 0.037242911807638182 -0.03790957567367919 -0.035433948062706118 0.0095816027478112225 0.014500886262348465 -0.036058061991489997 -0.037416453105106856 -0.04061812831392278 0.0040484884622685562 -0.054933883663893415 -0.0086513979631649956 0.014584590221151598 -0.044051935893555196 0.011146404828372104 -0.058707236439749434 0.024786610941455449 -0.045822506016222633 7.2187722815858998e-05 0.011889527762485242 0.00030528869085156397
leaf_weight=31.62226069704775 13.677167475339955 6.3397718118503716 3.4444654925900968 6.1331627517938667 4.5266915783286121 2.9215843379497519 2.7431868221610767 6.1157357529737046 22.249282589415088 3.0862968257861274 3.0939352549612513 6.9330744137987486 5.2357398057356503 4.1825099308043709 8.9236396141350287 6.8772455195430648 4.6910438886843622 18.178418993018568 14.016969905234872 6.7300611156970254 24.198255814611912 5.9299602909013629 9.2987478536088037 5.8261472973972586 4.2587696178816241 4.5595856208819887 8.328813383355735 6.844330289401114 8.4724294478073734 2.7515013199299565 6.6276282477192572 2.6235640007071197 6.6261526211164883 16.048275699373338 4.8624996878206712 6.4510066416114569 7.1490224711596948 5.6157573563978076 2.2972845726180813 2.5364716285839677 11.081183917121967 4.4581246818415812 3.1974871931597582 3.8275326536968342 5.6653718128800392 13.224715287331493 56.004086615284905 2.6818071212619534 2.0569997670827425 3.6342882619937882 16.846365227189384 4.6193146537989369 24.995837073773149 7.9033554033376268 6.7986412388272575 65.484621800365858 3.6222068880451834 9.5033322852104885 4.4028177969157687 2.1729138395166956 54.815466110128909 94.92923811043147
leaf_count=60869 678 92 306 113 40 50 45 82 698 373 47 91 39 77 82 140 71 276 153 69 385 71 158 70 67 83 122 102 87 65 93 39 84 175 67 52 75 50 119 80 213 86 57 112 87 340 702 37 76 73 363 66 492 117 60 1088 96 157 72 44 811 1349
internal_value=0.000255874 0.00257195 -0.000578928 0.00609401 0.0073502 0.005042 -0.0135339 0.00633627 2.42621e-05 -0.00859554 -0.0114926 -0.00561817 0.0054693 0.00378136 0.0177203 0.006986 -0.00933956 0.0049953 0.00704365 0.00944508 -0.00348047 -0.00325468 0.00715387 -0.0027039 0.00616158 -0.00399627 0.0105629 0.0105225 0.0148711 0.00348218 0.0147518 -0.0281773 0.0194186 0.0162056 0.00754184 -0.0108851 0.029915 0.0388775 -0.000196191 -0.0251007 0.00449696 0.00905637 0.00226339 -0.00523871 -0.017572 0.00839577 0.0103445 -0.00261377 0.00325542 -0.0208653 0.00149165 -0.00055746 -0.0147625 -0.0100881 -0.0162211 0.00664534 -0.00637284 0.00299261 0.00175849 -0.0366676 0.00304039 0.00454581
internal_weight=724.954 693.332 365.949 327.382 305.557 233.802 15.229 218.573 362.505 52.7337 21.8255 18.7316 212.458 186.73 25.7277 20.4919 11.5683 182.547 164.369 133.831 30.538 12.3074 119.814 30.7876 21.4888 15.6627 89.0265 11.1031 71.7545 20.4751 15.1001 5.37507 51.2794 44.6533 27.3618 11.3135 17.2915 12.7648 30.4844 4.83376 25.6506 22.5643 18.1062 14.9087 11.7985 80.6977 73.9676 17.9635 15.2817 6.37748 309.771 221.645 44.3171 39.6978 31.7945 88.1261 22.6415 177.328 167.825 5.79512 163.422 149.745
internal_count=72933 12064 7437 4627 4289 3462 239 3223 7131 1738 338 291 3141 2809 332 293 211 2732 2456 1979 477 189 1826 480 322 252 1346 169 827 284 180 104 543 459 294 119 165 125 1040 199 841 468 382 325 200 1224 1155 453 416 118 5393 3802 735 669 552 1591 503 3067 2910 140 2838 2160
is_linear=0
shrinkage=0.05


Tree=76
num_leaves=63
num_cat=0
split_feature=19 4 34 2 32 32 12 15 15 17 18 17 17 2 17 19 9 15 15 7 32 5 9 16 16 32 16 4 7 10 16 7 7 16 33 2 32 32 2 15 36 17 7 19 15 15 18 15 16 7 2 7 2 18 15 18 18 7 7 5 7 31
split_gain=31.9302 2.792 3.1984 3.58358 2.71285 2.07705 2.69539 3.7784 2.16732 2.99274 3.70119 3.30831 3.2441 3.17114 2.50896 2.31591 2.02276 2.51661 2.00959 2.00492 2.00447 1.83376 3.07519 1.73437 1.70455 3.10344 2.76669 2.4948 3.72458 2.06666 1.82008 2.89442 1.63867 1.61713 1.59467 3.14261 3.5497 3.01466 2.9198 2.54638 2.46773 2.4324 2.42585 2.07575 2.95767 2.567 2.13228 2.20314 2.05067 1.91576 3.31384 1.89668 1.84356 1.72016 1.56761 2.1789 1.49899 2.96649 2.38074 1.75487 1.83025 1.73828
threshold=1.0000000180025095e-35 19.500000000000004 0.49556067585945135 168.50000000000003 3.3632726669311528 4.5028574466705331 1.0000000180025095e-35 0.45468705892562872 13.985294342041017 30.7179069519043 6.5000000000000009 25.240055084228519 9.2679944038391131 41.500000000000007 8.2404446601867694 3.5000000000000004 1.5000000000000002 13.211111068725588 2.5022935867309575 58.500000000000007 4.19482445716858 3967.5000000000005 1.5000000000000002 3.4093986749649052 1.1557172536849978 5.5626702308654794 1.2360472083091738 36.500000000000007 129.50000000000003 1.0000000180025095e-35 1.0067931413650515 20.500000000000004 16.500000000000004 1.1011993885040285 3.8286455037450659e-06 90.500000000000014 2.9408290386199956 2.8001687526702885 130.50000000000003 3.5274435281753544 0.039697589352726943 3.396040797233582 41.500000000000007 1.5000000000000002 8.0050001144409197 1.2313120365142824 8.5000000000000018 2.8352712392807011 1.1640579104423525 17.500000000000004 56.500000000000007 6.5000000000000009 87.500000000000014 20.500000000000004 4.6015872955322275 20.500000000000004 42.500000000000007 132.50000000000003 188.00000000000003 4513.5000000000009 9.5000000000000018 0.018231384456157688
decision_type=2 2 2 2 2 2 2 2 2 2 2 2 2 2 2 2 2 2 2 2 2 2 2 2 2 2 2 2 2 2 2 2 2 2 2 2 2 2 2 2 2 2 2 2 2 2 2 2 2 2 2 2 2 2 2 2 2 2 2 2 2 2
left_child=-1 5 3 4 -3 6 8 -8 15 10 13 12 14 -10 -12 16 34 20 -4 -7 23 22 -14 -18 25 27 -26 29 -29 -5 31 -31 -25 -6 35 36 37 40 -37 -40 41 42 -2 44 45 56 -45 -48 49 51 -51 -47 -52 -38 55 -17 57 59 -59 60 -36 -62
right_child=1 2 18 24 33 19 7 -9 9 -11 11 -13 21 -15 -16 54 17 -19 -20 -21 -22 -23 -24 32 26 -27 -28 28 -30 30 -32 -33 -34 -35 43 38 53 -39 39 -41 -42 -43 -44 46 -46 48 47 -49 -50 50 52 -53 -54 -55 -56 -57 -58 58 -60 -61 61 -63
leaf_value=-0.050502527563286173 0.012454622207916134 -0.0085441439155315782 0.0069994730411973337 -0.027905567237992524 0.010979010568177199 0.00023479324826712175 -0.024853845518756575 0.042736157192237646 -0.039522711597260937 0.019844763081346042 -0.026242937010164398 -0.07161936734865218 -0.037617913042351549 0.019367135319607084 -0.083082754088319472 0.024751945392890509 -0.0013051800670130689 0.046523568951606344 0.047217874883105436 -0.054003429039255438 -0.046897088440953763 -0.027605619346671995 0.018899676220516276 -0.05341381492535871 0.03379110017079922 0.028365702463059941 0.0039362244874278293 -0.042854686410182419 0.012362880609967862 0.045657958712990387 0.041741306411166273 -0.034719105300448916 -0.00052796778255924219 0.048833632681981612 0.045476487995662479 -0.04886579653663678 0.014928126787955222 -0.052686109566609435 0.032709524809717054 -0.031340669753256792 0.024318980517321676 -0.045942024831450247 -0.03265500342463442 0.042387952941770182 0.037253309274482914 -0.025657390941763194 -0.00087893673115230567 0.030795542362941866 0.012894443699403095 -0.05700567134314536 0.017956154053843702 0.011716654164538581 -0.032400038000667201 0.058157441693625189 0.038879238202253058 -0.021750915094201406 0.044325094656122818 -0.069029485025273604 0.0022319660538752265 0.036982454419477999 -0.007184297730243986 0.026957407968467163
leaf_weight=29.80260742568862 10.900354583398448 4.1074579686392125 5.0628093772684215 3.7547656747046867 3.9821091378107658 3.408331871032714 2.7745831958018234 8.1156044420786184 2.8379000006243578 7.9063907593954346 10.414528236025943 3.0700071523897341 3.1354553098790374 11.75443114992231 2.386308724875561 6.9292615577578562 252.74048472233699 2.6595937572419635 8.0359425097703916 3.4069864037446678 2.5022594542242578 5.9238496487960211 10.357115706428884 3.1421445477753869 8.4353744396939856 5.2815592456609002 96.942578339017928 10.766342140734194 4.2632636206690213 1.8028859177138654 3.9166863979771733 2.9572514253668487 2.7436690065078437 9.6782381259836239 2.7436927519738736 6.0415216336841677 6.2843413578812015 2.8511628865962839 3.0345339621417224 3.1756820899900049 8.1584309985628334 3.5427827015519133 4.1018611022736868 7.7497236079070744 6.2984701031818977 5.3897942993789938 13.481546019436793 9.2611962014343572 9.0165112433023733 5.7200989534612727 3.7960220127133653 9.1704952423460764 3.4873643794562668 3.6306595550850034 6.4990346087142816 3.9576180099975318 3.0822297307895488 2.0652939910069099 2.709881387418136 6.4283066515345118 14.137672694982031 5.0633058298844835
leaf_count=60869 173 95 77 107 75 52 36 166 49 129 241 41 77 254 28 79 5078 46 105 53 51 114 139 91 99 64 1167 256 84 36 56 93 45 93 33 114 96 69 57 69 137 94 82 84 75 86 224 114 104 87 64 163 111 54 72 68 62 42 74 96 306 78
internal_value=0.000164085 0.00236212 0.00794284 0.00594888 0.0270854 0.000541481 0.00090707 0.0255157 0.000371388 -0.00873546 -0.0132657 -0.0220243 -0.0172983 0.0079143 -0.0368389 0.00156066 0.000829142 -0.00186805 0.031673 -0.026879 -0.00236092 -0.00441558 0.0057659 -0.00193002 0.00322988 -0.00673478 0.00632607 -0.0134856 -0.0271918 0.00308502 0.0164957 -0.00427656 -0.0287611 0.0377987 0.00523947 -0.00199707 0.00486963 -0.00381535 -0.0241185 -4.34509e-05 0.00140265 -0.00867884 0.000120883 0.00865442 0.00438241 0.00153893 0.0197376 0.0120194 -0.00780433 -0.0145752 -0.0285236 -0.00211813 -0.00615494 0.0307578 0.0194473 0.00784714 0.0109724 0.00787117 -0.0285891 0.0140074 0.0072773 0.00181888
internal_weight=716.778 686.976 168.987 155.889 17.7678 517.988 511.173 10.8902 500.283 57.786 49.8796 35.2873 32.2173 14.5923 12.8008 442.497 425.111 263.788 13.0988 6.81532 261.129 19.4164 13.4926 258.626 138.121 32.7428 105.378 27.4612 15.0296 12.4316 8.67682 4.76014 5.88581 13.6603 161.323 51.7213 39.4696 29.5546 12.2517 6.21022 26.7034 18.545 15.0022 109.602 79.1091 72.8107 30.4925 22.7427 36.5803 27.5638 13.0035 14.5603 7.28339 9.915 17.3859 10.8869 36.2304 33.1482 4.77518 28.373 21.9447 19.201
internal_count=72933 12064 2407 2225 263 9657 9552 202 9350 1072 943 640 599 303 269 8278 8059 5311 182 105 5265 330 216 5214 1962 696 1266 632 340 292 185 129 136 168 2748 945 705 555 240 126 486 349 255 1803 1381 1306 422 338 615 511 262 249 175 150 219 147 691 629 116 513 417 384
is_linear=0
shrinkage=0.05


Tree=77
num_leaves=63
num_cat=0
split_feature=19 4 1 15 17 31 17 16 16 4 2 1 16 1 2 18 17 4 7 16 1 8 7 9 6 36 1 1 8 1 15 7 31 7 36 8 17 33 1 17 15 16 17 31 36 31 17 16 16 17 7 16 16 1 2 6 6 2 16 8 7 17
split_gain=30.1146 2.63906 2.3771 2.62959 2.47115 4.11633 2.40205 2.49609 3.92549 2.26506 2.14421 3.98633 2.14498 1.84584 2.0094 2.97992 3.28242 1.8448 3.24114 1.9649 1.9562 1.82932 1.9488 1.80577 2.43542 2.25502 3.34443 2.56621 2.37877 2.57192 3.12683 2.1894 2.10772 2.00168 1.93627 1.89051 1.90625 2.42921 1.97956 1.96886 2.28446 2.2181 1.77832 1.76592 2.29408 2.44365 1.933 1.73588 2.92205 1.7285 1.67371 2.25382 2.09636 2.724 2.35361 2.15918 1.89851 1.80233 1.65893 3.28263 1.64761 1.92319
threshold=1.0000000180025095e-35 4.5000000000000009 28.500000000000004 12.012499809265138 9.4709076881408709 4.3983984596707168e-06 13.718648910522463 2.2106565237045293 1.9053691029548647 6.5000000000000009 55.500000000000007 3.5000000000000004 1.0866181254386904 24.500000000000004 1777.0000000000002 5.5000000000000009 25.240055084228519 45.500000000000007 12.500000000000002 1.5227569937705996 10.500000000000002 1740.0000000000002 8.5000000000000018 1.5000000000000002 0.0072627298068255195 5.1386594350333332e-05 11.500000000000002 8.5000000000000018 4217.0000000000009 19.500000000000004 1.0715116858482363 31.500000000000004 0.0064667782280594119 53.500000000000007 7.3904948294512005e-06 1370.5000000000002 4.3907034397125253 0.0019832873949781065 22.500000000000004 1.6978539228439333 3.7350877523422246 1.9953403472900393 2.6356055736541752 6.9336087449300987e-07 2.4942029085650578e-05 4.298389058021713e-06 3.6544337272644047 2.9692879915237431 2.4080677032470708 0.24435146898031238 1.5000000000000002 2.0582987070083623 1.0933960080146792 46.500000000000007 117.50000000000001 0.00011518172323121691 0.0010230166953988375 168.50000000000003 1.6192045211791994 3978.5000000000005 13.500000000000002 4.0565354824066171
decision_type=2 2 2 2 2 2 2 2 2 2 2 2 2 2 2 2 2 2 2 2 2 2 2 2 2 2 2 2 2 2 2 2 2 2 2 2 2 2 2 2 2 2 2 2 2 2 2 2 2 2 2 2 2 2 2 2 2 2 2 2 2 2
left_child=-1 10 3 43 5 -5 -6 8 13 58 23 12 -12 14 15 -8 -17 19 -19 -18 -20 22 -9 25 35 26 -2 33 29 30 -29 32 -26 -27 -28 42 38 -38 39 40 41 -37 -25 -3 -45 -46 -47 48 50 -40 57 52 53 54 -52 -56 -57 -11 59 -4 61 -31
right_child=1 2 9 4 6 -7 7 21 -10 47 11 -13 -14 -15 -16 16 17 18 20 -21 -22 -23 -24 24 31 27 34 28 -30 60 -32 -33 -34 -35 -36 36 37 -39 49 -41 -42 -43 -44 44 45 46 -48 -49 -50 -51 51 -53 -54 -55 55 56 -58 -59 -60 -61 -62 -63
leaf_value=-0.050478256154011497 -0.040040389379801061 -0.02385452164113205 -0.058823443328291147 0.0158907359353446 0.030565720279381904 -0.05527917558625705 -0.044619980965729632 -0.0092051946480223058 0.029692222947597199 0.049608202663958538 0.0021708590973618029 -0.0024387296659183814 -0.03994805622081482 0.024576687122704707 0.019364660006042395 0.023276576954036621 -0.011729178762199767 0.023293004812000681 0.0019744428588617797 -0.051366235343535897 -0.047197160530205839 0.007941437594533229 -0.059267481199965714 -0.0036462303248885222 -0.051637703979351149 0.027973450856561905 0.038548817869942145 0.0096841859744571657 0.039173995122837799 0.0064189666425308522 -0.035256239619286048 -0.058302505916042247 -0.00015351130975489743 -0.0087760851846185612 -0.010966930190754599 0.0080534924290393099 -0.0057017733186898794 -0.056341817361891124 0.024770518378802762 0.012388952208375699 -0.040835669017531329 -0.03136419753279527 0.041505926472967178 0.029586820134128063 -0.025217563646593711 -0.022878391956818185 0.012373406904928559 -0.032323107360164582 0.036533802114967165 -0.013349730210082287 -0.053222398468292034 -0.033432885321144093 0.0054710308884581872 0.032118792771327898 -0.059341919190270764 0.027353982921009042 -0.018419234132606651 -0.00065361875468744038 0.0059475982096582058 0.012584023602749501 -0.003935199176972516 0.043829056291183756
leaf_weight=28.10837714608715 5.9311888003721824 3.4629482282325617 5.0638394867419247 3.5447603752836567 7.5669327517971388 4.7597704757936299 4.9565991964191189 3.8784346859902126 12.821675475686787 3.4222983460058449 3.9710246666800257 64.572475946915802 12.658946181181816 6.360076015116646 7.8485496100038281 8.8759107044897956 9.957175033399837 7.8744622794911256 4.1913896361365897 4.5578422220423809 3.9091194304637611 3.8238786095753312 3.8974310490302742 3.7988106259144825 2.5411662785336366 23.83992892224342 3.341129085980354 6.7012326088733962 4.2018293046858153 9.1318693989887851 9.1628352710977179 3.1556278788484624 9.1315352126257476 4.3872686871327451 4.8262476762756705 19.492810297291733 7.6855904495459963 3.4229020762722939 3.304294276982545 40.577706926153041 3.814491261728107 4.3688263115473083 5.1195302200503647 17.054140292108059 4.7099686996079972 4.0007927864789954 138.84711739129853 3.6908117821440092 5.9470185972750178 29.722446719068103 4.3772137494524967 5.2722439044155172 53.254198370035738 2.7196366041898719 1.85900134500116 3.7339313689153624 5.7595539708854631 3.7249048440717161 3.4228533969726413 2.3592910161241889 13.061336321406996 5.5073413318023077
leaf_count=60869 89 52 146 51 104 77 101 50 103 41 79 1411 110 87 84 124 146 94 46 50 58 61 54 77 56 362 55 133 61 134 156 220 321 75 74 321 166 74 55 606 55 75 56 188 84 64 2100 84 83 808 196 103 829 73 56 102 266 69 92 88 344 85
internal_value=0.000236193 0.0023358 0.00517157 0.00767547 0.00120314 -0.0249005 0.00359797 0.00113797 0.00463504 -0.00121701 -0.001091 -0.00806077 -0.0298906 -0.00085392 -0.00395412 -0.00808337 -0.00348301 -0.011273 0.000450468 -0.0241756 -0.0217546 -0.0203733 -0.0342975 0.00141073 -0.00222327 0.00690197 -0.0114636 0.0103092 0.00324603 -0.000219246 -0.0162727 -0.0213512 -0.0113617 0.0222616 0.00928908 0.000114885 -0.00164343 -0.0213057 0.000513138 0.00537565 -0.004907 0.000836509 0.0222731 0.011481 0.0122244 0.0102177 0.0113861 0.00128537 0.00266255 -0.00953584 0.000268044 -0.00188099 0.000438969 -0.0140861 -0.0220749 -0.0100652 -0.000415936 0.0234133 -0.0228495 -0.036128 0.00897454 0.0204928
internal_weight=707.045 678.936 371.506 266.899 98.824 8.30453 90.5195 82.9525 71.3528 104.607 307.43 81.2024 16.63 58.5311 52.171 44.3225 39.3659 30.49 15.975 14.515 8.10051 11.5997 7.77587 226.228 136.136 90.0922 14.0986 75.9936 47.7664 43.5646 15.8641 14.8283 11.6727 28.2272 8.16738 121.307 112.389 11.1085 101.281 68.2538 27.6761 23.8616 8.91834 168.075 164.612 147.558 142.848 93.7608 90.07 33.0267 84.123 76.9758 71.7035 18.4493 15.7297 11.3525 9.49349 7.1472 10.846 7.42313 27.7005 14.6392
internal_count=72933 12064 6006 3778 1290 128 1162 1058 893 2228 6058 1600 189 790 703 619 518 394 198 196 104 165 104 4458 2890 1568 218 1350 913 852 289 597 377 437 129 2293 2160 240 1920 1057 451 396 133 2488 2436 2248 2164 1902 1818 863 1735 1625 1522 693 620 424 368 110 326 234 563 219
is_linear=0
shrinkage=0.05


Tree=78
num_leaves=63
num_cat=0
split_feature=19 0 16 5 19 31 8 1 36 8 35 6 17 18 1 6 36 31 14 8 0 1 1 18 0 1 17 2 2 5 36 0 6 6 16 14 16 36 8 17 33 17 0 19 36 31 35 1 16 33 0 16 1 33 18 2 8 9 6 18 8 2
split_gain=28.4044 3.16664 2.05984 2.04963 2.45685 2.42049 3.56509 2.45543 1.90241 4.09773 2.7119 2.38798 2.30053 2.17741 4.12599 3.41126 3.94736 2.43178 2.22576 2.13811 2.13068 1.9266 3.129 3.73933 2.52322 2.03335 2.77764 2.52459 3.41392 2.08596 3.80242 1.91414 2.8753 2.18085 1.89023 1.88247 3.49729 2.05772 1.85872 1.85272 1.84613 1.83418 2.43406 2.25348 1.71971 1.66511 1.74589 1.7021 1.64964 1.63833 1.63108 2.77717 1.6221 3.20196 2.81282 1.62289 1.82438 1.57273 2.44489 2.36491 1.77397 1.48427
threshold=1.0000000180025095e-35 0.69139862060546886 0.44236989319324499 1881.5000000000002 4.5000000000000009 0.0051092079374939212 1255.5000000000002 1.5000000000000002 0.018876588903367523 2355.0000000000005 0.13392857462167743 0.0039383259136229762 14.17503595352173 11.500000000000002 1.0000000180025095e-35 0.003036664798855782 0.005608834559097887 0.00099177926313132069 2.4414010047912602 1529.5000000000002 0.7368602752685548 31.500000000000004 18.500000000000004 5.5000000000000009 0.71103858947753917 10.500000000000002 1.8483139872550967 93.500000000000014 72.500000000000014 6011.5000000000009 0.00019105539104202765 0.69546890258789074 0.0028943361248821024 0.0025162149686366324 2.1710938215255742 2.7403194904327397 1.5680143237113955 0.030194026418030265 2020.5000000000002 3.7599775791168217 0.0019832873949781065 3.2500417232513432 0.75934982299804699 1.5000000000000002 0.0031041273614391689 0.018795999698340896 0.032795699313282974 1.0000000180025095e-35 1.1426820755004885 0.00033579842420294886 0.74404335021972667 1.0003581047058108 13.500000000000002 0.00093684237799607228 16.500000000000004 32.500000000000007 1799.0000000000002 6.5000000000000009 7.5572777404886446e-06 18.500000000000004 3675.5000000000005 78.500000000000014
decision_type=2 2 2 2 2 2 2 2 2 2 2 2 2 2 2 2 2 2 2 2 2 2 2 2 2 2 2 2 2 2 2 2 2 2 2 2 2 2 2 2 2 2 2 2 2 2 2 2 2 2 2 2 2 2 2 2 2 2 2 2 2 2
left_child=-1 -2 -3 45 5 8 -7 38 11 12 -11 13 -10 15 -15 16 19 -18 61 -5 -14 22 25 -24 -25 27 -27 28 41 30 -29 -20 33 40 -6 37 -37 -9 -8 -28 52 43 -43 50 -36 46 -4 -47 -26 -41 -21 -52 57 55 -55 -54 -57 58 -33 -60 -61 -16
right_child=1 2 3 4 34 6 7 35 9 10 -12 -13 20 14 18 -17 17 -19 31 21 -22 -23 23 24 48 26 39 29 -30 -31 -32 32 -34 -35 44 36 -38 -39 -40 49 -42 42 -44 -45 -46 47 -48 -49 -50 -51 51 -53 53 54 -56 56 -58 -59 59 60 -62 -63
leaf_value=-0.05045361125200909 -0.0035165321796437133 -0.032955465497082032 0.066272348078763518 0.040692923023117937 0.016462353217344464 -0.064551549316720608 0.038453112578716545 0.035123281086299099 0.046963282576615965 -0.054651777831890062 0.0091084011286473778 -0.025416544367596057 -0.0065162255641508272 -0.033779292718246201 -0.023288727753488701 0.04639675931835234 -0.062551090300139459 -0.0086045788520264458 0.027283779355524729 0.021910232372943088 0.02902972730214555 0.025768775343854952 -0.04806160392619524 0.028163176672367448 0.0065877959167679858 0.054218478468784415 -0.01705276747569125 -0.067094828438781118 0.050498408993538219 0.017424468088517064 -0.0049277823441609423 0.039941394629496606 -0.030874541590900473 0.038584751855534817 -0.027469890184546864 -0.010472150293296296 -0.065379070904746137 -0.0042612416232250807 -0.0060918558953881935 0.0080017433176289305 -0.02947303739309793 -0.030621599013854944 0.018746072228550893 0.047619989489111537 0.015099445002988772 0.047723728748948264 0.010449377465679366 0.0077753584239144804 -0.048493336789159368 0.047835841360675285 -0.044292964325087163 0.013301266119091042 -0.028846064423565489 0.061319823618690497 0.00019198590650319552 -0.039396155480317552 0.00067843379738750931 -0.011580264021775828 -0.0092121656158497545 0.027909893854206825 -0.0021466135886248866 -0.00071217702852407387
leaf_weight=26.465721734817635 171.26499005116057 3.6716629194852421 3.0778527318616389 5.3030302892439058 54.032094804570079 2.5399345681071273 5.428622820065355 4.0654938623774823 7.9877482219599214 2.9867885219864538 3.7760927579365671 7.3367534350836641 7.1061348426155773 8.7499803162645531 13.206262528896334 5.6270961683476335 2.5881113633513442 10.832317485997917 8.5467440907377732 8.7530530996155047 10.364727073349057 13.499657857697455 5.4737170960288521 5.0955352685414237 2.7331175680737942 5.3527688700705793 3.9647416141815475 3.3802679441869286 5.0019408417865625 4.6437746528536072 9.0316466828808171 7.7612852919846764 6.0222038103966034 4.5284368586726478 5.103879885748027 29.03000776557019 3.2220174921676508 18.000697709619999 4.1185078844428062 6.9553204984404129 4.1655778461135915 6.3209547742735577 4.1270010243169963 4.1281034282874307 4.4331887164153159 2.9347862782888106 2.57037279359065 29.157380235439632 2.7043275097385049 4.1045243644621223 3.366847566328941 5.5324474908411503 7.0164248304208732 3.4939374113455406 4.0789951600600034 3.0963998283259562 34.295420836773701 6.6456169579178086 11.853503712452946 15.442064682021739 7.1972805047407737 16.223529353737831
leaf_count=60869 3693 207 46 60 591 31 85 67 105 156 42 172 95 106 235 72 43 219 108 121 107 295 132 73 67 46 64 41 64 42 130 84 130 56 66 751 41 314 68 128 65 92 67 56 39 45 62 617 50 35 66 96 166 25 86 71 680 99 166 194 122 212
internal_value=0.000355982 0.00235391 0.00435754 0.00463258 0.00371427 0.00225231 -0.00645837 -0.00414799 0.00400301 0.0155446 -0.0190509 0.00275582 0.0247347 0.00346648 -0.000383025 0.00832849 0.0065854 -0.0190081 0.00151975 0.00972294 0.0145717 0.00814634 0.00552257 -0.014538 0.00288331 0.00982326 0.0232909 0.00476791 0.012066 -0.0111628 -0.0218584 0.00445052 0.00276233 0.004611 0.01284 -0.0082582 -0.0159574 0.002995 0.019237 0.0122724 0.00314643 0.00610114 -0.0111211 0.0143625 -0.00768206 0.0158346 0.0408686 0.0114286 -0.0208069 0.022785 0.00658509 -0.00848821 0.00449336 -0.00165607 0.0283946 -0.00678062 -0.00264012 0.0110303 0.0145864 0.00888127 0.0183546 -0.0108431
internal_weight=699.519 673.054 501.789 498.117 460.377 396.807 66.4053 63.8653 330.402 32.2215 6.76288 298.181 25.4586 290.844 162.324 128.52 122.893 13.4204 153.574 109.473 17.4709 104.17 90.6701 16.0067 10.533 74.6634 20.3774 54.286 37.2303 17.0557 12.4119 124.144 115.597 109.575 63.5692 54.3182 32.252 22.0662 9.54713 15.0246 105.047 32.2284 10.448 21.7805 9.53707 37.7404 5.64823 32.0922 5.43745 11.0598 17.6523 8.8993 100.881 51.9812 7.57293 44.4082 37.3918 48.8998 42.2541 34.4928 22.6393 29.4298
internal_count=72933 12064 8371 8164 7394 6698 1357 1326 5341 505 198 4836 307 4664 2605 2059 1987 262 2499 1725 202 1665 1370 322 190 1048 273 775 562 213 171 2052 1944 1814 696 1173 792 381 153 227 1758 498 159 339 105 770 108 662 117 163 283 162 1693 1028 111 917 751 665 566 482 316 447
is_linear=0
shrinkage=0.05


Tree=79
num_leaves=63
num_cat=0
split_feature=19 0 19 11 0 0 4 15 7 2 4 17 4 17 17 7 8 0 18 18 16 7 17 5 17 5 16 16 16 32 15 0 36 17 36 2 36 7 36 0 1 16 7 32 0 1 19 2 4 1 18 7 18 17 15 7 0 16 16 10 17 18
split_gain=26.8049 3.114 1.95539 5.90055 1.99436 1.83304 1.48565 2.64413 2.00954 2.38677 3.94912 1.98138 1.81745 2.51079 2.38348 2.41307 1.70348 2.13373 1.47851 1.92348 2.44915 1.5135 1.89685 1.58005 1.46686 1.32064 1.6886 1.40749 2.82277 2.39166 3.77458 3.66656 1.7912 3.33143 3.13362 2.57497 2.11764 3.47094 2.87797 2.32957 3.31262 2.53432 1.84461 1.53486 1.53068 1.59802 1.5191 2.45086 1.95068 2.60181 1.90245 1.43569 1.57507 2.0753 2.75761 1.912 2.00436 1.91068 1.78655 1.62158 1.36703 1.30363
threshold=1.0000000180025095e-35 0.69139862060546886 1.5000000000000002 1.0000000180025095e-35 0.81443023681640636 0.69281959533691417 2.5000000000000004 16.25657939910889 19.500000000000004 463.50000000000006 28.500000000000004 3.0309501886367802 44.500000000000007 11.380020618438722 12.910751819610597 30.500000000000004 2216.5000000000005 0.66759300231933605 17.500000000000004 11.500000000000002 1.480901896953583 42.500000000000007 2.1655398607254033 5553.5000000000009 1.9245283007621767 6489.5000000000009 2.9692879915237431 1.1557172536849978 1.1886010169982912 5.5626702308654794 23.035714149475101 0.73627281188964855 0.0010297723347321155 9.9550070762634295 0.00062992292805574845 113.50000000000001 0.0038062563398852949 13.500000000000002 0.0053526326082646855 0.73452186584472667 23.500000000000004 1.7347959876060488 24.500000000000004 2.8332396745681767 0.70431900024414074 32.500000000000007 10.500000000000002 654.50000000000011 21.500000000000004 12.500000000000002 25.500000000000004 215.50000000000003 11.500000000000002 77.322280883789077 8.4316773414611834 19.500000000000004 0.74404335021972667 0.86107954382896434 0.99949577450752269 1.0000000180025095e-35 23.828220367431644 4.5000000000000009
decision_type=2 2 2 2 2 2 2 2 2 2 2 2 2 2 2 2 2 2 2 2 2 2 2 2 2 2 2 2 2 2 2 2 2 2 2 2 2 2 2 2 2 2 2 2 2 2 2 2 2 2 2 2 2 2 2 2 2 2 2 2 2 2
left_child=-1 6 3 61 5 -4 7 11 9 10 24 18 13 -10 -15 -16 17 -13 19 21 -21 22 23 -2 -8 26 27 29 -29 30 51 -32 34 42 -30 -35 37 -37 -38 40 41 -40 43 -34 -42 -46 47 48 50 -50 -41 52 57 54 55 -54 58 -7 -57 -59 -58 -3
right_child=1 2 4 -5 -6 25 8 -9 12 -11 -12 16 -14 14 15 -17 -18 -19 -20 20 -22 -23 -24 -25 -26 -27 -28 28 32 -31 31 -33 33 35 -36 36 38 -39 39 46 44 -43 -44 -45 45 -47 -48 -49 49 -51 -52 -53 53 -55 -56 56 60 59 -60 -61 -62 -63
leaf_value=-0.050432470818433883 0.0049836547275795597 0.012337022897382968 0.037161032385731083 -0.067638406496009398 0.031072223095249291 -0.015886484818923977 0.037888340745868977 -0.050883263974526409 -0.0158702896014279 -0.021426863848407279 0.045425053518634781 0.017581792421392198 -0.035092688197404368 0.048733045463043557 -0.046256027873694809 0.0097556953868256011 -0.03124388450850147 -0.025519994211354348 0.015404871777327018 0.0044112040097225701 -0.061818207425604225 -0.036675379511400485 0.030404338781411439 -0.029108588877392025 0.0021593166228386471 0.025802693989910055 -0.021143495016661046 0.035606584779765499 0.010186619762500388 0.03225271293157643 -0.0027806488175185114 -0.074787411795308484 -0.011347742523942911 0.040507794124341447 0.050279210442505252 -0.05181526657611131 0.040019069234959868 0.0055558167200965734 -0.043640955949925765 -0.021539449255264211 0.030620985546390086 0.0035472990936603411 0.0052688073027288077 -0.051775591290538325 0.020440447351305673 -0.016651453565396355 0.0388098239923143 -0.017279286344681434 0.04719911402414189 0.0024900811353271851 0.022669990944352791 -0.020394164498991618 0.032655897306214321 0.033568535330836723 -0.050610142591083686 -0.049138483427491449 -0.0045554537085677454 -0.0017240602785561423 -0.0067065927225688077 0.034005529857187508 0.036230063553373174 0.00074810633842739723
leaf_weight=25.001504325518908 13.150403647916404 27.324420635239221 4.8118793782778075 3.0761760516616041 8.638559482758863 3.8216319244820651 3.0929755596444002 3.5967813248280427 20.555107152089477 6.7253195447847238 6.9000505781732491 5.601764667779209 5.313229903811588 3.210968216299082 2.267340959981083 12.656870998325756 12.377447868348098 5.8909766809083521 11.009357169503344 2.5178669609595081 3.1325986394658685 2.5418712573591611 5.2434777948074034 4.5830505671910933 40.331016653450206 8.1122033158317191 5.8931443551555267 9.1396884447894973 33.293488674797118 5.3043233351781955 3.711585048120468 3.3758383025415242 4.6215429212897998 5.4239161890000096 5.7094788216054431 4.1077072210609895 6.4458478745073071 7.3599945432506502 7.4249981967732328 5.0013639703393036 5.4145064176991609 4.6131449453532696 5.1845909403637043 4.7717895279638469 4.9300235081464034 7.0651506148278713 5.1335234036669126 6.6983268875628701 8.1297228191979212 5.4258427778258911 4.7395058646798134 6.5145594750065348 3.5096463991794833 3.5054541118443003 3.2364934864453963 3.862494862754831 5.6973719145171327 4.478185475803909 6.9340695647988468 10.917228653095663 3.2131843292154372 216.84453413728625
leaf_count=60869 283 526 62 254 115 161 52 95 508 130 91 102 96 46 83 252 411 114 200 67 68 74 86 99 836 102 87 96 391 63 103 58 54 66 54 49 64 110 88 47 41 47 69 64 48 89 50 87 67 67 61 174 61 46 80 151 91 61 109 138 53 4167
internal_value=0.000391635 0.00230498 0.00431877 0.00117801 0.00747322 0.00661498 -0.00351605 -0.00913482 0.000356402 0.00654885 0.0102875 -0.00686135 -0.00767194 -0.00390633 0.00965409 0.00124619 -0.018373 -0.00451142 -0.00034652 -0.0059101 -0.0323062 -6.53903e-05 0.00398467 -0.00382718 0.0047042 0.00598339 0.00526758 0.0059792 0.00867575 1.29995e-05 -0.00271105 -0.0370785 0.00693618 0.0034658 0.0160556 0.0071366 0.00494236 -0.0149944 0.00816149 0.00498153 -0.00539074 -0.0255579 -0.0186714 -0.031885 0.00855411 -0.00140666 0.0136765 0.00937504 0.0170388 0.0293036 -2.89574e-05 0.00166271 0.0045847 -0.00258212 -0.00737263 -0.00134518 -0.00740044 0.0157575 -0.0218867 0.0236126 0.010152 0.002045
internal_weight=689.117 664.116 493.417 247.245 246.172 237.533 170.698 69.6456 101.053 57.0494 50.324 66.0488 44.0035 38.6903 18.1352 14.9242 23.8702 11.4927 42.1786 31.1693 5.65047 25.5188 22.9769 17.7335 43.424 232.722 224.609 218.716 150.634 68.0821 62.7777 7.08742 141.494 102.491 39.003 87.9136 82.4897 11.4677 71.022 64.5761 29.4478 12.0381 14.5779 9.39333 17.4097 11.9952 35.1283 29.9948 23.2964 13.5556 9.74087 55.6903 49.1758 29.9587 26.4533 23.2168 19.7071 19.217 10.7966 15.3954 8.91056 244.169
internal_count=72933 12064 8371 4947 3424 3309 3693 1599 2094 1109 979 1504 985 889 381 335 627 216 877 677 135 542 468 382 888 3247 3145 3058 1709 1349 1286 161 1613 1168 445 981 915 159 756 692 313 135 187 118 178 137 379 329 242 134 108 1125 951 591 545 465 404 360 260 199 144 4693
is_linear=0
shrinkage=0.05


Tree=80
num_leaves=63
num_cat=0
split_feature=19 33 7 0 18 5 33 0 0 19 2 9 2 15 15 1 18 4 5 17 15 18 15 15 34 33 7 6 17 33 0 4 9 5 6 16 1 17 16 16 5 4 17 0 15 33 0 16 15 15 16 15 4 0 16 2 19 15 17 18 7 9
split_gain=25.1569 2.43575 2.8893 2.52346 2.81494 2.39535 3.777 2.31504 3.83886 2.42531 2.42388 2.89147 2.56259 3.21234 2.25579 2.96659 2.18249 3.97803 3.0223 2.18195 2.76541 2.75956 2.64847 3.48075 2.76792 2.63649 2.12922 2.69581 2.06294 2.77803 2.74112 2.27839 2.0628 2.03433 2.01139 3.3715 2.09457 3.75983 1.99256 2.00801 3.18593 2.61707 1.98906 2.16097 1.96405 2.41814 1.98582 1.88238 1.76602 5.55084 3.48648 2.35833 3.20399 2.0076 1.76428 2.38196 2.12753 1.7567 1.73991 1.71295 1.70192 1.66075
threshold=1.0000000180025095e-35 0.0025928451213985686 17.500000000000004 0.70923805236816417 5.5000000000000009 6011.5000000000009 2.9937028784843282e-06 0.7156667709350587 0.71708869934082042 20.500000000000004 321.50000000000006 6.5000000000000009 631.00000000000011 57.625000000000007 0.89680528640747081 23.500000000000004 32.500000000000007 4.5000000000000009 2440.5000000000005 28.660159111022953 12.012499809265138 5.5000000000000009 0.78601953387260448 0.53365698456764232 0.49725160002708441 0.0003446436749072746 12.500000000000002 0.0031669208547100429 23.828220367431644 0.0010520659270696344 0.71474647521972667 29.500000000000004 4.5000000000000009 5913.5000000000009 7.38850903871935e-05 2.0937006473541264 12.500000000000002 8.0674519538879412 1.5527758598327639 1.1498725414276125 2110.5000000000005 16.500000000000004 3.2500417232513432 0.70018196105957042 10.669540405273439 0.00035942698013968771 0.70478248596191417 1.7751502990722658 2.4739555120468144 8.0050001144409197 2.4590674638748173 0.76980057358741771 1.5000000000000002 0.6900310516357423 1.2654047608375552 90.500000000000014 1.5000000000000002 32.535715103149421 26.634079933166507 21.500000000000004 48.500000000000007 5.5000000000000009
decision_type=2 2 2 2 2 2 2 2 2 2 2 2 2 2 2 2 2 2 2 2 2 2 2 2 2 2 2 2 2 2 2 2 2 2 2 2 2 2 2 2 2 2 2 2 2 2 2 2 2 2 2 2 2 2 2 2 2 2 2 2 2 2
left_child=-1 5 16 54 -5 7 48 28 -9 10 19 12 -12 -14 -8 -16 18 -18 -3 20 22 -22 23 24 25 61 27 -20 30 58 31 33 57 34 35 60 37 42 39 40 -6 -41 -36 -44 45 -38 -47 -46 51 -50 -51 53 -53 -7 56 -56 -4 -23 -30 -21 -2 -10
right_child=1 2 3 4 38 6 14 8 9 -11 11 -13 13 -15 15 -17 17 -19 26 59 21 32 -24 -25 -26 -27 -28 -29 29 -31 -32 -33 -34 -35 36 -37 44 -39 -40 41 -42 -43 43 -45 47 46 -48 -49 49 50 -52 52 -54 -55 55 -57 -58 -59 -60 -61 -62 -63
leaf_value=-0.050413297796100182 0.026302052320477366 0.0083842613021331749 -0.046284281232895241 -0.038148554449092438 0.017690657047361859 -0.025805879676972305 0.044208285674450148 0.037523341800453303 0.023242766493480435 0.030884961426135518 -0.029578427013260612 0.031354678724502608 0.012719616264307679 -0.028803187419911131 0.023917805378829052 -0.019363696936074794 -0.042736516358505852 0.016536709335128085 -0.011364838097228205 0.039863252705370895 0.021771316794566925 -0.029897045751219965 0.0075685967194656523 -0.033593998724972748 -0.045445921395760203 -0.024208606186360775 0.056421407858497544 0.031924074473110985 -0.045162715289028883 -0.053077434314107198 -0.055389999545777613 0.02955498294637246 -0.047527489328530625 -0.023044311541639918 0.0061342005680790779 -0.019284232299111241 -0.012219995351825269 0.030849845361357514 -0.01696611324687286 0.0071114084970754195 -0.017066829266936746 0.038047043746411137 -0.045600903430249119 0.0098898450764647507 -0.047790429864568856 8.6130920687649184e-05 0.037328357698292243 -0.004650224148386407 0.027855030168395474 -0.031884272392857314 0.017386556287730753 -0.059371727038787847 -0.0057429828315532947 0.021282714537295005 0.032882590250733139 -0.022435537883511519 -0.0025470098801388882 0.017072711403664034 -0.006581083476622048 -0.0028141129491861035 -0.011884450219494719 -0.01776383247740608
leaf_weight=23.683854192615399 18.115571635309614 34.864491382963024 6.4743903136113676 3.4565048185759215 14.270462984059124 3.2943606185726839 8.3697549055796134 7.4380697628948829 14.735646360437395 6.5792555795051149 16.80083530722186 3.6666848356835535 12.284204289200717 7.5027385167777529 16.772935067769144 5.1822890173643819 4.4194983590859902 7.8738787397742271 4.5083491946570637 6.7203182590892521 3.6701816001441356 4.6680766334757191 105.72679326991783 9.7868961202912015 2.8030493010301134 5.1719642532989374 6.139911900041624 17.78083239949774 3.2881713281385627 4.4925787057727566 2.4455239321105173 5.5038126397412261 6.5721135518979272 11.889273974578826 12.620708163594832 7.2359657860361031 46.447698310134001 10.425704062450675 6.9540161169134072 15.355674789985644 12.254520260263233 12.322819577530025 4.9955462976358822 2.704223052598536 5.8954700969625247 16.301968424580995 4.5864093401469281 4.4277050704695284 16.459412788506601 9.8128411830402893 5.6621807287447146 4.4712803303264064 7.3851179592311382 7.2338306638412178 3.647010536864399 4.1722060590982437 4.8732604435645044 3.4707640139386058 26.252799655194394 3.6164904949255288 3.4780125583056352 2.9660815442912272
leaf_count=60895 266 647 322 101 401 64 100 97 262 53 260 54 150 83 191 125 97 100 62 97 60 92 1655 213 74 111 75 249 71 82 55 96 92 283 171 167 1294 126 89 218 369 135 93 52 183 390 69 122 208 164 112 67 118 105 54 54 136 60 520 69 79 71
internal_value=0.000216743 0.00203551 0.00741821 0.00102356 0.00574972 0.000319621 0.00798575 -0.00124289 0.0022039 0.000991821 5.6001e-05 -0.0109759 -0.0152181 -0.00302484 0.0221216 0.0137017 0.0145061 -0.00477216 0.0182504 0.00266965 0.00122754 -0.0170151 0.00360249 -0.00822155 0.00144937 0.00719613 0.03035 0.0231682 -0.00528618 -0.0164464 -0.00286807 -0.00203741 -0.0266918 -0.00320341 -0.0014845 0.0102535 -0.00460612 0.00643957 0.00823076 0.0114634 0.00163273 0.0208843 -0.00608446 -0.0261121 -0.00897923 -0.00586585 0.00826331 -0.0292872 9.40628e-05 0.00764216 -0.0138565 -0.0106742 -0.0259674 0.00654829 -0.0149089 0.00336574 -0.0275013 -0.00986705 -0.0108756 0.0249319 0.0201515 0.0163717
internal_weight=682.983 659.299 159.368 83.7809 64.614 499.931 84.644 415.287 224.18 216.742 210.163 40.2545 36.5878 19.7869 30.325 21.9552 75.587 12.2934 63.2936 169.908 159.572 18.3811 141.19 35.4636 25.6767 22.8737 28.4291 22.2892 191.107 34.0335 157.074 154.628 14.711 149.124 137.235 28.8295 108.405 30.7462 61.1575 54.2035 26.525 27.6785 20.3205 7.69977 77.6593 67.3361 20.8884 10.3232 54.319 31.9344 15.475 22.3846 11.8564 10.5282 19.1669 7.81922 11.3477 8.13884 29.541 10.3368 21.5936 17.7017
internal_count=72930 12035 3109 1879 1313 8926 1254 7672 3553 3456 3403 547 493 233 416 316 1230 197 1033 2856 2690 304 2386 731 518 444 386 311 4119 673 3446 3391 244 3295 3012 512 2500 442 1212 1123 770 353 316 145 2058 1753 459 305 838 484 276 354 185 169 566 108 458 152 591 166 345 333
is_linear=0
shrinkage=0.05


Tree=81
num_leaves=63
num_cat=0
split_feature=19 33 8 8 5 33 8 31 15 0 15 15 8 8 31 0 15 15 15 0 4 15 33 33 0 15 32 36 5 31 7 0 35 33 2 36 33 32 8 8 8 2 15 2 2 15 31 0 32 0 31 31 0 8 0 8 32 8 4 31 31 2
split_gain=23.5098 2.28204 4.06544 2.55439 2.0272 3.56492 3.05394 2.34805 2.13507 2.67061 2.11985 4.2856 4.01102 2.57094 1.91252 1.78383 1.74117 1.91872 1.83936 3.43477 1.71316 1.78547 2.47711 3.12256 1.94115 1.76019 1.71787 1.71008 3.51446 2.72812 2.62371 2.56856 2.39677 2.36583 2.3449 2.23899 3.53611 2.06942 1.76837 2.14843 1.79122 1.70278 3.53172 1.80358 1.60311 1.58124 1.71744 1.56542 2.52811 2.3684 2.32369 2.19962 1.66544 1.57366 1.52546 1.75317 1.60183 1.63314 1.56453 2.05387 2.59553 1.88524
threshold=1.0000000180025095e-35 0.0025928451213985686 2825.5000000000005 2509.0000000000005 6011.5000000000009 3.8286455037450659e-06 2856.5000000000005 4.2208910144836417e-06 0.91080269217491161 0.72743797302246105 2.400787472724915 8.0050001144409197 2405.5000000000005 6023.0000000000009 0.0020929408492520456 0.81443023681640636 0.78601953387260448 0.33404864370822912 0.20020449906587603 0.75831031799316417 467.50000000000006 10.669540405273439 0.0014315471053123476 0.00088228142703883361 0.62821674346923839 4.4968354701995858 4.8506186008453378 0.016413534991443161 2553.5000000000005 0.001053129031788558 9.5000000000000018 0.74620437622070324 0.027402402833104137 6.0527399909915411e-06 152.50000000000003 0.00019105539104202765 6.7121945903636529e-05 3.4819382429122929 2679.0000000000005 3638.5000000000005 2007.5000000000002 83.500000000000014 20.038461685180668 71.500000000000014 38.500000000000007 0.97930938005447399 7.5757179729407664e-07 0.66818428039550792 2.4820394515991215 0.67632675170898449 0.0004927059926558287 0.00023393096489598977 0.67218971252441417 3969.5000000000005 0.79251480102539074 1540.5000000000002 2.4688410758972172 1934.5000000000002 5.5000000000000009 0.0023807523539289836 0.0031291483901441102 55.500000000000007
decision_type=2 2 2 2 2 2 2 2 2 2 2 2 2 2 2 2 2 2 2 2 2 2 2 2 2 2 2 2 2 2 2 2 2 2 2 2 2 2 2 2 2 2 2 2 2 2 2 2 2 2 2 2 2 2 2 2 2 2 2 2 2 2
left_child=-1 4 3 16 7 10 -7 44 -8 -10 13 -12 -13 45 -5 20 17 18 19 -3 21 22 23 24 -9 -24 47 29 37 30 34 -31 33 -32 41 -36 -37 -29 40 -40 -34 43 -43 -23 -2 46 -6 48 -26 52 51 53 -49 -50 56 -56 57 -18 59 -58 -61 -62
right_child=1 2 -4 14 5 6 8 15 9 -11 11 12 -14 -15 -16 -17 54 -19 -20 -21 -22 27 25 -25 26 -27 -28 28 -30 31 32 -33 38 -35 35 36 -38 -39 39 -41 -42 42 -44 -45 -46 -47 -48 49 50 -51 -52 -53 -54 -55 55 -57 58 -59 -60 60 61 -63
leaf_value=-0.050394568694369257 -0.063073173181007108 -0.047853577236488774 -0.022227698296679727 0.082641218602719585 0.019231303516643705 -0.01958494992026124 0.052140379718646414 -0.038765054069962564 -0.0011022620735628714 0.038915620245275465 0.025529937156095556 0.021723867038176196 -0.029624126582903604 0.016816872216751488 0.023877010440496338 0.018053009978114345 0.0095302459563487464 -0.020733767313310579 0.039044916543403002 0.030123226797734489 0.025974556558892775 -0.013178269430682144 -0.0072816853285141052 0.02328380707929752 0.023496727927316302 -0.040365607482698337 0.032917180764386135 -0.039817342503246332 -0.050423202135697856 0.0015519543570906809 0.041105097665677194 0.047502531245173077 -0.017172022381055564 -0.021248423456083992 0.039740900901523671 -0.025500276611957546 0.019685464645816143 0.008081125304217434 0.0089127354031908728 -0.035524296427245382 -0.054197581377077454 0.0071010427639798023 -0.065572247237126985 0.03853563144790479 -0.014471360840419882 -0.037680500223779168 -0.025140214426406932 -0.00079369142976898452 -0.031698377023470677 -0.00015853870280796325 -0.054351631546133539 0.038264633446574992 -0.042794656752940807 0.018347377696677707 -0.0015118957105637561 0.040226716566601178 -0.04223251918866161 0.039335005472972917 0.0093668810608237806 0.043274671136841636 0.0096426195085896425 -0.02200555802137296
leaf_weight=22.326450769636722 2.240306528285144 2.7000737598864379 11.037596082780508 1.7146840784698705 3.6626868727617019 3.7999327615834799 6.8863468118943301 3.1526497979648402 8.2800921676680463 8.3971037343144399 17.097566192038357 6.0891117420978871 10.130707323085515 5.8843350564129642 7.192207492335001 12.215173291508107 12.007542941253634 10.547789389733223 3.4990460900007747 2.9608872354729101 5.6515725371427825 6.9730740503873658 13.892260554595852 15.604775337909812 16.939224656496666 5.6576921921223393 4.0739574648905537 3.07425343920477 6.6035946933552614 10.137270665261893 2.9105219098273691 4.3446303950622669 5.61812612693757 3.187025633174926 5.0228856587782529 7.106638575904074 11.080778965260832 8.4618253479711694 5.8870105342939478 5.0561449001543224 7.8038907591253519 2.9785573673434547 3.8104661018587649 2.2236755643971264 6.9919090727344155 8.0163520248606783 5.3900830834172666 4.0251707733841595 4.1150311534292978 198.96702151661157 2.0970447470899662 3.1236304379999638 5.7059832909144461 2.5405729480553418 3.6774215330369753 7.9651895128190517 3.2964532412588623 7.4463479723781338 61.301091714820359 3.0035120164975551 9.0724388894159365 9.7759344286750984
leaf_count=60895 54 88 722 11 53 72 80 109 144 76 225 108 184 82 238 195 204 238 68 39 63 182 267 295 332 95 54 94 123 168 40 44 85 61 46 128 141 157 73 73 98 60 90 38 169 127 103 97 102 3756 94 60 145 84 48 101 41 113 836 35 155 172
internal_value=5.43661e-05 0.00178692 0.00703256 0.0092422 0.000113984 0.00720731 0.0220106 -0.00133552 0.0287184 0.0190471 8.74064e-06 0.00806382 -0.0103475 -0.0116834 0.0351898 -0.000760193 0.00755837 -0.00619512 0.0105462 -0.00706889 -0.00135274 -0.00175686 0.000309065 0.00159804 0.00021534 -0.0168561 0.000724023 -0.00741034 -0.0213346 -0.00440846 -0.00851356 0.0153373 -0.0195208 0.00851457 4.10951e-05 0.0101904 0.00202937 -0.00468335 -0.0265368 -0.0116188 -0.0386996 -0.0146951 -0.0336882 -0.000674402 -0.0262652 -0.0215084 -0.00718781 0.000171829 0.011096 -0.0013365 -0.00659131 0.00365035 -0.0254215 -0.0125949 0.00986428 0.0270432 0.0079757 0.0209386 0.00505863 -0.00544308 0.000106772 -0.00677209
internal_weight=672.433 650.107 157.198 146.161 492.909 83.6343 27.3635 409.274 23.5635 16.6772 56.2708 33.3174 16.2198 22.9535 8.90689 400.042 137.254 19.7078 9.16001 5.66096 387.827 382.175 279.895 260.345 244.74 19.55 241.588 102.28 18.1397 84.1407 69.6588 14.4819 30.4627 6.09755 39.1961 23.2103 18.1874 11.5361 24.3652 10.9432 13.422 15.9858 6.78902 9.19675 9.23222 17.0691 9.05277 237.514 28.8155 208.698 11.8763 9.77923 9.73115 6.6556 117.546 11.6426 105.903 19.4539 86.4494 25.1483 21.8519 18.8484
internal_count=72930 12035 3109 2387 8926 1254 372 7672 300 220 882 517 292 365 249 7449 2138 433 195 127 7254 7191 5490 5128 4833 362 4724 1701 374 1327 1115 212 430 101 685 315 269 251 329 146 183 370 150 220 223 283 156 4670 672 3998 340 246 242 186 1705 149 1556 317 1239 403 362 327
is_linear=0
shrinkage=0.05


Tree=82
num_leaves=63
num_cat=0
split_feature=19 33 15 6 8 4 0 1 3 19 1 33 3 5 8 3 3 8 32 31 19 15 5 31 31 4 3 19 31 1 0 4 8 7 31 5 4 17 32 15 15 17 31 0 0 9 15 15 1 3 7 5 1 7 9 32 35 32 32 33 31 32
split_gain=22.1377 1.87231 2.64544 2.21657 2.39931 2.11616 2.17466 1.99248 1.9461 2.71763 2.06858 2.42092 2.19933 2.39716 2.16073 2.7787 2.3093 2.66682 2.65041 2.04693 1.64741 1.7431 1.5646 2.62258 2.20101 2.07752 1.82483 2.52632 2.87282 2.35666 1.92945 1.76183 1.62324 1.76684 1.74385 2.57443 1.86808 2.44038 2.38461 1.9194 3.60282 2.04625 1.73153 1.66361 2.22707 3.37069 1.77975 1.55964 1.53792 2.05311 1.86938 1.53121 1.49994 1.45275 1.44151 2.53078 2.12547 2.37111 1.99538 1.85021 1.42248 1.40131
threshold=1.0000000180025095e-35 0.003230884089134634 0.97930938005447399 0.0043092323467135438 1968.5000000000002 8.5000000000000018 0.71383094787597667 30.500000000000004 7.0483849048614511 5.5000000000000009 1.0000000180025095e-35 0.004594021476805211 5.7381825447082528 2536.5000000000005 2185.0000000000005 3.6242519617080693 4.686739683151246 1620.5000000000002 3.0746779441833501 0.012056580279022457 1.5000000000000002 10.669540405273439 6011.5000000000009 4.2208910144836417e-06 4.2208910144836417e-06 175.50000000000003 5.7945356369018564 5.5000000000000009 0.00077753816731274139 20.500000000000004 0.72588157653808605 14.500000000000002 5383.0000000000009 50.500000000000007 1.542388781672344e-05 5645.5000000000009 19.500000000000004 18.710964202880863 4.034879446029664 13.985294342041017 17.154761314392093 28.660159111022953 0.00011409690705477261 0.78008651733398449 0.76248550415039074 2.5000000000000004 0.75093984603881847 2.400787472724915 4.5000000000000009 6.0695817470550546 11.500000000000002 3436.5000000000005 29.500000000000004 27.500000000000004 5.5000000000000009 1.7486701607704165 0.13392857462167743 2.5222705602645878 2.4569536447525029 0.00088228142703883361 0.0011153221130371096 1.5338339209556582
decision_type=2 2 2 2 2 2 2 2 2 2 2 2 2 2 2 2 2 2 2 2 2 2 2 2 2 2 2 2 2 2 2 2 2 2 2 2 2 2 2 2 2 2 2 2 2 2 2 2 2 2 2 2 2 2 2 2 2 2 2 2 2 2
left_child=-1 22 5 4 -4 6 -3 61 9 10 -5 -12 13 14 16 -16 17 18 -13 -14 21 -18 24 -24 -2 26 32 31 29 -29 -30 -28 34 -34 35 47 39 42 -39 43 51 52 -38 44 54 -46 -45 -26 -33 50 -50 -41 -42 -40 59 -56 57 58 -57 -36 -51 -8
right_child=1 2 3 8 -6 -7 7 -9 -10 -11 11 12 19 -15 15 -17 20 -19 -20 -21 -22 -23 23 -25 25 -27 27 28 30 -31 -32 48 33 -35 36 -37 37 38 53 40 41 -43 -44 46 45 -47 -48 -49 49 60 -52 -53 -54 -55 55 56 -58 -59 -60 -61 -62 -63
leaf_value=-0.05037489305756046 -0.025258091308250276 -0.026972531425597881 0.048176392684188794 0.034895792942491032 0.0045401507580901156 -0.055548808792095977 0.024902484647346446 0.039671957705261301 -0.018568619076828281 0.049916145321975885 -0.040714035335979851 0.00034890499622531755 -0.031581934660125911 0.030429273865161546 0.021928879429841522 -0.044988822679506393 -0.015346292897593143 0.015099386785803427 -0.045391195461789213 0.013575465720904551 0.03386729978928537 0.030385069383377008 0.0023798561047490697 0.025337416394578052 0.046470450914371499 0.017383053253998873 0.010047919253543577 -0.004690818022880662 -0.04616322325851218 0.037146127166791748 0.001991402677307135 -0.045914477066279165 -0.00093292424706480385 -0.031369204954488653 -0.0040318362504808154 0.0011618059200949867 0.059628397507715362 -0.016883708397173864 0.036772870368241867 -0.078526944505594068 -0.003080338698217641 0.038723248645125684 0.017261633706266103 -0.008975174236495331 0.0035658232068962537 -0.03897018039432653 0.023208522777156137 0.011302438434664892 -0.007781765249833825 0.0024736966277382534 -0.059625728332688914 -0.024995567149712641 -0.038593057275608425 -0.0016074838966606379 -0.035579592555076325 0.0095590413679391695 0.044306223157843827 -0.0065673541087296816 0.066189824615261295 0.0093762415203371523 -0.024516228499438172 -0.011417885631225809
leaf_weight=21.035494700958225 9.0708926948718709 6.9036929882131579 7.4480628408491594 6.5083755908999583 5.4590780340367928 2.0935366093763141 3.5475289472378817 3.5389278706279574 6.5846969587728372 3.9924540454521766 2.7262449483387163 9.48663172661327 6.4660602811491099 12.323701085173523 2.4424105671932912 4.2519989250577055 4.6241058940067905 15.394524813920723 4.7542831068858495 4.1011503792833537 12.518123377114533 3.7927915491163731 67.031543355202302 15.274651166284455 6.6578979459591192 15.865344551159067 5.2413960604462764 6.0513116950169223 3.6121593909338099 7.5853451061993837 4.9046343660447747 5.2710823426023117 11.463620382768569 8.1638699118630011 132.3052946527896 20.613342852215283 3.3927752841264036 9.7298351357458177 5.0408191131427866 2.5935360821895328 13.996042785001924 2.3822727040387681 8.3398725802544487 6.1286797421053079 9.2530932489316928 9.3774001861456764 14.3621861358406 5.9879845250397921 2.8670927779749062 12.237482380354779 4.4182403137674555 2.7547164224088192 3.7754154016729435 4.8260548324324191 2.5616770803462741 3.9467421090230408 5.3695713724009684 10.435480084270237 2.567255767993629 31.940845720702782 8.1218175278045219 10.56344042283308
leaf_count=60895 223 293 68 85 119 120 55 107 104 48 44 169 131 197 94 254 92 269 63 78 125 50 1087 167 82 174 95 65 55 92 60 70 413 366 2549 333 37 208 56 46 258 36 133 114 161 113 263 84 47 196 103 55 143 75 71 112 51 242 24 562 149 300
internal_value=0.000101869 0.00174797 0.00687556 0.0102208 0.0297204 -0.00729449 -0.00318014 0.00612617 0.00770312 0.00955561 0.00775299 0.00562158 0.00719754 0.010425 0.00611996 -0.0205743 0.00965369 0.000673357 -0.0149213 -0.0140563 0.0223662 0.00526101 0.000332773 0.00664039 -0.000893929 -0.000360285 -0.00106709 -0.00907886 0.00435141 0.0185808 -0.018432 -0.0168763 0.000362622 -0.0135926 0.00122305 0.0120575 -4.09713e-05 0.011478 0.000680312 -0.00146316 -0.0144728 -0.00479157 0.029513 -9.60068e-06 -0.00135018 -0.0178441 0.0135826 0.029818 -0.0211636 -0.0164443 -0.0392229 -0.0509546 -0.0106248 0.0180004 0.000274597 0.0114901 0.0168925 0.00820791 0.031878 -0.00142438 -0.00829324 -0.00228686
internal_weight=666.077 645.041 139.522 112.875 12.9071 26.6471 24.5536 17.6499 99.9676 93.3829 89.3904 82.882 80.1558 69.5886 57.2649 6.69441 50.5705 29.6354 14.2409 10.5672 20.935 8.4169 505.519 82.3062 423.213 414.142 398.277 60.3106 22.1535 13.6367 8.51679 38.1571 337.966 19.6275 318.339 33.2592 285.08 31.3294 19.5967 253.75 25.502 20.1537 11.7326 228.248 207.757 18.6305 20.4909 12.6459 32.9157 27.6446 7.28533 5.34825 17.7715 9.86687 189.127 24.8807 22.319 16.9495 6.514 164.246 20.3593 14.111
internal_count=72930 12035 2865 1990 187 875 755 462 1803 1699 1651 1566 1522 1313 1116 348 768 501 232 209 267 142 9170 1254 7916 7693 7519 932 272 157 115 660 6587 779 5808 499 5309 509 339 4800 538 437 170 4262 3885 274 377 166 565 495 150 101 401 131 3611 500 429 378 136 3111 345 355
is_linear=0
shrinkage=0.05


Tree=83
num_leaves=63
num_cat=0
split_feature=19 12 33 8 31 19 15 36 31 0 16 16 16 5 8 16 15 8 3 17 7 0 7 16 16 16 33 31 7 1 15 1 5 8 32 15 0 10 5 16 16 31 5 6 16 8 3 15 1 16 1 16 36 15 1 36 6 32 16 1 9 0
split_gain=20.8887 1.85461 1.60915 2.93668 2.67995 2.19074 1.83786 2.04259 2.36308 2.0115 2.63189 2.90333 2.56398 2.25111 2.12863 2.77748 2.00229 1.98922 1.64344 1.68311 1.61496 1.61953 1.57768 1.34031 3.37488 3.26351 2.27844 2.27811 3.64168 2.29337 3.03926 2.88439 2.11472 2.37896 1.90631 2.37038 1.61001 2.20703 1.85808 1.56426 1.49197 1.45419 1.60793 3.45007 1.593 1.73096 1.61751 1.37239 1.2526 1.24314 1.90322 2.28234 2.53258 1.89275 1.46104 1.46963 1.2134 1.19405 1.16059 1.14037 1.12025 1.10973
threshold=1.0000000180025095e-35 1.0000000180025095e-35 0.0033829759340733294 3200.5000000000005 0.0027273151790723209 2.5000000000000004 0.78601953387260448 0.020918033085763458 0.036644529551267631 0.78960418701171886 1.7751502990722658 1.6759720444679262 1.1498725414276125 2287.0000000000005 2096.0000000000005 1.0718141198158266 2.7633053064346318 1690.5000000000002 1.4978661537170412 1.9245283007621767 153.00000000000003 0.76135635375976574 18.500000000000004 0.99949577450752269 0.99755874276161205 1.2360472083091738 0.0025928451213985686 0.0019081585924141111 2.5000000000000004 10.500000000000002 1.8024389743804934 22.500000000000004 6010.5000000000009 1830.5000000000002 3.6336457729339604 3.3651514053344731 0.71954917907714855 1.0000000180025095e-35 6360.5000000000009 1.5856374502182009 1.0527495741844179 0.0067378464154899129 4046.5000000000005 0.00033917324617505079 0.65934431552886974 5149.5000000000009 3.7494349479675297 1.4623128175735476 24.500000000000004 1.2078654766082766 3.5000000000000004 1.07950896024704 0.0022446432849392299 6.5060975551605233 20.500000000000004 0.001601969823241234 0.0002366331536904909 3.0944443941116337 1.0021758079528811 14.500000000000002 6.5000000000000009 0.7156667709350587
decision_type=2 2 2 2 2 2 2 2 2 2 2 2 2 2 2 2 2 2 2 2 2 2 2 2 2 2 2 2 2 2 2 2 2 2 2 2 2 2 2 2 2 2 2 2 2 2 2 2 2 2 2 2 2 2 2 2 2 2 2 2 2 2
left_child=-1 2 23 4 -4 -5 18 16 9 10 11 12 13 14 15 58 -8 -14 -6 -20 21 -21 -11 24 32 26 36 61 -29 30 -30 -31 33 -2 35 -33 37 40 49 -32 48 42 43 -35 46 -46 -45 -42 -25 50 53 54 57 -38 55 -52 -44 -53 -9 -19 -48 -27
right_child=1 -3 3 5 6 -7 7 8 -10 22 -12 -13 17 -15 -16 -17 -18 59 19 20 -22 -23 -24 25 -26 27 -28 28 29 31 39 34 -34 41 -36 -37 38 -39 -40 -41 47 -43 56 44 45 -47 60 -49 -50 -51 51 52 -54 -55 -56 -57 -58 -59 -60 -61 -62 -63
leaf_value=-0.050358669841499004 0.028901745074213392 0.021738726355055509 0.039897395612141756 -0.049108767671675234 0.02067537022242677 0.026135422834538336 0.053556778418766354 -0.017712683361753009 0.029803605670471741 0.048514949577238092 0.034714498001502114 -0.047603276924112543 -0.0012690108970549461 -0.032385055124505062 0.022523145070566714 0.012645317094777443 0.0085939952236295941 0.036631026891748596 -0.044633902328729963 -0.010516151188239863 -0.039738423713541207 0.034874461526434718 0.0080537777801226468 -0.056861015935899088 -0.070103465485905403 -0.0033255817895687882 0.04068786777228111 -0.051198110528420653 0.011278470683765453 0.022222378419897534 -0.02088571283376529 -0.025893583960877733 0.02774897019067862 0.059769387413371899 -0.03533730753698934 0.032109005360164776 0.036708461277033443 0.008082555371629125 -0.021151630536980187 -0.061831647667295965 0.014709070197577055 -0.032334790898293823 -0.017175127060311574 -0.029569981638911464 -0.0080447275181363253 -0.063855970435706302 0.050168044524626934 -0.014759207895095067 -0.0095082974380277518 0.036505157437446291 0.019187759400516147 -0.049484541502819251 0.009897754991986139 -0.0015226504961082022 0.033981691419262564 -0.013533002798593298 -0.066641830703214472 -0.0098767993253051235 -0.064688209834026511 0.010624996162045729 0.00069660748515350777 0.0032255617818668456
leaf_weight=19.889121673048066 4.1902522374875835 11.312757954001425 6.1303668278269461 3.9372674413752966 3.9560264939209473 1.2824381936807183 4.775922383530995 2.7641674279584603 9.6714762635529024 4.122173364274202 5.3433950659818938 3.2821272406727067 23.540193883818574 8.821731810574418 6.0321720581268883 4.7543851598165929 5.1418038555420935 6.9909433666616705 3.7423384082503608 6.100449678313451 2.7396701412799294 2.8990301959565841 5.797865386120975 2.9171224744059172 2.0377684647683045 131.41055848379619 5.0189958123955867 5.346910727210342 4.3861040730262166 10.345300759654494 5.2473495132289809 3.4355383117217553 4.6418078839778891 2.1425745234591878 5.5463996045291424 3.6147067630663514 11.674515104386957 36.090605037868954 4.0101711028255513 4.1990810469724238 6.055921335238966 6.5255188345035995 10.236995894461868 1.4401555196382094 24.475119140814062 1.4728608052246261 2.9286537350271828 11.367119924398137 2.6792503367178142 5.5677766646258524 9.1267482973635214 3.790884918067607 8.6909683926496637 4.4796750484965733 7.5387549716979256 5.4994252217002204 1.4105149923125271 3.8206123803975061 2.5076869055628777 10.617564811836926 1.8781697055092079 127.22922116261907
leaf_count=60895 69 213 74 422 62 37 64 87 166 56 64 42 309 207 210 68 68 79 86 184 130 59 78 63 56 2422 54 94 50 146 66 86 82 75 92 65 160 584 49 44 98 465 355 122 816 107 76 192 73 72 103 58 147 44 96 78 58 69 61 156 103 1664
internal_value=0.000102764 0.00167405 0.00131227 0.00614943 0.00762892 -0.0306219 0.00602846 0.00866223 0.00639092 0.00371357 0.000902705 -0.00170395 0.00057759 -0.0120934 -0.000946196 -0.0150663 0.030246 0.008239 -0.00808561 -0.015435 -0.00612662 0.00410567 0.024867 -1.3251e-05 -0.00680028 0.000989254 0.00766482 -0.00185907 -0.0126422 -0.00703623 -0.0231167 0.00265926 -0.00469738 -0.0073536 -0.0134074 0.00384472 0.0063207 0.000366536 0.0118028 -0.0390868 -0.0117309 -0.0102467 -0.0071123 -0.00166694 -0.00575552 -0.0112127 0.0169118 -0.00451659 -0.034191 0.0139985 0.0117043 0.00565604 -0.008545 0.0261067 0.016101 0.00688479 -0.0231656 -0.0296033 -0.0400577 0.0209499 0.0308381 -0.000102965
internal_weight=658.623 638.734 627.421 134.951 129.731 5.21971 123.601 104.164 94.2459 84.5744 74.6544 69.311 66.0288 24.8801 16.0584 10.0262 9.91773 41.1487 19.4375 15.4815 11.7392 8.99948 9.92004 492.47 63.3804 429.09 128.329 300.761 42.1214 36.7745 13.8325 22.9419 61.3426 56.7008 12.5966 7.05025 123.31 59.11 64.1995 9.44643 23.0194 52.5106 45.985 34.3375 32.195 25.948 6.24698 17.423 5.59637 60.1894 54.6216 38.4674 16.3025 16.1542 22.1649 14.6262 11.6475 7.6115 5.27185 17.6085 4.80682 258.64
internal_count=72930 12035 11822 2769 2310 459 2236 1715 1583 1417 1283 1219 1177 633 426 216 132 544 521 459 373 243 134 9053 2384 6669 1940 4729 643 549 160 389 2328 2246 243 151 1886 1010 876 110 426 2177 1712 1299 1224 923 301 290 136 827 755 551 274 204 277 181 413 127 148 235 179 4086
is_linear=0
shrinkage=0.05


Tree=84
num_leaves=63
num_cat=0
split_feature=19 19 4 2 2 4 18 18 8 12 35 2 15 18 4 4 2 33 2 19 36 31 4 34 7 6 36 6 2 35 7 15 36 36 35 31 5 1 18 33 19 7 8 19 33 33 6 15 4 8 33 1 2 5 4 4 8 8 15 1 18 31
split_gain=19.543 1.75171 1.89607 1.89124 2.68393 1.91928 1.8486 3.06188 2.2777 1.81151 1.78528 2.28648 1.97169 1.57976 1.57371 2.30509 1.88539 2.57211 1.55071 1.57792 1.81807 1.97782 2.55664 2.022 1.74303 2.90088 1.72665 1.70541 2.36558 2.18776 2.105 1.53331 1.43265 1.55467 2.72947 1.69148 1.98246 2.60446 1.92733 1.47193 1.41516 2.64185 1.49526 1.32994 1.41081 1.29739 1.28131 1.27945 2.48555 2.01679 1.8823 1.60392 1.70219 2.57018 1.55376 1.96854 2.37779 1.79916 1.27079 1.52958 1.42639 1.36917
threshold=1.0000000180025095e-35 5.5000000000000009 9.5000000000000018 327.50000000000006 285.50000000000006 172.50000000000003 31.500000000000004 19.500000000000004 1701.0000000000002 1.0000000180025095e-35 0.074175827205181136 475.50000000000006 15.343137264251711 24.500000000000004 53.500000000000007 39.500000000000007 1653.0000000000002 0.0033829759340733294 269.50000000000006 2.5000000000000004 4.9471505008114045e-06 3.7837413628949439e-06 34.500000000000007 0.5172109603881837 69.500000000000014 9.9154846111559912e-07 0.20107077062129977 6.5138196077896296e-05 53.500000000000007 0.037749288603663451 110.50000000000001 82.111110687255874 3.0362452889676209e-05 0.011741415597498419 0.029857398010790352 0.00082402609405107807 3756.5000000000005 12.500000000000002 14.500000000000002 0.0088529945351183432 1.5000000000000002 216.50000000000003 3675.5000000000005 21.500000000000004 0.0012671315926127138 0.038813175633549697 0.00030021865677554166 10.669540405273439 8.5000000000000018 3896.5000000000005 0.00022063528740545737 3.5000000000000004 154.50000000000003 4058.5000000000005 29.500000000000004 22.500000000000004 2695.5000000000005 1272.5000000000002 103.70833206176759 25.500000000000004 16.500000000000004 0.0011834586039185526
decision_type=2 2 2 2 2 2 2 2 2 2 2 2 2 2 2 2 2 2 2 2 2 2 2 2 2 2 2 2 2 2 2 2 2 2 2 2 2 2 2 2 2 2 2 2 2 2 2 2 2 2 2 2 2 2 2 2 2 2 2 2 2 2
left_child=-1 3 -3 4 9 6 7 8 -5 18 11 -10 -13 -6 15 -4 17 -16 19 24 -21 -22 23 32 26 -26 45 28 -27 -30 -31 -14 -23 35 -35 36 -34 -38 -39 -36 -29 42 -42 44 -18 47 -12 48 -2 54 -51 -50 -53 -54 55 56 57 -49 59 60 61 -59
right_child=1 2 14 5 13 -7 -8 -9 10 -11 46 12 31 -15 16 -17 43 -19 -20 20 21 22 -24 -25 25 27 -28 40 29 30 -32 -33 33 34 39 -37 37 38 -40 -41 41 -43 -44 -45 -46 -47 -48 49 51 50 -52 52 53 -55 -56 -57 -58 58 -60 -61 -62 -63
leaf_value=-0.050342106907757034 0.00027712081587643564 0.043507674545434194 0.0077786986957557236 0.015548896433193481 0.035329416923608324 0.030422860568420987 0.0071601695047410338 -0.036158693479133669 -0.029707780240634599 0.021990145592667779 -0.0037895548904930965 0.039128872015948973 -0.029766038619433156 -0.0024361935602662844 0.013763380099490073 -0.03528438759021401 -0.025333361661702664 0.057662587777016189 -0.025129895828949173 0.046924967343678514 -0.032154034367598894 0.027729329954293655 0.045843251207104807 0.037053469361752842 -0.057462675536857466 0.029796239483760468 0.021841083710766873 -0.017267530287114398 -0.045499095593974602 -0.026907228584488026 0.028104080912671466 0.022558538749270014 0.021802500652373026 0.044979538038866868 -0.015233752767953346 -0.041309959599843828 0.01367981972105565 -0.058099984553253985 -0.011739184646962301 0.022274439921685107 0.023594890496589242 -0.046365484972466557 -0.018668766952663826 0.014958461104217204 0.011398214030726158 -0.030372693441381278 -0.04379746961837875 0.028618417424359291 0.031148486144008166 -0.049940052461010374 0.011660739716651851 0.013906588253654709 -0.037965555202044338 0.021555359476992508 0.027540359437013714 -0.039933564714919219 0.022459952615345617 -0.017188013443607191 0.016628381152675391 -0.033136838495537176 -0.0235472950987963 0.014860996048658971
leaf_weight=18.744909085769905 246.06743864025339 3.8863157723098984 8.8642843493726087 8.5450474144890887 9.1691430497448874 3.1258422574028364 12.541573803988284 12.009027770138344 5.3871187965851304 10.099831211729905 2.8877929002046567 3.7736238087527436 3.2796386070549488 3.9672116853762409 14.601634108927103 4.7850228084716937 6.3467056956142205 4.3250244301743797 5.7878061011433592 2.9250526814721516 3.1267877384088925 4.9544917340390375 4.2772897745016953 4.6266406099311999 2.8208834100514641 7.1045989082194891 9.8125467593199556 28.59284089646826 2.7930474246386421 2.8602604779880494 4.4357800502330065 2.4430481088347733 5.7321639107540312 4.396681234589777 7.1301108358893526 3.4012672603130332 5.8811439087148747 3.5083679682575148 6.2096767076291144 4.131067949347198 8.1307764863595349 2.2873309382703146 2.818129116552881 10.228551357286049 4.4449635334312916 3.3537753580021663 6.5188760632881895 3.1546063022688022 9.6641437667421979 4.4673907686956218 1.7166098253801463 27.261904016137123 4.3340961968060574 3.1188351889140904 3.9402653099969021 3.745155760087072 8.0349302694667113 5.4856528681702974 3.7501526577398172 7.9118731861817642 8.6557313243392837 8.4902709661982936
leaf_count=60895 4731 43 120 118 162 35 184 223 165 207 48 62 92 65 192 55 84 46 125 33 56 60 44 72 45 108 233 1024 97 55 71 45 60 69 109 62 74 78 117 43 140 73 105 99 51 116 112 56 94 134 69 552 132 52 51 55 149 106 51 278 135 113
internal_value=-2.93809e-05 0.00146258 0.00978463 0.00063011 0.00161418 -0.00773097 -0.00980924 -0.0145551 -0.00665383 0.0010292 -0.0144646 -0.00368813 0.0110724 0.0239241 0.00733934 -0.00731788 0.0123475 0.023795 0.000597948 0.000904904 0.00847371 0.00651344 0.00874215 0.0055665 -0.000169472 -0.00792857 0.00115256 -0.00556118 0.00769533 -0.00786784 0.00653804 -0.00742837 0.00235382 -0.000758862 0.0115699 -0.00856401 -0.00334269 -0.0125827 -0.0284762 -0.00147419 -0.0110102 0.0025068 0.0127167 0.00204016 -0.0102041 0.000577716 -0.0315153 0.00087446 0.00224143 -0.00581491 -0.0328404 0.0131329 0.0081176 -0.0130578 -0.0026716 -0.00508978 -0.00222069 -0.00751619 -0.0108401 -0.0142127 -0.007597 0.00228152
internal_weight=650.873 632.128 57.4825 574.645 514.134 60.5116 57.3857 44.8442 32.8351 500.997 24.2901 14.8834 9.49631 13.1364 53.5962 13.6493 39.9469 18.9267 490.898 485.11 60.3007 57.3757 54.2489 49.9716 424.809 61.8436 362.965 59.0228 17.1937 10.0891 7.29604 5.72269 45.345 40.3905 15.6579 24.7326 21.3314 15.5992 9.71804 11.2612 41.8291 13.2362 10.9489 21.0202 10.7917 353.153 9.40667 349.799 290.446 59.3526 6.184 44.379 34.7148 7.45293 53.1686 49.2284 45.4832 37.4483 34.2937 30.5435 22.6317 13.9759
internal_count=72930 12035 690 11345 10261 1084 1049 865 642 10034 524 364 199 227 647 175 472 238 9827 9702 877 844 788 744 8825 1718 7107 1673 331 223 126 137 672 612 221 391 329 269 195 152 1342 318 245 234 135 6874 160 6758 5561 1197 203 830 736 184 994 943 888 739 683 632 354 219
is_linear=0
shrinkage=0.05


Tree=85
num_leaves=63
num_cat=0
split_feature=19 19 3 5 4 17 0 4 9 32 7 0 31 7 36 0 3 33 4 17 17 18 32 32 3 3 1 7 31 0 5 16 18 36 4 18 5 33 32 35 4 0 18 0 1 4 4 0 16 3 0 0 9 5 31 35 1 11 17 32 4 17
split_gain=18.1814 6.91506 2.38571 1.90711 2.12587 2.04612 2.20366 2.20366 2.34679 2.01136 2.59742 3.05082 1.79729 1.7102 1.63118 1.61595 2.14772 3.74067 2.46823 1.61047 2.78792 1.96776 2.17411 1.83508 1.58259 2.17098 1.97396 2.10447 2.21237 1.9855 1.79411 1.79303 1.68682 1.66765 1.57812 1.5548 3.36561 2.92876 2.32224 2.285 1.81238 1.62074 1.94899 1.74641 1.52552 1.75857 2.25297 2.64097 1.578 2.76261 1.50522 1.49975 1.48637 2.93706 2.02456 1.56489 2.19212 1.48525 1.47936 1.73678 1.43234 1.41235
threshold=1.0000000180025095e-35 2.5000000000000004 6.7633030414581308 1542.5000000000002 6.5000000000000009 5.2286753654479989 0.85092544555664074 9.5000000000000018 9.5000000000000018 3.0359756946563725 53.500000000000007 0.75091743469238292 0.020772748626768592 18.500000000000004 1.4422303593164544e-05 0.7114849090576173 6.355238914489747 6.0346180816850401e-06 33.500000000000007 3.7028172016143803 3.6544337272644047 29.500000000000004 2.3281794786453252 2.5492259263992314 4.9801702499389657 6.4183635711669931 1.0000000180025095e-35 94.500000000000014 0.00024175861472031104 0.75831031799316417 3447.5000000000005 0.99348831176757824 14.500000000000002 0.005608834559097887 36.500000000000007 10.500000000000002 1852.5000000000002 0.0003446436749072746 2.6190134286880498 0.41666667163372045 7.5000000000000009 0.72691726684570324 5.5000000000000009 0.70836067199707042 12.500000000000002 11.500000000000002 18.500000000000004 0.72638511657714855 1.2654047608375552 5.4445774555206308 0.62610244750976574 0.75934982299804699 1.0000000180025095e-35 3722.5000000000005 0.00026049932057503616 0.054093567654490478 25.500000000000004 1.0000000180025095e-35 3.4440877437591557 2.705342292785645 14.500000000000002 5.1463174819946298
decision_type=2 2 2 2 2 2 2 2 2 2 2 2 2 2 2 2 2 2 2 2 2 2 2 2 2 2 2 2 2 2 2 2 2 2 2 2 2 2 2 2 2 2 2 2 2 2 2 2 2 2 2 2 2 2 2 2 2 2 2 2 2 2
left_child=-1 2 3 4 -2 9 7 35 44 12 11 -11 19 -6 -3 16 18 -18 57 20 21 50 -23 -24 32 26 -26 28 -28 33 -29 -27 -17 -30 -35 36 -7 39 -37 40 41 42 43 -38 45 -9 47 -47 49 -48 -5 -50 53 -40 55 56 -54 -16 -52 -60 -49 -21
right_child=1 14 -4 5 13 6 -8 8 -10 10 -12 -13 -14 -15 15 24 17 -19 -20 61 -22 22 23 -25 25 31 27 30 29 -31 -32 -33 -34 34 -36 38 37 -39 52 -41 -42 -43 -44 -45 -46 46 48 60 51 -51 58 -53 54 -55 -56 -57 -58 -59 59 -61 -62 -63
leaf_value=-0.05032598218749066 0.027446965122522506 0.02873835264553562 -0.043629900325490543 -0.028942542737870749 -0.037098357531683439 -0.069609535430597641 -0.050663001447116975 0.029964978781635461 -0.036966606345418325 0.0037880958330484219 -0.016313964164115312 0.060587005282942766 0.033088905911382083 0.014417761474174316 -0.0047753421917563063 0.0042838512590391191 -0.04534262411626714 0.0052651208317194432 0.02913676593486382 -0.012696344325322836 0.050147819619524595 -0.03559415858827799 0.033777271206179509 -0.018174322825300158 0.036837876114496342 -0.011709340452985204 -0.017522658348120172 -0.050848764751814372 0.047305573584230112 -0.012223546438941668 -0.0039838975979311205 0.021835431204605436 0.039607377957208173 -0.0037309384630365978 0.032125865451662294 -0.052029000707008492 -0.049651188097499903 0.014943460188535576 -0.050033034430410989 0.03220012575570335 -0.052826018634653554 -0.033789406924637964 0.016466774903581571 0.017989829758734571 -0.003294536747941309 0.018135592862220527 0.02389559022876089 -0.0096472278749074984 0.01104951677079293 -0.041167250040086985 0.0042564258182930916 0.049483289254135497 0.022729879094946601 0.013272595457785662 -0.0041938719739890102 -0.040483242111863861 -0.029715756869251819 0.026348115211615498 0.0018925607149180021 -0.053218288925625704 -0.052414504279817246 0.028637802757102804
leaf_weight=17.624216503412754 11.312010766501773 10.851216529030351 3.4157658517360678 3.7503600127529344 2.8900607759132972 1.7696830166969437 2.6966479350812724 8.4231414748355729 4.0048668564995742 4.4707914446480554 3.549611027352511 5.0173138193786144 3.9980242288438594 3.6401815669378266 23.228051863843579 5.1554279413539907 5.9005092878360292 9.5791813097894174 10.178424808662383 34.481380097626243 2.8804079029359846 7.5582012737868336 2.8716454817913473 4.1654222244396806 3.7187313842587164 4.4798904813360414 8.2262754449620861 3.4947231744881702 4.5457509183324936 5.9270000194665036 4.9133359908591956 35.960699999472126 9.81235259817913 7.0253904709825274 5.4483052707510069 3.801268386130686 2.8079233153257608 19.441500559449196 6.1765186638804135 2.6142975669354191 3.0723307792795813 5.270911547006107 6.8174670992884785 1.4455033442936835 53.528016826574458 4.5611866880208272 3.9568298211961546 4.1774614213500172 5.683596187271176 2.7762595250969753 131.66760322247865 4.5865282886661589 3.2393061289330962 2.6048838325077668 48.393700860848185 7.9304327360587186 5.1762751688947901 4.5908375279977909 3.3787733722710973 2.478097390034236 3.6845673434436321 2.1984057530062264
leaf_count=60809 328 131 59 100 57 73 33 107 101 71 65 64 116 85 427 74 113 137 131 842 45 197 59 83 32 105 128 79 47 85 71 394 128 108 51 120 130 419 162 30 85 126 170 35 1330 62 76 62 77 68 2497 39 54 59 1039 125 169 56 93 46 62 47
internal_value=-0.000253722 0.00118028 -0.00200162 -0.0016849 0.0143338 -0.00234786 -0.00574351 -0.00518257 0.000496049 0.00114647 0.0201731 0.0338234 -9.74078e-05 -0.0083815 0.0100089 0.0086734 0.00167353 -0.0140254 0.00806911 -0.000776318 0.00140544 0.0005047 -0.0169737 0.00302578 0.0124657 0.00978908 0.00200875 -0.00126355 0.00472414 0.0126996 -0.0234628 0.0181194 0.0274407 0.021379 0.0119307 -0.00967519 -0.0020822 0.000799455 -0.0139213 -0.0116835 -0.0175929 -0.0109689 -0.000103937 -0.0266638 0.00213795 0.00982074 0.00405457 -0.012131 0.0158804 -0.00293182 0.00231041 0.0282136 -0.011951 -0.0312543 -0.00933267 -0.0245465 -0.0095285 0.000360835 0.00316269 -0.0214254 -0.0296903 -0.010219
internal_weight=633.025 615.401 452.365 448.949 17.8423 431.107 218.641 215.944 95.3825 212.466 13.0377 9.48811 199.428 6.53024 163.036 152.185 53.477 15.4797 37.9973 195.43 158.751 155.87 14.5953 7.03707 98.7079 83.7401 43.2995 39.5808 31.1727 22.9464 8.40806 40.4406 14.9678 17.0194 12.4737 120.562 43.2396 41.4699 77.3224 22.0284 19.4141 16.3418 11.0709 4.25343 91.3776 37.8496 29.4264 12.4232 17.0032 6.73309 141.275 10.2701 73.5211 8.7814 64.7397 16.346 8.41558 27.8189 137.524 5.85687 7.86203 36.6798
internal_count=72773 11964 9667 9608 470 9138 4813 4780 1984 4325 200 135 4125 142 2297 2166 864 250 614 4009 3120 3075 339 142 1302 1100 601 569 419 291 150 499 202 206 159 2796 1068 995 1728 576 546 461 335 165 1883 553 446 186 260 144 2736 116 1608 221 1387 348 223 483 2636 139 124 889
is_linear=0
shrinkage=0.05


Tree=86
num_leaves=63
num_cat=0
split_feature=19 19 34 32 36 3 36 33 8 4 33 8 12 3 6 32 36 16 3 1 32 19 8 36 33 0 8 1 0 1 1 16 32 0 16 9 8 6 36 0 19 14 9 16 16 9 36 15 35 14 3 4 16 0 35 3 8 36 31 18 18 0
split_gain=17.0825 5.37218 2.35934 2.32506 2.23224 2.58199 2.31022 2.64645 2.88092 2.55947 2.24737 2.19682 1.92718 1.84961 2.50706 2.03718 1.61071 2.51117 2.04077 2.65345 1.65745 2.08309 2.97333 2.92011 1.69383 2.38979 2.31133 2.25814 2.27837 2.08539 2.87303 1.87733 1.67576 1.67253 1.7208 1.57615 1.5677 1.56631 1.55001 1.75899 1.92608 1.54187 2.51291 1.52406 1.49663 1.73998 1.47008 1.43213 3.52231 2.14818 1.45053 1.4198 1.41374 2.07207 2.09891 2.16098 1.89852 2.02398 2.09975 1.99032 2.09926 2.42504
threshold=1.0000000180025095e-35 2.5000000000000004 0.5492210090160371 3.7529759407043461 0.10819084569811822 6.8216524124145517 0.067078255116939559 0.0038913486059755091 1535.5000000000002 27.500000000000004 0.0013535838807001712 1272.5000000000002 1.0000000180025095e-35 4.5900437831878671 0.0072627298068255195 3.0156342983245854 0.16695456951856616 0.78671583533287059 3.7012257575988774 21.500000000000004 3.4819382429122929 1.5000000000000002 2555.5000000000005 0.029192812740802768 0.022983022034168247 0.7152080535888673 2389.0000000000005 25.500000000000004 0.6557903289794923 31.500000000000004 22.500000000000004 1.1011993885040285 1.279030501842499 0.73222541809082042 0.99983397126197826 1.5000000000000002 1488.5000000000002 9.9154846111559912e-07 0.002128285239450634 0.77809524536132824 1.5000000000000002 4.5485858917236337 3.5000000000000004 1.373834550380707 1.7503993511199953 5.5000000000000009 0.0014708993257954719 4.945906639099122 0.41666667163372045 4.2413008213043222 5.2067463397979745 15.500000000000002 1.1011993885040285 0.72191810607910167 0.18333333730697635 3.7012257575988774 2488.5000000000005 2.1856271814613141e-05 6.0666525314445616e-06 4.5000000000000009 14.500000000000002 0.72141456604003917
decision_type=2 2 2 2 2 2 2 2 2 2 2 2 2 2 2 2 2 2 2 2 2 2 2 2 2 2 2 2 2 2 2 2 2 2 2 2 2 2 2 2 2 2 2 2 2 2 2 2 2 2 2 2 2 2 2 2 2 2 2 2 2 2
left_child=-1 2 3 12 5 6 7 8 -5 -9 38 -3 16 14 15 -13 17 -2 -18 -20 24 22 23 -22 26 -26 27 28 -19 30 37 -32 -29 34 -31 -24 -27 -28 44 40 -40 52 -43 -37 45 51 -33 48 49 -15 -49 -10 53 54 55 -39 -54 -58 -59 -60 61 -61
right_child=1 11 -4 4 -6 -7 -8 9 10 -11 -12 13 -14 47 -16 -17 18 20 19 -21 21 -23 35 -25 25 36 29 32 -30 33 31 46 -34 -35 -36 43 -38 41 39 -41 -42 42 -44 -45 -46 -47 -48 50 -50 -51 -52 -53 56 -55 -56 -57 57 58 59 60 -62 -63
leaf_value=-0.050311058879490979 -0.022753847690154622 -0.019838796408342806 -0.04366133399456365 -0.053499204734660279 0.013135940862095415 -0.062972751195716437 -0.046181753482650391 -0.007854411205701314 0.004672922768491709 0.04641522462418024 -0.042733881006481206 0.00017284371010499691 0.025415327968630816 -0.034697452379861486 0.060826707892046909 0.037331978859018018 0.041993602470331792 0.02569158071815535 -0.034247721005461682 0.02438794268711221 0.028689441534785965 0.021323615943950911 -0.06476379158680555 -0.022007713240269761 -0.008220879766015661 0.063344618129587693 -0.02305096554090286 0.022717584135523002 -0.0050577331364450358 -0.020966040558749361 0.0016711305830890242 -0.037457240936755461 -0.02025570911430806 0.050174340620910723 0.013468535870053675 0.017882551898445297 0.01450886473382822 -0.012865156525444505 0.036919871045390677 -0.024240877084117922 -0.0060623732674719589 -0.037949150544956352 0.02321456988519903 -0.039639933995678105 -0.037139566440339562 0.025523514874328208 0.0010528117564559381 0.026190038199328726 0.046054911922891559 -0.00027929763723059763 0.0085071563869118325 -0.031852429800075598 0.030444315124184076 0.023951948449427066 -0.037040784140161924 0.025289032995272749 0.017383278656203111 -0.040735883127567124 0.030793284146981799 -0.00081079541881046559 0.0067734216518056407 -0.042048732897089366
leaf_weight=16.624669796914532 12.866983495070597 6.4011477967724195 3.3348148317309088 4.0908071757294229 8.9516723332344537 2.5419981158338478 4.397398756700567 4.8304533811751735 4.8237653292017075 3.9484709287062287 4.4353624298237255 8.9143253215588647 7.3520096132997415 5.858525167219347 3.8264331971295169 6.2916578997392199 4.9783456131408448 6.4463404044508925 3.1826557426247728 4.8998631786089391 8.6958229320589471 18.968496877001598 2.1023330924799657 4.2181448369519776 5.2237613988108915 3.0490657561458647 5.7311099143698803 2.425759879872202 91.973336333525367 4.1280076547991476 8.0309622810455057 10.82333857740741 35.01163181301672 2.7008261979790396 29.959844338940457 2.176962946774438 3.564450801233761 6.6755234751617563 5.8752515460364503 3.2444426538422695 4.6844865924213082 5.0813831759442101 2.5082193877315149 2.444546724203974 5.125210983445867 3.4081953843124202 3.2141005597077301 13.232647499768062 3.4013968156650654 20.044794452143833 93.848036638461053 5.9330146447755396 4.648397588171064 20.193009945563972 3.0669687194749704 8.3571464894339424 9.3924832674674672 4.4789884337224057 3.608662270242351 7.0264169878792035 11.800979672931133 7.2368440472055227
leaf_count=60809 1229 87 90 85 201 40 94 104 112 59 93 146 180 110 41 81 127 95 84 116 135 284 70 91 99 37 76 53 1374 255 237 227 1068 63 582 44 67 134 111 51 103 138 35 56 105 45 58 164 39 366 1263 109 67 316 53 156 133 68 80 112 163 103
internal_value=-0.000304469 0.00105909 -0.00176209 -0.00144777 -0.0100854 -0.0137107 -0.0114254 -0.00839293 -0.013655 0.0165543 -0.00931189 0.00886731 6.6046e-05 0.0100496 0.0246511 0.0155479 -0.000436441 -0.00106595 0.0168103 0.00129896 -0.000257002 0.00950613 -0.00190859 0.01213 -0.00148732 0.0170575 -0.00223267 -0.00701942 -0.0030437 0.00186603 -0.00128336 -0.0176092 -0.0174712 0.0122994 0.00929854 -0.0288714 0.0370239 0.0023265 -0.00483262 0.00795891 0.0178522 0.00387251 -0.0177357 -0.012544 -0.0139863 -0.00560896 -0.0286397 0.008012 -0.00178208 -0.00806361 0.0106923 -0.015473 0.00576876 0.0129404 0.000655238 0.00834599 7.03913e-05 -0.00317205 -0.00882519 -0.00400842 -0.00882681 -0.021734
internal_weight=626.313 609.688 447.869 444.534 66.2905 57.3389 54.7969 50.3995 41.6205 8.77892 37.5297 161.819 378.244 155.418 19.0324 15.206 370.892 357.831 13.0609 8.08252 344.964 38.6063 19.6378 12.914 306.358 11.8373 294.52 135.857 98.4197 158.663 121.875 22.0684 37.4374 36.7887 34.0879 6.72384 6.61352 99.8061 33.0944 13.8042 10.5597 94.075 7.5896 4.62151 19.2902 14.165 14.0374 136.385 29.3047 25.9033 107.081 10.7568 86.4854 38.2926 18.0996 15.0327 48.1928 43.5444 34.1519 29.6729 26.0642 14.2633
internal_count=72773 11964 9667 9577 1312 1111 1071 977 814 163 729 2297 8265 2210 268 227 8085 7758 327 200 6529 680 396 226 5849 203 5646 2590 1469 3056 2156 522 1121 900 837 170 104 1634 636 265 214 1558 173 100 371 266 285 1942 515 476 1427 221 1385 659 343 290 726 659 526 458 378 215
is_linear=0
shrinkage=0.05


Tree=87
num_leaves=63
num_cat=0
split_feature=19 19 2 34 1 34 8 8 31 31 36 0 17 15 36 6 0 6 8 7 1 36 31 17 7 0 0 15 17 8 10 31 1 1 2 4 8 2 32 0 8 0 17 6 17 0 0 4 9 0 9 6 31 9 31 17 31 6 8 36 19 19
split_gain=15.9914 4.16222 2.35479 2.14175 1.88593 1.61067 1.5492 1.7343 2.02944 1.53486 2.29778 2.21917 2.02129 2.58772 2.2077 1.77506 2.21054 1.75904 1.54521 2.00787 1.93019 1.47761 2.33553 1.87342 1.77011 2.22549 3.71468 3.5961 3.02168 2.14402 1.64346 3.47965 1.72014 1.61023 1.59056 1.84609 2.09962 1.47905 1.46064 2.27349 1.91404 3.81435 1.76688 1.99315 1.76217 1.7105 1.69403 2.61615 1.95699 1.91079 1.74428 1.68299 1.69242 2.70221 2.0534 1.58733 1.58242 1.41807 1.38658 1.93629 3.07643 1.7096
threshold=1.0000000180025095e-35 2.5000000000000004 864.50000000000011 0.5193447768688203 47.500000000000007 0.55128872394561779 1272.5000000000002 1433.5000000000002 0.0034091203706339006 4.298389058021713e-06 2.6264133339282129e-05 0.78461074829101574 3.396040797233582 0.14256678521633151 2.1856271814613141e-05 0.00035513965121936058 0.70750999450683605 5.9805411183333499e-06 3978.5000000000005 3.5000000000000004 37.500000000000007 2.0480161765590313e-05 3.9966885196918164e-06 21.406914710998539 67.500000000000014 0.7553539276123048 0.73871803283691417 32.535715103149421 33.200389862060554 1589.0000000000002 1.0000000180025095e-35 0.0024920372525230054 39.500000000000007 38.500000000000007 798.50000000000011 45.500000000000007 2474.0000000000005 107.50000000000001 3.0156342983245854 0.66390037536621105 1407.5000000000002 0.72847557067871105 5.2286753654479989 7.5572777404886446e-06 23.828220367431644 0.66699600219726574 0.66759300231933605 2.5000000000000004 3.5000000000000004 0.67325305938720714 1.0000000180025095e-35 3.7207524655968889e-05 0.00027897203108295804 3.5000000000000004 0.00025533197913318878 11.046194076538088 0.00023393096489598977 0.00083090132102370273 1503.5000000000002 0.018876588903367523 1.5000000000000002 1.5000000000000002
decision_type=2 2 2 2 2 2 2 2 2 2 2 2 2 2 2 2 2 2 2 2 2 2 2 2 2 2 2 2 2 2 2 2 2 2 2 2 2 2 2 2 2 2 2 2 2 2 2 2 2 2 2 2 2 2 2 2 2 2 2 2 2 2
left_child=-1 2 5 4 6 9 -3 8 -8 10 11 17 13 15 -15 -11 -17 18 19 -2 -21 23 -23 37 25 26 29 28 -27 -24 31 32 57 34 35 36 -32 -9 40 44 41 -14 43 -41 -40 -44 47 56 50 -48 -49 -51 54 55 -53 -54 -42 -31 59 60 -47 -60
right_child=1 3 -4 -5 -6 -7 7 21 -10 12 -12 -13 38 14 -16 16 -18 -19 -20 20 -22 22 24 -25 -26 27 -28 -29 -30 30 33 -33 -34 -35 -36 -37 -38 -39 39 42 46 -43 45 -45 -46 58 49 48 -50 51 -52 52 53 -55 -56 -57 -58 -59 61 -61 -62 -63
leaf_value=-0.050297504516543003 0.028364108156418939 -0.019001267223528854 -0.043145056306765926 0.028330040595274827 0.039070447204760168 -0.039525500330995868 0.0024590070774635361 0.024922918981709504 0.045381640744592999 -0.042879535947791342 -0.0386307230101543 -0.044155543012131628 -0.010661510324660681 0.042076779017786524 0.006383087265514481 -0.041623851893138726 0.013571613566695671 -0.032355587554120234 0.0095214155706774897 -0.026156643598962071 0.021250124946462164 -0.03507524772587068 -0.029590279893533623 0.046495677466689395 -0.0069552196210845782 -0.0020434794277114448 0.034808300633513478 0.01836447501507836 -0.058331274700523954 -0.019415408276842398 -0.0020337033587055058 -0.050790561459947009 0.033965766424954469 -0.0097240902147731553 -0.0073689476374996345 0.05138136527987195 0.032242854533931546 -0.019012729956507882 -0.012562680326816953 -0.0062367175987767948 -0.060717582526288873 0.051867551693472486 0.040837455240508948 0.044114583315460427 -0.069465508766003534 -0.00096827313985866346 -0.058458024494020155 0.040043062267704085 0.046929651425360708 -0.047913265336346579 -0.01658824228527931 -0.0055361127012985706 -0.012371076039845504 -0.043513165121767894 0.043401605294550734 0.027050177105064799 -0.0063331745196596491 0.022579024421548383 -0.0035370917073672421 -0.0033863809085057013 -0.074165284147847954 0.0079119078116751378
leaf_weight=15.672857558263784 2.8201466859318343 6.3382578250020734 3.3909341481048605 11.719045127276329 4.2224915120750657 2.7412908755359231 5.1816648254170996 4.4938041160348785 5.8776357406750321 4.1325605392921707 5.8300251569598904 3.4274048414081326 6.5790112069807929 4.5202883696183553 104.05156129482202 2.594052450207526 6.0322048971138429 4.4154024082235983 22.625856847502291 12.04428594233468 2.6129434420727184 3.9182880315929642 3.9571165349334469 4.5640331087633967 26.943712612730451 5.0526437424123305 13.928933778544886 7.0986495735123745 4.5147757912054658 5.9148840503767151 7.7996039194986322 3.2357006412930778 4.0973628782667211 5.5059248334728172 4.5002387790009371 5.195139627554453 10.458542619133366 3.3386785383336246 5.0951117547228923 3.2667341958731395 1.7461841225158448 3.8756707073189318 2.554136012447997 4.9339841064065695 1.8562517231330273 2.9257394140586284 2.3388403219869351 2.0311960252001864 4.042007164331153 3.1574001829139879 4.1129517450463027 8.4401880702353065 35.552450648800004 6.9086641009198493 2.873208064120262 2.7511567336041471 5.715883536147885 3.0452563669532537 73.22004444943741 17.338141778949648 2.8182377791963518 58.783128285780549
leaf_count=60809 63 85 59 194 55 81 68 50 44 111 169 37 146 64 2062 100 159 128 360 244 71 55 58 39 466 66 140 77 60 109 98 63 47 110 68 55 176 63 124 57 60 62 40 69 70 76 72 29 106 42 124 219 906 346 47 51 163 51 1781 260 45 1064
internal_value=-0.000433605 0.000858024 -0.001638 0.00774804 0.00613123 -0.00131867 0.00517176 0.00627702 0.0252709 -0.00107956 -0.0089912 -0.00538717 2.76908e-05 0.00536599 0.00786916 -0.0159349 -0.00302654 -0.00240247 0.000895399 -0.0102717 -0.0177054 0.00463032 0.0028648 0.0210325 0.00420109 0.00776663 0.0117991 -0.00859919 -0.0286052 0.00583202 0.00864936 -0.00437323 0.00712917 0.0149908 0.0198588 0.0250832 0.0176004 0.00619488 -0.00243583 0.000255663 -0.00759608 0.0125187 0.00142987 0.0240573 -0.0277577 0.000252749 -0.0102356 0.00343235 0.0199092 -0.0141248 0.00213352 -0.0123875 -0.0104031 -0.014731 0.00689236 -0.00953964 -0.0190596 -0.00514288 -0.00041565 -0.0117217 -0.0368818 0.00156133
internal_weight=620.731 605.058 444.155 160.902 149.183 440.764 144.961 138.623 11.0593 438.023 53.7761 47.946 384.247 121.331 108.572 12.7588 8.62626 44.5186 40.1032 17.4774 14.6572 127.563 115.167 12.3965 111.248 84.3048 67.6387 16.6661 9.56742 53.7098 49.7527 16.2932 13.0575 33.4594 27.9535 23.4533 18.2581 7.83248 262.916 172.792 90.1248 10.4547 165.84 8.20072 6.95136 157.639 79.6701 17.6482 10.1862 62.0219 6.14415 59.6831 56.5257 45.2123 11.3134 38.3036 7.46207 8.96014 155.085 23.0821 5.74398 132.003
internal_count=72773 11964 9667 2297 2103 9608 2048 1963 112 9527 1072 903 8455 2496 2126 370 259 866 738 378 315 1851 1699 152 1644 1178 975 203 126 835 777 270 207 507 397 329 274 113 5959 3586 2373 208 3392 126 194 3266 2165 482 259 1683 153 1611 1569 1303 266 957 223 160 3226 381 121 2845
is_linear=0
shrinkage=0.05


Tree=88
num_leaves=63
num_cat=0
split_feature=19 19 2 34 34 0 33 32 18 17 2 7 18 16 32 16 7 32 32 32 17 16 5 18 0 18 0 18 2 15 6 17 31 0 33 0 16 15 2 2 6 2 17 16 33 5 18 15 0 0 16 5 7 0 2 33 2 33 33 16 15 15
split_gain=14.9806 3.4358 3.44266 1.91587 1.41666 1.37412 1.83285 1.63266 2.08238 1.92244 1.61372 2.11061 2.25339 3.2896 1.94141 1.72029 1.64731 2.1932 1.89044 2.17885 1.53997 3.19149 1.52149 1.45129 1.21691 2.4487 2.12899 2.99756 2.29564 3.96817 2.2353 3.09727 3.03242 2.11963 1.9627 1.90541 2.36716 1.56732 1.30493 2.00634 1.92895 1.50039 1.74997 1.39424 1.4122 1.21811 1.1982 1.67835 1.67484 4.11711 3.87355 2.84309 2.11552 1.38892 3.53081 2.07346 1.76406 1.54502 1.23774 2.53498 2.62927 1.33444
threshold=1.0000000180025095e-35 2.5000000000000004 864.50000000000011 0.5193447768688203 0.55128872394561779 0.62610244750976574 2.1253275917842988e-05 2.1187763214111333 29.500000000000004 2.0275217294692998 11.500000000000002 38.500000000000007 5.5000000000000009 1.3860672712326052 2.0718351602554326 1.4524518847465517 64.500000000000014 1.6430910825729372 0.93080836534500133 1.1540207266807558 1.6476489305496218 1.2875040769577029 3654.5000000000005 10.500000000000002 0.71336460113525402 6.5000000000000009 0.75445175170898449 35.500000000000007 101.50000000000001 2.5793672800064091 0.0014663257170468571 144.3378601074219 0.0005256078438833357 0.76877784729003917 6.7121945903636529e-05 0.73010635375976574 1.5057353973388674 6.0084745883941659 595.00000000000011 1065.5000000000002 0.0020436875056475405 290.50000000000006 12.910751819610597 1.3065387010574343 5.9033061461377665e-06 5422.5000000000009 9.5000000000000018 188.50000000000003 0.78960418701171886 0.77629280090332042 1.7751502990722658 2930.5000000000005 77.500000000000014 0.75831031799316417 100.50000000000001 0.024600230157375339 243.50000000000003 0.014890981838107111 0.025298770517110828 0.99983397126197826 12.012499809265138 1.6036705970764162
decision_type=2 2 2 2 2 2 2 2 2 2 2 2 2 2 2 2 2 2 2 2 2 2 2 2 2 2 2 2 2 2 2 2 2 2 2 2 2 2 2 2 2 2 2 2 2 2 2 2 2 2 2 2 2 2 2 2 2 2 2 2 2 2
left_child=-1 2 4 24 5 6 -2 8 10 -10 16 12 13 -12 -14 -13 17 18 -7 -20 21 -9 -21 -19 25 45 28 33 -26 -30 32 -32 35 34 -28 -31 -37 -35 41 -40 -41 42 -27 -43 -45 -3 53 48 49 58 51 -51 -50 55 -55 57 -56 -22 59 60 -48 -60
right_child=1 3 -4 -5 -6 7 -8 20 9 -11 11 15 14 -15 -16 -17 -18 23 19 22 46 -23 -24 -25 26 38 27 -29 29 30 31 -33 -34 37 -36 36 -38 -39 39 40 -42 43 -44 44 -46 -47 47 -49 52 50 -52 -53 -54 54 56 -57 -58 -59 61 -61 -62 -63
leaf_value=-0.050283906161340902 -0.056374713001724877 -0.052945993492132339 -0.049066012443105281 0.026507114229386577 -0.037397021099076388 -0.010063642554068795 -0.0014437747811227707 0.0095550176481323922 -0.037417029230287224 0.022440227376670348 -0.0041729308074429528 0.019932626169759063 -0.0071497938842403552 0.061639551988775756 0.036290537498128959 0.073481943493571442 -0.035450930278970762 -0.041043074626289269 0.050059786739015059 0.022643117885110614 0.00018901709032661355 -0.046585798201281219 -0.0090299305876016204 0.0036397397430646735 0.040070068613939254 0.012426478965512433 -0.0021768982512094691 0.029438176340495545 -0.03373908989276949 0.025092895206435362 0.01214893222164113 -0.036312049651281368 0.04783662414996246 0.023802536442721081 -0.045573624983895326 0.017965833609600339 -0.035256574739051506 -0.011741411510496246 -0.030327401732654552 -0.014854816273580432 0.033334001937154113 0.045649264136928151 -0.015343528242175407 0.026055749439846784 -0.012230143227535843 -0.0068580164590078237 -0.030177341022043752 0.034152885573074769 0.01806865413805251 -0.044137374374758329 -0.083431243771925456 0.01632911462789902 -0.024604594207637425 0.030979738960477749 -0.027186164986390406 -0.044302239729220455 0.018911058858518404 0.042134845477551738 0.034460663367893184 -0.0028914521317828083 0.03066468646276992 -0.00099626223734377325
leaf_weight=14.800578565573231 2.598948232131078 3.0441992129199198 3.793820882914587 11.566657573450355 2.6909906280052374 7.7948500572238144 3.6530022490769625 4.6171976928599161 4.8084866467397651 1.8603832215303553 3.3571708794916111 3.4298518034629515 14.361185733694585 4.3707304457202554 3.1331143614370367 2.665273922495544 2.776944257610011 3.8406150700757271 4.3964659110642996 9.7317493999144045 92.675349830300547 5.6040338336024433 6.211962566478177 3.4493372497381642 7.5604148155543944 12.953619778156282 4.6053428081795627 5.9841944272629908 4.6048659124644464 13.014802034012979 14.827056909445675 4.2399687226861706 8.8577740790788067 5.4517968508880568 5.9997176337055862 4.7670442909002286 3.7191320704296231 7.1940773802343756 6.4656874847132704 4.6368801752105337 3.7611371213570237 4.0696264177095136 10.09363095811568 6.1167157310992462 3.9729942865669727 2.7099269507452846 15.203585044131616 2.8922269083559504 15.393963931361215 4.3150717293610779 3.032092179171741 3.5379322879016399 3.5796945483889422 12.653850650531242 5.6059887557057646 2.5734738194732918 3.2954137481283396 2.2485849772347128 4.2250218803819717 162.19622915895889 2.0105098942294708 7.1347164299804717
leaf_count=60809 110 125 59 194 81 158 97 78 131 38 103 108 327 48 71 25 98 84 60 206 2173 91 126 79 79 192 55 91 91 130 182 80 83 64 79 56 54 94 99 71 42 62 187 59 65 63 940 42 232 93 27 70 73 265 103 85 49 65 114 2911 82 165
internal_value=-0.000588082 0.000633851 -0.00164119 0.00690615 -0.00123034 -0.00100673 -0.0242787 -0.000667566 0.0059701 -0.0207189 0.00853034 0.0169439 0.0105631 0.0330492 0.000630084 0.0433486 0.001633 0.00453999 0.0108727 0.0188961 -0.00210101 -0.0212255 0.0103027 -0.0199008 0.00538098 -0.000288803 0.00899064 -0.00212048 0.0142647 0.0106538 0.0147898 0.00137258 0.0232165 -0.0102429 -0.0267282 0.0130738 -0.0053593 0.00358204 0.00313159 -0.00939159 0.00672703 0.00813449 0.000264499 0.0209445 0.01098 -0.0312407 -0.0015304 -0.00368848 -0.00418454 -0.00552082 -0.0354297 -0.016896 0.0100176 0.00252139 0.0140071 -1.79456e-05 -0.0101204 0.00118264 -0.00381426 -0.00482768 -0.0230713 0.0121912
internal_weight=616.738 601.937 441.72 160.217 437.926 435.235 6.25195 428.983 76.1881 6.66887 69.5193 31.3173 25.2222 7.7279 17.4943 6.09513 38.2019 35.425 28.135 20.3402 352.795 10.2212 15.9437 7.28995 148.651 57.8244 90.8262 29.2351 61.5911 54.0306 49.4258 19.067 30.3588 23.2509 10.6051 21.501 8.48618 12.6459 52.0703 14.8637 8.39802 37.2066 23.0473 14.1593 10.0897 5.75413 342.574 223.521 220.629 201.655 10.8851 7.853 18.9737 119.053 21.5553 97.4974 8.9014 94.9239 190.77 179.41 17.2141 11.3597
internal_count=72773 11964 9667 2297 9608 9527 207 9320 1662 169 1493 682 549 151 398 133 811 713 550 392 7658 169 332 163 2103 965 1138 383 755 676 585 262 323 292 134 240 110 158 777 212 113 565 379 186 124 188 7489 4749 4707 4402 190 163 305 2740 417 2323 152 2238 4212 3933 1022 279
is_linear=0
shrinkage=0.05


Tree=89
num_leaves=63
num_cat=0
split_feature=19 19 11 16 16 0 0 0 17 7 7 4 33 15 35 4 15 35 17 4 16 17 4 35 5 36 5 4 0 5 5 33 16 32 36 17 15 35 33 16 36 36 32 16 33 8 32 32 0 16 19 17 32 16 33 36 0 4 7 7 9 17
split_gain=14.2325 2.07693 4.47494 1.92774 2.64671 2.6834 2.32612 2.62867 2.15147 2.204 2.31433 2.35021 2.14785 1.87755 2.24357 2.08489 3.14661 1.81918 1.80473 1.74875 2.60102 2.4571 1.7271 1.72639 1.66836 2.29621 1.97351 1.63073 2.35592 1.88162 1.62625 1.61285 1.59638 1.7127 2.69771 2.77157 1.52951 1.5268 2.21077 2.81993 2.57314 4.49836 2.12508 2.05838 2.64459 2.02869 1.9176 1.48588 1.47037 2.01412 1.7269 1.91212 1.39606 1.39078 1.64515 2.4648 2.11497 1.95889 1.45322 1.44085 2.15759 2.02115
threshold=1.0000000180025095e-35 1.5000000000000002 1.0000000180025095e-35 1.3500339388847353 1.1498725414276125 0.6710948944091798 0.79561233520507824 0.77311325073242199 144.3378601074219 63.500000000000007 13.500000000000002 4.5000000000000009 0.0017731467378325763 7.3393940925598153 0.021054964512586597 11.500000000000002 10.171568870544435 0.04446640424430371 17.906783103942875 47.500000000000007 1.6759720444679262 12.462354183197023 62.500000000000007 0.18333333730697635 1542.5000000000002 0.050476228818297393 2348.5000000000005 1.0000000180025095e-35 0.73334884643554699 3994.5000000000005 3496.5000000000005 0.0031041993061080579 0.66585287451744091 5.5626702308654794 0.11125603690743448 23.828220367431644 4.7517123222351083 0.064583335071802153 6.0527399909915411e-06 1.9053691029548647 3.0362452889676209e-05 0.0061883269809186467 3.8025527000427251 1.5370666384696963 0.00010505784302949907 1913.5000000000002 4.1136822700500497 4.034879446029664 0.67995071411132824 1.9053691029548647 3.5000000000000004 17.906783103942875 3.3632726669311528 0.44833634793758398 0.022983022034168247 0.017612761817872528 0.7152080535888673 10.500000000000002 151.00000000000003 89.500000000000014 12.500000000000002 8.4088969230651873
decision_type=2 2 2 2 2 2 2 2 2 2 2 2 2 2 2 2 2 2 2 2 2 2 2 2 2 2 2 2 2 2 2 2 2 2 2 2 2 2 2 2 2 2 2 2 2 2 2 2 2 2 2 2 2 2 2 2 2 2 2 2 2 2
left_child=-1 2 23 4 13 -6 7 17 9 10 12 -12 -7 14 -3 18 -17 19 -15 20 21 -5 -21 53 -25 26 -26 28 -28 -30 31 -11 -18 34 35 -34 -16 43 40 45 -39 46 -41 -19 -45 -40 -42 -29 49 -22 51 -50 -51 -2 55 59 -56 -58 -57 60 -55 -61
right_child=1 3 -4 6 5 8 -8 -9 -10 30 11 -13 -14 15 36 16 32 37 -20 22 48 -23 -24 24 25 -27 27 47 29 -31 -32 -33 33 -35 -36 -37 -38 38 39 42 41 -43 -44 44 -46 -47 -48 -49 50 52 -52 -53 -54 54 56 58 57 -59 -60 61 -62 -63
leaf_value=-0.050272030326347743 -0.042690058982320006 0.05429704797746944 -0.063478897274782162 -0.0052085351479050565 -0.022520222361645404 -0.011229478528683091 0.031756280403001255 -0.028005463054539676 -0.012045521300493372 -0.037432241991910108 0.0084497423109283192 0.048416284540778287 0.032858322388410736 -0.011021784498380927 0.0026254020840732473 -0.060143050150205317 0.024813098079710744 0.043192571478846198 0.047112250337500911 0.031898488344788672 0.039935083253772985 -0.042079842071162915 -0.0018754843368183193 0.034723310709156845 0.033143383080409601 -0.021564656029250603 -0.043264474676323564 0.011214522708752539 0.025347855360276901 -0.020710896648744891 0.028138350275195546 0.012858265409501614 0.0064516084085282158 0.013421563961174863 0.025650195650455756 -0.053065422614743465 0.028072263203250993 0.011447250296559252 -0.025529764279989531 0.0079285216088625533 -0.024945324656764703 0.013938637375801744 0.050873670212658963 0.022732039623243192 -0.020539910563682102 0.011973342118086081 -0.070847797030570245 -0.020530842566027413 -0.0082281516386843237 -0.028150302367631774 0.013697886990734633 -0.055471587663729616 0.017359838945904312 0.00051711905151566112 -0.007661368419470212 -0.017478493654310413 0.0479942494969329 -0.0054454936455365305 0.019893930967960164 -0.0053082785336038933 -0.049336167888753224 -0.045650987405304953
leaf_weight=14.004816239317732 2.2648910821881136 2.4811912635341278 2.9449511783459448 8.1008176766335982 3.9713569125160566 5.3429049015976471 5.5035689811920738 8.7006233865395171 4.6544762430712572 3.1537513923831266 4.7049022675491896 16.858662989223376 5.7200586330145597 2.5034771680366275 48.847682071966119 3.2588776177726713 3.270639882655817 5.5725881676189628 2.8603814602829516 4.9738064808771041 4.2017584815621394 10.217366050695999 15.840053964871911 4.4542335479636668 6.23701507016085 8.279283326410221 4.1215252703987053 38.753818865749054 4.467196530196814 4.4029482309706509 4.1724649779498577 3.2241091076284647 2.7852325332351011 4.2973293866962186 2.248230187688022 6.5705935923615471 6.7170564881525925 8.7343776288907993 6.0946699948981431 5.712262229062615 5.6261463142000121 5.3306891666725269 5.8111042585223913 10.230312071740626 5.3918457850813857 8.8307555392384511 3.8200910491868854 4.0735048097558311 6.6780159091576916 3.1948521612212062 4.6142849647440007 3.1529909064993262 3.5659672189503908 150.38066056126263 6.6909673492191342 40.473897802992724 5.2785894380067475 2.5399900171905756 2.7798222837154745 11.71206904039718 2.2020890235435209 4.2244229534408069
leaf_count=60809 204 50 287 134 72 86 72 107 65 51 65 176 54 90 1071 69 53 67 64 49 40 170 204 67 96 148 71 543 100 68 54 50 49 60 40 177 153 112 67 59 83 70 53 129 65 105 47 61 156 82 64 70 52 3372 188 1303 138 51 100 336 87 138
internal_value=-0.000451217 0.000723763 -0.00214135 0.0037756 0.00804794 0.0169731 -0.000147433 -0.00136343 0.0202522 0.0237339 0.0301577 0.0396961 0.0115659 0.00266183 0.00777883 -0.00802437 -0.0147208 0.000344833 0.0199793 -0.00573392 -0.0114123 -0.0257743 0.00619535 -0.00154586 0.00504809 0.0031688 0.00646864 0.0034881 -0.0120285 0.00248529 0.0038682 -0.0120096 -0.00699994 -0.0135433 -0.0235292 -0.0353472 0.0057016 0.00585847 0.00108799 0.0110047 -0.0100677 -0.0227847 0.0295853 0.0171034 0.00779712 -0.00334073 -0.0435084 0.00819507 -0.00105782 0.0127494 -0.0115362 -0.02338 -0.00414616 -0.00370365 -0.00331343 -0.00442936 0.0129741 0.0306335 -0.0150766 -0.00169653 -0.000202368 -0.0160023
internal_weight=607.829 593.824 306.282 287.542 137.643 51.8027 149.899 144.395 47.8313 43.1769 32.6265 21.5636 11.063 85.8407 58.0459 27.7948 22.4309 135.695 5.36386 64.5399 43.7261 18.3182 20.8139 303.337 74.7895 70.3353 62.056 55.819 12.9917 8.87014 10.5503 6.37786 19.172 15.9014 11.6041 9.35583 55.5647 71.1548 49.9601 26.4488 23.5113 14.7769 11.5234 21.1947 15.6222 14.9254 9.44624 42.8273 25.4079 10.9626 14.4453 9.83101 6.76082 228.547 226.283 211.773 14.5095 7.81858 43.2537 168.519 152.583 15.9365
internal_count=72773 11964 7358 4606 2549 673 2057 1985 601 536 381 241 140 1876 1274 602 448 1878 154 1021 768 304 253 7071 1154 1087 939 843 239 168 155 101 379 326 266 226 1224 857 596 284 312 200 112 261 194 172 130 604 464 174 290 226 134 5917 5713 5336 377 189 1403 3933 3459 474
is_linear=0
shrinkage=0.05


Tree=90
num_leaves=63
num_cat=0
split_feature=16 15 16 32 31 17 1 1 16 16 7 35 8 16 33 16 32 18 18 15 17 32 17 0 0 15 15 32 35 15 15 8 2 15 8 2 15 7 33 31 17 17 17 33 7 2 0 2 1 16 17 15 9 0 2 0 0 16 7 0 15 2
split_gain=4.01926 3.24492 2.81663 1.85237 1.49572 1.85646 1.60191 1.78145 1.53192 3.52939 2.27206 3.18401 2.95261 1.97538 1.70831 1.81555 1.62215 1.51858 1.70231 1.62664 1.70277 1.44454 2.49281 1.42703 2.88884 1.54081 1.63161 1.35189 2.4446 1.36398 1.35117 1.65729 1.34627 1.76161 2.03538 1.43521 1.33187 1.28666 1.30217 1.46744 1.8741 2.19484 1.29782 3.02209 2.23613 1.46036 1.3053 1.98586 1.27881 1.27273 1.25059 1.24625 1.39182 1.2398 1.238 1.21238 4.1411 3.03792 2.78061 2.09629 2.03877 1.8338
threshold=0.86763349175453197 1.0915071964263918 0.66272228956222545 1.9563862085342409 0.022922369651496414 2.0820991992950444 20.500000000000004 19.500000000000004 1.3065387010574343 1.3981814384460451 33.500000000000007 0.069047622382640853 2287.0000000000005 1.2551903724670412 3.8286455037450659e-06 0.98127377033233654 1.8133502006530764 15.500000000000002 27.500000000000004 0.27315609157085424 0.94401636719703685 5.101508855819703 99.704727172851577 0.64793968200683605 0.64881610870361339 0.39908207952976232 1.9236596226692202 2.0298560857772832 0.030776515603065494 3.4562104940414433 3.6381819248199467 2679.0000000000005 3880.5000000000005 40.071428298950202 3147.5000000000005 1065.5000000000002 1.2521186470985415 216.50000000000003 3.8286455037450659e-06 7.5716907304013156e-06 49.447557449340827 12.910751819610597 1.4478955864906313 6.0527399909915411e-06 18.500000000000004 17.500000000000004 0.81443023681640636 187.50000000000003 12.500000000000002 1.3860672712326052 22.564919471740726 18.513157844543461 1.5000000000000002 0.82251739501953136 36.500000000000007 0.72141456604003917 0.70431900024414074 1.0718141198158266 19.500000000000004 0.72237586975097667 188.50000000000003 612.00000000000011
decision_type=2 2 2 2 2 2 2 2 2 2 2 2 2 2 2 2 2 2 2 2 2 2 2 2 2 2 2 2 2 2 2 2 2 2 2 2 2 2 2 2 2 2 2 2 2 2 2 2 2 2 2 2 2 2 2 2 2 2 2 2 2 2
left_child=1 -1 32 4 5 6 7 8 13 -10 11 -11 -12 14 -2 16 -16 -8 19 -19 -21 22 23 25 -25 -5 -27 28 -26 48 31 -28 33 34 35 -3 -36 42 50 -40 41 54 43 44 49 -44 55 53 -30 -29 -39 52 -23 -48 -41 56 60 58 -58 -57 -47 -61
right_child=3 2 -4 21 -6 -7 17 -9 9 10 12 -13 -14 -15 15 -17 -18 18 -20 20 -22 51 -24 24 27 26 30 37 29 -31 -32 -33 -34 -35 36 -37 -38 38 39 40 -42 -43 45 -45 -46 46 47 -49 -50 -51 -52 -53 -54 -55 -56 59 57 -59 -60 61 -62 -63
leaf_value=-0.030893982361127715 -0.028557433486209673 0.031801988557944902 -0.019991735068430615 0.058085039495232596 0.026001354420065736 -0.045508688466813878 -0.027984543249982466 0.044048028249540544 -0.079893607589859084 -0.055544239419039902 -0.092887221805284484 0.018693963097657754 0.022243024120387474 0.059424604991849983 -0.065522039975247776 0.022529987069745291 0.039880694796266325 0.047146032634631657 -0.036137332350472076 -0.0670677452030463 0.021937488824984936 0.0075527713661749651 -0.02297301035694253 0.054564602078810753 0.065914363702452558 -0.044343880272510031 -0.038385034002319546 -0.061022746202553907 0.011978085614629048 0.05074010902944031 -0.017405847833282924 0.027815199645211543 -0.096210715694138083 0.050570082703105514 0.043226802958977482 -0.075144279520609272 -0.022029275933269477 -0.015853791111135888 0.031295933741724201 -0.054636521467754988 0.034046937618569993 -0.053647956397474605 0.026998480665617431 -0.073919918059388676 0.028232656613583585 -0.0011881957977437786 0.058501419850603968 -0.020459866794962905 -0.048473122895504074 0.010393658725728993 -0.067416371974931388 0.0067073487867894497 0.04599504123010445 0.01822358066831321 0.01769937854630586 -0.039096144913977587 0.020215856792906411 0.018574636850838246 -0.03490277353291537 -0.00075607800791989584 0.041717114348122586 0.024881569000773388
leaf_weight=17.061757033972754 3.4046547581128896 5.8682178890303458 13.907669190219165 0.78480132116237911 3.2765363990547476 3.2359939784291774 12.609218433994103 2.1906890149512028 1.8015665072634863 1.7550454149532004 1.461746250974101 8.157449759924928 0.89961755646800146 1.6862034788791778 1.214160435960365 8.0699992049485427 0.52195005153771479 2.3784790822392088 2.0849293198225496 0.86801144537093966 1.4106552075281795 4.4057873542769794 9.7889213404450839 2.7125149587373008 2.3667713178983822 3.4825824343352023 1.2097865286268632 1.6425351745492656 2.3198867455503209 1.1865056384049237 10.064312166552552 4.326162119206856 0.28853231668472368 2.5762477733187561 0.90018448948831054 0.3314239862083922 5.9512967755581485 4.3098439393506878 2.6841703242243957 0.74009749282777049 1.8218708803324259 3.1528990344959311 6.446650836722255 1.8063992012612287 3.195510319495952 125.333232043522 2.7342554308852396 2.4391541743025291 1.4045192407284046 1.0058997282139897 1.6171955513636929 24.287638004923792 5.0572217061417177 6.3420636896917131 2.9459918546417612 3.4434643013628365 3.9314693669439276 63.81729009096307 5.4741298162516614 170.72242146265489 2.8313085661502546 7.2719449524010988
leaf_count=29362 1034 2413 2970 44 1298 455 6161 322 353 696 216 1430 224 193 448 1013 49 900 931 335 300 73 172 54 239 344 122 72 201 93 672 143 4 138 199 8 1562 238 77 108 37 133 516 157 246 6408 77 38 257 136 44 305 59 188 134 143 251 1909 403 5720 54 81
internal_value=0.000555709 -0.0135031 -0.00355395 0.00174095 -0.00679596 -0.00879524 -0.00644334 0.000573087 -0.00271418 -0.0145423 -0.00494995 0.0055498 -0.0490256 0.0084616 0.00195676 0.0125512 -0.0338334 -0.0177425 0.00141243 0.0182229 -0.0119672 0.00271636 0.00199195 0.00252837 0.00312595 -0.0105764 -0.0134002 0.0028037 0.0241717 0.0040542 -0.00649236 0.0133483 0.0108097 0.0127857 0.00532718 0.0260848 -0.0134556 0.00243841 -0.0109287 -0.00100555 -0.0110164 -0.0230211 0.00300367 -0.0173964 7.54143e-05 0.00339308 0.00300718 0.0195935 -0.0108188 -0.0338981 -0.0299227 0.0127046 0.0280971 0.0303573 0.00317569 0.00250826 0.00517903 0.0146648 -0.0118636 -0.00045618 -0.000240366 0.000291346
internal_weight=603.019 46.8853 29.8236 556.134 57.0269 53.7504 50.5144 31.1631 28.9724 14.0754 12.2739 9.9125 2.36136 14.897 13.2108 9.80611 1.73611 19.3513 6.74208 4.65715 2.27867 499.107 465.357 455.568 435.7 19.8676 19.0828 432.987 7.27768 4.91091 15.6003 5.53595 15.9159 15.6274 13.0511 6.19964 6.85148 425.71 17.2721 11.345 8.66086 6.83899 408.438 7.65034 5.84395 400.787 394.341 11.5155 3.72441 2.64843 5.92704 33.7506 9.46301 9.07632 3.68609 382.825 201.387 73.2229 9.4056 181.438 128.165 177.994
internal_count=72962 36656 7294 36306 16358 15060 14605 5978 5656 2919 2566 2126 440 2737 2544 1510 497 8627 2466 1535 635 19948 19511 19339 18014 1325 1281 17960 790 551 937 265 4324 4320 4182 2421 1761 17170 771 489 412 375 16399 611 454 15788 15272 303 458 208 282 437 132 265 242 14969 9025 2563 654 5944 6462 5801
is_linear=0
shrinkage=0.05


Tree=91
num_leaves=63
num_cat=0
split_feature=16 15 15 16 2 1 5 15 15 0 18 2 17 18 2 35 15 2 33 5 1 15 2 15 17 1 2 8 2 36 5 31 0 0 0 16 1 0 15 9 0 7 36 15 2 15 8 2 1 36 2 16 17 36 5 31 36 2 18 31 8 7
split_gain=4.14754 2.77375 2.11357 2.84657 2.06072 1.87759 1.86238 1.70291 2.1401 1.84302 1.64618 2.08285 1.78559 1.74538 1.94833 2.09565 1.60748 1.55618 1.61246 2.32298 1.97192 2.4448 3.24858 2.3097 2.1406 2.04062 1.88181 2.21313 1.86432 1.7818 2.523 1.83104 1.7459 1.72152 1.61718 3.86957 3.55355 2.84804 2.64537 2.66032 2.4975 2.10891 2.06177 1.62675 1.6898 1.56238 1.47692 1.88345 2.03758 1.56681 1.4282 1.44338 1.41122 1.78913 1.3736 1.35671 1.74107 2.50316 1.55022 2.26685 2.26914 2.26199
threshold=0.86763349175453197 0.6509782373905183 326.50000000000006 0.66272228956222545 612.00000000000011 1.5000000000000002 3959.5000000000005 8.7872233390808123 6.7788889408111581 0.74271774291992199 26.500000000000004 769.50000000000011 244.29100036621097 20.500000000000004 1777.0000000000002 0.15476191043853763 40.071428298950202 574.50000000000011 5.2694498663186102e-05 4865.5000000000009 13.500000000000002 0.78601953387260448 104.50000000000001 0.85773810744285595 7.895503282546998 12.500000000000002 339.50000000000006 1799.0000000000002 32.500000000000007 2.3273548322322316e-05 6021.5000000000009 3.7837413628949439e-06 0.85092544555664074 0.65718269348144542 0.70923805236816417 1.1094301939010622 18.500000000000004 0.69456863403320324 0.066767986863851561 5.5000000000000009 0.69370651245117199 3.5000000000000004 0.039697589352726943 4.7517123222351083 26.500000000000004 1.2521186470985415 3147.5000000000005 41.500000000000007 25.500000000000004 0.058318281546235091 42.500000000000007 1.5057353973388674 3.6021114587783818 0.13449979573488238 2977.5000000000005 0.036644529551267631 0.1309071555733681 273.50000000000006 8.5000000000000018 0.018231384456157688 2338.5000000000005 17.500000000000004
decision_type=2 2 2 2 2 2 2 2 2 2 2 2 2 2 2 2 2 2 2 2 2 2 2 2 2 2 2 2 2 2 2 2 2 2 2 2 2 2 2 2 2 2 2 2 2 2 2 2 2 2 2 2 2 2 2 2 2 2 2 2 2 2
left_child=1 54 3 6 17 -5 16 8 9 -6 11 -9 -12 14 15 -13 46 18 28 20 21 22 24 -23 25 -20 55 -28 32 30 50 -31 34 -25 37 52 38 40 -37 42 41 -2 -40 44 -43 -32 -3 -48 49 -49 51 -30 -36 -54 -1 56 58 -58 -22 60 -60 -62
right_child=4 2 -4 5 7 -7 -8 10 -10 -11 12 13 -14 -15 -16 -17 -18 -19 19 -21 26 23 -24 33 -26 -27 27 -29 29 31 45 -33 -34 -35 35 36 -38 -39 39 -41 -42 43 -44 -45 -46 -47 47 48 -50 -51 -52 -53 53 -55 -56 -57 57 -59 59 -61 61 -63
leaf_value=-0.047307190763714264 -0.048800975875889274 0.022369949960073708 -0.081838207790689607 0.019887678879790618 -0.015796177096945439 -0.027276676870354954 -0.065659517094088224 0.033829624957143797 0.059202606981907852 0.036418207841546715 -0.021428226175345604 -0.0027924283956550192 0.014636783623649695 0.027841750182185439 0.017055871746910384 -0.051530892658635911 0.049850713496300422 -0.031204059506888423 -0.011859119433685379 0.050975524310011025 -0.010181896063344647 0.055810485910568031 -0.081529655932267853 0.054630868567741464 0.045462614303537915 0.0508454715991319 -0.059920628962172089 -0.0056773581239381128 -0.015535491146869196 -0.062047843324865175 -0.015500630073901182 -0.0016310870390713736 -0.057266531742948816 0.0092071999173435233 0.030450209630899224 -0.062843378500947553 -0.05137324533053042 -0.044840320558059157 -0.022171486477864027 0.036596171141492308 0.065715111439723764 -0.00099814395074867938 0.056322928290272516 0.062501758904589963 -0.03839459529465522 0.0097201142728249399 -0.050723083182192735 0.032095860666620839 -0.055321751751888776 -0.049433151232678593 0.065322447466952191 0.045128864106487011 -0.070315087398317724 0.04465902257099888 -0.011232015340390183 0.042666574907487632 -0.062907197774478313 0.027558279555776544 -0.0040409699942248909 0.048181603057436566 0.030134750244946086 0.00320176794724353
leaf_weight=7.6840320091996528 3.2582731424845504 7.1938810689462169 0.91511552107112848 2.4918795528647051 3.1770161212189105 13.774592128291259 0.8042872825426447 8.5492095442386908 3.7107478361576796 3.610758954891935 8.9803435867652279 9.018036461551679 5.5549493951548348 6.5619278778322032 8.1018625518117897 2.919582295093277 2.4338292673673996 3.822760639130137 17.483357027747854 2.5752678223689136 24.318021638504433 2.886551124349352 1.3611338034461358 2.1391731628464177 2.1487014892554717 1.4014972368277074 2.8267278014973254 5.6170120355527615 1.7507458479376503 1.2651564887346456 7.8569128407580129 143.17699167139654 1.8566694958353753 83.714726335823798 9.6853543186880433 1.5230459085614736 4.6772547072505395 6.7079454613340195 6.3125910078233556 4.6664241875769221 1.0963659493609146 15.227832187723839 0.96437386389879964 0.84457529037899703 3.7682447188344659 28.110199720686069 2.0113334194138588 3.966506497534283 1.1128487723144642 0.69212130294181395 2.7449842604110017 2.2287226075277431 0.82680240867557475 0.57275910680618836 4.0186252648964 1.8857641114154819 2.4392387820807921 1.1138022309751248 51.307518123539921 2.8198325481716884 11.945913541101616 22.440085897906101
leaf_count=23696 1125 3604 8 184 55 3828 162 108 27 58 126 175 66 79 106 28 135 60 1887 132 3406 113 37 85 81 133 64 144 98 64 264 5626 44 2638 1333 397 1196 1681 621 406 99 4856 99 42 376 922 1803 219 370 150 61 91 98 54 2497 391 182 14 3793 512 723 1530
internal_value=0.000427188 -0.0138167 -0.0068398 -0.00484938 0.00163912 -0.0200515 0.00872667 0.0103737 0.0286706 0.0119793 0.00650767 0.0123601 -0.00764527 0.0054602 -0.00186864 -0.0147124 0.012163 0.000573617 0.000821761 0.00374278 0.00323138 0.00809265 -0.00666964 0.0118181 -0.00182527 -0.00720564 -0.00103223 -0.0238365 -0.00199728 0.000492177 0.00946645 -0.00216027 -0.00951255 0.010339 -0.00803806 0.000393253 -0.0138268 -0.0160125 -0.000785899 0.0071278 -0.00802022 -0.01152 -0.0117691 -0.00539762 -0.00841646 0.00421071 0.00603843 -0.00905728 0.00546307 0.0199833 0.0375778 0.0184399 0.0236685 -0.0232629 -0.0349192 0.00059585 -8.58173e-05 -0.0345482 0.000999398 0.00407133 0.00261984 0.0125585
internal_weight=600.653 47.0991 35.3964 34.4813 553.554 16.2665 18.2148 60.1844 10.4985 6.78778 49.6859 35.1506 14.5353 26.6014 20.0395 11.9376 17.4105 493.369 489.547 240.424 237.849 111.135 22.3947 88.7405 21.0336 18.8849 126.714 8.44374 249.122 187.134 42.6916 144.442 61.9885 85.8539 60.1318 29.2286 18.1437 30.9032 13.4664 11.9434 24.1953 23.0989 7.27696 19.8407 18.9961 35.9671 14.9767 7.78281 5.77148 4.65863 6.72445 3.97947 11.0849 1.39956 11.7027 118.27 116.384 3.55304 112.831 88.5134 85.6935 34.386
internal_count=72962 36656 10463 10455 36306 4012 6443 828 140 113 688 496 192 388 309 203 6281 35478 35418 15865 15733 4974 2138 2836 2101 2020 10759 208 19553 7126 1436 5690 12427 2723 12383 4204 2719 8179 1523 1126 6498 6399 720 5274 5232 1186 6146 2542 739 369 250 189 1485 152 26193 10551 10160 196 9964 6558 6046 2253
is_linear=0
shrinkage=0.05


Tree=92
num_leaves=63
num_cat=0
split_feature=32 16 16 7 33 0 34 9 5 17 32 1 2 16 6 6 15 35 0 17 7 7 16 33 17 18 18 31 15 1 32 9 0 18 18 18 0 7 35 35 2 15 15 17 1 17 1 7 33 7 7 16 1 15 15 1 35 34 15 0 4 4
split_gain=3.43507 2.59606 2.33691 2.32252 2.03809 1.66772 1.61291 1.6106 1.56323 1.52674 1.40799 1.58997 1.7773 1.31708 1.54022 1.81256 1.32166 1.47495 1.46285 2.28206 1.92134 2.16419 1.669 1.89989 1.35207 1.60524 1.24289 1.22607 1.21087 1.79623 1.64511 1.55037 2.18723 1.94922 1.47546 1.1661 1.14003 1.3192 1.13374 1.11807 1.1155 1.79703 1.40195 2.36906 1.76431 1.68708 1.61436 1.48753 1.39092 1.70947 1.56078 1.48454 2.03679 1.38629 1.2875 1.20332 1.1757 1.16714 1.61131 1.15826 1.41855 2.07049
threshold=1.9563862085342409 0.94374412298202526 1.3065387010574343 55.500000000000007 5.9033061461377665e-06 0.72638511657714855 0.46088269352912908 2.5000000000000004 5198.5000000000009 2.13494884967804 5.101508855819703 1.5000000000000002 1150.0000000000002 1.3860672712326052 0.0062386000063270339 0.016195861622691158 6.2880184650421151 0.18333333730697635 0.66329383850097667 0.47500272095203405 4.5000000000000009 19.500000000000004 1.4669077396392824 2.1253275917842988e-05 0.40928462147712713 11.500000000000002 19.500000000000004 0.001053129031788558 0.78601953387260448 20.500000000000004 1.8907159566879275 1.0000000180025095e-35 0.76135635375976574 10.500000000000002 8.5000000000000018 3.5000000000000004 0.7357320785522462 139.50000000000003 0.054093567654490478 0.064583335071802153 19.500000000000004 0.15919147431850436 0.45468705892562872 1.5583306550979616 1.0000000180025095e-35 2.2224022150039677 10.500000000000002 37.500000000000007 0.14213193953037265 7.5000000000000009 38.500000000000007 0.86107954382896434 27.500000000000004 0.58840337395668041 40.071428298950202 35.500000000000007 0.051315790042281158 1.0000000180025095e-35 3.200775265693665 0.64793968200683605 80.500000000000014 146.50000000000003
decision_type=2 2 2 2 2 2 2 2 2 2 2 2 2 2 2 2 2 2 2 2 2 2 2 2 2 2 2 2 2 2 2 2 2 2 2 2 2 2 2 2 2 2 2 2 2 2 2 2 2 2 2 2 2 2 2 2 2 2 2 2 2 2
left_child=1 27 4 13 5 6 7 39 -5 28 40 -12 -13 14 -4 -16 17 18 22 20 -20 24 -15 -24 25 -22 -27 38 29 31 -31 33 -33 -6 -30 -23 -7 -38 -1 -3 41 -2 43 -43 -44 -46 -45 -48 51 -50 -51 52 54 -47 -42 -55 -56 59 -59 -53 -61 -62
right_child=10 2 3 8 9 36 -8 -9 -10 -11 11 12 -14 16 15 -17 -18 -19 19 -21 21 35 23 -25 -26 26 -28 -29 34 30 -32 32 -34 -35 -36 -37 37 -39 -40 -41 48 42 44 46 45 53 47 -49 49 50 -52 57 -54 55 56 -57 -58 58 -60 60 61 -63
leaf_value=-0.055136715886467937 -0.041860357997953089 -0.029232035517776846 -0.066699672501759774 -0.082558645078505619 0.038216919406690794 0.056779897673400692 0.064692272350002231 0.043538592185730252 0.0099929264107065843 -0.035379591736676853 -0.020310254574386538 0.03862313153121822 0.0089598651604755868 0.066034761932802388 0.058102710042300221 -0.079837572515187277 -0.070840353991898794 0.022619487160317611 -0.066584146256666518 -0.039831908870063874 0.060677249177886194 0.059973156258687037 -0.043673689914318137 0.025796302535330069 0.10873469909481426 -0.07290306548890696 0.043658712158070212 -0.039225149972294759 0.0092059304879181427 -0.038277159083431142 0.090484016620382815 0.05531380283739179 -0.033342301120295584 -0.050230259126568588 0.058396887836761106 -0.051184728369924451 -0.030546678937496182 0.075618256292659891 0.016224798934124849 -0.079768280003523595 -0.0080060811838503481 0.062278783708981045 0.057236196206766059 0.032485643765732 -0.01525780916526772 -0.074930792672709925 0.11075225847773069 -0.071654099390738135 -0.081647357023436062 0.067393936378113792 -0.014087492781294618 -0.011630275010986331 -0.037740016135732517 0.035734764687845318 0.075142117672837183 -0.052203786481394003 -0.0014962118698038608 0.0030318374181623276 0.031534967384233385 0.0014331480369320626 -0.026714836790256685 0.020719277475750881
leaf_weight=0.75067162899358608 1.440402224856373 3.1890059166107694 2.057154985155655 1.9688017374774056 1.1455020076427955 1.0902699079924789 0.41691308002918948 0.5522294559959845 0.59386148431622121 1.389098347925027 3.5805440287876982 6.296747711323408 25.496953078356455 1.0989166361105258 0.65792924047855172 0.37325701573354308 0.77760876708634796 4.0603215860246555 0.80978891463382563 6.7014618962966779 1.3170602412610612 0.29020962439244602 1.7004851466408579 2.3363934629924188 0.6130975175401544 0.55380713920021651 0.38957117383324658 9.7878686918666045 2.7345253758394383 2.5151823770465858 0.27520849094798894 3.7653047986023012 0.85336107237890235 1.3654498870091627 3.4446777732773626 1.2616237335932963 1.3936699081459663 0.37037272764428042 2.1526294462673832 1.666355680899869 19.59907361044862 3.5561324848822577 1.5691174466992368 1.465767196230445 7.0027481401011737 0.34651200793450687 0.1275149385910479 0.90522182912172866 0.29448183034764897 2.1133641259475557 0.81410839063755691 19.363267775588611 5.680687546146145 4.6762571460476465 0.93189296048149062 0.42431049684819289 1.080866471838817 16.076436823990665 7.1695722580188876 386.41588148122537 9.7429713884121139 3.011686352081596
leaf_count=1404 630 1680 470 467 306 163 5 169 286 253 46 96 357 161 135 144 211 477 648 1622 562 24 1099 651 91 216 190 26064 373 1478 35 528 118 234 327 611 443 59 814 423 4042 198 116 255 997 125 41 474 126 264 302 1323 3086 892 40 254 77 375 138 15555 165 47
internal_value=0.000295949 -0.0104221 -0.00561779 -0.0157783 0.00508412 -0.0147242 -0.0300676 -0.0373734 -0.0611111 0.0149143 0.00164121 0.0112773 0.0148347 -0.0111312 -0.0417001 0.00817266 -0.00682239 -0.00446675 -0.0109087 -0.020509 0.0042261 0.0171835 0.0114044 -0.00346707 0.0428791 0.0250171 -0.0247685 -0.0307611 0.0192538 0.00843133 -0.0255778 0.0217418 0.0389334 -0.00988045 0.0366281 -0.030397 0.0165856 -0.00825663 -0.00222629 -0.046576 0.000950915 0.0120854 0.0159564 0.0360629 0.00727256 0.000975381 -0.00125031 -0.0491319 0.000443715 0.0331834 0.0447346 0.000218833 -0.0110981 0.0218447 -0.00409519 0.0284193 0.0339868 0.000917974 0.0118228 0.000312302 0.000891622 -0.0155145
internal_weight=595.602 66.4196 53.7285 27.5614 26.1671 8.67882 5.8245 5.40759 2.56266 17.4883 529.183 35.3742 31.7937 24.9987 3.08834 1.03119 21.9103 21.1327 17.0724 11.9366 5.23516 4.42537 5.1358 4.03688 2.87354 2.26044 0.943378 12.6912 16.0992 9.92001 2.79039 7.12962 4.61867 2.51095 6.1792 1.55183 2.85431 1.76404 2.9033 4.85536 493.808 21.514 20.0736 6.05464 14.0189 12.4498 2.4985 1.03274 472.294 3.22195 2.92747 469.072 27.2925 5.44708 21.6118 5.10057 2.01276 441.78 23.246 418.534 399.171 12.7547
internal_count=72962 42941 14659 8065 6594 2942 2277 2272 753 3652 30021 499 453 7312 749 279 6563 6352 5875 3964 2342 1694 1911 1750 1059 968 406 28282 3399 2699 1513 1186 646 540 700 635 665 502 2218 2103 29522 3982 3352 968 2384 2268 770 515 25540 692 566 24848 7245 1271 4159 1146 117 17603 513 17090 15767 212
is_linear=0
shrinkage=0.05


Tree=93
num_leaves=63
num_cat=0
split_feature=19 19 31 31 15 15 15 2 8 8 15 2 0 0 2 31 16 31 35 16 16 16 16 35 7 7 15 36 4 7 7 36 8 18 10 32 7 12 4 32 2 7 2 17 7 6 6 15 4 6 17 17 8 8 31 8 32 32 15 32 16 16
split_gain=13.0665 2.66841 1.91476 1.82277 1.30054 3.56176 2.06593 2.49539 1.91328 1.70538 1.72578 1.61304 1.33559 2.39635 1.19891 1.18077 1.85787 1.53189 1.52805 1.1643 2.26045 1.12881 1.51203 0.951558 1.38886 0.931509 1.71195 1.29185 1.3733 1.00584 1.24537 0.990701 2.37623 1.27874 1.09488 1.71267 2.97593 1.92825 1.52543 1.24553 2.5941 1.70254 1.40256 1.48467 2.24147 2.35417 1.79209 2.0227 1.536 1.53009 1.5133 1.7446 1.46993 1.43158 3.00865 1.4221 1.34151 1.45754 1.28107 2.31874 1.55998 1.22876
threshold=1.0000000180025095e-35 3.5000000000000004 1.9067394418925689e-06 4.0763984543445994e-06 9.007352828979494 4.6015872955322275 17.154761314392093 421.50000000000006 4061.0000000000005 3364.5000000000005 1.7514705657958987 199.50000000000003 0.71612930297851574 0.70617103576660167 431.50000000000006 0.097562313079833998 0.86107954382896434 0.036644529551267631 0.048809524625539787 1.3860672712326052 1.1729229688644411 0.57265016436576854 0.47290496528148657 0.75000000000000011 41.500000000000007 194.50000000000003 0.11634059622883798 0.00097940640989691041 12.500000000000002 252.50000000000003 287.00000000000006 0.11759499087929727 1661.0000000000002 27.500000000000004 1.0000000180025095e-35 4.6485307216644296 19.500000000000004 1.0000000180025095e-35 48.500000000000007 2.1411460638046269 20.500000000000004 4.5000000000000009 25.500000000000004 3.3481972217559819 42.500000000000007 6.0346180816850401e-06 0.00096344467601738881 2.7633053064346318 1.5000000000000002 0.0067043446470052013 4.9716665744781503 5.6920928955078134 1913.5000000000002 4107.5000000000009 3.7837413628949439e-06 2338.5000000000005 4.3756535053253183 3.8025527000427251 5.7559523582458505 4.1136822700500497 1.3382202386856081 1.3500339388847353
decision_type=2 2 2 2 2 2 2 2 2 2 2 2 2 2 2 2 2 2 2 2 2 2 2 2 2 2 2 2 2 2 2 2 2 2 2 2 2 2 2 2 2 2 2 2 2 2 2 2 2 2 2 2 2 2 2 2 2 2 2 2 2 2
left_child=-1 15 -3 -4 5 9 7 -6 12 10 -5 -11 13 -8 -7 16 18 25 -2 20 -14 22 -20 24 -23 31 -27 28 -28 -29 -31 34 33 -33 39 37 -37 38 61 41 -41 -18 -42 -44 45 53 48 52 -47 55 -50 -52 -48 54 -45 -46 57 -53 60 -60 -49 -36
right_child=1 2 3 4 6 14 8 -9 -10 11 -12 -13 19 -15 -16 -17 17 -19 21 -21 -22 23 -24 -25 -26 26 27 29 -30 30 -32 32 -34 -35 35 36 -38 -39 -40 40 42 -43 43 44 49 46 47 58 50 -51 51 56 -54 -55 -56 -57 -58 -59 59 -61 -62 -63
leaf_value=-0.050259635094930616 -0.031824364629436511 0.036864780904184664 -0.019924826511564516 -0.016293937283089584 -0.041466425075362898 0.052991359475311389 0.007042440756816171 0.0046304218969761357 0.042451593273838184 0.012152688885680616 0.028191953855742403 -0.037880009699804817 0.021990680973609542 -0.037907976927361128 0.018851452250649204 0.022848923059962226 -0.044702535740246518 0.024799054859915553 -0.031632115612382043 0.02072636875832605 -0.027625658910408538 -0.0065565273291655849 0.035203155380624421 0.016322924305354935 -0.042876331971751093 0.019553140881692844 -0.024809535673994767 -0.013500049994136485 0.023215051175704059 -0.077256122914556136 -0.024766430698561423 -0.04680801708910811 0.023983822736419184 -0.0055508076377757051 0.0056027479442760679 0.011278317694708641 -0.050446216880689614 0.036387711384907616 0.030401280149655624 0.045154993812617422 -0.035466644805304141 -0.0072902878796692648 0.014326013520034781 -0.033214297049665074 0.035242174973062992 0.0089032671141208823 -0.05875763741597069 -0.0021518138303063725 -0.062994560585765455 -0.018034519982367363 0.018200597284085792 -0.024452864683023517 -0.0087650858768621252 0.036097795654012721 0.034904229692756791 0.005977655513890825 0.0042429766728987192 -0.061402132092477205 -0.015961114628191088 0.023003609668887991 0.042580355286263388 -0.0011953134218982398
leaf_weight=12.566324744248048 7.864686781831554 5.7341615321347481 5.8490954344160846 3.0198966294992768 4.8543347655795497 6.7883910923264903 10.304112864658235 7.4286530157551169 4.0238329868298015 2.8189880405552676 7.8399018421769142 3.7590978158987127 4.8873990850988793 4.1628226879984132 4.139864984434098 5.468140837037935 3.8405364383943406 6.2648462457582346 1.1626947595796107 17.130022335448302 4.3286637170240283 8.4671517473179829 3.1090600207680836 2.4424478625878683 3.8195315704506347 3.7050041563343283 2.8993489928543559 4.647649100981651 3.0593374622985721 1.9199370238929985 2.7466613615397364 4.4141693536657822 2.8822537314845249 3.2689777044579387 130.24089725554222 3.7853646697476497 4.0335178030654788 4.299960696254856 4.8596251868875688 2.9574756626971057 3.0981976626208043 14.60631130915135 13.218595725717021 3.4582460918463749 6.443622400518513 3.3635223335586515 2.6498514646664253 4.2868585273390662 2.625976157840344 3.9283433023374519 2.3108626343309906 9.5510591398924571 3.3033613583538681 4.2221425548195839 3.0511775705963373 11.669415718875824 2.6415361547842613 3.7040860215201965 14.489174834336156 5.1842232074122867 3.5739459348842502 135.75953101401683
leaf_count=61007 1209 56 80 61 70 81 184 114 48 45 121 73 77 66 70 104 76 109 112 179 64 385 97 39 278 92 65 90 47 34 95 73 71 46 2409 44 75 124 80 41 79 325 196 81 104 68 53 84 72 95 39 235 60 61 41 223 38 79 331 78 53 2376
internal_value=0.00017875 0.00127844 0.00883822 0.00707866 0.00892629 0.0176777 0.00458027 -0.0135874 0.00955728 0.00365181 0.0158213 -0.0164389 0.00631416 -0.00589192 0.0400584 -0.000252593 -0.000519191 0.000248396 -0.0132896 0.0130167 -0.00131346 -0.00561787 0.0170118 -0.0121809 -0.0178472 -0.000100608 -0.0109369 -0.0183334 -0.000152521 -0.0299644 -0.0463618 0.000387036 -0.0147308 -0.0292542 0.000775514 0.00251204 -0.0205634 0.00316774 0.00264037 -0.00305819 -0.00103734 -0.0150793 -0.00231679 -0.00132616 -0.00361342 -0.00808083 -0.0120813 -0.00458995 -0.022449 0.0102533 -0.0275107 -0.0223931 -0.0310174 0.0134226 -0.00128494 0.0163884 -0.0282941 -0.0347782 0.00112398 -0.00569335 0.0181858 0.0021332
internal_weight=588.935 576.369 97.0692 91.3351 85.486 28.3661 57.1198 12.283 44.8369 17.4379 10.8598 6.57809 40.813 14.4669 10.9283 479.299 473.831 446.966 26.8656 26.3461 9.21606 19.0009 4.27175 14.7291 12.2867 440.701 18.9779 15.2729 5.95869 9.31425 4.6666 421.723 10.5654 7.68315 411.157 282.979 7.81888 275.16 270.86 128.179 109.732 18.4468 106.774 103.676 90.4574 68.416 57.6845 33.4874 24.197 22.0414 20.8335 18.2075 5.95321 10.7316 6.50942 18.113 15.8967 13.2551 27.5342 19.6734 7.8608 266
internal_count=72962 11955 1389 1333 1253 451 802 184 618 300 182 118 570 250 151 10566 10462 8342 2120 320 141 911 209 702 663 8233 423 331 112 219 129 7810 190 119 7620 5108 119 4989 4865 2512 2111 401 2070 1991 1795 1373 1190 659 531 422 463 391 113 183 122 327 352 314 546 409 137 4785
is_linear=0
shrinkage=0.05


Tree=94
num_leaves=63
num_cat=0
split_feature=19 19 15 15 35 36 16 1 33 33 9 5 8 16 15 0 2 6 2 36 16 8 1 33 8 8 0 15 2 15 15 15 0 15 31 6 0 16 36 7 9 15 1 8 8 15 8 8 1 2 36 0 1 7 9 8 35 36 16 16 7 15
split_gain=12.3476 2.24393 1.60062 4.22885 2.71693 1.37694 1.5793 1.36197 1.30726 1.81273 1.65476 2.16645 2.12566 1.9503 1.6218 1.59866 1.57843 1.35646 1.32822 1.55101 1.37594 1.3823 1.29271 2.23774 1.98147 3.3998 1.80117 1.59277 1.37062 1.29069 2.3853 1.95467 1.68097 1.23451 1.16266 1.50139 1.55768 1.18183 1.15885 1.09718 1.07917 2.08723 2.25886 2.10485 2.32088 2.01476 1.75796 2.3566 1.70154 1.49738 1.61697 1.47746 1.44081 1.27215 1.18895 2.58924 1.17056 1.428 1.09637 2.5524 1.39843 1.67526
threshold=1.0000000180025095e-35 3.5000000000000004 8.4316773414611834 6.7788889408111581 0.18333333730697635 0.00032938305230345582 1.0650178194046023 16.500000000000004 2.9937028784843282e-06 2.4315065729751954e-06 11.500000000000002 6014.5000000000009 4428.0000000000009 1.0021758079528811 0.099853374063968672 0.73010635375976574 798.50000000000011 4.8187332595261986e-06 6.5000000000000009 0.49964445829391485 0.90408447384834301 4217.0000000000009 30.500000000000004 1.734139061682072e-06 2737.0000000000005 2419.5000000000005 0.75091743469238292 29.514705657958988 388.50000000000006 0.78601953387260448 0.85773810744285595 0.55603864789009105 0.68723106384277355 50.125000000000007 0.0027273151790723209 0.00030021865677554166 0.73010635375976574 1.2458654642105105 2.0480161765590313e-05 20.500000000000004 4.5000000000000009 9.007352828979494 17.500000000000004 3988.0000000000005 1740.0000000000002 3.2873016595840459 1260.5000000000002 1407.5000000000002 14.500000000000002 81.500000000000014 7.3904948294512005e-06 0.6470317840576173 22.500000000000004 30.500000000000004 3.5000000000000004 3507.5000000000005 0.080128207802772536 0.0064943686593323955 1.6560016870498659 1.5680143237113955 1.5000000000000002 44.366666793823249
decision_type=2 2 2 2 2 2 2 2 2 2 2 2 2 2 2 2 2 2 2 2 2 2 2 2 2 2 2 2 2 2 2 2 2 2 2 2 2 2 2 2 2 2 2 2 2 2 2 2 2 2 2 2 2 2 2 2 2 2 2 2 2 2
left_child=-1 8 3 4 5 -3 -7 -8 9 16 11 12 14 -13 15 -10 40 -15 -16 20 -20 29 24 -24 25 26 -4 -25 -26 31 -31 32 -22 -30 35 -34 -37 -36 -12 -19 46 42 48 44 -44 51 -2 -48 49 50 -42 -46 -43 -52 58 56 57 -56 59 60 61 -49
right_child=1 2 22 -5 -6 6 7 -9 10 -11 38 13 -14 17 18 -17 -18 39 19 -21 21 -23 23 27 28 -27 -28 -29 33 30 -32 -33 34 -35 37 36 -38 -39 -40 -41 41 52 43 -45 45 -47 47 54 -50 -51 53 -53 -54 -55 55 -57 -58 -59 -60 -61 -62 -63
leaf_value=-0.050249512829910796 -0.048842643739082738 -0.016027191021160108 -0.0012170663158703021 0.055046218929408267 0.045406501879350192 -0.01813947352209435 0.043569748425107309 0.0057966451704496479 0.0033819529783057955 -0.038031145990206398 -0.0011798083684956137 0.041852700959729039 -0.012367635027737941 0.031815739166952482 0.024723568856425536 -0.046790555753830912 0.0250338702561918 0.012495500112278445 -0.01444705109787639 0.037453229192454911 -0.035140667538705365 0.030523192468176658 0.014540057760651212 -0.044010278396613402 -0.0023424498465999099 -0.041908186394840473 0.026894375435309044 -0.0063343500928451334 0.046737922385463745 0.042340434676835487 0.003174888131636851 -0.02356520256528075 -0.0086960961549099117 0.013276145421741907 0.0057375435410529979 0.049730047552722416 0.0076594140890183645 -0.043369302971807043 -0.061875766972748672 -0.026946675395101906 0.027515111285253968 -0.027480265066031375 -0.041282116695062571 -0.043269945741947674 0.032773773674580974 0.037056288522192941 0.026441455128776721 -0.064869982964156164 0.04549604588516213 0.030267745118981532 0.0012801173720655005 -0.022395323195305357 0.0035387904233009889 -0.044918045410563288 -0.0051624689534578274 -0.059921456211364632 0.011519005328081646 -0.061049299653336643 0.026345000651140212 -0.052289569039057286 -0.0031072044692870508 -0.004072522521885457
leaf_weight=11.872036014865442 2.3985431748442343 7.482894866960133 18.343624320346869 6.0578542058356097 4.1598872654139987 3.502919483173172 3.9764769857283664 5.9678567722439766 3.0907500400790004 3.7455078382045022 1.4492129599675529 6.2235794956795898 26.300665392031078 3.5535953911021334 6.958820614963769 3.264771938935155 4.9225328349275506 3.7510327720083296 11.919149076195025 3.145783571759238 2.6367878668243092 4.4655019002966574 7.4226722770836231 4.4745337346103025 3.8993610874749711 4.0030531240627161 8.2656621641945076 7.5192169910296798 6.2914976989850384 3.969214205746538 188.92268365802011 11.318317393190226 4.3110420551383895 4.9055096888914704 3.3367949181701979 4.1256218564230931 4.7143625596072525 1.9361312966793773 1.7194624146795829 3.3270737956045195 3.3548480509780401 8.2855992359109205 2.4049397734925178 3.0051394903566679 1.7050548591651002 4.819974078796804 5.4607644728384903 2.0661433918867251 4.7986386348493388 6.4930279599502674 4.1666984687326476 4.2101257085159887 6.8291124281240618 2.31977652295609 3.3440206553786975 3.2735543454764402 4.1538780839182436 1.7365872483933342 2.6624029220547518 2.9072984224185339 80.090975495520979 2.5089340377599001
leaf_count=61007 58 112 238 59 60 99 48 104 86 81 26 79 1041 57 135 94 60 49 823 49 68 79 113 80 64 61 105 110 78 59 3268 224 76 58 96 63 79 43 78 64 53 171 99 202 33 83 94 56 64 80 91 135 206 55 80 93 59 67 44 55 1856 55
internal_value=0.000221453 0.0012683 0.00823027 0.0175525 0.0084999 0.00116467 0.0107313 0.0209011 -0.000139476 -0.00362856 0.00182791 0.00220595 0.00117377 0.019623 0.00255357 -0.0223912 -0.0028612 0.0066102 0.00318329 0.00257097 0.00211689 0.00297626 0.00377164 -0.00703676 0.0083629 0.00105231 0.00751521 -0.0203902 0.0231873 0.0024302 0.00398081 -0.00680728 0.00219865 0.032078 0.00754256 0.0154959 0.0272938 -0.0122937 -0.0341161 -0.00604435 -0.00370364 0.00220753 0.00856217 -0.00551921 0.00311438 0.0130603 -0.00650377 -0.00556525 0.0193201 0.0116302 -0.000666267 -0.00649279 -0.0134653 -0.0152419 -0.00726639 -0.0217131 -0.00816854 -0.024265 -0.00526385 -0.00622483 -0.00464303 -0.0315292
internal_weight=584.249 572.377 96.273 31.1479 25.09 20.9301 13.4473 9.94433 476.104 171.664 304.44 301.272 284.416 16.8553 258.116 6.35552 167.919 10.6317 251.76 244.801 241.656 229.736 65.1251 19.4164 45.7087 30.6123 26.6093 11.9938 15.0964 225.271 192.892 32.3791 21.0607 11.197 18.424 13.151 8.83998 5.27293 3.16868 7.07811 162.996 52.3929 37.2782 16.1452 13.1401 10.7352 110.603 108.205 21.133 16.3344 9.84132 5.91518 15.1147 6.48647 102.744 12.508 9.23449 5.08061 90.2358 87.5734 84.6661 4.57508
internal_count=72962 11955 1389 482 423 363 251 152 10566 3930 6636 6532 6283 249 5242 180 3849 170 5062 4927 4878 4055 907 303 604 404 343 190 200 3976 3327 649 425 136 357 218 142 139 104 113 3789 1272 895 552 350 251 2517 2459 343 279 199 168 377 146 2365 299 206 147 2066 2022 1967 111
is_linear=0
shrinkage=0.05


Tree=95
num_leaves=63
num_cat=0
split_feature=19 0 16 19 6 6 35 0 9 8 6 6 0 18 1 7 0 18 18 0 16 6 0 0 7 0 1 0 1 4 15 2 2 4 17 1 16 15 7 6 1 2 15 18 6 6 6 18 7 16 18 18 0 15 18 16 4 16 1 18 1 15
split_gain=11.7546 3.13353 2.14804 1.81174 2.39717 1.79547 4.45626 1.98773 2.20164 2.05508 2.00597 1.75067 1.90431 1.59179 2.34112 2.24653 2.22223 2.31057 5.15083 2.12527 2.54438 2.79955 2.03832 3.53697 1.81981 3.66543 3.57841 1.67938 4.67689 2.36275 4.34684 2.72458 2.00406 1.87634 2.57208 1.79727 1.86133 1.66384 2.07179 1.82653 1.63323 1.62691 1.5823 2.60909 1.55324 1.51072 3.56183 1.50685 1.49812 2.44505 1.4875 1.48725 1.47144 1.69427 1.41155 1.41069 2.10189 2.6071 1.68175 1.67914 1.38942 1.38306
threshold=1.0000000180025095e-35 0.67632675170898449 0.44236989319324499 3.5000000000000004 0.12160228937864305 5.9805411183333499e-06 0.025978407822549347 0.79561233520507824 3.5000000000000004 6009.0000000000009 0.00036159147566650068 5.7575443861424e-06 0.70923805236816417 16.500000000000004 43.500000000000007 11.500000000000002 0.69049263000488292 7.5000000000000009 3.5000000000000004 0.68291282653808605 1.0583582520484927 0.023029034025967125 0.69370651245117199 0.69635963439941417 3.5000000000000004 0.75445175170898449 12.500000000000002 0.75934982299804699 6.5000000000000009 8.5000000000000018 1.4984662532806399 179.50000000000003 62.500000000000007 3.5000000000000004 4.7459964752197275 10.500000000000002 1.2166416645050051 1.4007298946380617 15.500000000000002 0.00036159147566650068 40.500000000000007 111.50000000000001 8.7872233390808123 9.5000000000000018 0.00045237662561703479 0.00032914917392190551 0.0017241872265003624 26.500000000000004 17.500000000000004 1.4238294959068301 12.500000000000002 7.5000000000000009 0.71954917907714855 3.8337137699127202 7.5000000000000009 1.9645426869392397 45.500000000000007 1.2078654766082766 25.500000000000004 18.500000000000004 25.500000000000004 2.400787472724915
decision_type=2 2 2 2 2 2 2 2 2 2 2 2 2 2 2 2 2 2 2 2 2 2 2 2 2 2 2 2 2 2 2 2 2 2 2 2 2 2 2 2 2 2 2 2 2 2 2 2 2 2 2 2 2 2 2 2 2 2 2 2 2 2
left_child=-1 -2 -3 4 5 6 54 9 -9 13 -11 12 -8 16 19 -16 17 18 -7 44 -21 24 51 -24 25 26 -22 28 33 30 -29 -31 37 34 -26 -34 -37 39 -39 -30 -25 -17 43 -5 -15 -42 -47 -38 49 -19 -50 -18 -45 -54 -4 56 57 -44 -57 -59 -28 -13
right_child=1 2 3 42 -6 7 11 8 -10 10 -12 61 -14 14 15 41 22 48 -20 20 21 -23 23 40 27 -27 60 29 32 31 -32 -33 35 -35 -36 36 47 38 -40 -41 45 -43 55 52 -46 46 -48 -49 50 -51 -52 -53 53 -55 -56 58 -58 59 -60 -61 -62 -63
leaf_value=-0.050236636015195381 -0.006894764861769708 -0.037950775913021005 0.075380164303018776 -0.014262227700877339 0.051257970088573961 0.034986884200454246 0.014862113512709888 0.018913170602029062 -0.023952987006304993 -0.049372616612465302 0.021583015014875265 0.0038012053113042066 -0.012189484160234874 0.050344276211000009 0.053558420530676533 -0.024262495538651389 0.04994231386856602 0.046723954509847704 -0.051330217557023487 -0.021376996818302366 -0.083786160581600225 0.023182506204335832 -0.041281051538020169 0.006731506722552948 0.029106750515319864 0.018821856127807145 0.017529695694360071 0.00080197800963362383 -0.036071851726069797 0.027700603307754076 -0.068781828888604443 -0.030387688810766578 0.0088784780899582583 0.03631882767126101 -0.02595449763260483 0.0041944858918777387 -0.042479967889393129 0.0005593864777177262 0.046714352577754671 0.0044220767548685961 -0.055150443176743974 0.02664106618167186 0.014913866447412029 0.0086293442905941986 0.0016500877650510134 0.033428957045644296 -0.060832167365993631 -0.015419790855319027 -0.039527208363630717 -0.011331598689553919 0.0116527666549417 0.0064058566085621526 0.018356850440551988 0.049523831677418167 0.027327800666032184 0.029547058008025907 0.0074580628565310203 -0.055654461198917093 -0.0049758790844867127 -0.01058283795327416 -0.045093922491208041 0.035059383631215774
leaf_weight=11.144282040831966 91.55993345240131 3.15458662318997 2.9654830635990939 4.9745521121658411 2.4554879737552247 2.2841082268860209 10.265106578357519 23.622094442020174 3.4304153962293631 3.9617143117357037 1.3306269545573739 7.1421353458426875 17.763611505622976 2.8066596074495456 3.2888842686079425 2.9774819279555231 4.3206321353791273 3.5821474348194879 7.1027716854587197 24.601712695017341 3.3321397332474572 8.9690644403453899 4.1671396925812578 126.68483098459546 4.706700049457142 3.1129764756187797 1.8985685613006356 4.3018280345713737 4.0822274548700106 4.5017371848225576 4.6926991553045809 3.6597485220991075 6.0099151297472408 9.8132140450179559 3.8606750804465264 5.5743299794849035 9.8667785559082422 6.2235400085337442 3.9902342008426785 8.7616523595061135 2.0099388789385548 3.3197689978405833 4.2410316630266598 8.8595508465077746 3.9319024939322844 2.6266768316272646 1.6204582267673684 10.74932189309038 3.2018691040575504 3.6733690325636417 2.5506403875187971 3.5928567354567349 8.8863736202474701 8.5615846510045213 3.1534601484891027 10.361660577589644 29.867365515325218 4.1677880438510311 5.3485979866236439 4.098485226277262 1.6602645015809683 7.0141659337095916
leaf_count=60787 2396 243 27 81 27 59 178 423 72 217 92 114 279 43 43 140 68 64 201 964 43 109 120 2383 68 44 37 100 101 49 55 63 83 109 43 104 204 96 61 183 54 89 87 126 78 67 113 221 91 71 59 74 161 90 76 106 396 63 68 53 70 88
internal_value=0.000632269 0.00160083 0.00317628 0.00344074 0.0020067 0.00170342 0.0107405 0.00045782 0.0134775 -0.000631267 -0.0315326 0.00495657 -0.00228223 -0.000117169 -0.00384517 0.0200653 0.00323844 -0.0114207 -0.0303267 -0.00546952 -0.00684367 -0.00358638 0.00550215 0.00407805 -0.00596828 -0.0262078 -0.0465498 -0.00373824 -0.000456002 -0.0178266 -0.0355019 0.00165283 -0.00772338 0.0213921 0.00429476 -0.015781 -0.0214396 0.00352914 0.0185908 -0.00844829 0.00549986 0.00257272 0.00987891 0.0189448 0.0219316 -0.0194369 -0.00253557 -0.0283707 0.00222232 0.0173312 -0.0168342 0.030176 0.025224 0.0336503 0.0506159 0.00499641 0.000251878 -0.0169564 0.0177936 -0.0333076 -0.0116854 0.019289
internal_weight=596.442 585.297 493.737 490.583 401.216 398.76 48.304 350.456 27.0525 323.404 5.29234 42.185 28.0287 318.111 150.694 9.58614 167.417 22.3949 9.38688 141.108 134.369 109.768 145.023 137.109 100.799 10.0039 6.89097 90.7946 73.6386 17.156 8.99453 8.16149 55.258 18.3806 8.56738 32.2003 26.1904 23.0577 10.2138 12.8439 132.942 6.29725 89.367 31.2821 6.73856 6.25707 4.24714 20.6161 13.008 7.25552 5.75251 7.91349 26.3075 17.448 6.11894 58.0849 42.3747 12.5073 15.7103 8.26627 3.55883 14.1563
internal_count=72874 12087 9691 9448 8217 8190 762 7428 495 6933 309 659 457 6624 3200 272 3424 545 260 2928 2807 1843 2879 2737 1734 194 150 1540 1273 267 155 112 1053 220 111 612 529 441 157 284 2617 229 1231 458 121 234 180 425 285 135 150 142 377 251 103 773 599 203 174 116 107 202
is_linear=0
shrinkage=0.05


Tree=96
num_leaves=63
num_cat=0
split_feature=19 19 34 36 8 36 35 5 36 32 18 18 2 16 16 2 18 18 18 15 2 32 17 33 35 16 8 33 7 15 35 35 32 32 33 16 7 5 17 17 7 17 32 2 5 16 15 9 4 17 36 18 36 7 4 36 16 36 16 5 4 5
split_gain=11.0657 1.67451 3.69376 1.83993 2.07046 2.4811 2.02013 1.55846 1.7676 1.57091 1.59635 1.69198 1.47905 1.46565 2.24785 1.77863 1.48708 1.80054 1.45238 1.80087 1.46205 2.19983 2.03241 1.89948 1.43722 2.78541 2.08513 1.98701 1.35333 2.08627 1.82276 2.24535 2.33255 1.95639 1.63405 1.83778 1.74324 1.61211 1.5568 1.69045 1.50949 2.11023 1.50258 3.16074 1.53211 1.34273 1.30227 1.22606 1.69339 1.21476 1.4796 1.18693 1.12864 1.10642 1.09945 1.09174 2.04475 1.77022 2.72695 1.09513 1.74645 1.71401
threshold=1.0000000180025095e-35 1.5000000000000002 0.45347379148006445 0.011741415597498419 2909.0000000000005 1.111869596570614e-05 0.75000000000000011 6010.5000000000009 5.1386594350333332e-05 2.3406913280487065 28.500000000000004 25.500000000000004 62.500000000000007 1.0718141198158266 0.91117948293685924 255.50000000000003 20.500000000000004 6.5000000000000009 15.500000000000002 27.076315879821781 110.50000000000001 4.3756535053253183 77.322280883789077 0.00035372191632632172 0.13392857462167743 1.0527495741844179 6009.0000000000009 6.0346180816850401e-06 74.500000000000014 1.2313120365142824 0.41666667163372045 0.023532669059932235 0.46958591043949133 1.1540207266807558 5.9033061461377665e-06 1.5227569937705996 109.50000000000001 2977.5000000000005 4.7459964752197275 6.8525412082672128 38.500000000000007 1.089660704135895 4.034879446029664 388.50000000000006 3722.5000000000005 1.4238294959068301 0.45468705892562872 5.5000000000000009 14.500000000000002 30.7179069519043 0.28732097148895269 23.500000000000004 0.013148446101695301 13.500000000000002 1.0000000180025095e-35 2.3273548322322316e-05 1.5527758598327639 3.297201692475938e-05 1.6560016870498659 4991.5000000000009 130.50000000000003 5422.5000000000009
decision_type=2 2 2 2 2 2 2 2 2 2 2 2 2 2 2 2 2 2 2 2 2 2 2 2 2 2 2 2 2 2 2 2 2 2 2 2 2 2 2 2 2 2 2 2 2 2 2 2 2 2 2 2 2 2 2 2 2 2 2 2 2 2
left_child=-1 2 28 4 5 -3 13 8 -7 -10 11 12 -11 14 15 16 17 -5 20 -20 -14 23 -23 53 26 27 46 -26 29 30 31 40 -33 -34 36 45 -30 -38 -35 -40 41 -2 49 -44 -45 -36 -6 48 -12 50 -31 -9 -15 -22 -48 56 -56 -57 59 60 -59 -61
right_child=1 3 -4 6 24 7 -8 51 9 10 47 -13 18 52 -16 -17 -18 -19 19 -21 21 22 -24 -25 25 -27 -28 -29 34 42 -32 32 33 38 35 -37 37 -39 39 -41 -42 -43 43 44 -46 -47 54 -49 -50 -51 -52 -53 -54 -55 55 57 -58 58 -60 61 -62 -63
leaf_value=-0.050226321940213738 0.050491800623017571 0.02929229228175069 -0.058948618237769972 -0.009627758070829516 -0.031631728324434664 0.028760928584027734 0.041592315812401873 -0.055288389067061683 0.026394709655489165 -0.034189200483272592 0.031930626906081332 -0.040983353287290115 0.0114469156933239 0.036866895320563309 -0.023259273513996356 -0.01761063697292552 -0.013568060308946545 0.052349140179861156 0.017184359828021162 -0.019690083691617788 -0.032276845835648819 0.021354680494849274 -0.026093689592626007 -0.0075995513332955955 0.018074367947084623 0.030535153748746952 0.021904055032748837 -0.027237213409882052 -0.023244407022656281 -0.0034446691821322819 0.031886365316167342 -0.03995412684043001 0.034453646230046819 -0.0020313047281320814 -0.016976491407400211 -0.053494525182305887 -0.023360910431713827 0.023988040779266372 0.04583049534271727 -0.00079773782099040963 0.058336114373479499 -0.021000282924451469 0.028731155270747957 -0.056397728910209548 0.0064257908794159522 0.032816141020587268 0.029209475814294117 -0.014162395358183602 -0.0094620044156964594 -0.034157063577194419 0.030797655375921048 -0.0092374075660299464 0.010027464062590814 -0.075514779312305352 0.037214834170895716 -0.026851794676063186 -0.0095469502110284363 -0.0024296249155249315 0.046232999844848167 -0.047462129996339676 0.042111024095570243 -0.0028051133976493905
leaf_weight=10.52977413746339 1.9171929566655297 5.0743777209427199 2.7325372606428564 1.5882414008956418 3.2699912522220975 3.716406926047056 4.7692744117230168 2.7922035977244368 3.4122113683260968 5.4366932528209864 6.2262687520124 4.8305574962869278 4.4292810404440415 4.1584364236332467 8.4919439216610026 3.8362408067332572 2.0058190448908135 4.4702218002639711 10.515737381530924 4.832796911825425 2.8553267684765178 4.3966397559270245 4.6373027004301548 3.3550571878440678 4.9564404794946331 14.610187247861175 11.922126987366935 4.726912840269506 4.5723969768150701 169.59291157807456 7.0714955626172005 3.1298130480572572 4.9399809347232795 44.90196745772846 14.998400611104449 3.2738373111933461 2.2963893140258724 8.2777712054084969 3.8354974185349411 3.9409956902381964 3.0477043848950416 2.2359899341827258 9.9208820775384066 1.9102353353518986 1.9726710375398395 1.4882844183593977 3.2163439113646737 5.2559972410090259 4.0966121894307435 3.1463663082104167 3.2144953343085936 2.8047174718230963 67.452964456519112 3.0706951934844255 4.8607738404534739 7.1618802505545309 4.5038169792387635 24.496808983501982 2.9709169622510663 3.2740834383293969 2.4180534044280639 6.2511218453291804
leaf_count=60787 45 87 301 87 78 51 75 60 54 85 96 59 73 52 245 151 95 120 129 68 71 54 60 51 61 169 238 91 159 3800 166 82 82 1021 605 72 106 148 101 103 69 87 166 61 47 32 43 92 78 127 57 40 886 55 60 118 80 534 27 49 32 96
internal_value=0.000570884 0.00149378 -0.00107908 0.00430119 0.00131721 -0.00456746 0.00986314 -0.00680862 -0.00480802 -0.00666034 -0.00842438 -0.0129085 -0.00979296 0.00821837 -0.00360766 0.0104153 0.0237474 0.0361017 -0.00631107 0.00557369 -0.0143313 -0.0205654 -0.00300151 -0.0376616 0.00619362 0.0167518 0.00274358 -0.00404441 -0.000551422 0.000668562 0.00772724 0.00521299 0.00208369 0.00436717 -0.00980528 -0.0192765 0.00255102 0.0137053 0.00154578 0.0222001 0.0316124 0.0120019 -0.00212209 0.013763 -0.0244809 -0.0124816 -0.00091582 0.0054952 0.0155041 -0.00336829 -0.00280771 -0.0322114 0.011586 -0.0546815 0.00078214 -0.000852402 0.0147252 -0.00398465 0.00017084 -0.00358456 0.00157194 -0.018155
internal_weight=590.099 579.569 302.418 277.151 180.378 81.7389 96.7731 76.6645 71.0676 67.3512 63.939 48.3601 43.5295 92.0039 20.3925 11.9005 8.06428 6.05846 38.0928 15.3485 22.7443 18.315 9.03394 9.28108 98.6395 24.2935 74.3459 9.68335 299.685 264.778 75.0206 67.9491 60.7483 57.6184 34.9071 19.7605 15.1466 10.5742 52.6785 7.77649 7.20089 4.15318 189.758 13.8038 3.88291 16.4867 62.4238 15.5789 10.3229 175.954 172.807 5.59692 71.6114 5.92602 59.1538 55.9375 9.36459 46.5729 39.411 36.4401 26.9149 9.52521
internal_count=72874 12087 7437 4650 2939 1263 1711 1176 1076 1025 971 705 646 1636 698 453 302 207 561 197 364 291 114 177 1676 321 1355 152 7136 6014 1756 1590 1389 1307 1122 709 413 254 1225 204 201 132 4258 274 108 637 1117 266 174 3984 3857 100 938 126 1039 996 140 856 738 711 566 145
is_linear=0
shrinkage=0.05


Tree=97
num_leaves=63
num_cat=0
split_feature=19 0 15 17 0 5 5 5 7 33 16 32 17 6 19 18 35 0 16 17 16 2 18 8 15 9 8 17 18 15 35 35 8 18 16 17 17 15 8 0 8 15 33 33 5 16 16 18 7 0 35 17 16 35 33 35 2 16 35 18 0 35
split_gain=10.4059 3.35627 2.12658 2.83126 2.71471 2.06359 2.17445 2.12129 3.11578 2.05465 2.45987 2.24176 3.11246 2.39031 1.94977 2.20785 2.36517 2.13665 2.03417 2.19074 1.93382 1.92702 1.74608 1.72855 1.98451 1.72403 1.70685 2.41189 2.24045 1.67152 1.61235 1.5999 1.57256 1.53959 2.41313 1.53145 3.23049 1.55566 1.59511 2.6474 1.68825 1.61432 1.42034 2.47401 1.66887 2.04867 2.12998 3.13881 1.77675 1.49297 1.39091 1.49731 1.37894 1.8519 1.61217 1.39666 1.35616 2.38476 1.33998 1.30151 1.24774 1.23652
threshold=1.0000000180025095e-35 0.69049263000488292 0.45468705892562872 1.9485719799995425 0.66454505920410167 6011.5000000000009 1881.5000000000002 6031.0000000000009 21.500000000000004 0.0018752759206108751 1.9645426869392397 3.9048351049423222 17.194152832031254 0.00086827721679583203 3.5000000000000004 16.500000000000004 0.022474748082458976 0.79950332641601574 0.99949577450752269 3.8180996179580693 1.0003581047058108 54.500000000000007 23.500000000000004 3982.0000000000005 8.7872233390808123 2.5000000000000004 1529.5000000000002 2.9447655677795415 22.500000000000004 5.2268438339233407 0.10555555671453477 0.042572464793920524 5383.0000000000009 8.5000000000000018 2.0582987070083623 13.30895519256592 11.380020618438722 20.038461685180668 3087.0000000000005 0.68487739562988292 4389.5000000000009 4.7517123222351083 0.0025928451213985686 0.0018752759206108751 2459.5000000000005 1.3628750443458559 1.2875040769577029 11.500000000000002 28.500000000000004 0.73871803283691417 0.021054964512586597 23.828220367431644 0.44236989319324499 0.22500000149011615 0.11895672604441644 0.75000000000000011 612.00000000000011 1.9953403472900393 0.033908046782016761 20.500000000000004 0.78461074829101574 0.10555555671453477
decision_type=2 2 2 2 2 2 2 2 2 2 2 2 2 2 2 2 2 2 2 2 2 2 2 2 2 2 2 2 2 2 2 2 2 2 2 2 2 2 2 2 2 2 2 2 2 2 2 2 2 2 2 2 2 2 2 2 2 2 2 2 2 2
left_child=-1 2 3 4 -2 6 52 20 33 11 -11 12 35 -14 15 42 50 18 19 -18 -7 -19 -21 24 29 -15 27 -20 -29 -16 -24 -30 -25 -9 -35 36 37 38 -4 40 59 58 43 -8 45 46 47 49 -46 -44 -17 -52 53 -3 55 -54 57 -26 -42 -40 -28 -50
right_child=1 5 9 -5 -6 7 14 8 -10 10 -12 -13 13 25 23 16 17 21 26 22 -22 -23 30 32 56 -27 60 28 31 -31 -32 -33 -34 34 -36 -37 -38 -39 39 -41 41 -43 44 -45 48 -47 -48 -49 61 -51 51 -53 54 -55 -56 -57 -58 -59 -60 -61 -62 -63
leaf_value=-0.050215462294180752 -0.0062864032084358982 -0.054126185513797886 -0.021892799367221195 -0.030280091530730288 0.047077781233107158 0.053587549724169063 0.0022331231773968095 0.0073646977678017284 0.017639185103063445 -0.00011750106582960987 0.048506669703214635 -0.031493606181548166 0.037435464268585898 0.01540635988277661 0.012669935378207106 -0.0099708762215405412 -0.065284326845316307 0.054026224403385552 -0.062471226188415899 -0.051782380839099029 0.016893187812072722 -0.00088480354180412032 -0.029001438747532911 -0.031492275461569012 -0.021388411574532386 -0.045149292734059793 -0.0025496322339340939 -0.04128578729058216 -0.030913170830487138 0.042410990043957549 0.027450502981259891 0.012040367276107843 0.012100657546759094 -0.054583250380927428 0.0040542857603697302 -0.035248115350916064 0.028710816310576388 0.014761707824662415 0.0036993347990176709 -0.044630886012747603 -0.029853946758605733 -0.059837904535392374 -0.0048043600344384735 -0.038622306653843676 0.033053538011088006 -0.032037813147023947 0.063540202195137938 -0.062143551575753554 0.01843281178647568 0.043534707307964798 0.0079902106089480961 0.061187132122350364 0.010663624738756263 0.032678535917743605 0.058000961128267782 0.049234824533226876 0.011585825365105922 0.026213008262649648 0.0068529541602786476 0.042694636709469137 -0.033376669582070424 -0.037938946770441795
leaf_weight=9.9340706601160473 3.8804507863242161 1.6146615674369962 32.809032265795395 2.8101265873992807 6.1767241985944565 4.8863097857683924 119.05407442944124 4.673728385241704 19.224497959134169 22.424105305341076 2.9423306839307761 11.187934017740188 6.260673481738193 2.883405826985836 11.681901293108242 2.4462431250140062 3.0900916807295271 2.5758409362751982 2.8979019597172764 2.2480161283237976 13.53949420340359 4.2076943517895415 2.3690633056103252 4.7617453665006888 9.3424313631840032 1.9841916937148196 81.241472560795955 4.7657246842863961 3.0194191350601596 7.9321941186208269 2.7137341559864581 7.6869237450882792 3.6580818658694625 4.1047899820841849 3.0644412827678025 6.1192044670460737 5.2187204662477589 5.0118655585683873 13.21815879293718 3.9264571467938358 4.0674397866241616 1.7084466126980249 3.5886092532891798 3.8244925374165168 12.485180629417302 3.6349858292378476 1.6598746944218863 1.5678913554875178 2.313972988777095 2.8786356549826451 2.5475960284238681 2.7512497702846304 29.139869758044373 0.99186520650982846 2.2033914972562334 2.552546124730724 27.742173489881679 3.6626786487177005 6.3955779558746144 2.5530443027673746 3.4206906885374329 1.6783707959984893
leaf_count=60787 120 130 836 153 118 68 2370 87 285 587 32 260 111 75 207 86 131 55 43 167 171 87 180 69 143 64 1441 90 76 78 64 104 61 64 62 173 112 145 272 112 163 61 127 85 203 62 13 76 86 93 90 27 725 19 18 49 351 42 155 50 58 45
internal_value=0.00052317 0.00139669 -0.00529091 0.0140901 0.0264878 0.00357106 0.00233846 0.0131829 0.00521113 -0.00722845 0.00552257 -0.0103583 -0.00779239 0.0170026 0.0011255 -0.000723381 -0.00556717 -0.0072923 -0.00892211 -0.0299739 0.0266241 0.019966 -0.0150898 0.00867002 0.0116304 -0.0092781 -0.00679289 -0.0206086 -0.0127677 0.0246976 0.00113857 -7.3455e-05 -0.0125529 -0.0149632 -0.029519 -0.0111977 -0.00923305 -0.0120745 -0.014154 -0.00618693 -0.000784846 -0.0147748 0.00333669 0.000961532 0.013128 -2.57292e-05 0.0119767 0.00132484 0.0237692 0.0167118 0.0212142 0.0356109 0.0139505 -0.0210943 0.0166454 0.0137702 0.00534038 -0.00798224 -0.00741665 0.0100119 -0.00379517 -0.00526573
internal_weight=586.957 577.022 141.578 12.8673 10.0572 435.445 385.951 49.4933 31.0675 128.711 25.3664 103.344 92.1562 11.1283 349.449 280.668 127.982 120.237 113.453 10.4209 18.4258 6.78354 7.33081 68.7812 60.3614 4.8676 103.032 18.37 15.4721 19.6141 5.0828 10.7063 8.41983 11.843 7.16923 81.0279 74.9087 69.69 64.6782 31.8691 27.9427 12.1715 152.686 122.879 29.8075 13.33 9.69501 8.03514 16.4775 6.46724 7.74509 5.29885 36.5023 2.60653 33.8958 31.6924 40.7473 13.0051 10.463 15.7712 84.6622 3.99234
internal_count=72874 12087 3599 391 238 8488 7751 737 498 3208 619 2589 2329 250 6810 5859 2699 2496 2354 542 239 142 411 951 821 139 1812 313 270 285 244 180 130 213 126 2079 1906 1794 1649 813 701 379 3160 2455 705 371 309 296 334 220 203 117 941 149 792 774 536 185 318 322 1499 131
is_linear=0
shrinkage=0.05


Tree=98
num_leaves=63
num_cat=0
split_feature=19 0 0 8 35 5 8 8 4 36 4 0 19 17 36 36 8 0 18 4 0 16 18 35 15 35 33 0 6 7 5 18 32 35 7 15 19 35 31 36 35 36 6 0 0 32 36 16 17 4 8 19 15 7 6 5 17 17 8 31 6 15
split_gain=9.82764 3.21167 1.3733 1.60509 1.69339 1.52243 2.58465 1.39984 1.31107 2.10616 2.01869 1.44093 1.24244 1.89555 1.70183 1.82517 2.0755 1.71706 1.66741 1.82158 1.50626 2.66439 2.20364 1.59281 1.40355 1.39339 1.38174 1.38169 1.32662 1.31439 1.266 1.24554 1.24641 1.24143 1.45988 2.27987 1.23392 1.2182 1.18474 1.15059 2.09251 1.4752 2.32471 1.19107 1.62964 1.1428 1.93412 1.1005 1.62727 1.46735 1.09664 1.67389 2.66837 2.15225 1.69071 1.48347 1.1285 2.36336 1.483 1.87902 2.74898 2.55777
threshold=1.0000000180025095e-35 0.69049263000488292 0.78960418701171886 4483.5000000000009 0.75000000000000011 6011.5000000000009 4459.5000000000009 6009.0000000000009 22.500000000000004 0.017612761817872528 67.500000000000014 0.6900310516357423 1.5000000000000002 2.4944827556610112 0.011741415597498419 0.014729249291121961 2369.0000000000005 0.77311325073242199 28.500000000000004 50.500000000000007 0.71336460113525402 1.1011993885040285 17.500000000000004 0.048809524625539787 0.055637015029788024 0.15476191043853763 4.0145689126802615e-05 0.75347518920898449 0.032679755240678794 1.5000000000000002 3994.5000000000005 48.500000000000007 3.1393181085586552 0.41666667163372045 18.500000000000004 3.4562104940414433 7.5000000000000009 0.087121214717626586 4.3983984596707168e-06 0.00092741890694014739 0.039230769500136382 0.0038062563398852949 0.0010230166953988375 0.73807907104492199 0.75091743469238292 3.7529759407043461 3.7035861168988056e-05 1.5057353973388674 77.322280883789077 26.500000000000004 4389.5000000000009 1.5000000000000002 4.945906639099122 13.500000000000002 5.9033061461377665e-06 5281.5000000000009 2.5635657310485844 3.996585607528687 3087.0000000000005 0.0012413450749590995 0.0069640120491385469 0.35493414103984838
decision_type=2 2 2 2 2 2 2 2 2 2 2 2 2 2 2 2 2 2 2 2 2 2 2 2 2 2 2 2 2 2 2 2 2 2 2 2 2 2 2 2 2 2 2 2 2 2 2 2 2 2 2 2 2 2 2 2 2 2 2 2 2 2
left_child=-1 8 5 33 -5 7 -7 12 11 45 -11 50 18 -14 17 -16 47 20 19 24 21 30 26 -24 -3 -18 -23 28 -20 -22 -15 32 -29 34 -4 37 -9 -36 -26 40 -31 43 -43 -41 -45 -10 -47 -17 49 -49 56 52 53 -52 -53 -56 58 -58 59 61 -61 -2
right_child=1 2 3 4 -6 6 -8 36 9 10 -12 -13 13 14 15 16 25 -19 27 -21 29 22 23 -25 38 -27 -28 31 -30 39 -32 -33 -34 -35 35 -37 -38 -39 -40 41 -42 42 -44 44 -46 46 -48 48 -50 -51 51 54 -54 -55 55 -57 57 -59 -60 60 -62 -63
leaf_value=-0.050206616758769584 0.036646531544443646 -0.032852779727469104 0.027865116063863511 0.012378350849847876 -0.040462693434827772 -0.00070978447460825014 0.023415204450372484 -0.031739106527412769 -0.045694010545258477 -0.023153500376140796 0.039674082382008022 -0.041931912269827003 0.030871191371309167 0.00034896585092168057 0.033136768909158197 0.015524853327787328 -0.030108790676599148 -0.025607296804846476 -0.0093228978159756726 0.045402026488383096 -0.027536938371363836 -0.017770683839109475 -0.01961379180551448 -0.062440907649929295 -0.030808777558281788 0.010156183819398827 0.01891354454987525 -0.017162849044011205 0.02777867976353024 -0.012630152010240309 0.052314399548066562 0.0055415480958524253 -0.060069279115956435 0.027039354178864928 0.035538637628160744 -0.042488525796196268 0.031534742816718801 -0.0025452112727153589 0.002030433277797949 0.0032055835099659064 0.02721460726186788 0.030852776274509802 -0.0034573320720293339 -0.048410297284986081 -0.0029188316904730761 0.018602110765781856 -0.030980040004091838 -0.002866604091781284 -0.019860759263222606 0.032711738795295923 0.020528495108828482 0.036295609663365584 -0.08362527498389255 -0.029533117467386561 0.015325928221567843 -0.045971489640816772 -0.022657982656023812 0.00069055761690319526 0.024098364858325561 0.036044758194748013 -0.021799587334109149 -0.023944578490878644
leaf_weight=9.3821417579401878 2.1255188386421713 3.0742269174661478 6.1292872565099996 3.3958354305941603 2.739217015914619 22.23239392938558 22.176332891918719 5.1642209805140729 5.1622547158040133 2.3910673535428932 2.7478049923665822 2.3568270938121705 6.7706834536511442 2.5056561413221088 7.3944869523402295 37.064066319027916 5.7628236600430665 6.4233499497640869 20.48387073646882 2.3017753525637081 2.8635977995581916 5.6725411871448177 6.2782043081242573 3.3186294191982597 2.806672927690669 3.4259466426447034 4.6885179084492847 3.3898778886650671 2.7305257485422763 4.340523179620507 2.202105303760618 2.0935072313877754 3.3805820212874096 15.462618673569521 3.0492414845502918 2.71234478696715 0.90562914311885823 6.7437089339800877 128.05689466121112 10.632258596830072 13.680679191951638 8.8709325303789246 11.132966179051435 3.4282256718724948 4.6240238999016583 2.7807418969459814 6.7200444166082889 7.2432332620956021 6.3732117945328346 4.8308588895015419 3.0022626807913202 2.7922741612419477 1.651516203128266 7.5361488889611792 2.0262622280279179 1.9245176762342451 13.49196595646208 55.09804894507397 9.4611080707982165 6.2556694587692601 3.0579888097709045 9.6464422770077345
leaf_count=60787 43 94 98 68 43 369 311 345 125 71 46 43 107 78 98 551 308 92 533 42 47 110 120 43 65 57 75 90 71 69 33 57 85 298 68 56 11 116 2927 164 154 114 174 56 72 46 164 100 72 47 67 39 85 380 103 51 324 1380 195 74 94 269
internal_value=0.000549794 0.00138702 0.00353622 0.0123296 -0.0112145 0.00262518 0.0113375 0.00150018 -0.00518119 -0.0171038 0.010441 -0.00322073 0.00192776 0.00494906 0.0038707 0.00960421 0.00691471 -0.000688593 -0.00111525 0.00129954 0.0012115 -0.00917916 -0.0171604 -0.0344236 0.000541624 -0.0150964 -0.00117058 -0.0113711 -0.00495893 0.00551364 0.0246563 -0.0281643 -0.0385866 0.0165659 0.00787522 -0.00192253 -0.0222986 0.009313 0.00132612 0.00718255 0.0176177 0.00232181 0.0117578 -0.00778054 -0.0222867 -0.0267573 -0.0164681 0.0105582 0.000579244 0.0113683 -0.002448 -0.0134746 -0.0245319 -0.0152712 0.00651466 -0.0145335 -0.000342164 -0.00390221 0.0076516 0.000271944 0.0170525 -0.0130044
internal_weight=578.167 568.785 428.556 40.2323 6.13505 388.324 44.4087 343.915 140.228 19.8019 5.13887 120.427 337.845 169.528 162.757 72.0946 64.7001 90.6622 168.318 136.24 84.2389 24.6657 19.9579 9.59683 133.938 9.18877 10.3611 32.0784 23.2144 59.5732 4.70776 8.86397 6.77046 34.0972 18.6346 12.5053 6.06985 9.79295 130.864 56.7096 18.0212 38.6884 20.0039 18.6845 8.05225 14.663 9.50079 55.5114 18.4473 12.0741 118.07 18.933 12.1899 10.5384 6.74305 3.95078 99.1367 68.59 30.5467 21.0856 9.31366 11.772
internal_count=72874 12087 8488 747 111 7741 680 7061 3599 452 117 3147 6705 2741 2634 1233 1135 1401 3964 3128 1309 459 348 163 3086 365 185 836 604 850 111 232 175 636 338 240 356 184 2992 803 223 580 288 292 128 335 210 770 219 147 3104 725 532 447 193 154 2379 1704 675 480 168 312
is_linear=0
shrinkage=0.05


Tree=99
num_leaves=63
num_cat=0
split_feature=19 0 17 17 8 15 33 4 15 17 8 31 36 17 15 32 9 36 15 11 17 17 8 0 5 9 17 35 4 0 4 2 33 8 35 2 0 4 8 7 0 5 15 31 36 15 8 8 33 31 15 33 32 31 36 35 0 0 36 8 18 15
split_gain=9.28638 2.8503 1.95843 1.88115 1.34573 1.7235 1.82045 1.63514 1.57972 1.55589 1.67563 1.62977 3.53208 1.60931 1.43043 1.56158 1.42933 1.39579 1.8688 1.40209 1.34853 1.8749 1.302 1.24792 1.33902 1.40072 1.61348 1.26385 1.94407 2.64685 1.24332 2.08027 1.71671 1.69531 2.45146 1.85836 1.85703 1.69521 1.66258 1.53742 1.52877 1.70669 2.38765 1.69926 2.13891 1.86425 1.80484 2.585 1.78065 1.68567 1.49771 2.05026 1.48861 1.4279 1.4561 1.5585 1.42028 1.41758 1.39399 1.35384 1.47975 1.32518
threshold=1.0000000180025095e-35 0.69049263000488292 0.52830493450164806 0.69270914793014537 4389.5000000000009 5.3975307941436776 1.0000000180025095e-35 10.500000000000002 3.200775265693665 2.5635657310485844 3087.0000000000005 0.0012413450749590995 0.0084925852715969103 4.0565354824066171 0.89680528640747081 2.0508674383163457 12.500000000000002 0.001601969823241234 13.211111068725588 1.0000000180025095e-35 8.4088969230651873 17.906783103942875 3167.5000000000005 0.81443023681640636 6011.5000000000009 1.5000000000000002 5.8841705322265634 0.18333333730697635 26.500000000000004 0.7114849090576173 43.500000000000007 404.50000000000006 0.0025928451213985686 2496.5000000000005 0.028991596773266796 564.50000000000011 0.74697303771972667 115.50000000000001 6009.0000000000009 15.500000000000002 0.80866622924804699 6009.0000000000009 1.4007298946380617 4.5977587433299057e-05 0.00044134222844149923 2.2697505950927739 3730.0000000000005 4328.0000000000009 7.5421783094498105e-06 0.023687018081545833 3.2873016595840459 8.2311518781352802e-05 5.5626702308654794 0.00011409690705477261 0.0008739114273339511 0.095454547554254546 0.71289253234863292 0.73807907104492199 0.0010297723347321155 2016.5000000000002 5.5000000000000009 1.547857999801636
decision_type=2 2 2 2 2 2 2 2 2 2 2 2 2 2 2 2 2 2 2 2 2 2 2 2 2 2 2 2 2 2 2 2 2 2 2 2 2 2 2 2 2 2 2 2 2 2 2 2 2 2 2 2 2 2 2 2 2 2 2 2 2 2
left_child=-1 2 -2 -4 9 6 -6 -7 -8 10 11 14 -13 22 -5 -16 17 18 -15 -19 -20 -22 -11 24 30 26 -26 28 29 -27 31 38 57 34 -32 39 56 -35 40 -36 41 43 -43 45 50 46 48 -48 -3 53 51 -45 -39 -46 55 -55 -37 -33 -56 61 -61 -51
right_child=1 23 3 4 5 7 8 -9 -10 13 -12 12 -14 16 15 -17 -18 19 20 -21 21 -23 -24 -25 25 27 -28 -29 -30 -31 33 32 -34 37 35 36 -38 52 -40 -41 -42 42 -44 44 49 -47 47 -49 -50 59 -52 -53 -54 54 58 -57 -58 -59 -60 60 -62 -63
leaf_value=-0.050198293212365436 0.024254346836262888 0.0077197375019351132 -0.05474701783694072 0.015063975163301171 -0.038262675670927809 -0.0782808151099465 -0.0084184432991874555 -0.020712577577251173 0.037133337581955354 -0.03190518222214199 0.026934687909975226 0.055138509573572816 -0.012414438751267937 -0.025198189879280491 -0.05306971949595584 -0.0051048238387288404 0.035173915583219771 -0.0015798436871140653 0.042336661772508007 0.041021465204983149 -0.044387780883625161 0.014135875989391717 0.0015438627725835809 0.016283320289961857 0.034886736256248878 0.013663401294914264 0.0017551771090048417 0.021208151022905936 0.023091154108149981 -0.026764256518057736 -0.0094630708824589588 -0.025644846753585089 -0.047750658211244038 -0.017254387010054825 0.061605228187928296 0.024919230132283181 0.028958957822629906 0.034785873469291941 -0.025855052178940619 0.019603827151329089 -0.034601348589983233 0.013301601232938507 -0.044011052186995102 -0.048617986376679106 0.026670210381569442 0.024652384273752933 0.030156840142024528 -0.018610406482708373 -0.052444377394464885 0.042177255254475528 0.0086921335458850467 -0.0050084479044477208 -0.0087450193990018139 -0.048815028598878436 0.028951870828390982 -0.0023935679878409281 -0.012805592799486773 0.0089680006856782991 0.0010305877681154756 0.050312385739189384 -0.040879037015893994 0.011268408217450178
leaf_weight=8.8616677393865739 5.5472642988897851 2.3336583976633873 1.955452718771993 2.8575838459655696 3.7707354006706764 1.9390831417986181 8.2060313369729538 3.3897039459552616 2.4780849996022871 9.7986811793234647 7.8100393678760147 3.3313630572520188 4.6164223582600243 14.953894081525506 3.1294061131775379 3.706985104479827 2.3231784333474925 44.499908506462816 1.8441492095589627 2.0190191539877551 2.1174856005236506 3.8692109673283994 4.1378122436581171 18.022001258097589 10.121423195814712 6.8498390121385553 5.7693028273060909 8.3715495120268297 5.9251925526186815 9.9003587035695073 8.3184229079633933 5.8663016399368626 3.5697358456673092 10.346855312702248 4.3698726575821656 3.6951445369049924 10.030879944795741 4.0253504150314248 5.4509962094889479 4.3451664998428896 2.8212128236191338 3.0330779331270596 4.5332732866518199 5.3402788715902698 5.5001508718705727 17.824168764054775 7.3363374182954413 4.3159419782459736 2.6000313360709697 5.8148358560283695 4.1655319675337514 5.4413579908432439 3.8349547451362014 2.9805051416624329 4.5778034948743871 4.5961864278651774 7.6812940142117441 5.9669879889115691 190.22160127818643 0.59935132379177902 1.725781946806819 8.5913285395945405
leaf_count=60787 130 54 41 58 198 94 308 98 62 254 155 29 104 358 108 100 53 1096 56 53 70 85 89 340 130 128 81 104 73 196 129 118 68 217 48 52 127 54 345 59 48 46 75 98 111 265 80 76 55 110 67 101 55 71 76 68 103 91 4187 35 179 168
internal_value=0.000589211 0.00138562 -0.00485249 -0.00606875 -0.005341 -0.0173549 -0.00839447 -0.041661 0.00214688 -0.00320004 0.00765303 -0.000882992 0.0159008 -0.00642842 -0.0146435 -0.0270611 -0.0034037 -0.00469689 -0.0148359 0.000269143 0.00495212 -0.00656385 -0.021974 0.00340697 0.0028393 0.0107847 0.022858 0.00460532 -0.0015243 -0.0102317 0.00180866 0.000545993 -0.0173593 0.00861164 0.0145645 0.0211998 0.0132759 -0.00395669 0.00149766 0.0406641 0.00202201 0.00238901 -0.0210365 0.00303597 0.00154354 0.0134259 0.00136124 0.0120937 -0.0239865 0.00276234 -0.016771 -0.0266088 0.0135476 0.00153347 0.000850304 -0.0206548 -0.000552314 -0.00819117 0.00168674 0.0180303 -0.0173726 0.0237443
internal_weight=573.977 565.116 138.301 132.754 130.799 19.7836 14.4549 5.32879 10.6841 111.015 25.4518 17.6418 7.94779 85.5633 9.69398 6.83639 71.6268 69.3037 22.7847 46.5189 7.83085 5.9867 13.9365 426.814 408.792 46.9377 15.8907 31.0469 22.6754 16.7502 361.854 305.206 15.403 56.6479 38.4408 30.1224 21.4073 18.2072 289.803 8.71504 284.352 281.531 7.56635 273.965 239.555 34.4101 16.586 11.6523 4.93369 224.608 14.9472 10.7816 7.86031 207.876 202.376 7.57669 11.3764 11.8333 194.799 16.7313 2.32513 14.4062
internal_count=72874 12087 3599 3469 3428 760 568 192 370 2668 554 399 133 2114 266 208 1771 1718 569 1149 211 155 343 8488 8148 712 211 501 397 324 7436 6592 277 844 518 389 282 326 6315 107 5970 5922 121 5801 5271 530 265 156 109 5005 266 199 109 4513 4402 139 155 209 4263 492 214 278
is_linear=0
shrinkage=0.05


Tree=100
num_leaves=63
num_cat=0
split_feature=19 16 19 19 19 4 16 7 16 19 16 0 15 18 16 17 4 2 0 0 15 6 16 15 0 16 8 12 4 2 7 16 15 0 19 2 15 4 4 32 2 15 0 2 17 15 15 0 19 8 16 16 2 0 16 6 32 0 4 17 1 1
split_gain=7.97809 1.84134 1.64562 3.01433 1.51606 1.24481 1.23699 2.57695 2.4961 0.887082 1.8698 1.73946 1.74335 1.92343 1.60423 2.25558 1.83079 1.33811 1.6389 2.26601 2.48603 2.51755 2.28884 1.98784 1.68672 1.91465 2.55044 1.62818 1.41003 2.60882 2.30862 3.19377 2.71498 2.61012 2.47325 1.84798 1.99389 1.91936 2.52216 3.91729 1.73189 1.72711 1.45534 1.44544 2.59601 1.43859 1.35426 1.35191 1.32583 1.37952 1.72174 1.97078 1.93464 1.90087 1.86478 1.82556 1.76519 1.51516 1.3136 1.93406 1.3015 2.03714
threshold=1.0000000180025095e-35 0.47290496528148657 61.000000000000007 33.000000000000007 20.500000000000004 385.50000000000006 3.4093986749649052 16.500000000000004 3.975513339042664 3.5000000000000004 0.69225281476974498 0.66639137268066417 8.7872233390808123 9.5000000000000018 1.7347959876060488 26.634079933166507 9.5000000000000018 332.50000000000006 0.78711318969726574 0.74477577209472667 10.669540405273439 3.7207524655968889e-05 1.3065387010574343 7.3393940925598153 0.73060226440429699 1.9953403472900393 2238.0000000000005 1.0000000180025095e-35 8.5000000000000018 56.500000000000007 24.500000000000004 2.4590674638748173 3.5274435281753544 0.78008651733398449 1.5000000000000002 77.500000000000014 0.42131063342094427 1.0000000180025095e-35 1.5000000000000002 2.9199811220169072 85.500000000000014 0.71464285254478466 0.69676589965820324 70.500000000000014 5.1463174819946298 9.007352828979494 36.014286041259773 0.7327861785888673 2.5000000000000004 1379.0000000000002 1.07950896024704 1.4953342080116274 113.50000000000001 0.69281959533691417 1.373834550380707 0.00077783240703865897 3.6695361137390141 0.75347518920898449 6.5000000000000009 10.20341730117798 11.500000000000002 8.5000000000000018
decision_type=2 2 2 2 2 2 2 2 2 2 2 2 2 2 2 2 2 2 2 2 2 2 2 2 2 2 2 2 2 2 2 2 2 2 2 2 2 2 2 2 2 2 2 2 2 2 2 2 2 2 2 2 2 2 2 2 2 2 2 2 2 2
left_child=-1 -2 3 4 5 6 9 8 -8 17 -11 -12 13 -13 15 16 -15 27 19 20 21 -19 -21 -23 25 26 -22 28 29 60 31 43 33 40 -34 37 -37 -31 39 -39 -32 -38 -40 44 -30 47 -47 -45 49 -43 52 54 53 -51 57 56 -53 58 59 -52 61 -3
right_child=1 2 -4 -5 -6 -7 7 -9 -10 10 11 12 -14 14 -16 -17 -18 18 -20 22 24 23 -24 -25 -26 -27 -28 -29 30 35 32 -33 34 -35 -36 36 41 38 42 -41 -42 48 -44 45 -46 46 -48 -49 -50 50 51 55 -54 -55 -56 -57 -58 -59 -60 -61 -62 -63
leaf_value=-0.050191413227640674 -0.034644203388567142 -0.00014191430802652473 0.041092538500282313 -0.057975407846817532 0.025660816392599057 -0.036695303554364712 -0.06116638812491107 0.016420141816041355 -0.0041438568995115143 0.042181710586854805 -0.028221193782194148 -0.019396114956057392 -0.0015887456452791699 0.031749994282673874 -0.012622515994889569 0.042436535854853297 -0.01156582996143395 0.051768929835951244 -0.049279957920649653 -0.015302578362956475 0.018300333993401925 -0.044219840506600029 0.036457719901357703 0.028941268316153637 -0.062117455582265328 -0.05591758181882707 -0.038986740875186478 0.023396160138063764 0.027804481648637254 -0.052316992354830949 0.01822461446871862 -0.032508513063041665 0.00043924400906003417 0.038118744912475071 -0.039377659611257124 0.039227842104518018 -0.045163522627843566 0.060709267958628355 -0.040330544841667662 -0.025452528366872007 -0.0083432176501000502 0.026164762490843287 -0.01367465788003566 0.016277351588771184 -0.049297566050866458 0.0020347726343538722 0.022443852663701754 0.047910563379279431 0.012007748515744189 0.027040394741876608 0.0090828847108383338 -0.0044238785916937513 0.024844551398356396 -0.03304625439381912 -0.051019360598176383 0.020194173256265272 -0.049797020232997806 -0.047647949001858314 0.020663160050573507 -0.03958771894108834 0.0042074441869195019 -0.020116166823092044
leaf_weight=8.3721102089202741 4.0391053851126335 63.988520579150645 2.3386394719127557 2.3067068156087762 5.4011728297919026 2.4263066728599361 3.9861623004544509 3.8456538328900933 3.7010132167488337 3.170055766706354 4.2145417239516965 3.5398365207947817 40.77636503521353 4.5587733127176815 3.1997664640657595 9.8619492511497793 5.24722252599895 2.2211974191013821 2.6036597950151181 3.8386598280048911 4.3630838337121514 2.3255034782923762 4.8146386831067502 1.5454967566765843 3.011187444208189 2.7136074169538915 3.5025239459937438 6.9867582535371175 2.0664514409145331 3.7070981233846387 8.3471417811815645 3.8865517114754757 7.2661656027194104 4.846052555658388 8.418859363999216 2.5359894208668257 2.6934700901620081 2.6170136000728226 6.8980350295896669 2.6599616798339412 23.136039790711948 2.8968683616258195 19.871969822735991 7.3654216061113384 2.3145063136471435 17.645114263752475 15.070299031300236 6.2381424897466786 10.458018393139353 1.9289002858567963 3.6562464458402264 11.043949249200525 6.8168248953297734 4.1441142893163487 5.3074517960194489 5.8200704390183082 2.6597965266555539 3.0371881700120857 2.9721681708469978 4.6208009384572506 113.17404153576354 15.945984314836094
leaf_count=60602 403 1149 29 28 54 38 88 62 101 48 108 63 616 61 58 151 84 24 50 96 81 98 54 30 63 65 122 189 40 79 192 98 182 89 174 63 83 50 214 77 613 53 471 144 63 398 219 78 178 74 62 222 217 152 86 95 60 47 46 93 2940 307
internal_value=-0.00175173 -0.00100979 -0.000759396 -0.000940576 -0.000695995 -0.000963329 -0.000799775 -0.0169958 -0.0337127 -0.000439568 0.0046066 0.00293828 0.00489296 0.0149015 0.0202106 0.0255522 0.00857155 -0.00128709 -0.0113165 -0.00782817 -0.0172034 0.00933723 0.0134965 -0.0150103 -0.0291008 -0.0197032 -0.00720937 -0.000535826 -0.000947609 -0.00270556 0.00399068 0.0111733 -0.00354717 0.00395879 -0.0209323 -0.00899434 -0.00430358 -0.0182556 -0.0143155 0.0172777 -0.00129928 -0.00592571 -0.0205433 0.0145219 -0.0129293 0.0171183 0.0114362 0.0307833 -0.00430879 -0.00741671 -0.00928723 -0.0145095 0.00656112 -0.0139616 -0.0257122 -0.00326655 -0.0132305 -0.0163106 -0.00784973 -0.0180883 0.000757711 -0.00412654
internal_weight=554.967 546.595 542.556 540.217 537.91 532.509 530.083 11.5328 7.68718 518.55 74.5685 71.3985 67.1839 26.4075 22.8677 19.6679 9.806 443.982 30.9396 28.3359 19.6826 6.0922 8.6533 3.871 13.5904 10.5792 7.86561 413.042 406.055 299.454 106.601 54.5865 52.0143 36.3292 15.685 106.346 70.5919 35.7541 32.047 5.27698 31.4832 68.0559 26.77 50.6999 4.38096 46.319 32.7154 13.6036 65.3624 54.9044 52.0075 39.1177 12.8898 6.07301 19.5939 19.5238 13.7037 14.2864 11.2492 8.27705 193.109 79.9345
internal_count=72574 11972 11569 11540 11512 11458 11420 251 189 11169 1189 1141 1033 417 354 296 145 9980 683 633 483 152 150 128 331 268 203 9297 9108 6818 2290 1040 1250 894 356 2422 1531 891 812 127 805 1468 685 942 103 839 617 222 1385 1207 1154 711 443 226 334 377 282 248 201 155 4396 1456
is_linear=0
shrinkage=0.05


Tree=101
num_leaves=63
num_cat=0
split_feature=19 16 19 5 9 16 16 0 16 19 4 6 4 18 18 18 36 2 36 15 16 36 4 16 15 16 16 17 16 18 0 0 15 0 35 34 2 31 15 4 2 16 2 0 19 0 0 10 0 2 2 35 15 16 19 2 15 1 15 32 0 0
split_gain=7.53612 1.76094 1.3806 1.11948 1.95284 2.11751 2.40312 2.37011 2.93258 2.06179 1.87316 1.49878 1.44122 2.09901 2.16314 2.16863 2.13791 1.67943 1.40003 1.38833 1.76165 1.38626 1.66996 1.31136 1.29414 1.84256 1.31436 1.19225 1.70781 2.4538 1.2748 1.16617 1.16474 1.4245 1.14392 1.14149 1.46763 1.71431 1.87206 1.38861 2.40439 3.4124 3.00444 3.08202 2.63748 2.61554 2.10637 1.7507 1.67018 1.37813 1.45404 1.17852 1.57871 1.48218 1.16835 2.89404 2.35178 1.12508 2.56481 1.71775 1.30711 1.1244
threshold=1.0000000180025095e-35 0.47290496528148657 61.000000000000007 3518.5000000000005 4.5000000000000009 1.0718141198158266 1.2262758016586306 0.77469253540039074 0.99983397126197826 3.5000000000000004 449.00000000000006 0.00083090132102370273 3.5000000000000004 6.5000000000000009 37.500000000000007 27.500000000000004 0.020918033085763458 48.500000000000007 0.015871885232627395 1.6036705970764162 0.86763349175453197 0.22892709821462634 13.500000000000002 2.0247833728790288 0.4737651944160462 1.9053691029548647 1.6192045211791994 0.87018716335296642 1.8249204754829409 25.500000000000004 0.71383094787597667 0.75347518920898449 0.83411213755607616 0.72847557067871105 0.046536797657608993 1.0000000180025095e-35 574.50000000000011 0.0019972911104559903 40.071428298950202 10.500000000000002 64.500000000000014 1.4953342080116274 50.500000000000007 0.72435569763183605 1.5000000000000002 0.7526073455810548 0.7114849090576173 1.0000000180025095e-35 0.72191810607910167 118.50000000000001 89.500000000000014 0.054093567654490478 1.547857999801636 1.4238294959068301 3.5000000000000004 135.50000000000003 10.171568870544435 16.500000000000004 57.625000000000007 2.8678358793258671 0.66936683654785167 0.6470317840576173
decision_type=2 2 2 2 2 2 2 2 2 2 2 2 2 2 2 2 2 2 2 2 2 2 2 2 2 2 2 2 2 2 2 2 2 2 2 2 2 2 2 2 2 2 2 2 2 2 2 2 2 2 2 2 2 2 2 2 2 2 2 2 2 2
left_child=-1 -2 3 4 5 7 12 8 19 57 11 24 17 -14 15 16 -15 -7 -10 20 -3 61 -23 27 25 26 -5 -8 35 30 -30 32 33 -22 -25 36 39 -38 -39 40 42 49 43 51 -43 -45 47 -41 -48 50 -42 52 -29 -54 55 -50 -57 -6 59 60 -59 -21
right_child=1 2 -4 10 9 6 23 -9 18 -11 -12 -13 13 14 -16 -17 -18 -19 -20 21 31 22 -24 34 -26 -27 -28 28 29 -31 -32 -33 -34 -35 -36 -37 37 38 -40 46 41 44 -44 45 -46 -47 48 -49 54 -51 -52 -53 53 -55 -56 56 -58 58 -60 -61 -62 -63
leaf_value=-0.050182188414801002 -0.034284404275364416 -0.017869024659264859 0.037798697767592655 0.0074282547466788529 0.018443991157717103 0.0094673152197186968 0.022077525131242587 0.01187575107893101 -0.0053369869075469735 0.042152147316551397 -0.045700184589133358 -0.038432180206226546 -0.019804685057592877 0.044401320741391442 -0.012580071479102665 0.055441063596510257 0.007963816180619648 -0.025779954807830303 -0.042285216860251426 0.029552258461049436 -0.020695801664957349 0.030823958565627779 -0.024131221168481737 0.039297221954517896 -0.0037197861578404873 -0.020644559793933429 0.039825208556443503 -0.024671789871110017 -0.06366413944144951 0.0091429347248252295 -0.019303018726387795 -0.016650074081809237 0.049343677415506576 0.039046314292147818 0.00080599818193384716 0.024012484267252367 -0.047683725258425354 -0.030518172072322748 0.01738293145125203 0.011667479529829886 -0.025544272182125974 0.027144646235019523 0.03605959424478352 -0.048389813220166084 -0.026705573613460015 0.00032592893776362843 0.043234596827426204 -0.029537673368865727 0.041512641775228051 -0.009477896169270042 -0.064934631855381439 0.029030912680738419 0.039248567393124004 -0.012067015903052978 0.034556371860007866 -0.038751148894389319 0.010600360118567799 0.042783416989908014 0.043541920473188764 -0.059785270018497906 -0.04036297590915397 -0.025473071499206548
leaf_weight=7.9209774159544386 3.9584391042080815 4.7565607330470803 2.305149362073279 27.141819942684382 7.9706657322822156 15.031909385113979 4.9109606714919201 12.011629560351137 3.4511059315409502 5.6303518092026925 2.5639861226081839 2.9148527024080968 3.1319832149893072 6.0867284510750421 3.6243557662237427 5.8102736091241232 11.888129963073878 4.359614143962971 9.9721119594178145 0.99632322299294429 1.9548658857238463 3.2478024228475979 2.4068079818971455 3.6968912989832452 239.25725292548304 5.3455917928367844 3.5389543164055786 3.7750822057714704 3.206547614419831 3.849720545578748 3.2720711901783943 1.7937926046142818 3.4887561839423142 2.0380537027376704 4.0392195645254105 4.3185896271606898 3.5816100738011292 4.0160211585462076 4.1448605358600616 4.8298350172117335 5.068623340455817 5.7630403698421997 5.9615717548876992 5.3710604731459153 3.7555786380544305 5.657401216798462 4.7629223386757102 5.5284459325484931 3.5506153739988831 4.2581892050802699 4.3564141960814595 5.8009894208225878 3.2419488113373518 2.4863473069854081 3.7121348816435775 4.3212303789332491 5.4693793430924416 1.0220771809108553 1.5945358774624763 2.3183290955494158 0.87935457052662958 13.618969212839145
leaf_count=60602 403 481 29 602 149 287 76 335 88 61 27 80 60 91 69 67 184 81 266 41 92 58 63 54 4899 88 53 94 76 74 48 43 83 42 49 101 61 63 66 75 75 89 93 100 60 106 53 91 45 79 65 93 44 86 39 88 76 51 18 115 95 752
internal_value=-0.00176399 -0.00105746 -0.000813374 -0.000979259 0.00141349 0.000161418 0.00291346 -0.00797632 -0.0129728 0.0166572 -0.0031592 -0.00276713 0.0122036 0.0189722 0.0234031 0.0288862 0.0203024 0.001543 -0.0327858 -0.00521939 0.00687051 -0.0135887 0.00743303 -0.000747588 -0.00238949 0.00644524 0.0111652 -0.00204468 -0.00308328 -0.0224727 -0.0412592 0.0195572 0.0282382 0.00979758 0.0192 -0.00115273 -0.00224592 -0.0188458 -0.0061895 -2.25666e-05 -0.00481391 -0.0170924 0.00400751 -0.00324886 0.005898 -0.0233995 0.00824178 -0.0103246 0.017057 -0.0330854 -0.0437512 0.0112719 0.000431533 0.0169752 0.00974577 0.00284233 -0.0111817 0.00624396 -0.0104807 -0.0308945 0.00433073 -0.021722
internal_weight=550.739 542.818 538.86 536.555 255.792 236.377 176.64 59.7368 47.7251 19.4153 280.762 278.198 49.933 30.5415 27.4095 23.7851 17.9749 19.3915 13.4232 34.3019 14.032 20.2699 5.65461 126.707 275.284 36.0264 30.6808 118.971 114.06 10.3283 6.47862 9.27547 7.48168 3.99292 7.73611 103.732 99.4133 11.7425 8.16088 87.6708 55.4962 23.2018 32.2944 26.3328 9.51862 11.0285 32.1746 10.3583 21.8163 13.6832 9.42504 15.3044 9.50338 5.7283 17.0534 13.3412 9.79061 13.785 5.8143 4.21976 1.90143 14.6153
internal_count=72574 11972 11569 11540 5791 5302 2958 2344 2009 489 5749 5722 839 471 411 342 275 368 354 1655 741 914 121 2119 5642 743 655 2016 1940 198 124 260 217 134 103 1742 1641 190 129 1451 984 368 616 523 149 206 467 166 301 219 140 317 224 130 248 209 164 428 279 261 146 793
is_linear=0
shrinkage=0.05


Tree=102
num_leaves=63
num_cat=0
split_feature=19 19 0 17 17 32 32 32 5 7 31 0 7 4 36 31 32 17 10 7 15 15 8 9 0 0 5 36 17 4 0 0 0 17 17 0 8 17 35 17 31 31 7 17 15 36 4 36 8 19 35 15 35 36 6 31 8 8 8 15 4 15
split_gain=7.11447 1.52241 2.23602 1.28981 1.74118 1.6748 2.53338 2.19448 2.30253 2.44878 1.69566 1.69408 1.61573 2.1245 1.77902 1.58604 3.23754 1.9999 1.85117 1.37193 1.44299 2.06093 1.72036 1.34089 1.26192 1.53792 2.79797 2.45743 2.01856 2.14706 1.55024 1.73688 1.61738 1.35494 1.33872 1.25236 1.15765 1.13669 2.52157 1.68525 1.13344 1.38203 1.2475 1.20756 1.13461 1.08541 1.04075 1.58288 1.22394 1.35918 1.32139 0.995473 0.990113 2.21537 1.32137 1.19356 1.55688 1.82899 1.97114 1.26766 1.45711 1.31597
threshold=1.0000000180025095e-35 3.5000000000000004 0.66390037536621105 3.7028172016143803 3.6544337272644047 3.2834076881408696 3.2059261798858647 3.7529759407043461 3595.5000000000005 39.500000000000007 0.0079013961367309111 0.71383094787597667 39.500000000000007 69.500000000000014 4.332212120061741e-05 0.0014703035121783616 3.4819382429122929 25.240055084228519 1.0000000180025095e-35 73.500000000000014 0.36867654323577886 0.30775494873523718 2149.5000000000005 2.5000000000000004 0.73167037963867199 0.74404335021972667 4815.5000000000009 0.0010767452768050136 39.570186614990241 26.500000000000004 0.75005722045898449 0.77000045776367199 0.75934982299804699 56.335966110229499 28.660159111022953 0.7209606170654298 1523.5000000000002 12.910751819610597 0.031754031777381904 11.714131355285646 0.00034398505522403871 0.00026049932057503616 99.500000000000014 9.7094273567199725 50.125000000000007 0.0071636855136603126 3.5000000000000004 0.00011283013373031282 4818.5000000000009 1.5000000000000002 0.042572464793920524 8.0050001144409197 0.025978407822549347 3.7035861168988056e-05 2.9937028784843282e-06 4.298389058021713e-06 4818.5000000000009 3982.0000000000005 2717.0000000000005 13.985294342041017 44.500000000000007 44.366666793823249
decision_type=2 2 2 2 2 2 2 2 2 2 2 2 2 2 2 2 2 2 2 2 2 2 2 2 2 2 2 2 2 2 2 2 2 2 2 2 2 2 2 2 2 2 2 2 2 2 2 2 2 2 2 2 2 2 2 2 2 2 2 2 2 2
left_child=-1 3 -3 4 19 6 37 8 9 15 -8 12 13 -9 -14 -7 17 51 -18 -2 21 22 -21 -16 34 28 27 -27 29 -26 -29 32 -32 45 -13 -24 -11 39 -39 -5 41 42 44 -44 46 -33 47 -10 49 -48 -51 -17 53 -4 -54 -56 57 58 59 60 -57 -61
right_child=1 2 52 5 -6 7 10 11 40 36 -12 24 14 -15 23 16 18 -19 -20 20 -22 -23 35 -25 25 26 -28 30 -30 -31 31 33 -34 -35 -36 -37 -38 38 -40 -41 -42 -43 43 -45 -46 -47 48 -49 -50 50 -52 -53 54 -55 55 56 -58 -59 -60 61 -62 -63
leaf_value=-0.050173751986063275 0.0023506672224928296 -0.028930992415162105 -0.051078712551790056 -0.0057263683129168625 0.040765400048230351 0.03812049994407557 -0.035015856586677191 -0.040873546694134448 0.026704689619134466 -0.040105098496657415 0.0087325696614352025 0.029552819149925403 0.045738705860566296 0.016204391015024824 0.010203638028332589 -0.0069922631956072781 0.0046629289625874874 0.031277217465417582 0.043239745514521463 -0.054263736008087371 -0.04699456745207517 0.045310551478369022 -0.023106059213125404 -0.044123666695740575 -0.031960963094057673 0.051678112984166615 -0.032085535575418926 0.02653852120160451 -0.05486269389289522 0.026332591466995615 -0.0012920442554753744 -0.011717570819559762 -0.042814995355790114 -0.02779573410193132 -0.0031799380951645579 0.015938953809203817 0.0012816497395474931 0.013859903167883958 -0.044851858633031469 0.027945796704131394 -0.036332592987959156 0.028658948236290296 -0.002309158433267032 0.044279425422263402 0.020203365167950599 0.019100509083339004 -0.030419291774713714 -0.020916137963954515 -0.046420296076005299 -0.026717446873815422 0.012883677025702048 -0.048782669663391849 0.033422593815913774 0.0033623233731273437 -0.022191885260124493 0.0019119056040688297 0.035524013531441266 -0.0264384597661609 0.026614223671573026 -0.018879876139820395 0.033505781821788955 0.0051819284690137329
leaf_weight=7.5012917318281316 132.21925878556794 4.6292082001455119 2.2321861924137911 108.72275594139501 2.7681055191205806 9.1870348465163278 12.725302712613482 9.6928380235331151 3.7064844921696993 1.9703527870587993 2.6816551643423727 5.5833721924573165 1.6006148278247554 1.9599233046174038 2.3969837911427021 2.8874334527645287 5.0858444462064627 1.9292912287637589 8.0038950573944021 2.1680505960248402 2.6703511247178531 1.6628438672050823 4.2403905714454577 2.1586289457045496 3.7762253276305255 2.476124486536718 6.5048216620925805 4.657520282315093 3.4597880790825002 2.7154590437421575 4.6936241116491164 3.9151314287446466 4.6871082140132785 2.7019707313738754 7.090499107260257 3.9825078499634401 11.85993298156245 2.829901539895217 5.169459504308179 3.8473780529457136 2.5035805883817366 3.433221024577505 3.4171418005134901 2.345615011989139 3.0176332714036098 10.572182324365711 6.3492672075517502 3.2973764676135033 3.20789999840781 3.1802655998617393 6.2388266548514366 2.8135421306360513 5.2086837459355584 11.47475743293762 3.2699162303470066 8.8135092982556653 5.0078107749577603 3.9360369003843507 12.069676276762037 8.8385832456406224 6.2284840319771311 15.912645446020177
leaf_count=60602 2880 108 41 2920 54 132 274 305 66 35 78 110 26 50 75 86 90 35 128 51 61 24 156 69 89 38 96 86 89 37 113 71 112 67 162 134 355 91 137 95 68 66 75 49 57 191 175 68 94 74 99 87 57 214 58 135 70 55 202 146 85 221
internal_value=-0.00181573 -0.00114197 0.0048886 -0.00231421 0.00147851 -0.0042003 -0.00830935 -0.000815622 0.00481835 0.012783 -0.0274012 -0.0067145 -0.0203268 -0.0312734 0.000393322 0.0208284 0.0131613 -0.0127255 0.0282512 0.000738431 -0.0137391 -0.00637176 -0.0146424 -0.0155388 -0.00285637 -0.00641814 -0.00206259 0.00373186 -0.0240165 -0.00757688 -6.9945e-05 -0.00473421 -0.0220391 0.00470962 0.0112402 -0.00419581 -0.00461458 -0.0058697 -0.0240816 -0.00457553 -0.00374129 -0.00160494 -0.00459404 0.0166538 -0.00881665 0.0107721 -0.0121874 0.00428508 -0.0182671 -0.0125397 -0.00048726 -0.0276166 0.00677502 -0.00550344 0.00920411 0.00723543 0.0088179 0.00642109 0.0089149 0.00354653 0.0149941 -0.00341046
internal_weight=545.888 538.387 87.6215 450.765 149.712 301.054 135.976 165.077 84.4346 43.7373 15.407 80.6428 17.809 11.6528 6.15623 29.907 20.72 7.63027 13.0897 146.943 14.7241 12.0538 10.3909 4.55561 62.8338 50.16 40.2085 33.7037 9.95147 6.49168 31.2275 26.57 9.38073 17.1893 12.6739 8.2229 13.8303 120.569 7.99936 112.57 40.6973 38.1937 34.7605 5.76276 28.9978 14.4873 25.9801 7.00386 18.9763 15.7684 9.41909 5.70098 82.9923 13.7069 69.2853 64.0767 60.8067 55.7989 51.8629 39.7932 15.042 24.7512
internal_count=72574 11972 1392 10580 3360 7220 3595 3625 1839 948 352 1786 525 355 170 558 426 208 218 3306 426 365 341 144 1261 989 774 678 215 126 640 554 225 329 272 290 390 3243 228 3015 891 823 757 124 633 262 576 134 442 348 173 173 1284 255 1029 972 914 844 789 587 220 367
is_linear=0
shrinkage=0.05


Tree=103
num_leaves=63
num_cat=0
split_feature=19 16 19 19 19 4 19 16 5 8 15 18 16 16 4 18 15 15 2 31 16 36 16 17 1 2 7 16 15 15 18 4 4 9 16 35 2 17 17 8 6 35 16 18 1 2 17 4 15 16 17 17 8 31 18 4 2 18 18 36 8 16
split_gain=6.75182 1.91454 1.21142 1.15166 1.40003 1.01088 1.23141 2.23882 1.4074 1.79199 1.45534 2.25688 2.31729 1.35313 2.18503 1.71031 1.75044 1.2947 1.19774 1.12437 1.87072 1.69604 1.23397 1.17185 1.30274 1.61762 1.12522 2.46195 1.92815 1.55558 1.54905 1.98429 1.54037 2.1843 2.58232 2.53175 1.829 1.7652 1.52194 1.49255 1.77943 1.46717 1.41614 1.46582 1.59995 1.3787 1.32272 1.30533 2.30841 1.58133 1.47033 3.79441 1.2991 1.24055 1.1873 1.11045 2.1433 3.67631 2.94032 1.4398 1.78674 2.13475
threshold=1.0000000180025095e-35 0.47290496528148657 61.000000000000007 28.500000000000004 21.500000000000004 385.50000000000006 3.5000000000000004 0.66585287451744091 6295.5000000000009 3978.5000000000005 9.007352828979494 13.500000000000002 1.7503993511199953 2.9692879915237431 11.500000000000002 8.5000000000000018 8.0050001144409197 2.400787472724915 216.50000000000003 0.097562313079833998 0.86763349175453197 0.45510114729404455 0.91117948293685924 1.2624600529670718 7.5000000000000009 18.500000000000004 16.500000000000004 1.7751502990722658 1.2313120365142824 11.674797058105471 15.500000000000002 30.500000000000004 1.0000000180025095e-35 1.0000000180025095e-35 1.2765080332756045 0.046536797657608993 33.500000000000007 1.3630139827728274 3.7028172016143803 1790.5000000000002 0.00020084129937458786 0.087121214717626586 1.4953342080116274 8.5000000000000018 12.500000000000002 441.50000000000006 1.6476489305496218 1.0000000180025095e-35 4.7517123222351083 1.1975396275520327 1.9485719799995425 2.2224022150039677 3994.5000000000005 0.00026774055731948471 6.5000000000000009 8.5000000000000018 327.50000000000006 15.500000000000002 8.5000000000000018 0.058318281546235091 1412.5000000000002 1.3065387010574343
decision_type=2 2 2 2 2 2 2 2 2 2 2 2 2 2 2 2 2 2 2 2 2 2 2 2 2 2 2 2 2 2 2 2 2 2 2 2 2 2 2 2 2 2 2 2 2 2 2 2 2 2 2 2 2 2 2 2 2 2 2 2 2 2
left_child=-1 -2 3 4 5 6 13 -8 9 10 11 -9 18 19 15 -15 17 -17 -13 20 21 23 -22 -3 25 -25 28 29 39 32 41 -32 33 35 -35 -28 37 -36 42 -24 -41 -29 43 44 -34 -31 -30 48 49 -48 -49 -52 -37 -50 -42 59 -57 58 -58 60 -53 -62
right_child=1 2 -4 -5 -6 -7 7 8 -10 -11 -12 12 -14 14 -16 16 -18 -19 -20 -21 22 -23 26 24 -26 -27 27 30 46 45 31 -33 38 34 36 52 -38 -39 -40 40 54 -43 -44 -45 -46 -47 47 50 53 -51 51 55 -54 -55 -56 56 57 -59 -60 -61 61 -63
leaf_value=-0.05016531776781824 -0.035632348635078907 -0.047032735200250281 0.0359905546356694 -0.030014291073928251 0.031306400994723919 -0.032207522249361985 0.04797912191167375 -0.019560905880641126 0.025385417269942964 -0.019747558861399533 -0.0014579239988072076 0.0098025938717370854 -0.014927320446585877 0.015050969963558045 -0.052779565641130448 -0.011921084411800004 0.010376516514972929 -0.061381793251033559 0.04326308071522663 0.034536069327744612 0.015671055506904903 -0.08060791202256655 0.041641510542013371 0.043426566892428159 -0.020847709987109265 -0.0062335378809155444 0.0053660278910012326 0.0047026014850228282 -0.01609421684408464 -0.0033607936993759191 -0.034316456370474896 0.011965905482058579 0.010232227609003421 0.013250574740757835 -0.011463662487447526 -0.028522968241987197 0.010971797839874122 -0.061068393458534813 -0.0011862475046767289 0.035559515763081855 0.021255242652177802 -0.031147575951544881 0.031231884361948931 0.013555638920927994 -0.033907360950891613 -0.055321169450980895 -0.0016205020167277002 0.029135274054405733 0.017911759307478164 0.036874793931669612 -0.05405682398815314 0.02470256341010257 -0.078585810215651877 -0.028918662283662761 -0.02044551533551818 0.011835959144464159 -0.032081605614553262 -0.053147026218199646 0.037278537005878513 -0.025349792865499706 0.009024470167759922 -0.011373044429640392
leaf_weight=7.1016589790351636 3.9809579573848159 2.2109603285789552 2.2247295558918259 3.3941312269889741 3.3746086787432423 2.5825539608485988 2.9240974677959448 3.7280443492345539 6.5781800311524412 8.8856810568831843 36.664523121435195 3.829474705271422 3.1193641275167456 5.3322405314538655 3.2250633833464226 2.4818690195679647 2.8323341503273696 2.8337714276276529 8.8672873001778481 2.1773404425475738 11.208614432660395 0.95268610049970348 4.8095146144041818 2.100090656080285 10.497441459272521 7.4824941915139789 2.7476417207508375 10.988071266561748 11.567779257369692 2.6340194784570476 14.147900696028957 2.7691595340147606 4.0999137143371644 11.691602532344406 3.7912274824921024 2.5463981488719583 3.1076803146861494 3.403430909558665 118.63325069547864 3.9631832961458695 2.6254349898081273 3.8551883500767863 6.8168839228746938 18.300849817052949 4.1121046118205413 2.4772921907715499 3.7660041926428702 4.0745043875649563 2.2358970718923947 9.1480218992801365 3.3267653825459993 5.9007963900221503 2.6386195715749636 3.8478002392221242 4.8789562077727169 35.986866912222467 2.5732776778750104 3.7911955747986212 3.7614607680588961 7.0273380575235924 19.760366272646934 36.559053209261037
leaf_count=60602 403 136 29 39 37 42 38 68 89 169 597 65 55 108 86 58 66 71 143 29 334 24 82 40 1398 253 64 191 269 52 356 35 75 218 70 54 62 62 2418 75 49 64 109 345 95 61 78 70 44 127 57 98 46 92 95 646 67 76 67 149 380 697
internal_value=-0.00173469 -0.00108801 -0.000827494 -0.000983321 -0.000794649 -0.00100342 -0.000847338 0.00509457 0.00334497 0.00111765 0.0044161 0.0154357 0.0236848 -0.00185084 -0.0158094 -0.00696453 -0.021372 -0.0382886 0.0331711 -0.00130217 -0.00148672 -0.0152761 -0.000684579 -0.0124839 -0.00867978 0.00464982 -0.00115662 -0.00352636 0.00189996 -0.00134039 -0.0163971 -0.0267405 -0.000575926 -0.0109445 -0.00283197 -0.0334371 -0.0210832 -0.0349292 0.00146599 0.0182622 0.00845692 -0.00460864 0.0109063 0.00568027 -0.0118703 -0.0285444 0.000162951 0.00148956 0.0136861 0.0256487 -0.000397885 -0.00141175 -0.0539996 -0.0117074 -0.00585637 0.000106428 0.00611794 -0.0142035 0.00910328 -0.00389671 -0.00147373 -0.00421632
internal_weight=538.956 531.854 527.873 525.648 522.254 518.88 516.297 74.5967 71.6726 65.0944 56.2087 19.5442 15.8161 441.7 16.7053 13.4802 8.14797 5.31564 12.6968 424.995 422.818 23.2437 399.574 22.291 20.08 9.58258 388.365 218.761 169.604 187.001 31.7603 16.9171 181.89 29.9266 21.9939 7.93266 10.3023 7.19466 151.963 16.2771 11.4676 14.8433 33.3298 26.5129 8.21202 5.11131 153.327 141.759 18.9977 12.914 122.762 118.687 5.18502 6.0837 7.50439 115.36 46.1128 10.1259 6.33474 69.2476 62.2202 56.3194
internal_count=72574 11972 11569 11540 11501 11464 11422 1224 1186 1097 928 331 263 10198 389 303 195 129 208 9809 9780 1851 7929 1827 1691 293 7595 4377 3218 3731 646 391 3618 576 412 164 194 132 3042 301 219 255 624 515 170 113 2917 2648 341 205 2307 2237 100 136 144 2180 856 210 134 1324 1175 1077
is_linear=0
shrinkage=0.05


Tree=104
num_leaves=63
num_cat=0
split_feature=19 16 19 16 0 33 31 16 15 18 8 16 18 4 15 1 4 15 2 16 7 16 32 15 15 9 31 17 4 15 4 2 18 18 2 16 33 31 9 8 17 16 5 31 19 8 5 0 15 7 7 0 17 17 16 15 33 8 2 4 1 8
split_gain=6.39636 1.79315 1.22542 1.69415 2.45665 2.80132 1.6181 1.47625 1.41426 2.3085 1.52016 1.29578 1.86831 1.42259 1.78629 1.39424 1.23758 1.23616 1.18522 1.18385 1.12615 1.91866 2.35961 1.82386 1.55937 1.54562 1.42015 1.24059 1.56849 1.8462 1.4149 1.76044 3.08934 2.91074 1.35051 1.29691 1.24301 2.13211 1.21757 1.18297 1.39863 1.87186 1.32417 1.57783 1.29882 1.17946 1.58291 1.17234 1.16774 1.8714 1.41966 1.14204 1.11325 1.77354 1.27889 1.96547 2.13946 2.07752 1.86655 2.62634 1.8367 1.62453
threshold=1.0000000180025095e-35 0.47290496528148657 3.5000000000000004 0.66585287451744091 0.68859958648681652 0.00099676102399826071 0.097562313079833998 0.86763349175453197 8.7872233390808123 9.5000000000000018 3982.0000000000005 2.9692879915237431 8.5000000000000018 8.5000000000000018 7.3393940925598153 14.500000000000002 13.500000000000002 7.3393940925598153 376.50000000000006 0.92411464452743541 16.500000000000004 1.7751502990722658 4.273745298385621 1.2313120365142824 11.674797058105471 8.5000000000000018 0.033187597990036018 1.6476489305496218 1.0000000180025095e-35 3.5274435281753544 7.5000000000000009 327.50000000000006 15.500000000000002 8.5000000000000018 66.500000000000014 0.99949577450752269 4.7803562210901882e-06 0.00082402609405107807 1.5000000000000002 3028.5000000000005 11.380020618438722 2.0937006473541264 2888.5000000000005 0.0049111284315586099 1.5000000000000002 1790.5000000000002 3231.5000000000005 0.73517227172851574 1.6375218629837038 30.500000000000004 20.500000000000004 0.65035438537597667 1.9485719799995425 2.2571972608566289 2.4590674638748173 8.7872233390808123 0.0037238413933664565 3706.5000000000005 189.50000000000003 1.5000000000000002 10.500000000000002 1661.0000000000002
decision_type=2 2 2 2 2 2 2 2 2 2 2 2 2 2 2 2 2 2 2 2 2 2 2 2 2 2 2 2 2 2 2 2 2 2 2 2 2 2 2 2 2 2 2 2 2 2 2 2 2 2 2 2 2 2 2 2 2 2 2 2 2 2
left_child=-1 -2 6 -4 5 -5 7 17 9 -6 16 19 -13 14 15 -14 -11 -3 -10 -9 23 24 25 45 26 48 51 -25 29 -29 35 34 33 -33 -32 -30 -31 -38 -26 40 -36 42 43 -42 -41 -21 -47 -45 49 -23 -50 -22 -37 -54 55 57 58 -55 59 -57 -58 -61
right_child=1 2 3 4 8 -7 -8 11 18 10 -12 12 13 -15 -16 -17 -18 -19 -20 20 21 22 -24 27 38 -27 -28 28 30 36 31 32 -34 -35 39 52 37 -39 -40 44 41 -43 -44 47 -46 46 -48 -49 50 -51 -52 -53 53 54 -56 56 60 -59 -60 61 -62 -63
leaf_value=-0.050159561107382872 -0.034906511559091698 -0.0099113440656107624 0.039832849864337161 -0.032145264343531828 -0.021234517525675345 0.024990441629178992 0.03904637843642568 0.01310094352531257 -0.018066139123922253 0.0098753209620561153 -0.0055396767567372912 0.0061002931631900263 -0.065440044434102049 -0.058052654470864412 0.014895068577410893 -0.0087750871369951418 0.038275026847576832 -0.043926252450999112 0.0048211251777676642 0.038758525820535752 -0.021246607709194135 0.02125730442982832 0.025593968648176525 -0.015788611400944844 -0.058190118743325858 -0.00019293904180998735 -0.035540679581387478 0.02898307400241136 -0.039753294281054036 -0.027356766465317602 -0.0166298882235212 -0.034728622215548198 -0.049757741208964812 0.035396514354996071 0.042546321766397638 0.025879538654241054 0.041702134824633641 -0.022303213389717962 -0.007533708783468711 -0.031418412585849563 -0.021177288383012471 -0.020939147509195195 0.03514249061010747 0.0020357719521725049 0.013347616294114557 -0.015035059218779512 0.023471999145704359 0.03610003676307838 -0.061717457185841644 -0.028830572618940509 -0.024875506742119212 0.00022945619482862215 -0.040777303767796903 -0.0036487182378149422 0.022872585444747871 0.017651897574097037 0.037005046024365523 0.028400131412954444 0.017054748382460277 -0.068285413155803484 -0.018072254833260342 -0.028728955110823986
leaf_weight=6.7296792675588213 3.894005531052243 19.951636708516165 3.2858133284607893 8.7402102858759445 3.5086212055757668 2.8431591484695664 2.3969898950308552 14.566938568546901 6.6129663253668687 5.726365387439734 3.9299954253947353 6.2844281902071115 2.1306397828739119 2.9200773267075419 2.7557175802066922 2.2131252374965698 11.62084450322436 3.0838727400405324 39.111128792283125 4.6969964460004148 6.4245853335596612 2.700981861213231 3.1510432288050643 11.549148693855384 2.1306616221554568 7.2089027357287696 2.9489726843021336 10.259652631124483 2.6497741059865794 3.1662975014187378 4.186035579070448 2.4217228596098703 3.6613002051599324 3.8044581837020814 4.7459229254163828 2.9620070995297274 2.8346536345779896 2.405048718675971 2.6761187952943146 2.8192549296654752 3.2639887398108902 3.5042269271798423 7.6383179868571451 5.1297329012304527 3.8099299361929297 4.2804320659488422 7.0881956755183637 4.975729014724493 3.9848531543975678 6.0239841763395816 7.6053047941531986 169.75686487444909 3.3703023347770786 24.615521961590279 4.2693100534379473 2.4776459503918984 3.0958046466112128 6.3639190844260147 2.4216698491945854 3.4000249379314473 2.9618520296644419 10.970223939279093
leaf_count=60602 403 1586 43 199 63 54 29 434 114 89 63 137 31 77 62 82 188 265 557 82 181 59 43 269 54 150 49 155 91 68 89 66 75 67 75 64 60 55 58 77 67 76 113 91 71 78 139 67 70 145 179 3316 64 469 85 57 33 71 42 65 69 242
internal_value=-0.0017224 -0.00110268 -0.000850551 0.00462796 0.00321887 -0.0181212 -0.00192162 -0.00214772 0.00672461 0.0163425 0.022539 -0.00145783 -0.0152714 -0.028676 -0.0165932 -0.0365695 0.0289002 -0.0144651 0.00151099 -0.000887637 -0.0014233 -0.00381444 -0.0153911 0.00167183 -0.00188381 -0.0200832 -0.00112967 -4.59413e-05 0.0012698 0.0147494 -0.000835362 0.00558374 -0.0133114 0.00812078 0.0102459 -0.00544593 -0.00262299 0.0123234 -0.0299878 0.0133808 0.0177019 0.0128916 0.0185348 0.00904634 -0.00569045 0.0176816 0.0089736 0.0188083 -0.0271414 -0.0133249 -0.0375423 -0.000553684 -0.00408726 -0.00547533 -0.00351121 -0.00551169 -0.0158433 0.00293488 -0.0239912 -0.029891 0.0100754 -0.0380881
internal_weight=532.718 525.988 522.094 85.3791 82.0933 11.5834 436.715 434.318 70.5099 24.7858 21.2772 411.282 16.304 10.0196 7.09948 4.34377 17.3472 23.0355 45.7241 394.978 380.411 214.612 30.6751 165.799 183.937 27.524 179.13 149.733 138.184 18.6657 119.519 49.9606 9.88748 6.22618 40.0731 69.5581 8.406 5.2397 4.80678 35.8871 29.2579 24.512 21.0078 13.3695 6.62918 16.0656 11.3686 10.1055 20.3151 8.72497 11.5902 176.181 66.9083 63.9463 60.576 56.3067 25.3272 30.9794 19.2696 16.8479 6.05766 14.3702
internal_count=72574 11972 11569 1370 1327 253 10199 10170 1074 403 340 8319 389 252 175 113 277 1851 671 7930 7496 4304 646 3192 3658 603 3546 2893 2624 338 2286 934 208 133 726 1352 183 115 112 637 489 414 338 225 148 299 217 158 453 204 249 3497 1261 1197 1133 1048 508 540 406 364 102 307
is_linear=0
shrinkage=0.05


Tree=105
num_leaves=63
num_cat=0
split_feature=19 19 5 0 0 0 15 33 4 1 18 8 4 32 9 9 0 0 0 5 9 0 15 32 32 2 4 5 9 17 7 18 7 17 2 17 15 18 8 7 5 5 6 7 33 6 7 1 36 7 33 18 0 5 1 7 18 1 18 9 0 2
split_gain=6.56296 1.63785 2.52141 3.37734 1.65635 1.44898 1.62653 1.41517 1.79795 1.34271 1.31061 1.75191 3.01618 1.41338 2.43153 1.27421 2.61472 1.76563 2.68873 2.59962 1.78661 1.60913 2.28053 1.5198 1.86396 1.85185 2.11635 1.48572 1.33766 1.24942 1.21318 1.18778 1.4028 1.16718 1.14143 1.12826 1.46204 1.73311 1.08453 3.10827 1.49384 1.34452 1.90167 1.31011 3.38834 2.0784 1.48472 1.28538 1.50173 1.27322 1.27187 1.26343 2.25026 1.98153 4.04273 1.67956 2.05497 2.13611 2.03017 2.15543 1.95535 1.91618
threshold=1.0000000180025095e-35 1.5000000000000002 6090.0000000000009 0.72488594055175792 0.81443023681640636 0.63718414306640636 0.062645349651575102 9.9154846111559912e-07 20.500000000000004 1.5000000000000002 12.500000000000002 1671.0000000000002 4.5000000000000009 3.0560940504074101 2.5000000000000004 1.0000000180025095e-35 0.77311325073242199 0.71474647521972667 0.7175426483154298 6010.5000000000009 2.5000000000000004 0.70750999450683605 2.400787472724915 3.4511500597000127 3.6336457729339604 156.50000000000003 30.500000000000004 5913.5000000000009 1.5000000000000002 33.200389862060554 16.500000000000004 19.500000000000004 64.500000000000014 0.24435146898031238 366.50000000000006 3.1133344173431401 2.4739555120468144 14.500000000000002 3969.5000000000005 3.5000000000000004 6014.5000000000009 3986.5000000000005 0.00029486305720638489 54.500000000000007 3.8286455037450659e-06 5.9033061461377665e-06 42.500000000000007 21.500000000000004 9.7390908194938688e-05 64.500000000000014 0.00036303928936831659 7.5000000000000009 0.71289253234863292 2741.5000000000005 8.5000000000000018 17.500000000000004 20.500000000000004 16.500000000000004 14.500000000000002 1.0000000180025095e-35 0.7087993621826173 101.50000000000001
decision_type=2 2 2 2 2 2 2 2 2 2 2 2 2 2 2 2 2 2 2 2 2 2 2 2 2 2 2 2 2 2 2 2 2 2 2 2 2 2 2 2 2 2 2 2 2 2 2 2 2 2 2 2 2 2 2 2 2 2 2 2 2 2
left_child=-1 5 4 7 15 -2 31 8 -4 10 13 -12 30 14 -8 16 35 19 34 21 23 22 -17 -20 -25 -26 29 -22 -28 -27 -13 32 -7 -11 -19 -3 37 -37 51 40 -40 50 43 46 -45 -46 47 -43 -49 -47 -41 53 55 54 -35 56 58 -58 59 -53 61 -57
right_child=1 2 3 -5 -6 6 9 -9 -10 33 11 12 -14 -15 -16 17 -18 18 20 -21 27 -23 -24 24 25 26 28 -29 -30 -31 -32 -33 -34 38 -36 36 -38 -39 39 41 -42 42 -44 44 45 49 -48 48 -50 -51 -52 52 -54 -55 -56 60 57 -59 -60 -61 -62 -63
leaf_value=-0.050153013950832159 -0.023512910779679402 0.032564449672195787 -0.0082757558911973027 -0.012773621323273577 0.026499960627559584 -0.017905283948133906 0.027665680943085986 0.044933034646868236 0.036111246956531819 0.033920961145341669 -0.028392704654722357 0.01487216151646964 0.046058974279087429 0.039448069828432568 -0.026581393479005695 0.018961616273900847 -0.046825738119599253 0.016463085474917375 0.028647829974209289 -0.039521909730697122 -0.0045997936259118853 -0.017016384661278708 -0.0027631487555930868 -0.031824585858387926 0.046496669407542039 0.0033936409484090803 0.0028173641872308438 0.018151671087721599 0.029743117024231571 -0.032926348862756645 -0.033535752653099764 0.0052568078543013957 -0.075442979967865337 0.030722739842772587 0.051854439424798608 -0.048779785276535266 0.0040652633409428212 -0.0013591640694624633 -0.019818320171150601 -0.048018298006723303 -0.083169046250097425 0.0034198217047918473 0.038457059417747873 -0.027904955358301231 0.061826788332965267 0.040822622701850851 -0.046399083202054978 -0.0074565605987192245 -0.054527647288418191 -0.012315374274587367 -0.0075391967979854023 0.048900672326688113 -0.008652003744590863 0.012731964117418641 -0.028834805234546752 -0.0032896215404562682 -0.049933526757921926 0.0051108827598560771 0.033349433573723636 -0.00038601950043209792 0.028575701640719309 -0.037684436256002304
leaf_weight=6.4152456155115933 7.536488374345935 2.0866305234376403 4.0597839567344689 6.1687743114307514 6.7152952063479452 2.6861784548964343 5.5699981848010811 8.480490791029295 5.2082294323481619 2.2544808420352629 4.1919220766576464 2.2339799755718541 3.6100898014847189 5.7125684326747423 3.2833830955205485 15.887936061481012 3.8863807537127277 4.9484231679234636 10.503489137394352 4.5550671895034602 49.463359735149425 12.649893422843887 50.400795680005103 2.8485572423669501 3.1942928060889271 5.3323658489389363 9.2666150498553179 8.39317445643246 9.1842694038059562 4.2591987752821296 3.0769876490812749 2.0722201915850746 1.7491129198606357 4.164863438694737 4.2219806257635355 3.5778658632189062 13.326144596678203 4.1752584334462881 1.7899128933204331 3.2323855152353627 1.9381911000236867 12.064381471020175 2.7929729887400745 4.0490381398703885 2.9202561932615936 1.8379935435950754 2.6859274752205229 5.2379334485158315 2.50466515251901 2.915336330072023 4.8554589753621258 2.5813629084732446 77.595408955676248 34.871003321022727 9.0205943910987099 18.963635677122518 2.4902623535599542 6.0312786186113954 11.48710675103939 15.770683113252742 3.6625764727941705 5.1488692158600307
leaf_count=60945 310 35 83 97 113 69 137 104 56 31 57 47 43 87 72 349 67 74 178 102 833 277 1015 56 57 108 166 97 150 101 64 91 68 82 32 65 298 104 89 283 16 244 84 112 32 25 47 140 82 119 387 34 1831 676 381 572 50 173 208 368 74 193
internal_value=0.000120145 0.000720302 0.0036491 0.0190964 0.00203488 -0.00188129 -0.00129285 0.0301734 0.0166679 -0.00069869 0.0097353 -0.00173172 0.010796 0.0200585 0.0075475 0.00129538 -0.00887396 0.00270537 0.00681918 -0.00279404 0.00449736 -0.000674694 0.00244379 0.0120188 0.00689454 0.0104254 0.00631658 -0.00129927 0.0162202 -0.0127345 -0.0131737 -0.0259949 -0.040596 -0.00188783 0.032757 -0.00250705 -0.00597877 -0.0232426 -0.00222335 -0.00887645 -0.0527535 -0.00524915 -0.00121316 -0.0044514 0.00910121 0.0286279 -0.0115146 -0.00678409 -0.0226837 0.00823176 -0.0237171 -0.00052963 -0.00287622 0.00648873 -0.0100225 0.00390037 0.0106804 -0.0109748 0.0168648 0.00654655 -0.0054637 -0.0106341
internal_weight=543.799 537.384 252.794 23.9173 228.877 284.59 277.053 17.7485 9.26801 270.546 27.6789 13.113 8.92106 14.5659 8.85338 222.162 27.0523 195.109 111.616 83.4937 102.445 78.9386 66.2887 44.5888 34.0853 31.2367 28.0424 57.8565 18.4509 9.59156 5.31097 6.50751 4.43529 242.867 9.1704 23.1659 21.0793 7.75312 240.612 48.8245 3.7281 45.0963 37.0085 34.2155 11.7226 7.67359 22.4929 19.807 7.7426 4.75333 8.08784 191.788 143.731 48.0565 13.1855 66.1358 38.3607 8.52154 29.8392 18.352 27.7751 24.1125
internal_count=72940 11995 4617 340 4277 7378 7068 243 139 6840 507 211 154 296 209 4164 569 3595 1852 1743 1746 1641 1364 816 638 582 525 930 316 209 111 228 137 6333 106 502 467 169 6302 1660 105 1555 885 801 288 176 513 466 222 144 670 4642 3503 1139 463 1672 833 223 610 402 839 765
is_linear=0
shrinkage=0.05


Tree=106
num_leaves=63
num_cat=0
split_feature=19 0 16 34 5 19 2 5 2 2 4 0 2 19 15 0 33 2 2 9 18 1 15 15 0 0 8 0 0 15 0 7 1 1 4 18 1 15 8 33 18 7 1 8 16 15 18 6 33 16 0 7 16 0 8 16 18 5 33 7 2 7
split_gain=6.19698 1.31728 1.58744 1.93404 1.39028 2.33618 2.09807 1.65368 1.48913 2.65128 1.50194 1.34529 2.87359 1.28575 1.25177 1.24511 1.18844 1.12515 1.01737 0.957024 1.17909 0.936105 2.42237 1.34684 0.945496 3.42036 2.85329 3.19273 3.21923 2.69294 0.880091 2.45819 1.31033 0.871418 1.72271 0.812411 0.801961 0.810369 0.744576 1.48519 1.95118 0.944081 0.942338 1.18048 0.900351 0.847561 1.18507 1.29139 1.21052 0.793096 0.972657 0.914064 0.713478 0.712398 0.710591 0.700299 2.94074 2.71537 2.66068 1.95445 1.12065 1.48755
threshold=1.0000000180025095e-35 0.81443023681640636 0.99949577450752269 0.52047845721244823 1866.5000000000002 7.5000000000000009 327.50000000000006 6009.0000000000009 36.500000000000007 54.500000000000007 15.500000000000002 0.76877784729003917 64.500000000000014 1.5000000000000002 0.26013697683811193 0.72050666809082042 0.00033579842420294886 864.50000000000011 359.50000000000006 1.5000000000000002 17.500000000000004 1.0000000180025095e-35 4.4968354701995858 0.9508572816848756 0.76877784729003917 0.76616287231445324 2545.0000000000005 0.77629280090332042 0.79950332641601574 2.5793672800064091 0.75934982299804699 14.500000000000002 5.5000000000000009 19.500000000000004 1.5000000000000002 18.500000000000004 1.5000000000000002 6.7788889408111581 4015.5000000000005 0.00036303928936831659 10.500000000000002 113.50000000000001 32.500000000000007 2656.5000000000005 0.86763349175453197 4.2015624046325692 17.500000000000004 1.9039410290133677e-05 0.0003446436749072746 0.78671583533287059 0.71015262603759777 12.500000000000002 1.07950896024704 0.75831031799316417 1540.5000000000002 2.8550761938095097 13.500000000000002 6031.0000000000009 7.5421783094498105e-06 7.5000000000000009 46.500000000000007 11.500000000000002
decision_type=2 2 2 2 2 2 2 2 2 2 2 2 2 2 2 2 2 2 2 2 2 2 2 2 2 2 2 2 2 2 2 2 2 2 2 2 2 2 2 2 2 2 2 2 2 2 2 2 2 2 2 2 2 2 2 2 2 2 2 2 2 2
left_child=-1 2 4 21 8 6 7 11 14 -10 13 38 16 15 -2 -11 -13 -8 53 52 -21 22 23 -4 25 30 27 -26 29 -29 36 -32 -33 -16 -35 -12 37 -23 39 41 44 -6 -42 -44 -41 46 47 -40 -48 51 -51 -49 -3 -5 -17 -38 58 59 60 -58 -57 -62
right_child=1 19 3 18 5 -7 17 -9 9 10 35 12 -14 -15 33 54 -18 -19 -20 20 -22 24 -24 -25 26 -27 -28 28 -30 -31 31 32 -34 34 -36 -37 55 -39 45 40 42 -43 43 -45 -46 -47 48 49 -50 50 -52 -53 -54 -55 -56 56 57 -59 -60 -61 61 -63
leaf_value=-0.050146355599044429 -0.026282124586488226 0.035544560269000817 -0.02030693764065351 0.033941367921199797 -0.051722759108114226 0.027169281980746737 -0.067551663698770706 0.022274912258858928 -0.058129516783543722 -0.052090332162747104 -0.04708438227114569 -0.069585626078438129 0.032185709199147872 0.04311777083584642 0.040330417496143106 0.053998526584629558 -0.0054416133634719822 -0.0050917104155180559 0.052022177374007189 0.020608080106058607 -0.022553819824244602 0.033652421796859566 -0.034016561103603515 0.027251886330826643 0.021647846771696698 -0.04789373870962732 0.026801644206936689 -0.055389352720292065 0.02461452911089047 -0.0046508065893823428 0.020516292159744938 -0.052472852082544354 -0.011896409536044206 -0.046240600959787048 0.050036799969335771 -0.0009667393613034393 0.00056137397010939114 0.00057929858892107717 -0.059125855082917546 -0.025730089893890053 -0.046978594107130484 0.0022726891407439534 0.047722391497636796 -0.046956092808914239 0.017202919292642959 -0.029353654056016393 0.045459869771673871 0.026262660003134427 -0.02163516834664413 -0.015218686292953554 0.027438793960266123 -0.030218549099746174 0.0053724498402524913 0.00060616576964070835 -0.007233066506334567 -0.024530935377430861 -0.066286895222883183 0.025201306779056479 0.04980006582941536 -0.0092564392771915787 -0.0078735665742722654 0.042157124570454334
leaf_weight=6.0677506157981034 1.1752860374836034 6.010497351351658 2.3767412214074266 2.6987660550512356 5.4464900183666058 3.8252562200650564 2.5933721647597845 3.5490182270295909 2.0500237655360243 0.90584200885495958 1.5863033875357362 1.2121440061600872 4.3704735520877875 3.0283704198664054 5.0424215318053029 0.8273267913609742 1.7862049110699443 0.99867170769721259 2.4178129753563553 3.3649785528250495 2.9867030155146495 3.8538164892233899 6.4427401685970835 3.9839782318449579 8.81712907808833 3.6046869906131169 13.937236972153185 5.3692293108906579 3.5170902637764803 5.0982347838580608 3.9486609585583201 3.2027835889020917 5.2527429771143943 0.96129351443960309 0.89928119292017072 2.3993686842732131 334.54893317533424 3.5658934114035219 1.2753995754756058 1.6755395359941738 4.1873704538011225 0.95086440749582823 0.67441600159509085 0.64322722548968159 4.5029366236412898 4.4187892269110298 2.0435414571547876 0.86961834214161893 1.0018075320404021 2.5080790767678991 2.8602973890956491 4.0635603014088701 2.9069692375487648 3.9463084278395399 1.1088727865426333 2.2347344793379325 2.4074494133237732 3.2879066657042131 5.857632447499781 3.9955905263777822 2.9880078914575279 2.9550767904147506
leaf_count=60945 112 115 37 41 326 63 162 86 103 66 76 46 107 63 133 13 70 34 48 75 63 68 77 88 113 61 226 84 57 97 73 41 97 67 51 90 6187 44 62 164 246 71 28 98 107 262 88 44 63 106 62 512 56 94 92 57 72 64 59 105 83 40
internal_value=9.7031e-05 0.000671142 0.000242651 0.00139087 -0.00645885 -0.0105334 -0.0133267 -0.0105706 0.00484821 -0.00639434 0.00436636 -0.0131907 0.00632383 0.0204491 0.021418 -0.00370569 -0.0313731 -0.0501863 0.0242496 0.0151444 0.000312387 0.000910479 -0.0124071 0.0094811 0.00131797 0.000580604 0.0089789 -0.00191502 -0.0167712 -0.0306769 0.00104274 -0.0120553 -0.027266 0.0295392 0.000293653 -0.0193216 0.00148702 0.0177576 -0.0170644 -0.0243313 -0.0137274 -0.0436972 -0.0353742 0.00150367 0.00555993 -0.0101641 -0.00436506 -0.0116656 0.0233881 -0.0057897 0.00750943 -0.0202621 0.0257089 0.0141446 0.0189308 0.00115007 0.00945082 -0.0117334 0.0240777 -0.0306991 0.00565324 0.0170032
internal_weight=537.088 531.02 515.751 440.309 75.4415 55.4571 51.6318 48.0398 19.9844 11.9061 9.85608 44.4908 7.36882 5.87041 8.07828 2.84204 2.99835 3.59204 9.06289 15.2691 6.35168 431.246 12.8035 6.36072 418.443 381.704 36.7389 22.8017 13.9846 10.4675 378.099 12.4042 8.45553 6.903 1.86057 3.98567 365.695 7.41971 37.1219 18.0808 11.6835 6.39735 5.50501 1.31764 6.17848 19.0411 14.6223 11.577 3.04535 10.3016 5.36838 4.93318 8.91747 6.64507 1.9362 358.275 23.7264 9.69095 14.0355 6.40304 8.17782 5.94308
internal_count=72940 11995 11686 8013 3673 2807 2744 2548 866 503 400 2462 223 234 363 171 116 196 183 309 138 7830 202 125 7628 7051 577 351 238 181 6990 211 138 251 118 166 6779 112 2239 1040 643 397 372 126 271 1199 937 786 151 724 168 556 171 135 105 6667 480 241 239 177 180 123
is_linear=0
shrinkage=0.05


Tree=107
num_leaves=63
num_cat=0
split_feature=19 32 2 9 2 4 16 8 15 17 2 32 33 4 17 17 15 32 15 35 17 36 16 14 35 36 36 36 35 16 16 4 36 32 31 0 0 36 33 17 33 33 16 8 4 32 17 1 36 14 9 8 14 14 32 32 31 33 33 8 14 14
split_gain=5.81014 1.16657 2.08154 1.74925 1.60493 2.4083 3.30617 2.30986 1.51587 1.40813 1.28428 1.06119 1.20951 1.07974 1.03417 2.37525 3.35467 2.07985 2.02464 1.1068 1.10492 1.03289 1.61609 1.12652 1.11733 1.00868 0.986366 2.49179 1.15203 2.89825 1.20033 1.01162 1.53425 1.23156 1.60375 1.81725 2.48457 2.48782 2.3657 1.59413 1.62575 2.01038 1.59738 1.8855 1.46463 1.42673 1.40466 1.22913 1.20047 1.16933 1.13676 1.24682 2.12228 1.07678 1.03036 1.458 1.19684 1.59095 2.07366 1.91112 2.53444 2.66824
threshold=1.0000000180025095e-35 3.2834076881408696 110.50000000000001 12.500000000000002 114.50000000000001 7.5000000000000009 1.480901896953583 1726.0000000000002 0.76980057358741771 12.089809894561769 100.50000000000001 3.4221894741058354 0.00029310035461094236 1.5000000000000002 9.9550070762634295 12.910751819610597 1.8024389743804934 3.2575713396072392 1.0715116858482363 0.033908046782016761 11.046194076538088 0.1711191534996033 0.8046463429927827 2.9174053668975835 0.11805555596947671 0.001601969823241234 0.10535796731710435 0.075252879410982146 0.021054964512586597 1.2166416645050051 1.7985972762107851 9.5000000000000018 2.3273548322322316e-05 3.0560940504074101 4.3983984596707168e-06 0.7114849090576173 0.69325447082519542 7.3904948294512005e-06 2.9937028784843282e-06 3.4440877437591557 0.012791178654879333 0.004594021476805211 0.99348831176757824 1554.5000000000002 1.5000000000000002 2.5492259263992314 3.2500417232513432 14.500000000000002 0.024768437258899215 4.2555875778198251 1.0000000180025095e-35 2889.5000000000005 3.2384861707687382 2.9700856208801274 2.8158111572265629 2.6625748872756962 2.1746969650848772e-05 0.00088228142703883361 0.00055474639520980429 2845.5000000000005 2.9174053668975835 3.5972183942794804
decision_type=2 2 2 2 2 2 2 2 2 2 2 2 2 2 2 2 2 2 2 2 2 2 2 2 2 2 2 2 2 2 2 2 2 2 2 2 2 2 2 2 2 2 2 2 2 2 2 2 2 2 2 2 2 2 2 2 2 2 2 2 2 2
left_child=-1 2 14 4 5 6 7 -3 25 10 -9 12 -10 -13 17 19 18 21 -17 20 -16 22 23 24 -2 -6 27 28 29 -24 -31 33 -33 34 35 36 37 -30 -39 46 41 42 -41 47 -40 -45 54 -44 -43 -35 -47 -52 -53 -37 55 56 -36 58 59 -58 -61 -62
right_child=1 3 -4 -5 8 -7 -8 9 11 -11 -12 13 -14 -15 15 16 -18 -19 -20 -21 -22 -23 26 -25 -26 -27 -28 -29 31 30 -32 32 -34 49 39 53 -38 38 44 40 -42 48 43 45 -46 50 -48 -49 -50 -51 51 52 -54 -55 -56 -57 57 -59 -60 60 61 -63
leaf_value=-0.050140066210399119 -0.032566179448967315 -0.064057202010485342 -0.032809604026059098 0.034335490811013947 -0.0076988215778462576 0.028582298036525594 0.029593832575083426 -0.0029513070508343552 -0.031969374702808653 0.026579066152000758 -0.049781627246725496 0.029987271750121787 0.0060217812906664869 0.0017300578791526414 0.027792774811165141 -0.014990818448562693 -0.037765915815209217 -0.048069693583710563 0.052910059065634264 0.031341259567846343 -0.028272852178720522 0.027712685274284943 0.052471494594910142 -0.038916568709626641 0.019114332315938148 -0.054483057605963559 -0.028420485052955354 0.035906748805667486 0.010335306809094766 -0.045804229621246674 0.017437512259908038 0.01482337666776383 -0.02805047455501395 0.014374032488715084 0.016447579511019727 -0.04763090559993146 0.021421319703636397 -0.06155514604261203 0.0099366283878800903 -0.040985721773307102 -0.038301171924079717 0.032901150348167263 -0.04838072019243745 -0.024728422600690969 -0.039409360799552005 0.024356717273032565 0.024084974125709882 -0.0080800081160031494 -0.0021420033872585668 -0.018371552058060781 0.0055989747202146731 -0.049967463616498592 0.0035997089650640552 -0.015342577831581307 0.031698456120776708 -0.02891220327987945 -0.012997468411312069 0.00937383134052505 -0.043538161384312518 0.028734426618022071 -0.032255817520807493 0.015103537094772791
leaf_weight=5.7351168813729592 1.8734813649498372 1.985507564619186 5.2827104583848259 4.3749651586404061 2.7750243819318703 13.818186075965057 6.4774455177248447 5.119794021593405 4.9082119856029731 2.6051728282182012 2.0502983685582876 3.4421287021832532 3.6551799457520247 189.30434323789086 1.6908490787027433 2.0258912634744757 5.0758263830211945 2.4305623242398715 2.3965205285348929 9.7947708717256301 1.8297253745258784 2.9708122912124955 3.2421903825597829 4.8981340541868121 2.367416835622862 1.9699915843666529 3.2735276067105579 4.5385616716812356 5.9211586003657457 1.5747901549329983 1.4330824101343749 2.8148555462248614 8.0660252890083921 19.292620065447412 12.386466809315605 4.713167767506091 6.482128591858781 3.80841191485524 3.4816528079099953 3.6243173691909751 3.8711655114602754 5.0121452565072087 3.9546746837440869 5.6530796058941624 2.6468780564609915 5.0237164639402208 7.5291510034585363 3.6273026478011161 4.7694985660491511 3.1749375596409655 17.702552874747202 3.1566900475881985 4.4635964639019221 5.710770471370779 2.7632406376360441 3.9727310385205774 22.640583029016852 26.708142544608563 3.3983385850442565 8.6140222054673377 5.5410909750498814 6.4198167448630556
leaf_count=60945 252 28 190 78 59 277 101 141 152 83 45 74 91 3679 61 63 166 41 47 200 78 112 61 757 51 138 74 91 125 64 43 49 215 325 223 74 123 99 72 204 84 72 55 139 74 85 117 98 118 89 372 71 94 111 55 68 487 534 76 156 115 119
internal_value=-8.6151e-05 0.000459465 -0.00171742 0.00300584 0.0024302 0.0128376 0.000908651 -0.0148902 0.000811095 -0.00490362 -0.0163425 0.0014695 -0.0157533 0.00223468 -0.00112736 0.00907264 -0.0100295 -0.00203794 0.0218049 0.0226988 -0.00134585 -0.00159592 -0.001944 -0.0225822 -0.00371632 -0.0271223 -0.0011614 -0.000786049 -0.00150018 0.0196766 -0.0156731 -0.00208339 -0.0169591 -0.00133426 -0.00262024 -0.0127029 -0.00465933 -0.01532 -0.0306073 -0.000566231 -0.00694631 -0.00481637 -0.00909128 -0.00643889 -0.0113756 -0.00166609 0.00331763 -0.0291004 0.0158142 0.00974669 0.00263006 -0.00168022 -0.0185904 -0.0299417 0.00162623 0.00069965 0.00207221 -0.000356258 -0.00593127 -0.00297397 0.00805585 -0.00683648
internal_weight=531.865 526.13 283.644 242.486 238.111 32.0564 18.2382 11.7608 206.055 9.77527 7.17009 201.31 8.56339 192.746 278.361 22.8136 9.49824 255.547 4.42241 13.3153 3.52057 253.117 250.146 9.13903 4.2409 4.74502 241.007 237.734 233.195 6.25006 3.00787 226.945 10.8809 216.064 193.596 32.7642 22.3402 15.8581 9.93694 160.832 60.8587 56.9876 47.2059 43.5816 6.12853 35.9996 99.9736 7.58198 9.78164 22.4676 30.3466 25.3228 7.62029 10.4239 92.4444 89.6812 85.7085 73.322 46.6139 43.2155 20.5749 11.9609
internal_count=72940 11995 7049 4946 4868 675 398 297 4193 269 186 3996 243 3753 6859 615 276 6244 110 339 139 6203 6091 1060 303 197 5031 4957 4866 168 107 4698 264 4434 4020 678 493 370 245 3342 1392 1308 1118 914 146 761 1950 153 190 414 622 537 165 185 1833 1778 1710 1487 953 877 390 234
is_linear=0
shrinkage=0.05


Tree=108
num_leaves=63
num_cat=0
split_feature=19 16 8 8 15 34 5 15 31 19 31 7 18 5 32 3 3 6 19 9 19 16 18 16 35 32 5 18 32 3 32 33 18 32 32 32 7 15 6 35 16 32 1 15 5 9 7 6 1 15 16 8 3 32 18 15 33 15 1 15 17 18
split_gain=5.55161 0.866402 1.77356 1.61438 1.6822 1.37376 1.30954 1.26307 1.22525 1.1365 1.09869 1.04976 1.04265 1.02727 1.02683 0.987283 1.03803 0.97534 1.27898 0.957895 0.931367 0.923148 1.05872 0.899491 1.47606 1.04755 1.9874 1.55766 3.66441 1.45695 1.55591 1.4408 1.63526 1.32143 1.29537 1.89322 1.36997 2.78516 1.52669 1.28193 1.85727 1.26691 1.91886 1.39725 1.25633 1.17148 1.44714 1.43783 2.07469 1.51415 1.39329 1.512 1.32915 1.16821 1.10226 1.20175 1.09951 1.06984 1.01517 0.997858 0.983552 1.52231
threshold=1.0000000180025095e-35 0.99949577450752269 2615.5000000000005 2520.0000000000005 1.6036705970764162 0.52047845721244823 6009.0000000000009 0.80045250058174144 0.025293289683759216 18.500000000000004 0.014561384916305544 10.500000000000002 4.5000000000000009 2198.5000000000005 2.783414483070374 5.4049246311187753 4.2121002674102792 0.0026294002309441571 5.5000000000000009 2.5000000000000004 8.5000000000000018 0.99348831176757824 5.5000000000000009 1.2360472083091738 0.021054964512586597 3.2834076881408696 6489.5000000000009 20.500000000000004 3.231112122535706 4.6774799823760995 3.3917490243911748 0.0029765227809548382 17.500000000000004 3.3374512195587163 2.2350966930389409 1.4128521084785464 41.500000000000007 3.2873016595840459 0.0025162149686366324 0.042572464793920524 1.6192045211791994 3.7066130638122563 36.500000000000007 1.4623128175735476 6912.0000000000009 9.5000000000000018 5.5000000000000009 0.0028943361248821024 6.5000000000000009 27.076315879821781 1.9645426869392397 2427.0000000000005 6.7633030414581308 3.5168188810348515 40.500000000000007 32.535715103149421 9.355140355182813e-05 1.0481997728347781 18.500000000000004 5.0087718963623056 33.200389862060554 18.500000000000004
decision_type=2 2 2 2 2 2 2 2 2 2 2 2 2 2 2 2 2 2 2 2 2 2 2 2 2 2 2 2 2 2 2 2 2 2 2 2 2 2 2 2 2 2 2 2 2 2 2 2 2 2 2 2 2 2 2 2 2 2 2 2 2 2
left_child=-1 2 3 4 10 23 9 -7 13 11 -2 12 19 -6 -12 16 -14 18 21 -4 -19 22 -13 24 -3 27 29 31 34 33 -31 -25 57 -27 35 -29 37 39 -38 40 -36 42 -32 -43 -28 46 52 49 -49 60 51 -51 -45 -44 55 -50 -39 -33 -58 -59 61 -48
right_child=1 5 6 -5 8 7 -8 -9 -10 -11 14 17 15 -15 -16 -17 -18 20 -20 -21 -22 -23 -24 25 -26 26 44 28 -30 30 41 32 -34 -35 36 -37 38 56 -40 -41 -42 43 53 45 -46 -47 47 48 54 50 -52 -53 -54 -55 -56 -57 58 59 -60 -61 -62 -63
leaf_value=-0.050134418737418245 -0.018775043516445239 0.033612284956288936 -0.0066732467442872315 0.050212757144130253 -0.041205046584833704 -0.013192457242504705 0.018130281705648739 0.029165418157523812 0.0026059526138659567 0.039762732356399572 0.035594510659767889 -0.025064907539820148 -0.0075926274188991647 0.011955422813407867 -0.0051106556555236844 0.03019349138011861 -0.062397765727481902 -0.034923183512984221 -0.050788436055954289 0.04990668451099689 0.029730100918272214 -0.038347778012370146 5.9298903253255679e-05 -0.0026035937963168562 0.003566277428389799 0.037006163878245277 0.043200857244420729 0.012801735506184906 -0.067490859559428629 -0.028613675645267733 0.015650125779531968 -0.019668094742744047 0.04330074678524698 0.0034640541343935191 0.022670992689662633 -0.039133806751553951 -0.038859927241117809 0.0022201942828521579 0.0078285481057783629 0.028763911653544423 -0.03903936072284344 -0.037636402444078759 0.0045066585922384633 0.01873973785320843 0.0057788107614105619 -0.026914169857388062 -0.015488161495673516 0.011310570492890909 -0.041569855466154937 0.0012753782016988473 0.0097014460292559213 -0.039301094678719513 -0.011467696010249835 -0.044517402191329859 0.00054722397139584506 -0.0041958126523464114 -0.046293158091598015 0.026280711571690769 -0.0066867782485051895 -0.006082664545323772 0.017610631327763016 0.01293369812463125
leaf_weight=5.435855040347632 1.6605649513949234 4.2231039195903568 1.3040721183642729 1.9448371707985632 3.7594690668047397 2.2663124942919222 3.9154003523290148 7.8769548325799406 8.9893272564513591 1.0384479761123646 6.3867956761896476 5.5282830477226623 3.9172318617347628 1.1984454086050389 2.0455129120964557 1.2363963724346829 1.1084661928471176 8.8014437495949061 1.9866190957836796 1.754471256630495 0.59466684237122613 2.4422147924778974 17.361295340524521 89.218747871374944 127.41852031988674 5.1089858785271627 4.6970492084510607 2.4311751896748302 2.7168935586232683 4.7335600210353723 23.816948245279495 3.2515637938049649 3.5872122915752689 6.904662947403267 2.9594747375231263 6.306712165242061 4.7788400423014528 4.8765240920474735 2.7634697388857603 8.9883387229638156 2.0735467516351491 2.7013195520266882 2.5575071570929131 15.702909467974679 4.2923172531882301 4.2105341185815623 8.6567930998280662 5.5960240964777794 8.3862855127081257 3.8093256652355176 4.8520826027379362 5.7785365534946322 4.7410156298428765 2.3152639791369438 3.385375154670327 2.8928104639053336 3.7272791203577071 5.972340476466341 2.8588200772646815 3.9617149626137689 13.555902733001856 10.336899759480728
leaf_count=60945 98 78 42 109 180 57 96 152 235 9 187 338 183 38 89 37 87 1026 43 85 16 85 780 1802 2428 59 58 49 52 124 394 60 53 117 59 167 111 121 60 125 78 62 61 227 82 92 168 71 149 57 79 91 76 72 55 45 47 87 71 72 210 154
internal_value=0.00013224 0.000659466 -0.00423544 0.00639616 0.00285142 0.00151328 -0.0096535 0.0197014 -0.0083999 -0.0119645 0.0183995 -0.0131313 0.00185402 -0.0283549 0.0257202 -0.00983326 -0.0196804 -0.0169356 -0.0121562 0.0257827 -0.0308314 -0.00912647 -0.00600869 0.00108538 0.00453016 -0.000428702 0.00254258 -0.00337154 -0.0112244 0.00107971 -0.000482519 -7.59768e-05 0.013369 0.0177283 -0.00756406 -0.0246836 -0.00303468 0.00250538 -0.0217535 0.0174508 -0.00275296 0.000597492 0.00980123 -0.00219359 0.0253323 -0.00115183 8.51207e-05 -0.00345629 -0.0145903 0.00134439 -0.0121311 -0.0231798 0.0117345 -0.0187868 -0.0244742 -0.0319843 -0.0157762 0.00522596 -0.0291013 0.0133742 0.0073225 -2.01893e-05
internal_weight=523.699 518.264 76.974 25.985 24.0401 441.29 50.989 10.1433 13.9472 47.0736 10.0929 46.0352 9.32064 4.95791 8.43231 6.26209 5.0257 36.7145 27.3184 3.05854 9.39611 25.3318 22.8896 431.146 131.642 299.505 149.032 150.473 44.4811 140.043 128.029 105.992 16.7728 12.0136 41.7642 8.73789 33.0263 25.484 7.54231 14.0214 5.03302 123.296 28.6897 94.6058 8.98937 91.9045 87.694 67.25 20.2605 46.9895 14.4399 9.58786 20.4439 4.87277 14.6645 11.2791 11.4626 13.1856 6.5861 9.93406 32.5496 18.9937
internal_count=72940 11995 3763 936 827 8232 2827 209 453 2731 374 2722 434 218 276 307 270 2288 1246 127 1042 1203 1118 8023 2506 5517 2503 3014 940 2363 2187 2074 272 176 888 216 672 501 171 262 137 2063 527 1536 140 1474 1382 1079 320 759 227 148 303 133 249 194 239 219 118 159 532 322
is_linear=0
shrinkage=0.05


Tree=109
num_leaves=63
num_cat=0
split_feature=19 16 36 19 2 36 8 36 8 2 5 31 36 5 4 1 1 36 15 4 16 7 16 18 33 8 18 18 18 1 31 31 5 18 2 16 18 33 31 7 1 8 1 1 7 8 18 1 16 36 16 4 8 1 4 4 18 5 8 15 16 33
split_gain=5.24075 0.839909 1.34158 1.8555 1.8273 1.62573 1.39523 1.4041 1.64063 1.13076 1.05394 2.19377 1.43471 1.22183 1.51768 1.22045 0.878706 1.78357 2.04746 2.48879 2.01279 1.73745 1.58213 1.16923 1.3203 0.86376 0.92762 0.782224 1.09051 0.765061 0.754631 1.88971 1.65084 1.421 1.70446 0.72456 1.94655 2.05967 1.98893 1.36972 0.970753 2.28349 1.42409 1.78774 1.38499 1.48483 1.61968 1.32901 1.18931 1.32514 1.17825 1.50649 1.37556 1.91709 1.37183 1.62473 1.52797 1.39502 1.17658 1.35847 1.10347 1.09284
threshold=1.0000000180025095e-35 0.94374412298202526 0.16695456951856616 7.5000000000000009 327.50000000000006 0.11759499087929727 2338.5000000000005 0.29458868503570562 1934.5000000000002 95.500000000000014 3932.5000000000005 0.00046168977860361343 0.0028000212041661148 1932.5000000000002 4.5000000000000009 1.0000000180025095e-35 1.5000000000000002 4.9471505008114045e-06 6.2880184650421151 1.5000000000000002 1.6372629404067995 30.500000000000004 1.6372629404067995 9.5000000000000018 0.00026467721909284597 2076.0000000000005 8.5000000000000018 14.500000000000002 3.5000000000000004 1.0000000180025095e-35 0.018231384456157688 0.015608856454491617 1803.5000000000002 27.500000000000004 33.500000000000007 2.8550761938095097 13.500000000000002 1.7948607819562316e-05 3.9966885196918164e-06 7.5000000000000009 44.500000000000007 5082.0000000000009 29.500000000000004 31.500000000000004 125.00000000000001 3871.0000000000005 7.5000000000000009 45.500000000000007 1.7347959876060488 0.011741415597498419 1.9053691029548647 1.0000000180025095e-35 1842.0000000000002 34.500000000000007 4.5000000000000009 14.500000000000002 23.500000000000004 3099.5000000000005 1631.5000000000002 8.0050001144409197 1.717173755168915 5.9865337789233317e-06
decision_type=2 2 2 2 2 2 2 2 2 2 2 2 2 2 2 2 2 2 2 2 2 2 2 2 2 2 2 2 2 2 2 2 2 2 2 2 2 2 2 2 2 2 2 2 2 2 2 2 2 2 2 2 2 2 2 2 2 2 2 2 2 2
left_child=-1 2 3 4 5 10 7 -4 9 -9 11 -2 -13 25 -15 -12 17 -3 19 20 21 -19 29 -21 -25 -14 -27 28 -17 -20 31 35 33 34 -32 40 37 -37 -38 -40 42 44 -18 58 45 46 -42 -48 49 -49 54 -52 53 -53 57 56 -56 -45 -44 -60 -59 -57
right_child=1 16 6 -5 -6 -7 -8 8 -10 -11 15 12 13 14 -16 27 30 18 22 23 -22 -23 -24 24 -26 26 -28 -29 -30 -31 32 -33 -34 -35 -36 36 38 -39 39 -41 41 -43 43 50 -46 -47 47 48 -50 -51 51 52 -54 -55 55 61 -58 60 59 -61 -62 -63
leaf_value=-0.050128535916221774 -0.065007680828306366 -0.029770660256793563 0.048035722917876507 0.026824823043734208 -0.054145380739226472 -0.056104475230908606 -0.033145573376489934 0.013530297308565739 0.038613296746227314 -0.035478294732464846 0.059117156173783825 0.029104192043286143 -0.028400901205593437 -0.033083211108616617 -0.0030256856355381704 0.044291507666507468 0.0011665236485860827 0.034151196239235924 -0.030610302474467645 0.057413572205183852 -0.040495019622936834 -0.019735890188447791 0.01691894746137728 0.010062017206425827 0.048629850937056858 0.049224260837944719 -0.013358464081849077 0.024004381474563356 -0.016168241316547465 -0.00051845580575062423 0.018122228753062714 -0.032410145652406991 0.042578585401956359 0.019579043654277876 -0.031809666053133977 0.0081442724425529363 0.022282662272722277 0.049947409216650605 -0.058051010594034863 -0.0085875949673830821 0.031511358364245505 0.05285572114584728 0.0082895673019878335 -0.0089606671257537272 0.043803110406371581 -0.035670348563955602 0.018960908402874226 0.021092807975324711 -0.046768487594475217 -0.028468598397034091 0.018096568808102745 0.024291690670929587 -0.044887799712394733 -0.031659350676221769 -0.033957527804274475 -0.010687772033504319 0.0048030333622609113 0.010912336082757101 -0.019376017256781966 -0.059605524047778649 0.046730713735300647 0.012842773570398742
leaf_weight=5.1375127238602536 1.8637786302133488 2.8275828420300959 2.6553266342380066 3.260772503912448 2.4604424391582134 1.7894909906826786 1.6169408602436295 2.2778476104140282 2.4553083420614712 2.4352774773724377 0.98596918443217774 2.2730068825185326 0.90300401952117981 8.6041995371197135 8.2039367209799803 0.85535443597473015 268.25362908685929 4.088614244101338 4.6581367395119724 3.9550329664489245 2.2494290357572027 2.3588115521706641 5.7822396219708017 5.7346711470745486 3.6196295241825283 1.7633320605673364 0.89144740323172289 2.5765147953643464 5.8244525861809961 3.8646137659670785 2.8125909365771822 4.3918739079963407 3.3170703276991835 6.8898945713881403 4.3562597159761935 9.3084553661756235 3.590418588020837 4.3113569696433833 2.037521934020333 4.4703059617895633 4.3795165400952234 2.7324085752479723 2.3390310937538734 8.3182503751013446 1.9956627157516766 2.5254562213085583 4.0723135177977365 2.7053147787228227 2.2678541531786323 2.6895401019137353 2.5618177701253435 2.5503069590777141 4.7250060361111537 3.8303616142366081 8.1591656536329555 9.5000230725854653 3.6935816635377696 16.313506112084728 7.2443114545894769 2.9542105807922781 2.4766878893133244 10.267353228991849
leaf_count=60945 107 40 96 48 160 164 173 54 52 64 15 88 34 785 520 76 4652 120 64 71 39 44 70 79 88 81 130 120 337 63 66 99 34 112 86 196 77 47 68 115 95 31 53 231 54 67 84 67 78 74 61 54 156 125 267 201 103 362 166 71 48 213
internal_value=0.000121281 0.000622681 -0.00529562 -0.00940796 -0.0124378 -0.00962893 0.00989311 0.0169771 0.00547233 -0.0117925 -0.00723528 -0.0128655 -0.00857279 -0.0127779 -0.0184123 0.00623387 0.00131177 0.00847865 0.0114572 0.0210297 0.00022849 0.0144364 -0.00326887 0.0346221 0.0249858 0.0138413 0.0282096 0.000600825 -0.00842632 -0.0169653 0.00064713 0.000209019 0.0108503 0.00336423 -0.0122196 0.000566922 0.00904317 0.0213771 -0.00759194 -0.024074 3.30298e-05 0.00990267 -0.000619979 -0.00626245 0.00421517 -2.32557e-05 0.00556332 -0.00412049 -0.016387 -0.00361544 -0.00324367 -0.0164661 -0.0244389 -0.00929613 -0.000166507 -0.00724214 -0.0218789 0.00808673 -0.0236939 -0.0310293 0.0156335 0.00153421
internal_weight=520.014 514.876 53.6964 42.2557 38.9949 36.5345 11.4407 9.82376 7.16843 4.71313 34.745 24.5027 22.6389 20.3659 16.8081 10.2423 461.18 39.1388 36.3112 22.0062 8.69685 6.44743 14.305 13.3093 9.3543 3.55778 2.65478 9.25632 6.67981 8.52275 422.041 404.665 17.3758 14.0587 7.16885 400.273 23.7181 13.6198 10.0982 6.50783 376.555 23.3681 353.187 84.9336 20.6357 18.64 16.1145 11.735 7.66271 5.39485 72.3961 13.6675 11.1057 6.38067 58.7286 31.6201 11.8527 27.1084 12.5376 10.1985 18.7902 19.7674
internal_count=72940 11995 3104 2665 2617 2457 439 266 170 118 2293 1745 1638 1550 1305 548 8891 678 638 441 203 164 197 238 167 245 211 533 413 127 8213 7915 298 264 152 7816 503 243 260 183 7313 550 6763 2111 519 465 398 303 219 141 1821 396 335 179 1425 784 370 641 290 237 410 414
is_linear=0
shrinkage=0.05


Tree=110
num_leaves=63
num_cat=0
split_feature=19 12 19 15 32 0 0 16 16 35 17 15 19 36 19 7 8 35 0 18 16 2 35 7 15 16 4 0 35 35 18 18 2 2 16 36 6 16 32 18 33 33 36 32 18 15 0 0 16 4 4 33 2 4 32 2 16 15 7 4 4 0
split_gain=4.91566 1.89469 1.98869 1.80125 1.6851 1.32007 2.97501 2.32661 1.82018 2.02217 1.30168 1.29447 1.50139 2.01202 1.78316 1.47338 1.3991 1.26949 1.34859 1.77738 1.3439 1.21748 1.19954 1.18488 1.1623 1.65209 1.45165 2.01773 1.19531 1.2799 1.10238 2.17973 1.47798 1.49186 1.96233 1.29011 1.25311 2.12349 1.63045 1.5272 1.15496 1.53747 2.20697 1.09503 1.08695 1.32157 1.54554 1.10995 1.07836 1.02749 1.68685 1.52297 1.10209 1.08006 1.37391 1.85044 1.80495 1.58125 1.25076 1.03825 1.88532 1.83871
threshold=1.0000000180025095e-35 1.0000000180025095e-35 1.5000000000000002 4.3378996849060067 1.1540207266807558 0.71612930297851574 0.71708869934082042 0.65934431552886974 0.72950673103332531 0.031754031777381904 28.660159111022953 23.035714149475101 7.5000000000000009 0.023187231272459034 2.5000000000000004 4.5000000000000009 2545.0000000000005 0.021054964512586597 0.72141456604003917 16.500000000000004 1.2970388531684878 824.50000000000011 0.080128207802772536 20.500000000000004 50.125000000000007 2.0582987070083623 34.500000000000007 0.68765449523925792 0.039230769500136382 0.057189542800188072 16.500000000000004 14.500000000000002 30.500000000000004 187.50000000000003 1.6973278522491457 2.8082928110961806e-05 0.0081397201865911501 1.3286489844322207 3.2575713396072392 26.500000000000004 0.0003446436749072746 5.8856139730778531e-06 0.00092741890694014739 0.91763523221015941 36.500000000000007 1.8468057513237002 0.74620437622070324 0.72638511657714855 1.5680143237113955 36.500000000000007 22.500000000000004 0.00036668936081696307 224.50000000000003 20.500000000000004 3.7066130638122563 189.50000000000003 1.126131057739258 29.514705657958988 270.50000000000006 16.500000000000004 8.5000000000000018 0.76749038696289074
decision_type=2 2 2 2 2 2 2 2 2 2 2 2 2 2 2 2 2 2 2 2 2 2 2 2 2 2 2 2 2 2 2 2 2 2 2 2 2 2 2 2 2 2 2 2 2 2 2 2 2 2 2 2 2 2 2 2 2 2 2 2 2 2
left_child=-1 2 4 -3 43 7 -7 10 23 44 -4 -11 13 14 -13 -16 -14 18 19 20 -6 24 -15 -8 25 30 27 -26 -27 -30 31 32 -9 40 -35 -32 37 38 -37 -39 41 42 -34 -2 45 46 -10 -47 -41 50 53 52 -52 54 55 58 -56 -58 59 60 -19 -62
right_child=1 3 5 -5 17 6 8 21 9 11 -12 12 16 22 15 -17 -18 49 -20 -21 -22 -23 -24 -25 26 28 -28 -29 29 -31 35 -33 33 34 -36 36 -38 39 -40 48 -42 -43 -44 -45 -46 47 -48 -49 -50 -51 51 -53 -54 -55 56 -57 57 -59 -60 -61 61 -63
leaf_value=-0.050123274291781462 0.0041847226271462049 0.038050961400504957 -0.0044596538009594325 -0.016363680288619942 0.050223770403245084 0.042593667885778508 0.0056084185294615861 -0.02856764295535142 -0.018710689755038565 0.012398104179961388 0.050456980903226589 -0.054105510537369353 -0.0017827706363903574 -0.012583664732779824 0.018057943237035648 -0.029708610954314426 0.035794383276314144 -0.0057827417947939148 0.060261651769633863 -0.046754120949964034 -0.01356075817685703 -0.019316909392820443 0.028651705030242287 -0.048936153317017887 0.021661378148662994 -0.038340596153515594 0.030053351840043901 -0.037819921797851631 0.016679457844306852 -0.024833533021104793 -0.03685593455176981 0.040738969179804962 0.035205856817435675 -0.027202346046299782 0.032046821179720519 -0.0071921813462727099 -0.031242687406948133 -0.032936126808929579 0.031790497477419556 -0.018924755052723344 0.031402829069380127 -0.017096351753558496 -0.017504775053895603 0.038566852822172287 0.014551650853269074 -0.00060819355819519355 0.039533397295072673 -0.032489662994288709 0.025325203764765322 0.01481463227298177 -0.038875509112872769 -0.060475219755666589 0.011149091997664931 0.026415420453785018 0.0030246177710432243 0.036996196303954509 -0.04693808463157631 0.0023817628405124187 0.023985548718946474 -0.033020312645076384 0.0038097479160966426 0.045200703084268649
leaf_weight=4.8585853794761524 6.0343618864426372 6.0649208321410679 1.5970913834171359 2.029837753623724 2.0013214834616515 5.5089631478767833 1.6439097296679381 3.5678061496000764 2.357077813241637 76.039203199266922 3.3264878785703331 3.285838513169443 5.5387132230680418 3.1147474884055546 2.850368320941925 3.7230127064976841 4.4812364240642637 185.49642461746043 1.4829261765116823 1.2046769094886256 1.4059333987534044 9.7821399801177886 4.0659031742252409 2.5248969737440348 3.2389924665912968 5.063142945058642 6.3876311522908509 2.5467997752130032 3.2607103217160329 4.3122005220502615 3.2112719480646801 4.0427650820929548 5.9125037039630168 5.8544061114080241 1.835679695010185 4.4289925179909968 3.4604556345148003 5.5585415000095946 6.8012075154110789 2.635130527894944 5.910405073198489 5.0224370416253796 2.9900896472390741 3.7580160257639363 4.3067098954925305 4.0600556941353707 2.2039757536258548 8.3336942956084368 2.8832971011288464 6.8262296358006997 2.0205706619890398 2.4892563018656801 2.4192533905152231 2.8574435610789797 5.3107911642873651 2.7789803766645482 6.2724809834035096 2.1934847738593817 3.9007801305779131 3.162656757165677 18.473882601421796 3.1390405837737481
leaf_count=60929 171 181 105 26 70 47 41 67 68 1238 63 55 75 54 44 67 44 5009 41 65 55 202 60 155 62 158 78 56 62 77 61 90 84 211 31 104 86 91 126 46 100 98 74 70 93 79 39 182 60 166 65 89 60 79 199 47 146 47 153 111 548 37
internal_value=-6.87993e-05 0.000408996 2.11924e-05 0.024406 -0.00297244 0.00333678 0.00661328 -0.000901148 0.00507111 0.00616051 0.0326433 0.00905591 -0.000335803 -0.00936718 -0.0240299 -0.00899594 0.0150229 -0.00375881 0.0187844 0.00544778 0.0239044 -0.00257438 0.0107651 -0.0274273 -0.000732616 -0.00300919 0.0136207 -0.0045212 -0.0195333 -0.00695905 0.000247458 0.00620161 0.00171105 0.00563572 -0.0130591 -0.00697179 -0.00324749 0.00109533 0.0164164 -0.0144377 0.0128836 0.00502323 0.0175021 0.0173795 -0.00787951 -0.0135773 0.00943381 -0.0220456 0.0041952 -0.00431431 -0.00485722 -0.0291693 -0.0116172 -0.00413603 -0.00451439 -0.00354212 -0.0198255 -0.0341596 -0.00406812 -0.00458854 -0.00415438 0.00982133
internal_weight=513.85 508.992 500.897 8.09476 263.229 237.668 134.038 103.63 128.529 124.361 4.92358 103.099 27.0598 17.0399 9.85922 6.57338 10.0199 253.436 6.09486 4.61193 3.40725 98.7066 7.18065 4.16881 88.9245 76.751 12.1734 5.78579 12.6361 7.57291 64.115 35.1361 31.0933 27.5255 7.69009 28.9789 25.7676 22.3072 11.2302 11.077 19.8354 13.925 8.90259 9.79238 21.2615 16.9548 4.56105 12.3937 5.51843 247.341 240.515 6.92908 4.43982 233.586 230.729 216.952 13.7768 8.46597 214.173 210.272 207.109 21.6129
internal_count=72897 11968 11761 207 7228 4533 2341 2192 2294 2098 168 1637 399 280 166 111 119 6987 231 190 125 2024 114 196 1822 1626 196 118 297 139 1329 755 665 598 242 574 513 427 230 197 356 256 158 241 461 368 107 261 106 6756 6590 214 125 6376 6297 5905 392 193 5858 5705 5594 585
is_linear=0
shrinkage=0.05


Tree=111
num_leaves=63
num_cat=0
split_feature=0 10 32 17 18 2 9 0 17 16 31 0 32 6 2 16 16 34 2 6 16 16 36 36 35 18 16 0 17 31 1 6 33 16 16 2 2 4 0 33 1 17 0 18 2 0 6 34 0 33 31 36 18 18 7 4 36 16 7 18 1 4
split_gain=1.50223 1.33344 1.83376 1.82457 1.62176 1.60843 1.69438 1.51286 1.48815 1.39648 1.58312 1.39159 1.35679 1.89344 1.35665 1.35225 1.47782 1.34163 1.33267 1.30962 2.48315 2.59857 2.66538 1.69143 1.71411 1.82783 1.57387 1.54764 1.57628 2.24987 1.53711 1.49439 1.4764 1.33485 1.30139 1.29707 2.29545 1.27382 1.54911 1.26417 1.24747 1.22264 1.21658 1.17729 1.15176 1.14354 1.64093 1.12709 1.11727 1.11014 2.09098 1.10404 1.07781 1.06645 1.05894 1.02872 0.988148 1.68178 2.14169 2.00336 1.72939 1.4792
threshold=0.71612930297851574 1.0000000180025095e-35 2.187984943389893 3.396040797233582 4.5000000000000009 34.500000000000007 6.5000000000000009 0.69844627380371105 25.240055084228519 2.3481009006500249 1.2998802390029598e-06 0.64613533020019542 1.3018046021461489 0.0020436875056475405 135.50000000000003 2.2106565237045293 2.0937006473541264 0.76901265978813182 29.500000000000004 0.0019285256275907161 1.373834550380707 1.3981814384460451 0.014214311726391317 0.024768437258899215 0.04446640424430371 19.500000000000004 1.1094301939010622 0.7175426483154298 15.222074031829836 0.00024617074814159429 46.500000000000007 0.00033917324617505079 0.0052843824960291394 1.7985972762107851 1.5141150355339053 388.50000000000006 194.50000000000003 30.500000000000004 0.7526073455810548 0.0081560160033404844 23.500000000000004 5.0566709041595468 0.78235054016113292 35.500000000000007 1653.0000000000002 0.72638511657714855 0.0091226086951792257 0.76318946480751049 0.72050666809082042 0.0027149126399308447 0.0017312893760390582 0.050476228818297393 4.5000000000000009 19.500000000000004 132.50000000000003 16.500000000000004 0.040830833837389953 1.4953342080116274 24.500000000000004 7.5000000000000009 15.500000000000002 56.500000000000007
decision_type=2 2 2 2 2 2 2 2 2 2 2 2 2 2 2 2 2 2 2 2 2 2 2 2 2 2 2 2 2 2 2 2 2 2 2 2 2 2 2 2 2 2 2 2 2 2 2 2 2 2 2 2 2 2 2 2 2 2 2 2 2 2
left_child=1 2 7 5 8 6 18 12 -5 10 14 -6 13 -1 -3 16 17 47 -4 27 26 39 42 33 45 37 -21 28 29 -2 -29 -32 -27 -24 -15 36 43 38 -26 -22 -17 -14 48 52 -28 -25 -47 -12 -23 50 -50 -34 -11 -52 -9 -10 57 58 -13 -60 -61 -59
right_child=19 9 3 4 11 -7 -8 54 55 35 15 56 41 34 -16 40 -18 -19 -20 20 21 22 23 24 25 32 44 30 -30 -31 31 -33 51 -35 -36 -37 -38 -39 -40 -41 -42 -43 -44 -45 -46 46 -48 -49 49 -51 53 -53 -54 -55 -56 -57 -58 61 59 60 -62 -63
leaf_value=0.040115500457071067 -0.032439218347228189 0.034005220570674927 0.035807536563038443 -0.048151332936279337 -0.041565452980287555 0.037293491461726697 -0.062252851788614297 -0.061074688070298457 0.052118467101576332 0.026644793239475661 -0.00011789242873044262 -0.038488863010976287 -0.03246711235845872 -0.056025067119502683 -0.018519715467291333 0.042904412883640691 -0.037188133109539466 -0.087820459094067826 -0.029398642997010834 -0.0031722020375596141 -0.017828710781187179 0.022220566665412333 0.027816726518495344 -0.030282934060187828 0.01927253023410111 -0.062613577810841661 0.013030697247555387 0.0035676211018160139 0.045877611168363495 0.053627174492489854 -0.0013582783378916774 0.07142036067562707 0.0091015709500151618 -0.0075635293664671191 0.080015074802825215 -0.049081191030396425 0.033954263269515506 0.039362289190237855 -0.058013599776348158 -0.083938168109368758 -0.019802896103871492 0.056578622287262043 0.029085619415453675 0.042675630502454459 -0.04005577891178367 -0.02642672429695473 0.042182993917318834 0.069514906870247389 -0.061911971223149891 -0.070948962524012921 0.029916326299051138 -0.044881950489526007 -0.024433306013288612 -0.032013313013682897 0.048436764420901335 -0.029957992220856274 0.014133836436712042 0.0083491354052920887 0.034849985498649871 -0.053818847500763836 -0.0024670234840090313 -0.030950047178898234
leaf_weight=2.1055933678208008 1.9967648203255515 6.10214849368458 2.1215014432309531 4.2963830433964167 2.4959779476503163 4.4990629153380723 1.0053736517074865 3.1925317185041417 0.7313186467199555 1.129306152546637 127.15501701898393 7.2512918837610441 6.9675867109331193 1.1612733173528793 1.5395039874092615 3.252880516485674 2.7430987595853358 0.43438549712300201 1.2425016465849692 38.280203264079773 1.2360015989979722 0.73458469602337206 7.1074143866426329 1.2522396589865845 1.3692344977753221 3.1780366463608516 34.365334378994703 142.54958785778217 4.6080399930797284 1.2252742873170062 1.2283551866421469 1.6565406552217607 2.002489323209375 4.2661335527263873 0.20715895426747 2.2200222687024498 2.6844406777163377 1.6011697323701808 1.231512392119839 1.7427452333963627 1.0488335737827581 0.40806687778876938 0.76580882304915654 0.79245896666907434 1.0530317327938963 1.1901776646845972 3.2545908368956589 0.58379255142062803 2.6159986039056093 2.3544780579322833 1.455254271737431 1.7970618168765211 12.084605293133789 1.3309331376676707 0.23714224019340679 0.79872291185438371 6.9618862363740837 18.63953641323133 2.5974901213612602 2.1743055324950529 6.666193959004886 2.7473341740260357
leaf_count=1579 172 679 234 773 298 332 145 2676 57 271 22949 491 3835 4605 47 132 337 8 156 16082 85 67 264 56 89 73 2040 7629 40 98 73 66 61 109 148 53 61 22 49 37 168 453 44 73 22 55 133 3 99 196 108 51 1432 115 268 59 1113 866 143 86 371 61
internal_value=-0.000133143 -0.00300251 -0.00834928 -0.0047462 -0.00811915 0.0163091 -0.00529812 -0.024556 -0.0330717 -0.000407685 0.00128252 -0.00518412 -0.0154057 0.0103575 0.0234234 3.12532e-05 -0.000875116 -9.79632e-05 0.0117235 0.00244472 -0.00160887 -0.0115571 -0.00798729 -0.000357375 -0.0104011 -0.0217763 0.00385614 0.0054647 0.0271185 0.000290036 0.00429888 0.0404321 -0.0374654 0.0145459 -0.0354307 -0.0131761 -0.00840042 0.00427658 -0.0173242 -0.0565067 0.0276153 -0.0275406 -0.0312717 -0.0165181 0.0114524 0.0119211 0.0238113 0.000200344 -0.0367152 -0.0422967 -0.0298089 -0.0164308 -0.020068 0.000333173 -0.0535026 0.00927234 -0.00325362 -0.0062741 -0.017231 -0.00375431 -0.0150969 0.00330081
internal_weight=507.728 240.279 78.5082 64.2289 55.3604 8.86844 4.36938 14.2794 5.82642 161.77 142.86 49.534 10.8497 3.47403 7.64165 135.218 130.916 128.173 3.364 267.449 114.184 40.4859 37.5071 28.2501 16.8765 11.1795 73.6986 153.265 7.83008 3.22204 145.434 2.8849 6.97759 11.3735 1.36843 18.9108 16.6908 4.20192 2.60075 2.97875 4.30171 7.37565 9.25706 14.0064 35.4184 5.69701 4.44477 127.739 8.49125 7.75666 5.40219 3.79955 13.2139 2.78619 3.42967 1.53004 47.038 40.0762 18.6893 11.438 8.8405 21.3869
internal_count=72897 44962 18749 5185 4318 867 535 13564 889 26213 24323 3429 10620 6332 726 23597 23297 22960 390 27935 19857 1713 1591 962 589 345 18144 8078 310 270 7768 139 185 373 4753 1890 1837 160 138 122 300 4288 629 1776 2062 244 188 22952 585 518 322 112 1703 223 2944 116 3131 2018 1091 600 457 927
is_linear=0
shrinkage=0.05


Tree=112
num_leaves=63
num_cat=0
split_feature=19 19 11 15 33 5 15 35 7 0 16 16 0 35 9 18 36 0 12 2 15 33 36 35 0 5 0 0 35 19 32 9 7 7 17 9 33 16 7 7 15 36 32 35 6 36 18 9 16 31 18 18 16 32 5 16 33 7 15 2 32 15
split_gain=4.62103 1.70737 2.46322 2.08662 3.58046 2.13817 1.91271 1.73069 1.33857 1.31861 1.9402 1.5552 1.30913 1.78135 2.19785 1.30214 2.06657 1.25846 1.20138 2.0145 1.35695 1.3349 1.25035 1.19582 1.88681 1.1788 1.12384 1.11029 1.37353 1.4281 1.77977 1.09077 1.08464 1.04622 1.03517 1.01537 2.7209 1.72863 1.7826 1.97229 1.94947 1.89994 1.37195 1.28991 1.24358 1.17329 2.03257 0.982436 1.70824 1.71874 1.84431 1.18977 1.52446 1.77095 1.80537 2.09771 1.28087 1.23498 1.49475 1.1408 1.91311 1.47794
threshold=1.0000000180025095e-35 1.5000000000000002 1.0000000180025095e-35 0.46470099687576299 0.0040990521665662536 2497.5000000000005 0.38488720357418066 0.021054964512586597 21.500000000000004 0.71612930297851574 0.65934431552886974 0.72950673103332531 0.71708869934082042 0.031754031777381904 5.5000000000000009 33.500000000000007 0.0010767452768050136 0.72435569763183605 1.0000000180025095e-35 54.500000000000007 0.71464285254478466 0.00088228142703883361 0.042000595480203635 0.025320513173937801 0.7152080535888673 1820.5000000000002 0.71431159973144542 0.81443023681640636 0.046536797657608993 3.5000000000000004 3.6695361137390141 6.5000000000000009 11.500000000000002 20.500000000000004 43.970466613769538 1.0000000180025095e-35 0.0003495026176096872 1.5227569937705996 22.500000000000004 12.500000000000002 32.535715103149421 0.0080996435135602968 3.3917490243911748 0.13392857462167743 0.0006021526933182032 0.026345985941588882 17.500000000000004 1.0000000180025095e-35 1.0583582520484927 0.0087662907317280787 13.500000000000002 6.5000000000000009 2.2106565237045293 2.4192254543304448 4758.5000000000009 0.83024314045906078 5.9865337789233317e-06 40.500000000000007 2.1297335624694829 285.50000000000006 3.7066130638122563 14.510000228881838
decision_type=2 2 2 2 2 2 2 2 2 2 2 2 2 2 2 2 2 2 2 2 2 2 2 2 2 2 2 2 2 2 2 2 2 2 2 2 2 2 2 2 2 2 2 2 2 2 2 2 2 2 2 2 2 2 2 2 2 2 2 2 2 2
left_child=-1 2 3 4 6 8 32 -5 -6 10 31 33 -13 14 15 16 -14 -18 20 -20 21 -9 -23 24 -22 -10 -12 28 29 30 -15 -3 -2 -11 -32 36 -30 42 39 40 -39 43 44 -40 -37 -44 -47 48 49 50 -25 52 53 54 55 -49 -54 58 -55 60 61 -53
right_child=1 9 -4 7 5 -7 -8 18 25 11 26 12 13 27 -16 -17 17 -19 19 -21 23 22 -24 47 -26 -27 -28 -29 35 -31 34 -33 -34 -35 -36 37 -38 38 41 -41 -42 -43 45 -45 -46 46 -48 51 -50 -51 -52 59 56 57 -56 -57 -58 -59 -60 -61 -62 -63
leaf_value=-0.050118033162178867 0.046006536217589149 0.046209841092004468 -0.055041183293662178 0.02378242623486413 0.035411852021986892 -0.076037095924507012 0.039805329888819997 -0.030128029608828807 0.012772279367102988 0.0061306687311386762 -0.001210204175362219 0.033249844097167011 0.022050569409469385 0.028464287138097788 -0.044907736923880136 0.023812302331420915 0.015404456380532889 -0.031103819623069878 0.053574719187610614 -0.01840564446611297 -0.02650780025142753 0.016923769854885126 -0.032068438407124235 -0.0067896697262443163 0.013748525922844377 -0.041844791248542963 -0.028517235767679991 0.029474999836472917 0.0094938675610394246 0.033088874016939974 -0.037283691664942976 -0.0059305164245460496 0.006760967359329898 -0.045121038026483935 0.011512469324634907 0.050390311907691956 -0.041990985580959712 0.026111865766210066 0.0064586546823691762 -0.037527038524099915 -0.017362119361978415 -0.017097398308444946 0.0020016474946373017 0.047990972127024134 0.012867439026443939 0.052236155032753251 0.0061599050848500829 0.049781292491470758 0.027746712328734942 -0.026515643949669383 0.028925717844100775 -0.0040110919356162534 0.00043548152925254423 -0.059990835482163232 0.043322748426911729 -0.010779552558336982 0.047133954648362085 0.015395800987531273 -0.011572921092023465 0.015392586527773013 -0.028941018485473719 -0.025813395403181751
leaf_weight=4.5737065263638206 1.8904711641371275 3.3109591930406159 2.2027004458468573 5.5154057792387894 1.2832073380995996 1.5347145393025128 6.4006810587598002 10.09107057895744 1.520465792098548 1.7177416541380797 93.285174039483536 4.844298501033335 3.9938725763931933 4.2794511463143881 3.1856464855372897 4.3879279178800052 1.8410189017886276 6.9282776286709122 2.2643311109277415 1.7031524782069025 12.314757578249557 3.7771475504268883 1.9876302260090595 9.2676341472833936 3.811622501409146 2.8205961400090018 3.9264638479799023 6.4726877720095208 7.2299646465107781 10.029034734121522 2.5745625130366534 1.4390046525513751 25.613395368331112 2.3689852503011934 1.8809290009085087 4.4040706439409387 3.9782749745063484 4.2195476160850429 3.6736244740895909 5.3604724779725066 6.6311318781226873 3.486393659375608 19.715665126394018 3.8067945080110803 4.4284712092485279 3.7426042710430902 6.6397777394158766 1.7871521193301321 6.7718519613845265 5.0556464416440567 5.9258723441744214 92.097227971738903 2.6113915911409995 1.8361158532789001 3.5855507665546602 7.1527398304897361 3.3547641155309975 3.4663663216051637 12.090014063927809 5.5142329289810723 9.8493869870435429 8.4895709098782373
leaf_count=60929 39 89 299 196 35 57 137 333 83 43 1957 43 45 84 74 97 52 193 91 25 575 121 69 229 151 142 76 116 117 119 77 79 693 159 40 62 88 59 66 76 91 55 328 49 88 47 106 86 108 156 107 2084 65 58 58 142 45 119 425 133 269 263
internal_value=-8.95466e-05 0.000370505 -0.00238841 -0.0019447 0.00840319 -0.0237271 0.0151875 -0.00387335 -0.00945308 0.00348114 -0.000788543 0.00678368 0.0077551 0.0067501 -0.00676816 0.000315888 -0.00776209 -0.0213399 -0.00458345 0.0226751 -0.0050964 -0.0191627 3.18101e-05 -0.00395253 -0.0169928 -0.0227151 -0.00231316 0.00943082 0.0080805 0.0202156 0.00543524 0.0304139 0.0094585 -0.0235788 -0.0166839 0.00513543 -0.00878027 0.00749474 -0.00218201 -0.0127143 -0.000456215 0.0133868 0.0142502 0.0275945 0.031577 0.00916549 0.0227693 -0.00277676 0.00600751 -0.00126266 0.00714028 -0.00434004 0.0036161 -0.000986034 0.0133488 0.00132702 0.026694 -0.0113094 -0.0179567 -0.00680229 -0.00791051 -0.00585122
internal_weight=501.943 497.37 263.587 261.384 41.0635 7.15898 33.9045 220.321 5.62427 233.783 101.962 131.821 127.735 122.89 20.3367 17.1511 12.7632 8.7693 214.805 3.96748 210.838 15.8558 5.76478 194.982 16.1264 4.34106 97.2116 102.553 96.0808 18.764 8.73494 4.74996 27.5039 4.08673 4.45549 77.3168 11.2082 66.1086 27.178 16.2112 10.8507 10.9668 38.9306 7.48042 8.83254 30.098 10.3824 178.856 27.021 20.2492 15.1935 151.835 35.8841 29.9179 12.5254 8.93989 5.96616 17.3925 13.9261 115.95 110.436 100.587
internal_count=72897 11968 7393 7094 1186 317 869 5908 260 4575 2201 2374 2172 2129 461 387 290 245 5712 116 5596 523 190 5073 726 225 2033 1668 1552 320 201 168 732 202 117 1232 205 1027 396 226 150 170 631 115 150 481 153 4347 600 492 336 3747 998 888 286 228 110 602 483 2749 2616 2347
is_linear=0
shrinkage=0.05


Tree=113
num_leaves=63
num_cat=0
split_feature=19 12 19 32 17 7 7 6 0 16 17 0 1 9 16 8 0 19 5 16 16 16 32 7 33 33 17 32 4 1 0 8 7 16 4 0 16 17 7 4 16 2 2 0 9 8 7 7 1 9 4 5 16 7 1 16 16 0 8 17 17 7
split_gain=4.35497 1.5029 1.59822 1.44276 1.28591 1.22931 1.9847 1.18214 1.17687 1.70397 1.32666 1.30863 1.0838 2.10833 1.56942 1.03929 1.12437 1.03352 1.03085 1.02125 2.08265 1.2678 2.25687 1.58079 1.21978 1.2054 1.29344 1.05008 1.262 1.00913 1.60555 1.57048 0.924196 0.919448 0.875392 1.15122 1.6691 0.87686 0.873835 0.970388 1.93383 1.4541 2.10968 1.76949 1.3605 1.28356 1.50325 1.26372 1.07875 1.19831 1.186 1.0501 0.98349 1.80842 1.89286 1.46776 1.33922 1.18897 0.920285 1.98136 1.27258 1.63554
threshold=1.0000000180025095e-35 1.0000000180025095e-35 1.5000000000000002 1.1540207266807558 5.9980046749114999 270.50000000000006 303.00000000000006 7.38850903871935e-05 0.71612930297851574 0.65934431552886974 28.660159111022953 0.71708869934082042 30.500000000000004 5.5000000000000009 0.74240529537200939 1740.0000000000002 0.72898292541503917 15.500000000000002 3565.5000000000005 1.6560016870498659 1.9645426869392397 1.2654047608375552 3.9645441770553593 4.5000000000000009 4.7803562210901882e-06 0.012791178654879333 5.2286753654479989 4.8506186008453378 34.500000000000007 46.500000000000007 0.73517227172851574 2175.5000000000005 25.500000000000004 1.2970388531684878 4.5000000000000009 0.74404335021972667 0.99983397126197826 13.30895519256592 141.00000000000003 8.5000000000000018 2.9692879915237431 101.50000000000001 91.500000000000014 0.71195602416992199 5.5000000000000009 1647.5000000000002 5.5000000000000009 55.500000000000007 20.500000000000004 1.5000000000000002 32.500000000000007 3539.5000000000005 0.71699160337448131 10.500000000000002 7.5000000000000009 0.70463171601295482 0.84198671579360973 0.72435569763183605 1498.5000000000002 1.6724677085876467 9.7094273567199725 3.5000000000000004
decision_type=2 2 2 2 2 2 2 2 2 2 2 2 2 2 2 2 2 2 2 2 2 2 2 2 2 2 2 2 2 2 2 2 2 2 2 2 2 2 2 2 2 2 2 2 2 2 2 2 2 2 2 2 2 2 2 2 2 2 2 2 2 2
left_child=-1 2 3 7 32 29 -7 -2 9 10 -4 -10 14 -14 -13 -9 -17 -11 -8 21 -21 23 -23 -16 -22 26 -25 28 34 38 31 -31 -3 -33 -28 37 -37 -36 39 52 41 42 47 45 48 -43 -47 -41 50 -50 -45 -48 53 54 -5 -55 57 -54 59 -58 61 -61
right_child=1 4 8 5 -6 6 18 15 11 17 -12 12 13 -15 19 16 -18 -19 -20 20 24 22 -24 25 -26 -27 27 -29 -30 30 -32 33 -34 -35 35 36 -38 -39 -40 40 -42 43 -44 44 -46 46 51 -49 49 -51 -52 -53 56 55 -56 -57 58 -59 -60 60 -62 -63
leaf_value=-0.050113256634676889 0.044345683272403652 0.056725827450368561 -0.010664663434498496 0.076686786840867022 -0.0041486832985669761 0.0596866166492852 -0.045904512056676089 0.03197295753042545 0.03192177356467709 -0.0015168793586965799 0.046538624200797241 -0.024565215863095305 0.0014700417805829126 -0.043126569555557645 -0.027342286170336336 -0.029544038337599939 0.021029828430653576 -0.029624754093698458 0.013884800666992833 -0.017622767557591353 -0.0077250844193277185 0.034331112234812243 0.0076395876869868387 0.027859440710700168 0.020894368095791632 0.035716484774907797 -0.02113082667888775 0.018150542318353776 -0.036265606062616459 -0.051394079745070535 0.065118321754206551 0.039990202074090764 0.012416742367663222 -0.014623103162753948 0.0091418538576984888 0.048238456852901401 0.0015817131123838282 -0.031068000178418983 -0.020592869441555157 -0.0037023458938527177 -0.047290852780435946 -0.064177280942979087 0.050385615717490839 -0.017995139270570271 0.034248230261778735 0.024676961549192831 -0.055822512580636412 0.036205244422330633 0.042878191360701097 -0.0059490245379382536 0.020576074331829109 -0.010444712530109684 -0.058245900861871758 -0.018091159970719303 -0.0042487540090816837 0.072236688719843553 -0.034169586534976308 -0.0029333892242872851 -0.0070831774220738476 -0.016229476123090204 -0.014319683994098215 0.025890949123027703
leaf_weight=4.3249400955646697 2.6898800006601942 2.7827863131096811 1.4845956380013365 1.7107476876117282 2.8994016145006754 1.992153698549372 0.99075310536864014 2.3909402210265398 4.7445688918232909 92.59657407051418 3.1946691175689921 3.7333324779756358 17.360067537694707 3.127647604153025 3.3441761853173366 2.6739476533257402 1.8658820851705966 3.3901640065014353 2.6470717018819414 10.223296437878163 5.663791702885649 13.677415051497517 18.812271342729218 5.4063730377238235 10.865216412232256 3.6783894491381934 3.7545686814701282 6.7689370145089915 2.7224213159643105 1.0411889776005399 1.319418423110619 2.0175947275711228 2.0392388264881447 1.2469949692022053 2.589506092015653 2.913337088772094 5.6042782478034496 2.845910744741559 8.2085648551583272 7.8163796444132441 1.8614415423944581 1.3742127785226346 3.6909583454253143 8.062789313145915 3.6888531567528835 2.0814050307963043 1.8609633160522205 2.6583930374472402 2.6352761191083109 2.4018200596328825 2.6473173735139417 4.048485679901205 2.3127794786123554 3.9691478649219789 1.2504224301665088 0.50719740768545296 2.9234603406221167 1.6753129491480647 149.3197871921584 2.8975125269498703 4.1130932995583853 11.265042366168926
leaf_count=60929 55 107 105 24 46 41 104 42 47 1965 63 164 417 94 64 110 34 59 74 161 91 182 282 85 135 76 84 126 71 58 28 90 54 46 39 65 93 65 330 235 63 50 66 182 54 51 115 61 61 87 47 165 220 543 101 28 74 122 3464 85 107 211
internal_value=-0.000159037 0.000280016 -6.88695e-05 -0.00278313 0.0221653 -0.00352528 0.01957 0.016212 0.00297033 -0.00107333 0.0283897 0.00615457 0.00516137 -0.00533806 0.00725789 0.00529312 -0.00875804 -0.00250962 -0.00239868 0.00845953 0.000116094 0.0115546 0.0188761 0.00555185 0.0110877 0.00858362 0.00552261 0.00108268 -0.00457229 -0.00406569 0.0168628 0.00207585 0.0379875 0.0191292 0.000300336 0.00606717 0.01754 -0.0119115 -0.00456669 -0.00398659 0.00260273 0.00476426 0.0178798 -0.00168656 0.00691624 -0.0195406 -0.0118643 0.0064258 0.0005136 0.0195961 -0.00846113 -0.0247348 -0.0056101 0.0121964 0.0425099 -0.00785646 -0.00636901 -0.0350103 -0.00569915 0.00404951 0.0101632 0.0172735
internal_weight=496.405 492.08 484.359 255.857 7.72143 246.237 5.62998 9.62065 228.502 100.666 4.67926 127.836 123.091 20.4877 102.603 6.93077 4.53983 95.9867 3.63782 98.8699 26.7523 72.1176 32.4897 39.6279 16.529 36.2837 32.6053 27.199 20.43 240.607 5.6252 4.30578 4.82203 3.26459 17.7076 13.953 8.51762 5.43542 234.981 226.773 44.8283 42.9669 14.1657 28.8011 19.4361 9.36507 7.99085 10.4748 15.7472 5.0371 10.7101 5.90945 181.945 7.43752 2.96117 4.47635 174.507 3.98809 170.519 21.1991 18.2756 14.1626
internal_count=72897 11968 11761 7228 207 6987 219 241 4533 2192 168 2341 2294 511 1783 186 144 2024 178 1619 387 1232 464 768 226 704 628 543 417 6768 222 194 161 136 346 262 158 104 6546 6216 1237 1174 362 812 431 381 331 296 377 148 229 280 4979 696 125 571 4283 342 3941 477 403 296
is_linear=0
shrinkage=0.05


Tree=114
num_leaves=63
num_cat=0
split_feature=19 12 15 4 15 33 5 8 7 36 19 17 15 7 33 0 15 17 17 1 18 0 1 36 0 0 36 8 2 36 8 8 15 32 32 1 0 0 36 15 8 0 19 15 18 17 0 2 2 15 15 31 8 31 0 19 31 33 36 8 5 33
split_gain=4.13699 1.27456 1.57285 1.35925 1.66095 3.54557 2.6087 1.75907 1.50536 1.57325 2.00833 1.37797 1.29652 1.24957 1.2172 1.88478 2.31571 1.85718 1.89899 1.77374 1.67669 1.6287 1.82133 1.56631 1.44599 1.86351 2.28746 1.50134 1.82093 2.08383 1.45351 1.43611 1.42122 1.41276 1.88062 1.44299 1.42401 1.38521 1.3632 1.44541 1.33312 1.78736 1.92946 1.29981 1.22105 1.14639 1.13204 1.64628 1.53105 2.16084 1.89193 1.73034 1.20305 1.49374 1.14023 1.10421 1.48465 1.45486 1.10212 1.39872 1.40052 1.08677
threshold=1.0000000180025095e-35 1.0000000180025095e-35 4.3378996849060067 4.5000000000000009 0.4737651944160462 0.0040990521665662536 2497.5000000000005 1600.5000000000002 53.500000000000007 2.3273548322322316e-05 2.5000000000000004 4.668861150741578 0.40046083927154547 102.50000000000001 0.00075938968802802276 0.66818428039550792 1.2313120365142824 0.97354972362518322 11.380020618438722 14.500000000000002 30.500000000000004 0.68147659301757824 21.500000000000004 0.014729249291121961 0.70662879943847667 0.7114849090576173 2.4942029085650578e-05 5797.0000000000009 66.500000000000014 0.0012638968182727697 3167.5000000000005 3364.5000000000005 0.97930938005447399 2.3933341503143315 2.24670422077179 28.500000000000004 0.74271774291992199 0.70971107482910167 0.0012174861039966347 3.3651514053344731 1356.5000000000002 0.69234085083007824 1.5000000000000002 4.2015624046325692 23.500000000000004 3.996585607528687 0.72898292541503917 40.500000000000007 135.50000000000003 20.038461685180668 3.1266025304794316 4.548703145701439e-06 1424.5000000000002 0.0019972911104559903 0.67425155639648449 2.5000000000000004 5.8137638916377916e-05 0.00035942698013968771 7.3904948294512005e-06 5082.0000000000009 3986.5000000000005 0.00022063528740545737
decision_type=2 2 2 2 2 2 2 2 2 2 2 2 2 2 2 2 2 2 2 2 2 2 2 2 2 2 2 2 2 2 2 2 2 2 2 2 2 2 2 2 2 2 2 2 2 2 2 2 2 2 2 2 2 2 2 2 2 2 2 2 2 2
left_child=-1 3 -3 4 5 12 7 -7 14 -10 11 -11 55 -9 17 -16 19 -6 24 32 -20 -18 43 -24 30 -26 44 28 33 -30 40 -32 -17 34 36 38 -28 -25 39 -35 -19 42 45 -23 -27 -42 47 54 49 50 51 -48 53 -49 -5 56 -2 61 -33 60 -60 -58
right_child=1 2 -4 46 8 6 -8 13 9 10 -12 -13 -14 -15 15 16 21 18 20 -21 -22 22 23 37 25 26 27 -29 29 -31 31 58 -34 35 -36 -37 -38 -39 -40 -41 41 -43 -44 -45 -46 -47 48 52 -50 -51 -52 -53 -54 -55 -56 -57 57 -59 59 -61 -62 -63
leaf_value=-0.0501085187356103 0.024719813170090879 0.034332083800072487 -0.017484044103356328 -1.7524062908510134e-05 -0.030239205439275486 0.022594574446407768 -0.076472547371187999 -0.049791666428509601 -0.062657412582733357 0.0085884087400200787 0.027979367705572925 -0.033070311630381162 0.034341984842684463 0.0075559866441569081 0.023584969153466546 0.012761904231587115 -0.038938322993303992 0.015535724825919759 -0.047546318446342939 -0.010494964004457466 0.013619486795223849 -0.025980516742149358 0.032033509431764237 0.013753770459787446 0.032222644150798334 -0.043115594285438257 -0.018151653630298095 0.041829488792269907 -0.041454621239744402 0.010812814560423071 0.039979387415793204 0.023983397505795954 0.057249541312687606 0.0080496276139685914 -0.051312854217460208 0.048176597612656254 0.032126150503425092 -0.036514541828311452 -0.0037925662535291671 0.050040042483097784 -0.033850786380024339 -0.044429339402544066 0.01926998690448388 -0.00024485146663154935 0.001120606954938171 -0.0020243943536583757 0.037019373667448945 -0.030119176384078013 0.0019811937254066033 -0.028509933929293407 0.030537273638776227 0.0011177418688006308 0.0021384563015053783 0.0028416900956240647 -0.046233721986616474 -0.025905659971147688 -0.002395278478354506 0.020981963622886599 -0.03812497756177069 -0.039958001981654896 0.0071292621959973268 -0.044468009381927139
leaf_weight=4.0941013722185735 11.770471700641798 5.5780978054681318 1.9859300632961092 2.2630422234069547 7.7404057340463615 2.7062224602559564 1.7947590957628561 2.6533685380054521 1.8976622652262438 2.6149287910084231 2.3461834911722681 8.2406095723272283 5.8901036420138544 1.4795374497771261 8.8937840631115233 3.9937218307750282 3.7714866076130411 2.68338751618285 4.4651654290501019 3.5200392450788058 1.4957109498791394 9.9110031983873395 5.2183033601613698 3.5285193071467802 4.8120375060243523 4.3583843202795824 3.1899253930896547 2.4764239307260132 4.5926616596989325 3.2609537435346283 2.0678428365790777 2.8827114165760603 3.2611882546043489 5.6505141699453869 2.0976181600708514 2.7022366359306025 2.5215682249690872 2.2407600123551674 9.7788212512386945 3.2157466546632349 7.8136065944563615 6.2501663791481397 3.6093452444765708 9.7159418351948243 2.4295886028558016 4.4356153120752424 4.1208136916975517 6.7960810079239291 76.599409582078806 2.7838012207066631 15.51126637708512 18.086747014065622 124.13778254188946 6.9549883890431374 3.2529291301034391 2.1447738346178076 7.6631321844688483 5.7554597010894204 2.1202756521524853 3.0425589268561444 8.828217678004874 1.9193252526456488
leaf_count=60929 217 181 26 70 207 55 72 132 39 81 48 340 136 109 206 79 101 58 180 145 34 246 119 95 91 92 91 59 81 63 40 47 45 96 51 71 59 96 203 46 252 162 73 176 40 153 54 147 1514 74 263 458 3126 115 99 39 342 163 104 169 182 56
internal_value=-5.61493e-05 0.000362461 0.0207278 4.28406e-05 -0.0028371 0.00588656 -0.0228217 -0.00874239 -0.0049865 -0.0200882 -0.0139691 -0.0230354 0.0129395 -0.0292618 -0.00358392 0.00254611 -0.00159718 -0.0066373 -0.00482458 0.018629 -0.0321985 -0.0079351 -0.00411573 0.0121838 -0.00310371 0.0026092 -0.000470274 0.00413889 0.00161693 -0.0197523 -0.00977711 0.000651315 0.0327597 0.00737297 -0.0108244 0.0140298 0.0040455 -0.0057702 0.00908088 0.0232793 -0.0177446 -0.0217839 -0.0128589 -0.0132406 -0.0272823 -0.022326 0.00249103 -0.000487431 0.0061385 0.0140009 0.0171383 0.00777961 0.000584056 -0.0134483 -0.0272726 0.00863014 0.0113626 0.00111208 -0.00416825 -0.00996861 -0.00163463 -0.0108223
internal_weight=493.618 489.524 7.56403 481.96 221.453 43.7772 8.63389 6.83913 177.676 15.0994 13.2017 10.8555 35.1433 4.13291 162.576 54.0547 45.161 108.521 100.781 10.7749 5.96088 34.386 30.6145 10.9876 94.8202 51.0865 46.2744 39.4865 37.01 7.85362 43.7337 18.9416 7.25491 29.1564 7.80911 21.3473 5.71149 5.76928 18.6451 8.86626 24.7921 22.1087 15.8586 19.6269 6.78797 12.2492 260.507 143.405 117.102 40.5026 37.7188 22.2076 137.889 13.7511 5.51597 29.2532 27.1084 15.3379 16.8738 13.9911 10.9485 9.58246
internal_count=72897 11968 207 11761 5841 1321 368 296 4520 508 469 421 953 241 4012 1308 1102 2704 2497 269 214 833 732 310 2283 1043 952 820 761 144 1240 542 124 617 201 416 150 191 345 142 698 640 478 422 132 405 5920 3557 2363 849 775 512 3388 262 169 817 778 561 502 455 286 398
is_linear=0
shrinkage=0.05


Tree=115
num_leaves=63
num_cat=0
split_feature=19 15 35 6 36 19 33 2 36 1 6 2 1 7 18 15 2 7 9 17 32 7 32 4 36 17 17 15 36 7 7 18 5 19 2 36 2 4 4 18 9 32 4 33 9 7 7 1 1 7 7 7 6 5 19 7 36 36 35 15 15 4
split_gain=3.93328 1.60716 1.92463 1.59381 1.45691 1.3625 2.3878 1.43308 1.91552 1.62599 1.39514 1.30967 1.2679 2.49655 2.03085 1.40152 1.39177 1.43117 1.19936 1.19587 2.97228 1.36172 1.10265 1.09451 1.84996 1.20006 2.04737 1.53261 1.07732 0.997449 2.20933 1.6647 1.31049 1.36273 1.95152 1.10771 0.980391 0.977763 2.05543 0.848548 1.06265 0.935551 1.94127 0.837168 0.830552 0.819418 0.818915 0.818756 1.48194 1.66728 2.27448 1.33115 1.56812 1.63813 1.18192 1.12087 1.11302 1.24957 1.54451 1.63144 1.27163 1.54127
threshold=1.0000000180025095e-35 0.19968847185373309 0.75000000000000011 9.9154846111559912e-07 0.0041916577611118564 1.5000000000000002 0.0033829759340733294 26.500000000000004 0.018876588903367523 3.5000000000000004 0.0043092323467135438 951.00000000000011 4.5000000000000009 266.50000000000006 37.500000000000007 0.24014133960008624 11.500000000000002 7.5000000000000009 1.5000000000000002 39.570186614990241 4.273745298385621 144.50000000000003 1.3684332966804507 22.500000000000004 0.0008739114273339511 15.850892066955568 13.718648910522463 1.5015151500701907 0.0010767452768050136 13.500000000000002 9.5000000000000018 13.500000000000002 4058.5000000000005 8.5000000000000018 544.50000000000011 0.0053526326082646855 530.50000000000011 6.5000000000000009 1.5000000000000002 9.5000000000000018 8.5000000000000018 2.6905734539031987 9.5000000000000018 0.00035372191632632172 8.5000000000000018 31.500000000000004 13.500000000000002 29.500000000000004 47.500000000000007 26.500000000000004 33.500000000000007 40.500000000000007 0.00052035698899999272 3436.5000000000005 3.5000000000000004 122.50000000000001 0.013680972158908846 0.00077126556425355386 0.037749288603663451 1.9236596226692202 3.2873016595840459 49.500000000000007
decision_type=2 2 2 2 2 2 2 2 2 2 2 2 2 2 2 2 2 2 2 2 2 2 2 2 2 2 2 2 2 2 2 2 2 2 2 2 2 2 2 2 2 2 2 2 2 2 2 2 2 2 2 2 2 2 2 2 2 2 2 2 2 2
left_child=-1 2 4 39 45 12 7 28 29 -10 -8 -12 14 15 -5 -14 17 22 -6 20 21 23 -17 25 -25 26 -18 -28 -7 30 32 -32 33 34 35 -9 -21 38 -27 41 -41 -3 -43 -40 -34 46 -2 56 49 54 -51 -52 55 -54 -49 -53 57 60 -59 -60 -31 -62
right_child=1 3 -4 5 18 6 10 8 9 -11 11 -13 13 -15 -16 16 19 -19 -20 36 -22 -23 -24 24 -26 37 27 -29 -30 47 31 -33 44 -35 -36 -37 -38 -39 43 40 -42 42 -44 -45 -46 -47 -48 48 -50 50 51 52 53 -55 -56 -57 -58 58 59 -61 61 -63
leaf_value=-0.050103951935865434 0.00095798893167188363 -0.027405630714180597 -0.057876171344241702 0.0083888773042636224 -0.010073483032518663 0.0034782448954734121 0.039777086076993783 -0.020564255240822775 0.01761939878615985 -0.021202539270917403 0.015060810883270593 -0.013807088652166587 0.029434574346988557 0.047826614677634237 -0.027686770683129865 0.018358100076824778 -0.0020645542426501479 -0.039780279780906078 -0.063199683064517731 -0.042002093457957274 0.055510201753966697 -0.03634301985405352 -0.020661225610987613 0.011042579242945508 -0.050877694880107065 0.038598318021371494 0.012567896856178557 -0.057527188532036269 0.045904755848691449 0.0027972389388843163 -0.0024121693782246175 -0.039400235471341478 0.021991826961365177 0.02657491389475148 -0.052354210425113179 0.0087792257773705567 0.0088796308730080663 0.019389491792181569 0.0045511028412128481 -0.047160353355459907 -0.0041130910210455561 0.041000594629705393 -0.020300587013692535 -0.043044245199831972 -0.0026330020327404099 0.0072338472952816202 -0.04313913806526079 -0.0048815607064124676 0.038697012576048427 -0.054752914878283487 0.021439928628912929 -0.042001322150610504 -0.013263695949916488 0.04410450321078941 0.031998294684921463 -0.0022992459703365452 0.03140307624978575 0.025518552908591674 0.013119114537291379 -0.010671898524017684 0.02953458955108328 -0.0044704207316268799
leaf_weight=3.8423316730609249 2.3528386262478369 2.9277029498480243 2.1294959140941492 52.295700065325946 2.4297236218408207 2.8156508087413377 5.0289579511154434 5.6242767634103092 3.2939642337150898 14.885866914992219 34.854781868983991 4.4280495796119785 3.1633956385485353 2.3959105384710702 4.215602073702029 2.8866496633854677 127.38552997756051 5.3302650680416264 1.8877450893996863 3.3808992713311445 2.2038511389400801 2.9968806215038049 4.8570570987649262 2.0512352236546567 2.928202313487418 1.7958210018696288 1.0684460549091448 2.886805557529442 3.1931649412144907 15.1458302277897 5.9116389973787573 6.2664948278106749 10.568858567392452 2.778923124074935 2.4545877659693351 7.5117421044269577 1.3149018465774132 11.393626967474118 1.4490308130625638 3.5264548819977781 2.4156995643861592 2.3941662779543549 2.804099265486002 2.5493618694599718 5.0653320641722521 10.486431493016424 1.9054791249800471 4.3045831329654956 2.1407079177442929 2.7495954269543317 3.5606217668391791 4.8828077504294907 3.4087437082780525 1.9597709074150769 4.3859577912371606 2.7955526818986982 4.8827823989558956 5.3784718072565729 10.422011128510347 23.350579345074948 15.251802031183617 4.2637470234185448
leaf_count=60786 63 61 25 1021 116 58 79 133 46 408 720 104 93 80 72 67 3806 174 177 166 26 132 129 57 113 46 38 126 55 255 120 100 183 35 53 139 46 312 60 61 82 44 66 95 102 297 60 128 43 70 70 135 88 47 62 84 82 91 200 436 209 72
internal_value=0.000290043 0.000679347 -0.0127935 0.00127894 -0.00775724 0.00178365 0.00458811 0.00201895 0.00118635 -0.0141685 0.0149811 0.0118068 -0.000844663 -0.00287566 0.00569772 -0.00355189 -0.00414317 -0.0198409 -0.0333021 -0.0028872 -0.00215144 -0.00296342 -0.00611585 -0.00231176 -0.0253702 -0.00153872 -0.00316456 -0.0385922 0.0260243 0.00298654 -0.00317094 -0.0214451 0.00337379 -0.0056817 -0.0114312 -0.00378439 -0.0277544 0.0108851 -0.00583772 -0.0153001 -0.0296601 -0.0047992 0.00793291 -0.0257955 0.0140136 -0.000277352 -0.0187743 0.00559818 -0.00140219 -0.00446272 -0.012631 -0.00565711 -0.0130522 0.00767851 0.013731 -0.0275465 0.00828359 0.00675421 0.000633019 -0.00333014 0.0136683 0.0221052
internal_weight=501.217 497.375 21.1917 476.183 19.0622 462.115 223.566 179.254 173.245 18.1798 44.3118 39.2828 238.549 182.038 56.5113 179.642 176.479 13.074 4.31747 163.405 158.709 156.505 7.74371 153.508 4.97944 148.529 131.341 3.95525 6.00882 155.065 46.1819 12.1781 34.0037 18.3695 15.5906 13.136 4.6958 17.1878 5.79421 14.0681 5.94215 8.12597 5.19827 3.99839 15.6342 14.7447 4.25832 108.884 30.1883 28.0476 19.3571 16.6075 13.0469 5.36851 8.69054 7.67836 78.6952 73.8124 39.1511 33.7726 34.6614 19.5155
internal_count=72904 12118 738 11380 713 11066 4407 3504 3391 454 903 824 6659 5566 1093 5486 5393 370 293 5023 4811 4785 196 4653 170 4483 3970 164 113 2937 865 220 645 360 325 272 212 513 201 314 143 171 110 155 285 420 123 2072 727 684 494 424 354 135 190 219 1345 1263 727 636 536 281
is_linear=0
shrinkage=0.05


Tree=116
num_leaves=63
num_cat=0
split_feature=15 15 0 33 17 6 36 8 33 4 11 1 35 6 1 33 36 4 36 8 1 35 0 31 7 35 0 31 2 32 2 15 7 8 7 15 17 33 31 4 8 0 0 36 36 8 2 17 0 2 32 4 31 17 0 36 33 31 8 32 2 1
split_gain=2.58795 2.82645 2.43849 1.81595 1.66345 1.4478 1.67606 1.31115 1.30035 1.29563 1.2831 1.27298 2.32374 1.70727 1.6523 1.12815 2.01366 1.45342 1.5529 2.33566 1.58361 1.42525 2.80283 1.45039 1.51132 1.44036 1.59376 2.41015 1.3801 2.37812 1.37734 1.81082 1.37665 1.37117 1.23479 1.31086 2.42766 1.38826 1.46925 1.22204 1.44573 1.19407 1.18962 1.43063 1.20566 1.11284 1.29229 1.1071 1.67454 1.61485 1.56898 1.82815 1.50628 2.21896 1.37831 1.09958 1.08297 1.3032 1.22703 1.60019 1.40176 1.08627
threshold=0.19968847185373309 0.18208556622266772 0.68723106384277355 0.0008177126874215902 0.67911487817764293 0.01226507453247905 0.0013654600479640069 1704.5000000000002 0.011974265333265068 385.50000000000006 1.0000000180025095e-35 8.5000000000000018 0.13392857462167743 0.00022063528740545737 10.500000000000002 0.0033829759340733294 0.01040452439337969 4.5000000000000009 0.029192812740802768 2825.5000000000005 20.500000000000004 0.021054964512586597 0.7368602752685548 0.0027273151790723209 1.5000000000000002 0.29166667163372045 0.70662879943847667 0.0043853381648659715 45.500000000000007 2.783414483070374 51.500000000000007 8.4316773414611834 23.500000000000004 2321.0000000000005 99.500000000000014 0.6509782373905183 1.1437773704528811 0.0037238413933664565 0.0027273151790723209 6.5000000000000009 1272.5000000000002 0.70382118225097667 0.69412422180175792 0.0013127283309586348 0.013680972158908846 2185.0000000000005 100.50000000000001 15.850892066955568 0.66390037536621105 315.50000000000006 3.2059261798858647 32.500000000000007 0.0014703035121783616 18.710964202880863 0.66936683654785167 0.013680972158908846 5.9865337789233317e-06 9.1784736468980571e-06 2254.0000000000005 1.9335716962814333 7.5000000000000009 7.5000000000000009
decision_type=2 2 2 2 2 2 2 2 2 2 2 2 2 2 2 2 2 2 2 2 2 2 2 2 2 2 2 2 2 2 2 2 2 2 2 2 2 2 2 2 2 2 2 2 2 2 2 2 2 2 2 2 2 2 2 2 2 2 2 2 2 2
left_child=1 3 4 5 -2 6 56 -8 -5 10 11 12 -6 -14 -13 21 -17 30 20 -20 -19 22 42 -23 -25 26 27 -26 29 33 34 -32 -22 -27 35 36 -18 -37 -39 40 -28 -29 -4 -44 -45 -42 -47 50 55 52 -16 -52 -50 -54 -55 -49 -1 -58 -59 60 61 -60
right_child=2 -3 15 8 9 -7 7 -9 -10 -11 -12 14 13 -15 47 16 17 18 19 -21 32 23 -24 24 25 28 39 41 -30 -31 31 -33 -34 -35 -36 37 -38 38 -40 -41 45 -43 43 44 -46 46 -48 48 49 -51 51 -53 53 54 -56 -57 57 58 59 -61 -62 -63
leaf_value=0.0087479291622555109 -0.044459425914437488 -0.076431913566660015 0.046024630779797723 -0.054613417364673289 0.037804603533299647 -0.055957593131268552 -0.065467097598967516 0.054115820572837862 -0.0079497907603281806 -0.072688127516660969 0.026908690560769534 -0.040596864499592066 0.019547224208409795 -0.03641662029159555 -0.0062663720809054959 0.070776310438959614 0.069241146242926155 0.040318213495829251 0.010406246860890879 -0.051873722320632032 -0.044746143264424783 0.002423000431158766 0.068028145178103169 -0.052154178037554011 -0.047280602440147007 0.043986398558202799 -0.080004124533221074 0.016567909847063012 0.039076843694698188 -0.094302357081890262 -0.03450158974096567 0.022240324911543749 0.029067573230408501 -0.048028772644151813 0.053399394723973204 -0.084722341308931581 -0.033395107901864923 0.11206452427793534 0.0089505534611334456 -0.028854649202442073 0.0083213308008007435 0.08035138516083444 -0.062856581554743662 0.030212551468189505 -0.058012718516110062 -0.049277142657869637 0.075933338573782302 -0.0045250112734202532 0.044488039205274998 -0.0065012320542626335 -0.046760197669699716 0.020062162221072179 -0.073600052012027226 0.070805625459115604 0.00025737264687820217 -0.050022152848569458 -0.077814270719531287 -0.079213989494323303 0.033474351651804922 -0.06290180941309427 0.07005235044912074 -0.036654081391381023
leaf_weight=6.4431326772505653 2.6597886365716468 1.7827842731003318 1.0556389262692381 3.3906802277247143 4.659766766621031 1.1388127494906246 0.25724034062841328 2.1044077428787205 2.6674226857160193 0.69056560937315126 3.2586035183339837 3.4832380595848909 2.5606362375910976 2.9132117102103621 59.860631956778889 1.2700398607457817 0.6617571846936795 8.0720409472241936 38.393939785328712 1.5668378394611853 1.1711049273735619 245.35757518127593 2.3774586948093201 1.8892999689660417 1.1317783875852061 1.3806764989476499 0.6007358497663543 2.2829024597322136 3.1096344270499685 0.63614877252985014 5.5410129658498581 1.8842039922092224 1.3713464176489649 0.57284726956004295 1.2326413020764437 0.38581650829473702 4.4529276308530825 0.35348145685747923 15.228433744748598 10.650666930382156 7.8100238752144815 1.0813069382702449 1.0528798223704146 1.5804734561588705 0.51291115387130037 1.6965502050038592 0.2345636135614767 5.1745516148967026 5.1678085765252018 6.1399133082386461 4.8784735444860408 1.2953213211312684 0.75428830759074106 0.99014863519732932 2.3017971489766751 1.7864925652338568 0.86668787345479348 0.57228847904980273 1.0013285231170823 0.82026196220067493 0.85621291333882243 1.2310751579334462
leaf_count=3172 2378 651 97 2500 365 6766 88 1075 10075 12 98 401 154 416 11889 259 690 184 1623 324 60 12447 72 679 151 183 123 1035 122 26 581 138 71 107 174 30 2347 14 3692 587 1537 202 119 126 149 1274 35 163 112 197 323 24 78 55 255 232 322 320 218 132 136 1039
internal_value=0.000381206 -0.0159499 0.00117623 -0.0108994 -0.00540541 -0.00172093 0.00264331 0.0410904 -0.0340671 -0.00442467 -0.00397668 -0.0049637 0.0118541 -0.010237 -0.00681952 0.00312551 0.00830973 0.00732194 0.0124798 0.00796429 0.0294795 0.00164152 0.0246428 0.001098 -0.00873048 -0.00609995 -0.011181 0.0158355 0.0166235 -0.0103382 -0.00144931 -0.0201029 -0.00493253 0.0170041 0.00475757 0.00191359 -0.0201156 0.00896986 0.0112897 -0.0169671 -0.00472463 0.0370689 9.51309e-05 -0.0153152 0.00859601 -8.21419e-05 -0.0340684 -0.00548782 0.00414046 0.0133629 -0.00874151 -0.0327402 0.0265997 0.00375284 0.0214768 -0.0162015 -0.00505736 -0.0216901 -0.0108353 -0.000824109 0.0156622 -0.00519848
internal_weight=498.307 23.1323 475.175 21.3496 108.575 15.2914 14.1526 2.36165 6.0581 105.915 105.225 101.966 10.1336 5.47385 91.8327 366.6 81.5856 80.3155 50.5753 39.9608 10.6145 285.014 6.57936 278.435 33.0771 31.1878 25.4885 4.49599 5.69931 2.58967 29.7403 7.42522 2.54245 1.95352 22.3151 21.0824 5.11468 15.9677 15.5819 20.9925 10.3419 3.36421 4.2019 3.14626 2.09338 9.74114 1.93111 88.3494 22.315 15.354 66.0344 6.17379 9.21404 4.04623 3.29195 6.96104 11.791 5.34785 4.48117 3.90888 3.08862 2.2324
internal_count=72904 26494 46410 25843 17152 13268 6502 1163 12575 14774 14762 14664 935 570 13729 29258 10187 9928 2262 1947 315 19071 563 18508 6061 5382 4944 1388 438 316 7666 719 131 290 6947 6773 3037 3736 3706 3556 2969 1237 491 394 275 2846 1309 13328 1092 697 12236 347 500 388 310 395 5339 2167 1845 1525 1393 1257
is_linear=0
shrinkage=0.05


Tree=117
num_leaves=63
num_cat=0
split_feature=19 0 15 35 15 14 35 19 19 19 2 2 18 17 17 5 16 16 16 14 0 4 14 14 5 14 18 0 0 9 19 36 18 19 4 0 32 36 18 4 1 16 4 31 18 35 0 14 15 18 32 15 2 1 2 0 18 18 18 15 31 15
split_gain=3.65765 2.15352 1.55642 2.43802 1.1179 1.96763 1.36492 1.12539 1.98439 1.05683 1.57943 2.16392 1.85362 1.48591 1.77269 1.17615 1.56323 1.68575 1.46876 1.3455 1.19958 1.19434 1.12428 1.16127 1.10257 1.17348 2.28719 1.234 1.57659 1.26061 1.1015 1.19288 1.84992 1.08336 1.8613 1.16183 1.00579 0.986012 1.48484 1.33846 1.28739 1.15133 1.13386 1.08585 1.2463 1.04085 0.974906 1.55604 0.971798 1.70891 1.66793 1.93043 1.43269 1.29183 1.13173 1.36704 1.22216 1.17385 1.01714 0.956559 0.960073 1.335
threshold=1.0000000180025095e-35 0.68723106384277355 0.19968847185373309 0.75000000000000011 0.26680791378021246 3.5408543348312382 0.080128207802772536 20.500000000000004 15.500000000000002 1.5000000000000002 168.50000000000003 201.50000000000003 12.500000000000002 2.4944827556610112 3.0729029178619389 2977.5000000000005 1.126131057739258 1.480901896953583 0.92411464452743541 2.6735538244247441 0.72141456604003917 44.500000000000007 1.8688347935676577 2.5249279737472539 6021.5000000000009 2.3502402305603032 17.500000000000004 0.71241188049316417 0.71803855895996105 3.5000000000000004 9.5000000000000018 0.0064943686593323955 29.500000000000004 2.5000000000000004 12.500000000000002 0.72340011596679699 4.273745298385621 0.0038062563398852949 42.500000000000007 59.500000000000007 31.500000000000004 0.93715980648994457 28.500000000000004 2.5995645955845251e-05 21.500000000000004 0.04446640424430371 0.7357320785522462 2.7403194904327397 20.038461685180668 8.5000000000000018 3.3097821474075322 8.0050001144409197 65.500000000000014 6.5000000000000009 106.50000000000001 0.70662879943847667 29.500000000000004 24.500000000000004 13.500000000000002 0.9508572816848756 0.00023393096489598977 3.2873016595840459
decision_type=2 2 2 2 2 2 2 2 2 2 2 2 2 2 2 2 2 2 2 2 2 2 2 2 2 2 2 2 2 2 2 2 2 2 2 2 2 2 2 2 2 2 2 2 2 2 2 2 2 2 2 2 2 2 2 2 2 2 2 2 2 2
left_child=-1 -2 3 -3 5 -4 -7 8 9 10 48 12 -12 -11 -15 16 18 33 21 24 -20 -16 -13 -24 25 27 -27 -17 -29 -30 31 37 -33 34 -18 -35 -31 38 39 40 41 -21 59 -42 -45 -39 -19 -48 50 -50 -6 54 -51 -53 57 -56 -57 58 -52 -43 61 -61
right_child=1 2 4 -5 7 6 -8 -9 -10 13 11 22 -14 14 15 19 17 46 20 30 -22 -23 23 -25 -26 26 -28 28 29 36 -32 32 -34 35 -36 -37 -38 45 -40 -41 43 42 -44 44 -46 -47 47 -49 49 52 51 53 -54 -55 55 56 -58 -59 -60 60 -62 -63
leaf_value=-0.050098420333077501 -0.0056158984900242827 -0.0046244029121318871 0.068815178984850692 -0.058186761562182367 -8.7507508372542238e-05 0.02888748638731943 -0.036712401537070852 0.022217907040867631 -0.041073912652879893 0.032134265026828493 -0.006522350116782049 0.023571391167831642 -0.06593486775940198 -0.0273389957005113 0.024039676976009061 -0.0263042915872084 0.014331559620827479 -0.012196635960903014 0.0098512764278337866 -0.016160585982490525 -0.025941941015195348 -0.025377188237873122 -0.05188445385602064 -0.0042766098720137605 0.022237078171419841 -0.0011200004572856717 -0.060255019202194442 0.036293609010833554 -0.031905889626041864 0.027528476856392727 0.030778712318199453 -0.023487605974250998 0.023966942754256527 0.037011473420944428 0.051907491730407831 0.0030098736709901017 -0.010857107579590432 0.043983830275721593 -0.029414349764068089 -0.02214128385059503 -0.026131533237059065 0.031208738814874057 0.035354946637896408 0.033750488718820817 -0.018282523549011966 0.0064025311526915846 0.034408363152740651 -0.0064522452912754921 0.0069429079345898594 0.00066630679716038748 0.024219600428307116 0.062871795608502187 -0.060754851358310991 0.016055441900415052 -0.045832033527391736 0.011283535953261514 -0.030651913776803416 0.04381032621687414 -0.016364311396957914 -0.0032815403353557656 -0.0095301158328814032 0.023633177842412156
leaf_weight=3.5895986535022066 109.61506607936462 14.71222211725035 1.7733157840848424 2.4830751984845838 118.99394518465851 2.0641964051174004 1.2875404893238735 7.23885424574837 2.6172162303701034 5.0468563905451438 2.2907324358820942 3.0584495114162555 3.0752303003100678 4.2350518956227452 6.6304630811791885 4.6098351948894658 6.1665338330203685 5.9900787458755067 3.589572777040301 3.1983947933185837 6.7288054497912526 1.4991439215373246 1.4812812275486056 9.4692050878802529 2.8124560666037715 3.4835977220209307 3.0815474763512611 2.9002260100096455 3.12594195618294 3.0959411831572652 4.1088954810984424 7.954638018505646 2.7684474512934685 3.6416781833395353 7.0787879065610468 8.101548152510075 3.8025081353262067 3.4557643411681047 3.0466325855813912 3.7863823832012704 4.3933543088496645 5.0306270022410926 5.8208746707532546 2.381789697567001 2.2266787672415376 3.9463291303254664 4.5875172270461899 4.7347306096926332 4.3219335116446 1.5017011596355585 3.6488713081053046 2.8735696743242434 2.581537075835513 3.0242588077089749 1.6274746695999045 9.0298469843255571 2.1513547100184942 3.3066069757915102 2.6762345773749985 7.6549190619844074 6.3318691236199802 11.57212379737757
leaf_count=60786 3294 554 25 25 3099 86 53 91 36 98 59 51 89 75 258 119 95 114 86 96 174 78 53 313 53 72 48 31 74 56 58 176 63 49 90 144 55 60 66 76 96 69 80 74 52 80 59 80 105 59 98 31 80 76 67 237 73 51 62 126 113 158
internal_value=0.000189285 0.000558036 0.0023394 -0.012359 0.00303621 0.0262225 0.00368786 0.0027039 0.00230071 0.00262717 -0.000109596 -0.0135725 -0.0405716 0.00540343 0.00459837 0.00542645 0.0110876 0.0166058 -0.000967383 0.00224656 -0.0134901 0.0149269 -0.00323077 -0.0107166 -0.00738821 -0.0108455 -0.0288768 -0.00409436 0.00382727 -0.00556579 0.00558461 0.00417749 -0.011236 0.0246107 0.0344135 0.0135541 0.00636988 0.00680742 0.00451906 0.00649212 0.00872244 0.0126015 0.0151281 -0.00834585 0.00860964 0.0239479 0.00354228 0.0136554 0.00156529 -0.014971 0.00250867 0.0134102 -0.0381659 0.0388655 0.00671994 -0.0030171 0.00321481 0.0196687 0.00704802 0.0112791 0.00735644 0.0129175
internal_weight=493.114 489.524 379.909 17.1953 362.714 5.12505 3.35174 357.589 350.35 347.733 175.112 19.3749 5.36596 172.621 167.574 163.339 58.7489 40.3009 18.448 104.59 10.3184 8.12961 14.0089 10.9505 26.9121 24.0996 6.56515 17.5345 12.9246 10.0244 77.6777 73.5688 10.7231 24.9885 13.2453 11.7432 6.89845 62.8457 55.4436 52.397 48.6106 39.6088 36.4104 9.00182 4.60847 7.40209 15.3123 9.32225 155.737 8.40517 147.332 28.3382 4.08324 5.89783 22.4404 12.8087 11.1812 9.63171 6.32511 30.5895 25.5589 19.227
internal_count=72904 12118 8824 579 8245 164 139 8081 7990 7954 4603 565 148 3351 3253 3178 1227 631 596 1951 260 336 417 366 508 455 120 335 216 185 1443 1385 239 378 185 193 111 1146 1006 940 864 642 546 222 126 140 253 139 4038 244 3794 695 139 107 588 377 310 211 160 466 397 284
is_linear=0
shrinkage=0.05


Tree=118
num_leaves=63
num_cat=0
split_feature=19 0 19 11 1 32 33 1 0 16 17 17 32 36 15 1 16 15 15 5 33 17 15 17 16 17 17 0 17 15 7 32 16 15 15 33 33 36 6 0 18 16 0 15 18 6 16 16 0 16 0 32 16 0 36 16 33 15 0 0 15 0
split_gain=3.45802 2.07821 0.919389 0.8962 1.08247 0.857727 1.07247 0.820643 1.8964 1.40594 0.971179 1.52046 1.56276 1.33811 1.23178 1.89289 1.06905 0.891518 1.04912 0.877103 1.47743 1.68564 1.91189 1.5965 1.55086 1.7096 1.3554 1.39837 1.33321 1.14554 1.45312 1.44122 1.30183 1.03214 1.43877 1.26323 1.40006 1.43771 1.85645 1.68022 1.96737 1.67255 1.63354 3.16384 1.50811 1.29139 1.21413 1.76486 1.09023 1.03582 1.0208 1.00778 0.982064 0.980921 0.974883 0.97255 0.923808 0.912507 0.823391 0.814369 0.752675 0.74725
threshold=1.0000000180025095e-35 0.68859958648681652 1.5000000000000002 1.0000000180025095e-35 22.500000000000004 1.1869906783103945 2.8919354008394297e-05 46.500000000000007 0.7368602752685548 1.2875040769577029 14.17503595352173 12.089809894561769 3.3097821474075322 0.15422344207763675 1.0481997728347781 1.5000000000000002 1.1557172536849978 1.4007298946380617 2.5022935867309575 3181.5000000000005 0.0028540977509692316 0.91375643014907848 0.50114154815673839 2.056560873985291 1.4524518847465517 5.7814953327178964 4.3205935955047616 0.77469253540039074 4.2500202655792245 1.1336309313774111 9.5000000000000018 2.8158111572265629 1.2360472083091738 11.020833492279055 2.0836167335510258 0.00099676102399826071 0.00036668936081696307 0.0008739114273339511 5.7426797866355635e-05 0.70706748962402355 9.5000000000000018 0.99949577450752269 0.76027107238769542 0.80045250058174144 9.5000000000000018 0.00033579842420294886 1.1886010169982912 1.5527758598327639 0.74404335021972667 2.3015964031219487 0.74271774291992199 2.8332396745681767 1.0583582520484927 0.72237586975097667 7.3904948294512005e-06 1.4110925197601321 0.00014467806613538417 0.81853973865509044 0.70793342590332042 0.75934982299804699 0.97930938005447399 0.7156667709350587
decision_type=2 2 2 2 2 2 2 2 2 2 2 2 2 2 2 2 2 2 2 2 2 2 2 2 2 2 2 2 2 2 2 2 2 2 2 2 2 2 2 2 2 2 2 2 2 2 2 2 2 2 2 2 2 2 2 2 2 2 2 2 2 2
left_child=-1 3 7 5 -5 6 -2 10 9 -9 11 13 -13 19 16 -16 -12 -17 59 20 24 -22 23 -23 25 26 27 60 -24 -30 31 -31 -32 34 35 36 37 38 39 40 -21 45 54 -44 -43 -39 50 51 53 -35 61 -48 -27 58 -41 -38 -40 -46 -49 -19 -3 -36
right_child=1 2 -4 4 -6 -7 -8 8 -10 -11 14 12 -14 -15 15 17 -18 18 -20 33 21 22 28 -25 -26 52 -28 -29 29 30 32 -33 -34 49 46 -37 55 41 56 42 -42 44 43 -45 57 -47 47 48 -50 -51 -52 -53 -54 -55 -56 -57 -58 -59 -60 -61 -62 -63
leaf_value=-0.050093584719778129 -0.0010748584827515153 -0.039827936797548438 0.0048972165863935685 0.040968093443301351 -0.012093612678874884 -0.0053704723891481758 -0.056824378757302708 0.029132747169683722 0.069136512343390494 -0.052460808269770988 -0.012434294732014286 -0.0081614294843544537 0.037743576492076186 0.034440564177774718 0.030675663010998847 0.022925904195471847 -0.070419563494645593 -0.066959135289826929 -0.0088332078999873997 0.0046618627080145065 0.038559617729503642 -0.062539504396702431 0.018350344584624281 -0.0048774382837892243 -0.036024142806297031 -0.013570892026884758 -0.056277326758290183 0.030889731248095038 0.019809683769013726 -0.025905151200279732 -0.067976049910770497 0.031514461522900009 -0.012661569272486734 -0.03599289869911311 0.00078763558808665724 0.029203143170849863 -0.046089976114681463 0.027118112280209695 -0.039788894734274549 -0.012284330173287594 -0.063372835720195683 0.047622230247523448 0.021338457508844465 -0.055616191239868711 0.032019774907942701 -0.0460935494590404 0.057557704393857149 -0.0076843821703056654 0.028930251029812726 0.0044365153939589699 0.014647379436871942 0.021911416970779741 0.031823999805033795 -0.020485830703922757 0.022177548328571328 -0.00037875365470067617 -0.0048388580733008252 -0.0068265911743487133 0.023501348639331506 -0.010104234489420771 -0.0026258487868052911 -0.043975219668029794
leaf_weight=3.3941914575129877 1.6260914965532713 2.8187207804585359 182.76536110744928 2.236066112585831 1.6857613355969077 107.26015921980434 1.8374780251469927 1.2380917543196117 1.3951290549593975 0.92046183184720565 1.8160393088910525 2.821557098955962 5.406679331601481 2.7501961437083073 3.2497461914317709 1.9089976731920639 1.413633845746517 1.476556758454538 20.355477271572454 2.2343375973869177 2.7432830211473656 2.1914221782499252 9.0340648656128923 2.6544422528422729 6.7091614254313745 1.8361418575514097 2.0062915284652263 1.6313254458655135 2.9253722053545053 2.1025150225032103 1.895519198675174 2.2756247369106859 2.4239013767801225 3.4229758720612145 1.6729962780373164 3.149663886637426 3.0611619867850086 0.9056502118473867 5.1555286900256743 2.5001700762077261 2.0261898840544745 3.7982067530974728 2.7158208692562757 2.6281159182544798 2.4327960007358342 1.7984595697489565 3.2507386018696725 3.8084533810615557 4.4660896013374431 2.9493096056394279 3.0727349388180301 5.0833866803441197 3.3931384389288723 3.942898088716901 11.452796025318092 1.877146308775991 2.9856687266728841 3.9929382111877203 4.7644635890610516 1.0983321138191966 2.6264898125082254 2.105930935125798
leaf_count=60786 60 132 3569 44 78 3185 63 66 27 50 111 69 97 98 57 52 29 85 630 48 74 69 241 179 157 99 70 51 101 59 92 43 47 111 76 89 116 26 160 56 61 46 84 45 58 123 41 97 76 64 76 88 62 70 223 43 83 82 68 35 71 56
internal_value=0.000198249 0.000551092 0.0023774 -0.00532928 0.01816 -0.00616127 -0.0306509 -9.36473e-05 0.0237036 -0.00566081 -0.000556224 0.00110071 0.0220022 -9.96846e-05 -0.0085714 -0.00520904 -0.0378146 -0.00990385 -0.012637 -0.000775681 -0.00615182 0.00131771 -0.00268831 -0.0309537 -0.0161886 -0.00689018 -0.0200024 -0.00971795 0.00394238 -0.00725639 -0.0163599 0.00393983 -0.0369356 0.00212684 0.00358381 -0.0015013 -0.00345245 -0.000657027 -0.00638834 0.00072497 -0.0276936 0.0133957 0.00699945 -0.0165074 0.0226447 -0.0215738 0.011917 0.0169705 0.00772218 -0.0172808 -0.00675508 0.0358153 0.0158846 0.000154378 0.0160025 -0.0287143 -0.0269715 0.00788072 0.00964732 -0.0427074 -0.0218836 -0.0241579
internal_weight=487.178 483.784 369.138 114.646 3.92183 110.724 3.46357 186.373 3.55368 2.15855 182.819 151.5 8.22824 143.272 31.3188 28.0891 3.22967 24.8394 22.9304 140.522 49.2674 28.2461 25.5029 4.84586 21.0213 14.3121 9.08283 7.07654 20.657 11.6229 8.69756 4.37814 4.31942 91.2546 84.8823 52.7147 49.565 44.6267 31.6986 23.5574 4.26053 12.9281 19.2969 5.34394 10.2239 2.70411 32.1677 25.316 16.9819 6.37229 6.85166 8.33413 5.22928 12.5158 13.953 4.93831 8.1412 6.42573 8.57292 2.57489 5.44521 3.77893
internal_count=72904 12118 8688 3430 122 3308 123 5119 143 116 4976 3977 166 3811 999 859 140 802 750 3713 1547 905 831 248 642 485 324 254 583 342 241 102 139 2166 1991 1343 1254 1095 760 517 109 335 408 129 186 149 648 440 311 175 208 129 161 235 279 159 243 140 165 120 203 132
is_linear=0
shrinkage=0.05


Tree=119
num_leaves=63
num_cat=0
split_feature=19 32 32 17 2 33 36 4 36 33 33 33 33 11 15 2 1 4 15 35 2 4 15 7 35 7 33 7 2 7 17 2 2 7 33 7 17 17 6 6 15 17 17 6 7 35 15 1 15 17 15 32 17 17 2 35 5 7 7 36 32 2
split_gain=3.26572 1.03408 1.5742 1.3623 1.32705 1.71938 0.952218 0.93134 0.945033 0.851434 1.07772 1.76586 1.67845 1.78944 1.51558 1.46503 1.01073 1.07402 1.45909 1.19918 1.28377 1.12729 1.68252 1.42939 1.65426 1.6165 1.62787 1.10118 1.08924 0.905459 0.856478 0.898268 2.47414 1.16783 0.907828 1.59136 1.19771 0.84745 0.816982 0.780544 0.768185 0.932002 1.01853 0.747295 0.725051 0.718052 0.717416 0.710766 1.041 0.710671 0.688039 0.762731 1.30426 1.0642 1.62475 1.25021 1.11368 1.34323 0.79673 0.922804 0.816463 0.76643
threshold=1.0000000180025095e-35 3.0156342983245854 2.9596570730209355 9.4709076881408709 58.500000000000007 0.0025928451213985686 0.00026558208628557628 11.500000000000002 0.39796601235866552 0.030776634812355045 0.00035942698013968771 0.0003495026176096872 0.00036668936081696307 1.0000000180025095e-35 0.095311354845762267 6.5000000000000009 15.500000000000002 8.5000000000000018 3.6381819248199467 0.028174603357911113 27.500000000000004 1.5000000000000002 1.9976958632469179 23.500000000000004 0.024099883623421196 131.50000000000003 5.8856139730778531e-06 11.500000000000002 32.500000000000007 5.5000000000000009 5.4014501571655282 42.500000000000007 35.500000000000007 80.500000000000014 1.3371160321185018e-06 4.5000000000000009 1.5583306550979616 2.4285062551498418 0.011075725313276054 9.9154846111559912e-07 0.60061350464820873 2.056560873985291 3.1133344173431401 1.1501886092446513e-05 15.500000000000002 0.11805555596947671 10.171568870544435 16.500000000000004 0.9508572816848756 1.1028578877449038 0.78601953387260448 2.8678358793258671 6.8525412082672128 5.5864350795745858 43.500000000000007 0.18333333730697635 3654.5000000000005 17.500000000000004 3.5000000000000004 0.015871885232627395 2.2573493719100957 19.500000000000004
decision_type=2 2 2 2 2 2 2 2 2 2 2 2 2 2 2 2 2 2 2 2 2 2 2 2 2 2 2 2 2 2 2 2 2 2 2 2 2 2 2 2 2 2 2 2 2 2 2 2 2 2 2 2 2 2 2 2 2 2 2 2 2 2
left_child=-1 2 7 6 5 -3 -4 8 9 10 11 16 -12 14 -14 -16 30 18 21 -20 -21 22 23 27 -25 26 -26 -18 -24 46 31 32 33 34 35 -2 43 -34 -32 44 -37 -42 -43 -36 -6 47 -22 -11 -49 -23 -17 52 53 55 -55 56 57 58 61 60 -60 -52
right_child=1 4 3 -5 39 -7 -8 -9 -10 45 12 -13 13 -15 15 50 17 -19 19 20 29 49 28 24 25 -27 -28 -29 -30 -31 38 -33 37 -35 36 40 -38 -39 -40 -41 41 42 -44 -45 -46 -47 -48 48 -50 -51 51 -53 -54 54 -56 -57 -58 -59 59 -61 -62 -63
leaf_value=-0.050089604356405672 -0.03264944350251002 0.04011406974837349 -0.0084611337719861495 0.010433977333114589 0.0094808107628382796 -0.012888146838810009 -0.048056483961209394 -0.029921651664630008 0.030236650635239355 -0.063260636660349631 0.038078517694051538 -0.03951570571357025 -0.031964650935612279 0.040442952532683651 0.030217479555758486 -0.0099949702822880807 0.00028067482871164522 0.021297836393295435 -0.055494333511172479 -0.056437714067818334 0.03635360633624226 0.014824480474120522 0.0030804972890426394 0.0368056618794999 -0.034779578567089957 0.040889123192355638 0.0082727988035901142 -0.03938394627514652 0.04265586979523369 -0.026280679879377988 -0.045259830575085279 0.016148131202589403 -0.049741329283724045 -0.024220576046156971 0.024992047652554888 0.024267711381300454 0.033840966149991346 -0.013022564303545141 0.0016984655261038412 0.0023764848592295459 -0.017672842578020976 0.039223972766387227 -0.0083679729249184834 -0.0082057029539486289 -0.027048865249562709 0.0057098759923006059 -0.01031968195212727 0.025747414060103863 -0.045469776541247009 -0.018444059948157586 0.026132883187282564 -0.018557892121165712 0.029737316883465148 -0.054038777992024216 0.0064190144539051936 0.02567317279089746 -0.027317454317367186 0.030476070880860059 -0.039135771856866099 0.0063941596509637048 -0.0017072998985579253 -0.0079702733006887343
leaf_weight=3.2093708814270476 2.9043292390997584 4.9571674078470087 2.3425970655371184 2.3104448598460294 1.9887402757303778 2.2132724294788204 4.3157708123908378 2.7880128549877545 2.4195484158117315 1.3159743596334004 3.4806364501710041 3.3264745484921141 3.3633089953800654 2.9643295406276584 4.4250924484222187 12.52251548875938 2.9091055486351314 3.1382853175164191 2.5508151983958651 1.5615677505265919 1.589290500036441 1.7931695324368799 3.5168668663245617 2.9753757475700686 4.5224864434858301 1.5912603988836043 4.2675450154347345 4.390913984621875 3.4386456030188128 2.856857425882481 1.785195307049434 11.707657814840784 2.6164042053278527 2.924054851748223 2.7198859205236641 4.7755488365655756 6.5401307245483622 3.9341545850038528 1.925076794286724 260.74980918015353 4.1873697320697811 2.2184451314678881 2.2792120813392103 4.499503088532947 4.2854540613479912 1.6533880549686726 1.7083296459168194 0.86482248136599116 1.261756111634895 15.317022287810685 3.9238501871004834 3.6562709537101901 4.8040723808808243 2.0195473362109615 2.4709139510523528 6.0414079873880828 3.1809266114141783 4.010809742845594 3.4218593146069889 4.7215969206299633 2.5375359422178008 2.8398480921750888
leaf_count=60786 66 120 78 79 59 66 146 96 55 48 51 97 115 118 91 475 118 79 153 56 26 30 82 96 205 44 100 163 70 95 51 200 38 71 58 110 126 89 51 5954 91 50 57 106 87 68 81 70 59 566 68 78 130 50 60 141 96 105 78 119 55 78
internal_value=0.000179779 0.000515664 -0.00216006 -0.0226468 0.00252716 0.0237541 -0.0341258 -0.00122811 -0.00081654 -0.00120797 -0.000658034 -0.00360992 0.00422669 0.00246557 0.000704882 0.00251876 -0.00255428 -0.00715185 -0.0087755 -0.0257742 -0.0159492 -0.00487313 0.00137575 -0.00578625 0.00393738 -0.00548298 -0.0138777 -0.0235773 0.0226457 -0.00567605 0.00230323 0.00398086 0.00038354 0.00594775 0.00887606 0.000917086 0.0183421 -0.0276887 -0.0208955 0.00195715 0.00815959 -0.000697624 0.0151065 0.00430146 -0.01547 -0.0213726 0.0121745 -0.0343798 -0.0165077 -0.0149575 0.000335909 0.00330113 0.00530058 0.00196246 -0.0207714 0.00529012 0.000291733 0.00438499 -0.00161377 -0.0101169 -0.0231986 0.0118141
internal_weight=483.532 480.322 206.128 8.96881 274.194 7.17044 6.65837 197.159 194.371 191.951 186.856 116.471 70.3845 66.9039 63.9396 60.5762 113.145 58.1275 54.9893 10.2669 7.71605 44.7224 27.6122 20.6567 13.3567 10.3813 8.79003 7.30002 6.95551 6.15448 55.017 51.3067 39.599 33.0485 30.1244 16.3649 13.7595 6.55056 3.71027 267.024 13.4606 8.68503 4.49766 7.21939 6.27419 5.09594 3.29762 3.44255 2.12658 17.1102 56.1512 43.6286 39.9724 35.1683 4.49046 30.6778 24.6364 21.4555 17.4447 10.681 5.9594 6.7637
internal_count=72904 12118 5832 303 6286 186 224 5529 5433 5378 5133 3225 1908 1857 1739 1624 3128 1964 1885 411 258 1474 878 726 445 349 305 281 152 202 1164 1062 862 735 664 374 290 127 102 6100 308 198 107 164 146 245 107 177 129 596 1533 1058 980 850 110 740 599 503 398 252 133 146
is_linear=0
shrinkage=0.05


Tree=120
num_leaves=63
num_cat=0
split_feature=16 4 4 32 33 33 0 0 1 32 33 17 2 14 32 32 2 16 16 14 14 31 14 35 8 16 4 33 12 14 18 31 1 17 17 16 0 0 31 8 4 8 31 0 14 14 0 14 6 17 18 4 35 8 17 32 0 36 16 17 2 16
split_gain=0.915644 1.34874 2.32632 1.09022 1.22344 1.29183 1.10684 1.68056 1.6124 1.08796 1.57353 1.52924 1.2045 1.17757 1.03449 2.70386 1.43464 1.35827 1.81302 1.54004 1.36271 1.13645 1.01985 1.11457 1.37051 1.00699 0.988803 0.972161 0.967094 1.09003 1.36861 1.09843 1.06992 0.960583 2.24433 2.11559 1.39351 1.1246 1.63514 0.948592 0.945052 1.60941 1.05075 0.931093 0.930267 1.16503 1.65388 1.14798 0.925547 1.25403 0.965667 0.916536 0.894537 0.863231 1.16701 1.01922 1.13007 0.852224 1.13612 0.813084 0.899601 0.811914
threshold=0.99348831176757824 2054.0000000000005 1286.0000000000002 2.6329318284988408 0.030776634812355045 0.019980479031801227 0.7368602752685548 0.72435569763183605 1.0000000180025095e-35 2.8678358793258671 0.019389966502785686 3.2995086908340459 32.500000000000007 2.3502402305603032 0.46958591043949133 1.1757273674011233 8.5000000000000018 1.3065387010574343 1.3981814384460451 3.9415346384048466 4.7050054073333749 6.7625308020069507e-07 3.7012257575988774 0.29166667163372045 1671.0000000000002 0.66272228956222545 1.5000000000000002 0.041461104527115829 1.0000000180025095e-35 1.7005987167358401 10.500000000000002 0.0062288674525916585 15.500000000000002 1.340002775192261 1.4854329824447634 1.7503993511199953 0.68097114562988292 0.69456863403320324 3.9110504985728775e-06 2202.5000000000005 1.0000000180025095e-35 6009.0000000000009 7.5716907304013156e-06 0.77469253540039074 2.6735538244247441 2.3502402305603032 0.69139862060546886 3.4811217784881596 2.2794312826590616e-05 3.9364091157913212 4.5000000000000009 3.5000000000000004 0.021980676800012592 1782.5000000000002 1.007058918476105 1.5442884564399721 0.77000045776367199 0.0034682155819609766 0.5600201189517976 8.0674519538879412 36.500000000000007 0.91117948293685924
decision_type=2 2 2 2 2 2 2 2 2 2 2 2 2 2 2 2 2 2 2 2 2 2 2 2 2 2 2 2 2 2 2 2 2 2 2 2 2 2 2 2 2 2 2 2 2 2 2 2 2 2 2 2 2 2 2 2 2 2 2 2 2 2
left_child=3 2 14 4 5 6 7 40 43 10 12 -11 -5 -12 28 44 17 19 -19 21 -21 -17 23 24 -20 -13 -23 39 29 -2 32 -32 -31 35 -35 36 -18 -38 -39 -27 42 48 -1 -8 45 46 -16 -46 -42 57 -51 -7 -34 54 -37 -55 -57 -50 -59 -6 -61 -15
right_child=1 -3 -4 9 59 51 8 -9 -10 11 13 25 -14 61 15 16 33 18 22 20 -22 26 -24 -25 -26 27 -28 -29 -30 30 31 -33 52 34 -36 53 37 38 -40 -41 41 -43 -44 -45 47 -47 -48 -49 49 50 -52 -53 -54 55 -56 56 -58 58 -60 60 -62 -63
leaf_value=0.048639318876128511 -0.061373760711062868 0.060161095537072801 -0.081897300575502679 0.036632799586153737 -0.041615292104070438 0.052294387620416195 -0.050878983948872192 0.051143450291781502 -0.037799019389196629 0.062869513935959062 -0.078665479095961291 0.0064194117788408979 -0.0566016274867924 0.059327370469889722 -0.027442647845058787 -0.1100319071599188 -0.0073338371480152521 -0.077373041167751011 0.030471187096824295 -0.08598126133378664 0.048571758722375333 0.037879283988694744 -0.070061583562817706 0.048883816507101129 -0.058607776365552103 -0.046399446039040601 -0.056668672974472548 0.01625090247763581 -0.17121430606355889 0.05690162519318312 -0.042323605242677788 0.041214330244864532 0.13577569108932905 -0.040475490936276032 0.00066814122810626762 -0.063280290661713368 0.064898448073188328 -0.035103211923529463 0.033890909442974196 -0.01354295330778031 0.1150984474247802 -0.055821302898500728 -0.022298721724244838 0.051151720767475373 -0.034421516933587297 0.08213921336801322 0.058055429788625407 0.038068286916779083 0.018206552449250787 -0.061150547059827115 0.052124268543378233 -0.072939410205786065 -0.040812617911731075 0.086961517629792165 0.044829197303537897 -0.054950038929980051 0.060069075280498943 0.05203513609992471 -0.053567159131640729 0.043244486264693668 -0.061323319437836026 -0.066273372603158215
leaf_weight=0.59031655327317789 1.1377221955262928 0.94569712411612172 0.85730118118226428 0.38342776341050866 2.3576958439505229 2.0286669619285926 0.28793576956104416 2.0683700999920793 3.2295559362116819 0.75134380943563783 0.26004240194151851 7.9574644410122337 3.5883324892586188 0.86287576810013866 0.89547828523518536 0.15851392285276134 2.7396114148655206 1.7722335790649593 0.72966080851938464 0.73775692489061828 0.25260244925175357 2.5275012905308363 0.65774763940771652 0.79610878121457052 1.0577048152517816 2.4371455605935415 0.31050406830399868 2.4476860299428145 0.10407718537135213 1.1333222481262053 2.3864162523664167 0.47119421678780771 0.080768193237417907 3.344470071626346 370.17312298186607 0.34477647703260961 2.1538443511044516 1.0145941983455484 5.5909929182162159 22.268978158153914 0.25401075189620304 0.74799523213823693 4.5115660845688126 1.0007193933961387 0.93630280981460634 1.540462972120167 1.5355806310744808 1.3107227194518598 2.3149231374150081 0.20330115065962706 2.524355487070352 0.15743695274977643 0.63986281922598209 0.15905378806019177 0.90449613595910705 2.1836264352932635 0.23670199765911082 0.32654279609232606 1.157549919458688 0.69725653818545641 0.29174029784280719 0.15121467947028577
leaf_count=140 711 14 11 87 13021 1148 83 1727 3646 29 86 1464 1087 345 782 19 620 212 451 159 93 912 240 68 697 424 76 305 32 384 837 193 116 578 17578 232 216 133 637 1997 18 635 10831 158 870 466 740 848 671 292 1048 46 778 49 236 700 16 737 1261 826 151 28
internal_value=-0.000357306 0.000518115 0.000380837 -0.00583141 0.00245945 0.00685528 0.0027122 0.00936505 -0.0189313 -0.010823 -0.0320908 -0.00771204 -0.0476009 0.0162576 0.000552871 0.000857722 0.000346365 -0.0193889 -0.0367102 0.00239249 -0.051662 0.0202577 -0.0144767 -0.000324857 -0.0222428 -0.00922241 0.0275349 -0.0138063 -0.0201378 -0.0174497 -0.00684317 -0.028549 0.0266133 0.000803164 0.000299742 0.0130709 0.0237896 0.0335238 0.0232937 -0.0167841 0.00252345 0.0137823 -0.0140908 0.0283541 0.0335729 0.0481193 0.0265623 0.00786284 0.0214604 0.0178161 0.0436815 0.0432754 -0.0210206 -0.0191216 0.0149929 -0.0356443 -0.0437015 -0.000754983 -0.0303316 -0.0256534 0.0123984 0.0405986
internal_weight=477.679 411.821 410.875 65.8585 24.7499 21.4032 19.2171 14.6989 4.51821 41.1085 5.24589 35.8626 3.97176 1.27413 410.018 404.064 397.846 9.00033 5.01346 3.98688 0.990359 2.99652 3.24122 2.58347 1.78737 35.1113 2.83801 27.1538 5.95336 5.84929 4.71156 2.85761 1.85395 388.845 373.518 15.3277 11.499 8.75943 6.60559 24.7061 12.6306 7.52868 5.10188 1.28866 6.21855 3.97152 2.43106 2.24703 6.78068 6.52667 2.72766 2.1861 0.720631 3.82865 1.24927 2.57938 2.42033 3.79902 1.48409 3.34669 0.988997 1.01409
internal_count=72995 30704 30690 42291 36439 22441 21247 17360 3887 5852 1633 4219 1174 459 30679 27628 23922 2927 1668 1259 252 1007 1456 1216 1148 4190 988 2726 3051 3019 2308 1030 1278 20995 18156 2839 1606 986 770 2421 15633 4662 10971 241 3706 1988 1522 1718 4027 4009 1340 1194 894 1233 468 765 716 2669 1998 13998 977 373
is_linear=0
shrinkage=0.05


Tree=121
num_leaves=63
num_cat=0
split_feature=19 15 15 18 36 16 33 31 18 2 2 16 16 33 32 8 8 15 32 19 1 1 4 7 18 7 2 2 33 8 8 4 1 7 5 18 7 4 16 7 7 33 4 15 36 1 7 36 36 6 33 32 15 18 9 31 33 35 19 33 1 36
split_gain=2.96804 0.748294 1.14239 1.89908 2.42784 1.22514 0.794006 0.777631 1.3166 0.861536 1.34218 1.16903 1.52343 1.12859 1.91637 1.77291 1.55578 1.39358 2.12267 1.27981 1.22025 1.60952 1.12633 1.29805 1.29688 1.12073 1.10097 1.08876 1.04504 1.57412 1.03413 1.03022 0.95957 0.953796 0.956507 1.4683 1.44812 1.88411 1.57472 1.49734 1.82322 1.32382 1.30048 1.14178 1.13077 1.05609 1.04416 0.989401 1.26046 0.946226 0.943207 1.21485 1.16819 1.26811 0.941086 0.91974 1.95263 1.84388 0.928726 0.96385 1.25838 1.90368
threshold=1.0000000180025095e-35 326.50000000000006 103.70833206176759 12.500000000000002 0.016977157443761829 1.4238294959068301 6.0527399909915411e-06 6.7625308020069507e-07 9.5000000000000018 19.500000000000004 16.500000000000004 1.0583582520484927 1.2458654642105105 9.9154846111559912e-07 2.5492259263992314 1640.5000000000002 1851.0000000000002 8.4316773414611834 4.273745298385621 1.5000000000000002 31.500000000000004 13.500000000000002 33.500000000000007 65.500000000000014 25.500000000000004 27.500000000000004 41.500000000000007 24.500000000000004 0.050945466384291656 1851.0000000000002 2160.5000000000005 20.500000000000004 11.500000000000002 475.00000000000006 6009.0000000000009 23.500000000000004 23.500000000000004 4.5000000000000009 1.0185971260070803 8.5000000000000018 10.500000000000002 5.5985690323723256e-06 1.0000000180025095e-35 0.97930938005447399 9.310649602412015e-06 15.500000000000002 12.500000000000002 0.005608834559097887 0.032191550359129913 4.8187332595261986e-06 7.5983109127264483e-05 3.4819382429122929 1.7514705657958987 41.500000000000007 1.0000000180025095e-35 0.011306644417345526 0.011097898706793787 0.04446640424430371 11.500000000000002 2.4315065729751954e-06 21.500000000000004 2.6264133339282129e-05
decision_type=2 2 2 2 2 2 2 2 2 2 2 2 2 2 2 2 2 2 2 2 2 2 2 2 2 2 2 2 2 2 2 2 2 2 2 2 2 2 2 2 2 2 2 2 2 2 2 2 2 2 2 2 2 2 2 2 2 2 2 2 2 2
left_child=-1 2 7 5 -5 -4 -3 8 -2 10 49 22 13 17 25 -16 -17 19 -19 20 21 -13 24 -24 28 -15 -18 -14 29 -11 -31 50 -12 34 35 36 39 -38 54 45 -41 44 -42 -43 -36 -32 -44 -48 -49 -9 51 -26 53 -52 -39 56 58 -57 59 -29 61 -61
right_child=1 6 3 4 -6 -7 -8 9 -10 11 32 12 27 14 15 16 26 18 -20 -21 -22 -23 23 -25 31 -27 -28 55 -30 30 33 -33 -34 -35 41 -37 37 38 -40 40 42 43 46 -45 -46 -47 47 48 -50 -51 52 -53 -54 -55 -56 57 -58 -59 -60 60 -62 -63
leaf_value=-0.050084716734375714 -0.00176541362667237 0.0030743775073788955 -0.034608375529903271 0.0014256037231246375 0.043322210090765645 0.0067953280478733908 -0.026442028912728312 0.029455090378761786 -0.054914408473781408 -0.0352697065625368 -0.00045510505308455804 0.023197140698882041 -0.021541197548096028 0.0022278947759334878 -0.018998350907301384 0.052884135491578423 0.048430961808127337 -0.057833008280400292 0.010361362330612973 -0.012334816628098093 0.039154979574929916 -0.023594672946423416 -0.04752444207934238 -0.0079114215099831062 -0.031075240749434165 -0.03978700311779336 0.013458681496035782 0.0030366153721076462 0.029000446582648734 0.023493991968923975 -0.0054740543682944912 0.014624314784644791 0.029947194574377747 0.033942248430829318 0.01446820231987544 0.035585523476016109 -0.035012374962372493 -0.034326323595654483 0.024607328529337794 0.048787590869911711 -0.045097778235006991 0.043887989781152485 -0.019378165214352608 0.0052022295375231883 -0.029474325190533314 -0.05430398937876562 0.041602979916227273 -0.035758883927951138 0.028544408200917505 -6.1853087472382086e-05 -0.03921108566828857 0.02370416431054775 -0.057460481646435385 0.018179498501957762 -0.0040509437885118431 0.034132753767528987 -0.034893859737375091 -0.0078350082092178593 0.022897087580258418 -0.027232034918527104 -0.010638236146131986 0.0023539644659711701
leaf_weight=2.999726820987461 3.4647785515990099 3.8992821143474412 2.8505164757370975 6.9053205156815221 6.9260111334733665 4.7873295154422522 5.4812548351474106 2.8808196283644056 1.7556315492838619 3.5171938573475918 3.8062937850190783 4.3747869844082796 6.620515940769109 4.6929071428021407 3.2198662320151916 3.2205854426138094 2.4505867345724281 2.4866447702515861 2.1088343355804682 7.0698218338657162 3.5308110774494708 3.1690724308136851 3.3592272553069034 5.380221086088568 2.1251648483157606 2.3983822993468493 27.554903338721488 73.371769304649206 2.7020975631894535 4.0648650421062476 3.4487821296206702 1.9965177670164838 8.1582774547277932 1.7333996345696494 2.6193483700044435 1.8973119112779375 9.2719230419825198 4.0280242536682618 3.2351756507996461 2.5464764541247851 1.3101992149604473 3.2494002341409214 2.383462062571196 4.617875762633048 3.3191363718360662 1.6309714099625123 2.7662973267142661 1.3529358002706433 1.7450152792880542 47.210652493715315 2.5125752228923375 1.9324186362791804 3.2385338908643462 1.5602415681933051 7.07557695878495 5.3226151522248966 4.3355901530012479 5.1491817678324878 3.9930065604858092 5.9273198384325942 46.749609213555232 65.730700108993915
leaf_count=60967 97 64 94 114 90 86 87 65 57 76 111 83 185 101 57 51 58 76 35 133 66 77 167 182 119 59 554 1554 91 113 108 57 209 78 41 76 612 133 53 60 68 44 94 113 89 189 111 67 99 1407 180 60 159 73 478 72 76 94 63 111 1200 1052
internal_value=-0.000506743 -0.000191807 9.15469e-05 0.0113546 0.0224052 -0.00865693 -0.0141727 -0.000456307 -0.0196395 -0.0002267 0.00522947 -0.00113178 0.000448539 0.00708399 0.0117994 0.0164266 0.0198595 -0.001944 -0.0265391 0.00428522 0.0148951 0.00354054 -0.00607531 -0.0231377 -0.00425418 -0.0119822 0.0163149 -0.00157622 -0.00147494 -0.00272616 -0.00088878 -0.0185014 0.0202753 -0.00259083 -0.00371169 -0.00741129 -0.00941101 -0.0174477 -0.00608985 0.00163129 0.0111926 0.00772872 0.0011763 0.0211805 -0.0100921 -0.021152 0.00852722 0.0198691 0.000461903 0.0016357 -0.0243187 -0.00498662 -0.0350474 -0.0172255 -0.0150339 -0.000948536 -0.00170445 0.0134964 -0.000969435 -0.00146636 -0.00425664 -9.32938e-05
internal_weight=475.224 472.224 462.844 21.4692 13.8313 7.63785 9.38054 441.374 5.22041 436.154 62.056 374.098 283.478 66.2772 43.5372 36.4459 33.2261 22.74 4.59548 18.1445 11.0747 7.54386 90.6204 8.73945 81.8809 7.09129 30.0055 217.2 68.5155 65.8134 62.2962 13.3655 11.9646 58.2313 56.4979 42.6922 40.7948 23.6107 14.3388 17.1841 12.1044 13.8058 9.55791 7.86728 5.93848 5.07975 8.24771 5.86425 3.09795 50.0915 11.3689 4.05758 7.31135 4.07282 11.1036 210.58 200.108 10.4718 195.772 191.779 118.408 71.658
internal_count=72995 12028 11877 384 204 180 151 11493 154 11339 1792 9547 5757 1350 880 720 663 470 111 359 226 160 3790 349 3441 160 612 4407 2793 2702 2626 648 320 2513 2435 2148 2072 1276 664 796 499 287 439 157 130 297 371 277 166 1472 591 179 412 253 611 4222 4056 166 3980 3917 2363 1163
is_linear=0
shrinkage=0.05


Tree=122
num_leaves=63
num_cat=0
split_feature=19 4 0 33 18 2 17 17 16 0 7 16 6 8 1 8 33 18 8 16 6 16 33 17 4 7 8 6 6 18 8 1 7 32 18 32 2 19 2 33 36 16 7 4 36 7 16 18 6 19 16 33 19 2 1 19 35 0 1 36 8 32
split_gain=2.8146 1.6215 0.894803 0.829579 0.902227 0.744148 1.31567 1.74952 1.19054 1.83956 2.44926 1.62789 1.56851 1.51658 1.21486 1.37816 1.30633 1.38299 1.19517 1.1801 1.41421 1.17316 1.60717 1.22794 1.16607 1.16082 1.5984 1.50667 1.33665 1.19094 1.09092 1.08764 1.45597 1.7297 1.61218 1.09981 1.11227 1.14596 1.08467 1.44922 1.08748 1.05217 1.036 1.03198 1.19247 1.18558 1.02062 1.01607 1.52942 0.99901 1.64507 0.985102 0.963814 1.38071 1.09989 1.90694 1.06152 1.12599 1.03591 1.58634 1.07531 1.05245
threshold=1.0000000180025095e-35 1286.0000000000002 0.62610244750976574 2.4315065729751954e-06 9.5000000000000018 22.500000000000004 1.6476489305496218 1.8483139872550967 1.0718141198158266 0.77809524536132824 18.500000000000004 1.2458654642105105 6.0346180816850401e-06 4292.5000000000009 40.500000000000007 2338.5000000000005 5.5985690323723256e-06 25.500000000000004 1640.5000000000002 0.66272228956222545 0.075698308646678938 1.0650178194046023 0.047691624611616142 1.2624600529670718 1.0000000180025095e-35 90.500000000000014 5082.0000000000009 0.0003446436749072746 0.00073253497248515498 33.500000000000007 2679.0000000000005 10.500000000000002 8.5000000000000018 1.9974078536033633 14.500000000000002 0.46958591043949133 3.5000000000000004 1.5000000000000002 80.500000000000014 0.050945466384291656 0.096638768911361708 1.0067931413650515 5.5000000000000009 2.5000000000000004 0.01040452439337969 12.500000000000002 0.87917694449424755 46.500000000000007 0.0003495026176096872 2.5000000000000004 0.93056705594062816 0.0012671315926127138 10.500000000000002 2007.0000000000002 36.500000000000007 2.5000000000000004 0.021980676800012592 0.68045234680175792 31.500000000000004 0.00082428017049096536 1389.5000000000002 2.9199811220169072
decision_type=2 2 2 2 2 2 2 2 2 2 2 2 2 2 2 2 2 2 2 2 2 2 2 2 2 2 2 2 2 2 2 2 2 2 2 2 2 2 2 2 2 2 2 2 2 2 2 2 2 2 2 2 2 2 2 2 2 2 2 2 2 2
left_child=-1 2 3 -2 -5 21 -7 -8 9 12 -11 14 41 49 16 -16 17 30 -18 -14 25 22 23 24 46 26 38 -27 -29 -30 -10 32 42 34 -34 -33 -37 -38 40 -40 43 -9 -23 45 -45 -21 -4 52 -49 50 -12 -50 54 -54 58 -56 -57 -58 60 -60 -13 -62
right_child=1 -3 5 4 -6 6 7 8 11 10 13 47 19 -15 15 -17 18 -19 -20 20 -22 31 -24 -25 -26 27 -28 28 29 -31 -32 35 33 -35 -36 36 37 -39 39 -41 -42 -43 -44 44 -46 -47 -48 48 51 -51 -52 -53 53 -55 55 56 57 -59 59 -61 61 -63
leaf_value=-0.050080802434875261 -0.052543787789540178 -0.03883990825018141 -0.016629256523861085 -0.032207018211546694 0.015326355839751962 -0.031179039999392907 0.039010770107252554 0.013402410057530996 -0.02869803761157479 0.040658067257657818 -0.047923107046474581 0.010697656647812184 0.004242522326253175 -0.030715849420542646 0.050234406652051401 0.0083312464494969384 -0.017925797229950934 0.019303357258735124 0.014653248213515602 -0.049880268695577573 -0.060496278290980379 -0.0047722879320183167 -0.036569379846239314 0.028637528138688084 -0.027439718678980297 0.021877239146976146 -0.045011067985019443 -0.046880240259695755 0.011522841868923019 -0.051905307674497941 -0.00094645142569693111 -0.025961384319900211 -0.0084613949596188294 0.010650460224247867 -0.05473256263061789 0.040217014032897042 0.0025103055585830787 0.038377420022799709 -0.026941432688605983 0.028598957103406316 -0.03736344835320201 -0.02188483396984928 0.034083522251882513 -0.0047390113274143877 0.031600615243233973 -0.0032752392092047383 0.02488194496938162 -0.039455158558231639 0.01676658571204729 0.039217551123240109 0.017475954458863945 -0.02026404365615123 0.031428263558571617 -0.0036889441900554345 -0.020809766063278778 0.024576848313482686 0.020225581465227391 -0.019614655704871618 0.028659273683495586 -0.0022818706388072485 -0.009597121671870705 0.00034040489430189538
leaf_weight=2.8368833176575654 1.4441980629926536 2.6893839299737001 2.0114536196706521 1.9868399202823641 2.0064325780840591 3.4697248927550381 2.8165642796084276 11.199849011143668 5.9821893444168408 4.6708602671278632 1.3868633195525015 18.51236737286672 9.6850227859176794 3.3363030541513581 3.465235849376767 4.5238839698140509 3.1068831677548578 4.5430454993620506 29.975153931765817 1.8389028070960254 1.6352084949612606 5.5476102523971367 1.4539728351082875 11.761915296530786 2.1935566476895474 4.8540845116949622 4.6186609242577097 2.1779701396008022 4.0936047163631883 0.90337280408130016 8.6789029089268279 2.3945954605005708 3.4436478621064435 3.0829115974192973 4.1524668346974067 2.6412999483291086 22.332561237009944 2.4736484542954704 15.934543684270468 1.2679690178483713 2.3425461837032335 2.6035304381512097 2.4834484725724906 5.5872179729631153 3.7880503255000804 5.2905840434250422 5.6118823116412386 4.191251805983482 3.6507875646930188 2.090458769351244 3.1356357129989192 3.5349582226481289 5.6929609142243844 5.5061828931793571 16.878730082418773 4.4509403555421141 2.6971605513244867 5.1788071640767157 7.9165177517570582 8.6894848479423654 35.345353394310223 108.21468923367502
leaf_count=60967 89 26 134 93 62 102 67 227 147 87 103 349 776 94 58 89 60 81 598 95 30 121 88 529 84 140 232 98 243 71 187 67 82 92 55 35 574 35 702 27 103 63 47 171 153 211 125 94 86 44 72 87 76 78 644 76 43 117 157 236 650 1866
internal_value=-0.000427455 -0.000127224 9.59625e-05 -0.0200686 -0.00832372 0.000333778 -0.000527423 -0.000251893 -0.000540496 -0.00548314 0.0107898 0.00103105 -0.00854032 -0.00323233 0.00834684 0.0265065 0.00557212 -0.0048008 0.0115936 -0.0118365 -0.0147026 0.0050192 0.0143125 0.0177409 0.00468529 -0.0132816 -0.0173176 0.000363314 -0.0141916 5.60572e-05 -0.01227 0.00061054 -0.00884063 -0.0209363 -0.0337558 0.00653613 0.00937131 0.00608694 -0.0137695 -0.0228476 -0.00548363 0.00674669 0.00724311 -0.000958879 0.00994391 -0.015296 0.013929 -0.000882346 -0.0154512 0.0106334 -0.00257923 -0.00145027 -0.000125787 0.0141625 -0.000895527 -0.00989128 0.00505895 -0.00597119 0.000574862 0.0124686 -0.000643773 -0.00210627
internal_weight=472.012 469.175 466.485 5.43747 3.99327 461.048 389.463 385.993 383.177 92.4412 14.6201 290.735 77.8211 9.94926 60.2753 7.98912 52.2862 19.2041 33.082 64.0177 54.3327 71.585 23.0328 21.5788 9.81689 52.6975 40.6685 12.029 7.17495 4.99698 14.6611 48.5522 18.7101 10.679 7.59611 29.8421 27.4475 24.8062 36.0498 17.2025 18.8473 13.8034 8.03106 16.5048 9.37527 7.12949 7.62334 230.46 11.377 6.61296 4.5225 7.18575 219.083 11.1991 207.884 29.2056 12.3269 7.87597 178.678 16.606 162.072 143.56
internal_count=72995 12028 12002 244 155 11758 9690 9588 9521 3742 400 5779 3342 313 1220 147 1073 415 658 3052 2276 2068 960 872 343 2246 1694 552 412 314 334 1108 397 229 137 711 644 609 1462 729 733 290 168 630 324 306 259 4559 267 219 175 173 4292 154 4138 880 236 160 3258 393 2865 2516
is_linear=0
shrinkage=0.05


Tree=123
num_leaves=63
num_cat=0
split_feature=19 0 1 1 18 16 18 36 35 33 36 5 4 18 32 0 0 0 9 19 17 17 4 33 18 0 19 17 2 31 15 18 0 36 32 16 32 16 32 17 18 32 18 4 33 17 8 33 1 16 9 2 16 5 31 8 8 36 33 15 32 2
split_gain=2.65788 0.837304 0.820417 1.55898 1.54662 1.38723 1.38644 2.86092 1.80279 1.74343 1.59378 1.83042 1.57872 1.51441 1.50395 1.18973 1.03227 0.991772 1.30599 0.976195 2.58335 0.874281 0.853766 0.764484 0.934501 0.733985 0.79388 0.730629 0.683896 0.62261 0.572618 0.536902 1.14143 2.36153 1.07449 1.40366 1.20534 1.07194 2.01824 1.37528 1.28269 0.953321 1.29475 1.31833 1.235 0.96671 0.918162 0.869662 0.892628 1.21093 2.00428 1.11425 1.03027 0.868007 3.91611 1.41081 1.2951 1.11864 2.48198 1.22137 1.70357 2.1483
threshold=1.0000000180025095e-35 0.62610244750976574 40.500000000000007 38.500000000000007 13.500000000000002 2.0582987070083623 17.500000000000004 2.8082928110961806e-05 0.021054964512586597 0.003230884089134634 0.0002156195405405015 3021.5000000000005 12.500000000000002 24.500000000000004 2.783414483070374 0.71195602416992199 0.70793342590332042 0.68629646301269542 1.5000000000000002 3.5000000000000004 7.895503282546998 30.7179069519043 35.500000000000007 2.4315065729751954e-06 9.5000000000000018 0.81443023681640636 1.5000000000000002 7.895503282546998 3184.5000000000005 6.579429623343459e-07 1.6684981584548952 21.500000000000004 0.79561233520507824 0.013148446101695301 1.4128521084785464 0.95474797487258922 3.117194771766663 1.2970388531684878 2.2000944614410405 3.8749305009841923 22.500000000000004 3.8547390699386601 44.500000000000007 20.500000000000004 0.014479817356914284 2.9865030050277714 2488.5000000000005 0.014080006163567306 26.500000000000004 2.5950433015823369 5.5000000000000009 742.00000000000011 1.7985972762107851 3344.5000000000005 0.00082402609405107807 1298.5000000000002 1255.5000000000002 0.096638768911361708 0.023873182944953445 2.0836167335510258 2.3044190406799321 46.500000000000007
decision_type=2 2 2 2 2 2 2 2 2 2 2 2 2 2 2 2 2 2 2 2 2 2 2 2 2 2 2 2 2 2 2 2 2 2 2 2 2 2 2 2 2 2 2 2 2 2 2 2 2 2 2 2 2 2 2 2 2 2 2 2 2 2
left_child=-1 23 3 25 21 6 7 -4 16 13 -9 17 -11 14 -10 -15 -8 18 -12 20 30 -5 -7 -2 -25 28 27 -27 29 -3 -13 53 34 -34 -33 36 -36 41 -39 -40 -41 44 43 -43 45 -37 -45 48 49 50 52 -50 -42 55 56 -31 -55 58 59 -57 -61 -62
right_child=1 2 5 4 -6 22 8 10 9 12 11 19 -14 15 -16 -17 -18 -19 -20 -21 -22 -23 -24 24 -26 26 -28 -29 -30 31 -32 32 33 -35 35 37 -38 38 39 40 47 42 -44 46 -46 -47 -48 -49 51 -51 -52 -53 -54 54 -56 57 -58 -59 -60 60 61 -63
leaf_value=-0.050077011210024759 -0.051603084343394848 -0.025954295808685624 0.036459722143459605 -0.017289939197130618 -0.040172489543460511 -0.03189303320785225 -0.036514357011543305 -0.047467900454029384 0.061979498535893345 0.020011663735617569 0.027607576269977303 0.00086110181440599703 0.071592631303842108 -0.028502112762420991 0.00903792836338492 0.021231168757637111 0.012075955935610561 -0.045232699458967789 -0.045349324087734497 0.039081204676071235 -0.036520612433556421 0.026172603129022445 0.011484271118325758 -0.032947592012770963 0.015082205092234844 0.014811393291189669 0.023905809550973732 -0.016347877741578889 -0.017538631637107338 -0.023779244335131323 0.043165199300296289 0.033116175200649883 -0.058038156731160022 0.0086085483014687048 -0.049902772293438979 -0.0061585153195637494 -0.0068044078677065717 -0.043620111487491849 0.015667782860012362 -0.030914962154775124 -0.010202092439625868 -0.046539978275780741 0.02389786200564066 -0.023352110527363759 -0.012419842700852418 0.021049027283607507 0.019239819808207482 0.024849954528248019 -0.023156250522135879 -0.028794192095830912 0.026363550147037229 0.016136295937986125 0.012571649964185248 0.036175253048567599 -0.066231579695240711 -0.0023889143658646418 -0.00084561170620404036 -0.0084560198350551573 0.054024144468134909 0.032312559812173298 -0.021936859170305367 0.010704220930135951
leaf_weight=2.6830012850480207 1.3937433493556444 2.353256684029474 4.3149742054520202 2.9787791332928446 4.9103010357939638 3.53533306706231 1.9873794691520767 2.3443563855253187 2.3582482205238211 2.7592125128721809 1.4844681321410456 1.2097010841825961 3.208273894211743 2.7138352156616747 3.1113083579693921 2.1593597793253139 2.4289117702282965 2.9424202688096557 1.0453640609048305 2.3379693934693933 2.6224512822227553 1.8919993378221986 1.6703145569190381 2.0037919148453511 2.0476467341068201 3.9700625013210793 6.4799349933746271 3.5758063857792877 5.850569963513407 4.1957800016971296 2.3613136163330637 2.150025824957992 2.7301022382453075 2.590193803072907 2.7861849955515927 4.0194753811229083 3.8834925585615565 3.1994268163107327 8.6097707074950431 4.6596506267669602 19.16679975902662 2.5790099311270733 2.5181525582447648 2.5999313583597541 4.6772937317145979 17.388852281088475 2.4649939080700278 2.5667429682798675 10.516095092985777 3.5353962206281713 6.7109534030314526 2.1779551021754733 6.7029222627170375 2.3988577174022785 2.2836079257540396 27.726387915980013 155.36984959803522 12.088384424965623 2.8069770032161605 7.6742984378943211 5.681223338819108 44.723123376053991
leaf_count=60967 89 63 89 152 220 183 78 77 40 88 49 81 44 103 82 60 77 199 85 37 135 43 26 93 62 130 122 80 97 99 75 66 48 56 275 81 233 95 175 91 341 50 40 69 100 377 47 40 261 67 108 42 121 47 43 944 3593 481 69 132 161 917
internal_value=-0.000453945 -0.000168994 6.08487e-05 -0.000645163 -0.0203703 0.00635186 0.00941146 0.000246279 0.0185486 0.0262218 -0.00931206 -0.00292439 0.0477429 0.0138047 0.0318642 -0.00646482 -0.00979022 -0.0254955 -0.00253929 0.0115532 0.00116166 -0.000407401 -0.0179747 -0.0196612 -0.00867274 -0.000169269 0.0110691 4.57617e-05 -0.000572011 -0.000314539 0.0288345 -0.000157076 -0.0029588 -0.0255911 -0.0018924 -0.00257195 -0.0248083 -0.00114718 -0.00485589 -0.00293739 -0.005796 0.00579448 -0.00719699 -0.0174406 0.0108555 0.0159407 -0.0026235 -0.00351782 -0.00500958 -0.00100091 0.00201499 -0.0164147 -0.00430135 0.0010932 -0.00122366 0.0046283 -0.000282713 0.00581193 0.00775835 0.00624483 0.0103665 0.00702515
internal_weight=469.916 467.233 461.788 415.193 9.78108 46.5952 41.3895 20.663 20.7265 16.3102 16.348 14.0037 5.96749 10.3428 5.46956 4.87319 4.41629 5.47225 2.52983 8.53144 6.19347 4.87078 5.20565 5.44518 4.05144 405.412 14.0258 7.54587 391.386 385.535 3.57101 383.182 118.233 5.3203 112.913 110.763 6.66968 104.093 67.8457 64.6463 56.0365 36.2477 10.1621 7.64394 26.0856 21.4083 5.06493 51.3769 48.8101 36.1161 32.5807 12.6941 25.8697 264.948 160.052 104.896 157.769 100.7 88.612 85.805 58.0786 50.4043
internal_count=72995 12028 11784 10176 415 1608 1399 827 572 417 738 661 132 285 122 163 155 333 134 328 291 195 209 244 155 9761 332 210 9429 9332 156 9269 2783 104 2679 2613 508 2105 1341 1246 1071 764 206 166 558 458 116 980 940 637 570 303 462 6486 3683 2803 3640 2704 2223 2154 1210 1078
is_linear=0
shrinkage=0.05


Tree=124
num_leaves=63
num_cat=0
split_feature=19 2 2 1 33 17 0 5 36 9 2 32 17 18 18 15 0 0 15 33 15 33 1 1 18 1 1 4 4 5 36 36 1 5 15 17 1 4 18 4 15 0 0 8 33 1 4 5 18 5 8 8 33 17 19 2 33 17 2 32 15 15
split_gain=2.50981 0.872137 1.59264 1.09508 1.34482 1.07011 0.860335 0.974108 1.87787 1.69256 1.76723 1.44017 1.68388 1.25617 1.21255 1.08765 1.49286 1.25958 1.52334 1.03058 0.924357 1.56978 1.34445 1.0408 1.27985 1.18269 1.75408 1.00566 0.932455 1.64667 1.04772 1.00101 0.946689 0.921717 1.00916 1.14767 0.916735 0.895632 0.883908 3.24913 2.56747 1.40524 1.27628 1.22407 1.04347 1.04287 1.09526 0.872797 2.05116 1.16519 0.815046 1.02733 1.21467 1.45989 0.827798 1.08593 1.14729 0.762607 0.756145 2.2269 1.52466 1.09999
threshold=1.0000000180025095e-35 19.500000000000004 16.500000000000004 11.500000000000002 8.2311518781352802e-05 1.8483139872550967 0.69093704223632824 6011.5000000000009 0.00048659162712283438 5.5000000000000009 64.500000000000014 3.3097821474075322 10.751177787780763 17.500000000000004 16.500000000000004 8.0050001144409197 0.75005722045898449 0.71336460113525402 1.6036705970764162 6.0165323247929345e-06 1.3144462704658511 0.00085620602476410579 23.500000000000004 45.500000000000007 4.5000000000000009 8.5000000000000018 11.500000000000002 44.500000000000007 1.0000000180025095e-35 6011.5000000000009 0.0010767452768050136 6.9646110205212622e-05 27.500000000000004 5553.5000000000009 14.510000228881838 3.3481972217559819 7.5000000000000009 7.5000000000000009 11.500000000000002 10.500000000000002 4.945906639099122 0.67891025543212902 0.67163276672363292 2175.5000000000005 0.0015884453314356508 24.500000000000004 3.5000000000000004 4147.5000000000009 27.500000000000004 5422.5000000000009 3982.0000000000005 4740.0000000000009 5.5985690323723256e-06 6.5972311496734628 5.5000000000000009 137.50000000000003 2.4315065729751954e-06 22.564919471740726 96.500000000000014 3.5961956977844243 0.76980057358741771 1.1744564771652224
decision_type=2 2 2 2 2 2 2 2 2 2 2 2 2 2 2 2 2 2 2 2 2 2 2 2 2 2 2 2 2 2 2 2 2 2 2 2 2 2 2 2 2 2 2 2 2 2 2 2 2 2 2 2 2 2 2 2 2 2 2 2 2 2
left_child=-1 2 -2 5 -5 -4 20 8 9 10 14 -12 -13 -14 19 16 17 18 -11 -8 21 47 -23 24 33 -26 -27 28 30 31 -28 37 -31 34 35 -22 -21 -30 39 41 43 42 45 -40 -42 -33 -47 48 -3 -49 54 -52 53 -53 55 56 -9 -17 59 -10 -60 -62
right_child=1 6 3 4 -6 -7 7 50 58 15 11 12 13 -15 -16 57 -18 -19 -20 36 23 22 -24 -25 25 26 27 -29 29 32 -32 38 -34 -35 -36 -37 -38 -39 40 -41 44 -43 -44 -45 -46 46 -48 49 -50 -51 51 52 -54 -55 -56 -57 -58 -59 60 -61 61 -63
leaf_value=-0.050073742166099611 0.0013057015397389881 -0.058966889935692414 -0.027479162372462597 0.0091441962322654207 0.048861312648651942 0.026435782883270212 0.012870284383766098 0.021760336672393826 0.0034176859697954581 0.0066972093959935738 -0.056753369982032481 0.0035556441794877985 -0.017147118033819513 -0.060012806629515525 0.022778954525711676 0.025181463113131675 -0.041635593857026226 0.012843054318946057 -0.055399340569006854 -0.0049074674340431439 0.021723602330481956 0.044491491668281147 -0.014999527978479045 0.016886938321854825 0.019172245582758873 -0.03372330987016036 0.0075354777628741376 -0.020200886181624928 0.0079160668360269831 -0.039655947001726415 -0.041142927065461812 -0.025758462102723052 -0.0014683610185676483 -0.043476039201529523 0.014282012921663471 -0.042305599099040955 -0.051687421819207463 0.050571024442072433 -0.03892175561741152 -0.051265663935365503 0.035560924878351961 -0.029749726012476132 0.049690234638602865 0.002172579775660391 0.0014984052016157301 0.03999109886387895 -0.010492230886846948 0.012459922679673718 0.012896837658221437 -0.029024624642307269 0.038145545360611918 0.012558519413546016 0.028018104420551922 -0.031029631028494088 0.023524844998786862 -0.022690243358184994 -0.017434044958435622 -0.0050359213642184042 -0.037848200766829876 0.057538601344564289 0.023797651319463903 -0.0014533794171328572
leaf_weight=2.5397390376565445 50.06279805298982 3.8366784706595372 1.9050479696597897 3.850325059524037 4.7738224237691611 1.780547122689313 2.2063077250495571 4.8021784826414677 92.780362919518666 2.0844510151073359 3.6926576259429558 4.3615317636867967 3.8650287319906056 3.063977331854403 3.22998184786411 5.4982082672649977 2.7601322214031816 6.6971575407660566 1.8769959221826864 2.0053176587680355 0.92443525337148313 1.7340705219248769 2.0995202696358319 6.0940456624084609 5.9306100931426036 4.6522047935286528 1.8919220166280855 6.5392675412003873 2.6433411921607322 3.2264478843426323 2.6588717130944133 1.9288688878878 3.2655537902610376 3.2257125317119062 2.472041574656032 2.8806272980582435 2.192132182943169 2.3026759856147692 2.5802670381963271 3.0851061034481964 8.1388920652680081 2.0773453289875752 2.1235282560810447 6.0868161753751338 3.1065616681007659 2.5067963786423206 1.880235527642071 2.7082701468025334 1.3396276600542476 4.5135197548661381 3.9394644719432135 5.5519603253342193 5.2806851550121783 2.9372878246940672 3.0680544767528763 5.346280216705054 3.0547900105884764 3.366395054385066 2.8013424728560485 1.9404416135512281 4.4728419353996278 120.62298599540372
leaf_count=60967 1487 184 43 106 109 68 51 93 2637 45 79 108 93 51 70 112 46 113 60 59 35 38 95 197 133 94 44 169 78 86 87 55 109 122 104 169 64 52 87 130 183 66 41 145 82 64 70 79 34 137 67 116 87 60 33 114 70 44 177 31 134 2632
internal_value=-0.000504568 -0.000233437 0.00526757 0.0213802 0.0311293 -0.00143232 -0.00108705 0.000230461 -0.000775351 -0.00986822 -0.0189053 -0.0296475 -0.0207824 -0.0361021 -0.00219803 0.000115239 -0.00886314 -0.000376445 -0.0227251 -0.0147961 -0.00514847 -0.0160525 0.0119104 -0.00299589 -0.0045875 -0.0021391 -0.00422147 -0.00177247 0.000661888 0.00284529 -0.0209056 0.00677698 -0.0204471 -0.0217536 -0.0105907 -0.0267498 -0.0293385 0.0277746 0.00367818 -0.00614657 0.0103893 0.00708916 0.016157 -0.0100616 0.0261511 0.00488244 0.0183545 -0.0246988 -0.0403686 -0.0134674 0.00820807 0.0156306 0.00918931 -0.00252302 0.000129478 -0.00530693 0.00652156 0.0137062 0.0011403 0.0045264 -0.00136745 -0.000550521
internal_weight=466.865 464.325 62.3725 12.3097 8.62415 3.6856 401.953 303.499 269.518 46.9003 24.6169 14.9832 11.2905 6.92901 9.63374 22.2833 13.4187 10.6586 3.96145 6.40376 98.4539 16.2317 3.83359 82.2222 76.1281 66.6253 60.6947 56.0425 49.5032 44.9524 4.55079 38.4604 6.492 9.50282 6.2771 3.80506 4.19745 4.94602 33.5144 13.6019 19.9125 10.5168 8.43943 8.66708 11.2455 6.3159 4.38703 12.3981 5.17631 7.22179 33.9807 17.7094 13.7699 8.48925 16.2713 13.2032 7.85697 8.8646 222.618 94.7208 127.897 125.096
internal_count=72995 12028 1813 326 215 111 10215 7246 6606 995 575 331 252 144 244 420 264 218 105 174 2969 567 133 2402 2205 1775 1642 1548 1379 1248 131 1053 195 430 308 204 123 130 923 426 497 296 230 232 265 189 134 434 218 216 640 330 263 176 310 277 163 156 5611 2668 2943 2766
is_linear=0
shrinkage=0.05


Tree=125
num_leaves=63
num_cat=0
split_feature=19 36 2 19 18 8 5 1 7 7 0 32 17 1 32 1 34 19 2 32 17 31 12 2 33 8 33 32 33 7 31 6 17 32 32 8 18 18 32 17 17 1 0 17 35 1 18 0 18 2 18 0 8 18 17 1 32 36 2 18 0 0
split_gain=2.39375 1.06159 1.76035 1.10658 0.986153 1.36918 1.06764 0.933127 1.03794 1.39663 0.99219 1.02688 1.25622 0.786632 1.322 1.20396 0.746023 1.02984 0.81113 1.76507 1.13095 3.15813 1.43382 1.0561 1.75609 1.78859 2.39874 1.39015 1.17357 1.96461 1.24558 1.21443 1.1241 1.2714 1.28463 1.05122 1.22468 2.68394 1.36234 1.17398 1.93636 1.13701 1.50721 1.09383 1.31317 1.09334 1.04792 1.59908 1.04606 1.16554 1.21149 1.1872 1.53104 1.04412 1.22942 1.02975 1.02388 1.01206 1.31321 0.997893 0.894411 1.24867
threshold=1.0000000180025095e-35 6.0246031807764675e-06 3.5000000000000004 2.5000000000000004 12.500000000000002 3519.5000000000005 5343.5000000000009 45.500000000000007 3.5000000000000004 101.50000000000001 0.63718414306640636 1.8355585336685183 8.2404446601867694 18.500000000000004 2.1520605087280278 39.500000000000007 0.52047845721244823 2.5000000000000004 96.500000000000014 3.5552211999893193 9.4709076881408709 0.0027273151790723209 1.0000000180025095e-35 58.500000000000007 0.0027149126399308447 3200.5000000000005 5.9865337789233317e-06 3.0156342983245854 0.00036303928936831659 19.500000000000004 0.00014287873636931184 0.00096344467601738881 6.7298219203948983 2.783414483070374 2.6190134286880498 2962.5000000000005 21.500000000000004 23.500000000000004 2.6329318284988408 1.9775874614715578 1.7233946919441225 14.500000000000002 0.66329383850097667 2.3594870567321782 0.087121214717626586 7.5000000000000009 6.5000000000000009 0.72002601623535167 34.500000000000007 58.500000000000007 25.500000000000004 0.69975471496582042 2020.5000000000002 8.5000000000000018 1.0373247265815737 2.5000000000000004 3.3632726669311528 0.0013654600479640069 39.500000000000007 11.500000000000002 0.6657695770263673 0.68723106384277355
decision_type=2 2 2 2 2 2 2 2 2 2 2 2 2 2 2 2 2 2 2 2 2 2 2 2 2 2 2 2 2 2 2 2 2 2 2 2 2 2 2 2 2 2 2 2 2 2 2 2 2 2 2 2 2 2 2 2 2 2 2 2 2 2
left_child=-1 3 -3 4 13 6 -6 10 -9 -10 11 -4 -13 14 -2 -15 18 -18 19 20 22 -22 23 27 25 28 46 32 29 -25 -31 -30 35 34 -34 60 39 -38 45 40 53 43 -43 -41 -45 -39 -27 -48 49 -23 51 -51 -53 54 -37 -28 -20 58 -46 -55 -12 -62
right_child=1 2 7 -5 5 -7 -8 8 9 -11 16 12 -14 15 -16 -17 17 -19 56 -21 21 48 -24 24 -26 26 55 -29 31 30 -32 -33 33 -35 -36 36 37 38 -40 41 -42 42 -44 44 57 -47 47 -49 -50 50 -52 52 -54 59 -56 -57 -58 -59 -60 -61 61 -63
leaf_value=-0.050071022325144703 0.030405422129464611 0.031831364243578623 0.019836443780110666 0.013041855174610682 -0.042558239422365786 -0.06394918450298763 0.014963454988921966 0.039426048902315491 -0.0018616487636271305 0.040273183514780597 0.0090751809997532806 -0.041828420414204287 0.0012947380561183052 -0.043711482622574772 -0.012231009661201837 0.0059711982194513491 -0.0062368718229478372 0.022955003401794488 -0.014828751722174658 0.044884497921716775 0.045756580302778509 -0.0168909167801999 0.033740222278013772 0.012923965837845093 -0.051940785470569219 -0.029627837803246761 -0.06509804915563612 0.026027178383217844 0.046119522693774923 0.001731171742169843 -0.045947183022489652 0.0011010265872788293 -0.0024649734413423139 -0.0090993343500588349 0.047525943198386267 -0.037028956354253489 0.069164276556324136 0.024905956419199429 0.032636765411775161 -0.02231063911890396 0.048190620120606487 0.018046240514867546 -0.02916420076673806 0.045599345768672583 0.035269901762601037 -0.027197445870100669 -0.014306454565074515 0.034889565529783208 -0.026858968707388603 0.034987949963191461 0.052842242947028689 0.010063508507279641 -0.044165834760741235 0.033727964778272536 0.0061899600929535906 -0.025078608837971302 -0.0016285475115774316 -0.027174290096171255 -0.0097046342954913677 -0.0043258607900752682 -0.022398810803371833 -0.0036229840280329441
leaf_weight=2.4117923592029902 2.619386252947157 4.4144687475636593 1.5463177799829262 4.0903160387533708 1.563048720592632 2.2094686201307923 1.6670292820781469 2.838084719143807 10.498041605300385 2.4200820871046735 10.560072139429392 4.3584188930690289 2.7571874823188409 3.0735270595177999 5.9429120872227941 2.0213368732947856 4.8697814055267354 7.9592154846759513 16.038739993935451 2.3461907227756447 5.2555896731501006 3.9031456999946412 3.089765740078291 8.057574155507611 2.1301144228782496 1.92299729952356 2.0208691816078481 5.5145719452993935 3.0019818294094867 2.3870587363489895 3.2144994071859401 2.9903170266188681 1.9076217577676269 2.9395637463894673 3.9380078992253402 2.6612330324715021 2.2103461740771291 1.4825692991726098 3.0360471876338124 3.2673916763451443 2.9148614761070339 2.1557096480973978 7.8354533553501824 2.158052972983568 3.1336180324433354 3.1378114074323094 3.0564544115914032 3.5940951441880316 2.7144112428359213 2.8728132651594915 1.7643464536522504 5.3499319362454116 1.7199861559056442 3.927061675931327 4.3111132230842486 7.8568000033847056 174.71662803929939 2.2127367986831814 3.3671032442362048 3.0692075622500852 10.515270571893778 56.085023829298734
leaf_count=60801 61 89 70 73 44 53 65 73 418 102 267 171 112 119 110 56 205 182 487 40 75 127 133 194 49 73 28 131 50 61 82 50 78 100 95 103 37 30 72 66 86 90 419 57 54 139 79 55 95 88 52 93 138 75 132 293 3796 103 65 91 302 1307
internal_value=-0.00038646 -0.000129973 0.000414689 -0.0105597 -0.0156149 -0.0336186 -0.0128715 9.91967e-05 0.012047 0.00603189 -0.000344967 -0.0170935 -0.0251189 -0.00844413 0.000812367 -0.0240004 4.46408e-06 0.011874 -0.000374003 0.00175761 0.00127403 0.0115887 -3.59854e-05 -0.000607595 -0.00776043 -0.00529054 -0.0164703 0.00141417 0.00520641 -0.00288664 -0.0256294 0.0236541 0.000422173 0.0177238 0.0312123 -0.000764937 0.00481418 0.0206297 0.00661811 0.0010094 0.0111225 -0.00606661 -0.018978 0.00305714 0.0106813 -0.0104787 0.00288039 0.0122801 0.00178919 0.00677073 0.0146595 0.00788398 -0.00312953 0.00338743 -0.010306 -0.0332662 -0.00273842 0.00203322 0.011975 0.0170341 -0.00444386 -0.00658743
internal_weight=469.605 467.193 444.006 23.187 19.0967 5.43955 3.23008 439.592 15.7562 12.9181 423.836 8.66192 7.11561 13.6572 8.5623 5.09486 415.174 12.829 402.345 211.589 209.243 23.5802 185.663 182.573 40.2328 38.1026 18.4512 142.34 19.6514 13.6591 5.60156 5.9923 136.826 8.78519 5.84563 128.041 50.8803 9.86677 7.65643 41.0135 16.8835 24.1301 9.99116 14.1389 10.8715 4.62038 8.57355 6.65055 18.3246 15.6102 11.7071 9.94273 7.06992 13.9686 6.97235 9.87767 190.755 8.71346 6.50072 6.99627 77.1604 66.6003
internal_count=72841 12040 11459 581 508 162 109 11370 593 520 10777 353 283 346 171 175 10424 387 10037 5754 5714 668 5046 4913 1014 965 528 3899 437 337 143 100 3768 273 173 3495 1619 278 241 1341 487 854 509 345 279 169 207 134 593 498 371 319 231 401 235 321 4283 222 119 166 1876 1609
is_linear=0
shrinkage=0.05


Tree=126
num_leaves=63
num_cat=0
split_feature=19 16 8 8 15 36 0 1 16 33 18 13 6 33 36 36 33 15 8 3 32 31 15 18 32 1 18 4 16 9 8 4 16 0 18 18 16 16 1 1 16 31 32 32 8 4 36 0 0 0 15 32 16 18 15 0 33 15 0 0 16 3
split_gain=2.2563 1.65257 1.49068 1.4622 1.40952 1.39513 1.29172 1.74553 1.99117 2.00676 1.64323 1.31187 1.40672 1.37024 1.2801 1.27505 1.27201 1.20127 1.4325 1.37719 1.63841 2.82279 2.8112 1.65708 1.59104 1.48971 1.19813 1.14533 1.12261 1.06211 1.00907 0.993937 1.13053 0.980097 0.975601 0.964959 1.06062 1.16623 0.995317 0.929134 0.864115 1.65226 1.02475 1.81731 0.957647 0.863863 0.989015 1.21215 1.61731 1.91727 1.64625 1.47951 1.34809 1.28909 1.2315 1.22721 1.3908 1.38972 1.26114 1.51344 1.10362 1.22488
threshold=1.0000000180025095e-35 1.2360472083091738 2488.5000000000005 2369.0000000000005 2.1297335624694829 0.0044035122264176616 0.68908786773681652 42.500000000000007 1.1729229688644411 0.001183831016533077 40.500000000000007 1.0000000180025095e-35 1.1501886092446513e-05 1.0000000180025095e-35 9.310649602412015e-06 1.4422303593164544e-05 0.0008177126874215902 0.29442724585533148 2545.0000000000005 6.4183635711669931 3.117194771766663 0.00026049932057503616 1.1544230580329897 14.500000000000002 3.5552211999893193 12.500000000000002 17.500000000000004 467.50000000000006 1.0527495741844179 3.5000000000000004 3028.5000000000005 1.0000000180025095e-35 1.0583582520484927 0.67268562316894542 7.5000000000000009 33.500000000000007 1.0462067723274233 1.0185971260070803 7.5000000000000009 31.500000000000004 3.4093986749649052 2.1408862949101608e-06 3.0560940504074101 3.8025527000427251 2321.0000000000005 139.50000000000003 0.16695456951856616 0.72794151306152355 0.7368602752685548 0.74271774291992199 1.2864741683006289 2.8158111572265629 0.65934431552886974 7.5000000000000009 2.4739555120468144 0.71383094787597667 3.8286455037450659e-06 0.83411213755607616 0.71015262603759777 0.70018196105957042 0.91117948293685924 3.7256208658218388
decision_type=2 2 2 2 2 2 2 2 2 2 2 2 2 2 2 2 2 2 2 2 2 2 2 2 2 2 2 2 2 2 2 2 2 2 2 2 2 2 2 2 2 2 2 2 2 2 2 2 2 2 2 2 2 2 2 2 2 2 2 2 2 2
left_child=-1 6 3 27 -5 14 10 35 9 34 11 13 -13 26 -4 -16 -14 -17 -19 20 22 24 -20 29 25 -22 28 40 -2 -24 -25 -15 33 -33 -9 45 37 -37 -38 -30 41 -3 -42 -44 -43 46 47 52 50 53 51 -49 54 -50 -8 56 58 -57 59 -54 -58 -62
right_child=1 2 5 4 -6 -7 7 8 -10 -11 -12 12 16 31 15 17 -18 18 19 -21 21 -23 23 30 -26 -27 -28 -29 39 -31 -32 32 -34 -35 -36 36 38 -39 -40 -41 42 44 43 -45 -46 -47 -48 48 49 -51 -52 -53 55 -55 -56 57 60 -59 -60 -61 61 -63
leaf_value=-0.050067822419028934 -0.051122257739461309 0.039125742682978998 -0.022677650717380857 -0.013830626808069261 0.027688115267271753 -0.034291670902210691 -0.020344480855891689 0.060491895634571281 0.063387265005376572 -0.03427993855556119 0.052815177680954929 0.049898894652265963 -0.01796190460436424 -0.027356381387780362 0.021107731519231964 0.023687530660354325 0.016779736880283565 -0.046056408699659622 -0.025874346455788056 0.016264106381774512 -0.018335087841341212 0.023901142552194776 -0.027535335996608692 0.0096605094649622834 -0.012552859513207712 -0.056576398965122926 -0.060065413945463636 0.02890169723963934 -0.029011248530520551 0.0067189116273025599 0.043725089096854824 0.00099797946573275224 0.013772197982625701 -0.039720125094771519 0.010838164286267639 -0.013494881629350737 0.030355859295725832 -0.070059278617848622 -0.0070337980827926416 0.014565793146769861 -0.039744250356970962 -0.00099932901171052228 0.019877058759771759 -0.03688258570259853 -0.026177318984841266 -0.019491169487228129 0.022305164117246264 0.023262841750123317 -0.062116282399713091 0.0082791157337685287 0.037771950600256149 -0.033005887142164653 -0.0015608263121529502 -0.0070696431832082242 0.051615231946416568 0.0079325740178371549 -0.022850784638728652 -0.023733535879833751 0.026927275360662441 -0.047212787360550762 -0.0022821670085911056 0.027185836199739407
leaf_weight=2.2843522871171436 1.8511615396128052 2.5274480404332271 10.730630232981637 2.7085245498456052 8.3343051332631131 4.7689336584880939 0.82698120259738006 1.6056768360431286 2.6495490274392068 1.7183456886850761 1.2088268538936962 1.6677284657489497 4.9603798522148264 3.7887982536922236 4.6611178844468659 3.2759379704366429 5.6194690599513706 2.304720331914722 7.4139953149715465 6.3061688120942554 5.0980787049047702 3.8608504168805657 3.0546748050546766 4.3681706772185844 17.384038036165293 5.0886731098871678 2.2459356505423784 3.0871771356323725 2.2624265816994011 8.7314240870837221 4.3278905965853482 3.8797941997181615 8.0981075807940197 2.3871627781190909 2.5768475992954336 5.5324952644732539 2.5027532950043661 1.0909418303053824 6.1627293521305546 2.6630157455801964 3.1789096370339376 150.76480788519257 3.2995453462935984 2.4628468034788966 3.8736543720588079 3.353633807739242 8.8780829264724144 3.0305676302014026 1.5511340778903093 50.554689878779755 8.6486690820893255 1.9010284839896483 4.1411263528571016 3.3835586888380931 2.1155295635689981 4.9430972187401521 2.0568776351574369 11.58558369160164 1.6379727097228167 3.2326291479694191 5.6248216485837466 9.4526002890197542
leaf_count=60801 83 50 259 66 145 82 174 50 31 151 33 32 505 101 83 68 355 52 193 94 72 63 81 78 335 154 53 45 62 174 75 118 174 80 138 306 53 26 145 57 124 3112 86 55 81 71 285 89 57 1370 197 61 132 144 74 151 163 361 46 128 147 210
internal_value=-0.0004979 -0.000253333 -0.00276084 -0.000123428 0.0175046 -0.00796313 0.00330521 0.00543772 0.027379 0.0112109 -0.00460695 -0.00636764 0.00721883 -0.0124907 -0.00651337 -0.00422735 0.00049106 -0.00588558 -0.00731156 -0.00595105 -0.00831238 -0.0161402 0.000507527 0.0100571 -0.0217474 -0.0374381 -0.0284161 -0.00127396 -0.0179267 -0.00215897 0.0266139 -0.00457564 0.0014328 -0.0145121 0.0299003 0.00411847 -0.00774843 -0.0228116 0.00376503 -0.00545065 -0.00183479 -0.000974621 -0.0169544 -0.00438202 -0.00163003 0.00554799 0.00622757 0.00498298 0.00916044 0.00537539 0.0246263 0.00157241 -0.00134218 -0.0243726 0.0313912 -0.00359922 0.00314235 -0.0142634 -0.0127588 -0.0215745 0.0115055 0.0161924
internal_weight=465.288 463.003 271.613 180.237 11.0428 91.3753 191.391 150.758 8.55042 5.90087 40.6328 39.424 12.2476 27.1764 86.6064 75.8757 10.5798 71.2146 67.9387 65.634 59.3278 31.4316 27.8962 20.4822 27.5708 10.1868 9.02254 169.194 6.7766 11.7861 8.69606 18.1539 14.3651 6.26696 4.18252 142.208 15.2889 6.62344 8.66548 4.92544 166.107 157.166 8.9413 5.76239 154.638 126.919 123.565 114.687 69.0696 55.4894 13.5803 4.9316 45.6172 4.93469 2.94251 42.6747 26.146 16.5287 9.01173 7.37376 17.1343 15.0774
internal_count=72841 12040 5627 3764 211 1863 6413 4760 370 339 1653 1620 892 728 1781 1522 860 1439 1371 1319 1225 624 601 408 561 226 255 3553 202 255 153 473 372 198 188 4390 530 332 198 119 3508 3243 265 141 3193 3860 3789 3504 1918 1571 347 150 1586 201 248 1338 826 512 306 260 520 357
is_linear=0
shrinkage=0.05


Tree=127
num_leaves=63
num_cat=0
split_feature=19 16 0 7 16 31 35 4 4 4 0 16 7 4 4 0 16 32 4 35 16 17 2 18 17 31 32 7 6 18 0 4 4 18 2 7 32 4 0 0 16 33 16 6 16 18 18 0 16 16 18 31 5 33 18 6 0 31 0 0 19 17
split_gain=2.13657 1.50126 0.952198 0.88475 1.29579 1.25396 2.04813 1.07991 2.17391 2.36941 1.75599 1.92093 1.52011 1.41685 1.17512 1.16352 1.67297 1.04618 1.02333 0.956851 0.904555 0.898012 0.867222 0.827934 1.40849 1.20167 0.857993 0.827687 0.82291 0.754311 0.731617 1.93547 1.92437 1.92485 1.64305 1.67267 1.27892 1.37702 1.81775 1.92625 1.15148 1.34178 1.60615 2.14665 1.72454 1.07665 1.03909 1.01914 1.01769 1.73206 1.00727 1.40204 1.97156 1.18131 1.63086 0.932316 1.3943 1.32148 1.02159 0.930079 0.887348 0.882682
threshold=1.0000000180025095e-35 1.2360472083091738 0.63470077514648449 29.500000000000004 2.8550761938095097 0.0034091203706339006 0.023532669059932235 3.5000000000000004 19.500000000000004 15.500000000000002 0.76749038696289074 1.8249204754829409 40.500000000000007 1.0000000180025095e-35 23.500000000000004 0.67425155639648449 1.7347959876060488 2.6764796972274785 467.50000000000006 0.29166667163372045 1.3981814384460451 0.21867199242115024 277.50000000000006 16.500000000000004 7.2694807052612314 0.0045673432759940633 3.9645441770553593 61.500000000000007 0.0075289513915777215 12.500000000000002 0.74404335021972667 1.5000000000000002 2.5000000000000004 10.500000000000002 103.50000000000001 4.5000000000000009 4.8506186008453378 2.5000000000000004 0.72141456604003917 0.69456863403320324 1.2765080332756045 6.0346180816850401e-06 1.6759720444679262 0.00039014211506582802 1.4953342080116274 19.500000000000004 41.500000000000007 0.71708869934082042 1.4388930201530459 1.3286489844322207 11.500000000000002 5.0153441861766632e-06 4177.5000000000009 0.00064452335936948668 17.500000000000004 0.0019285256275907161 0.69928359985351574 0.0005256078438833357 0.70478248596191417 0.66759300231933605 2.5000000000000004 2.7864859104156499
decision_type=2 2 2 2 2 2 2 2 2 2 2 2 2 2 2 2 2 2 2 2 2 2 2 2 2 2 2 2 2 2 2 2 2 2 2 2 2 2 2 2 2 2 2 2 2 2 2 2 2 2 2 2 2 2 2 2 2 2 2 2 2 2
left_child=-1 2 -2 5 7 18 -7 10 9 15 11 13 -10 20 -14 -9 19 -13 21 -17 -5 -3 -16 28 -25 -26 -27 -24 -8 -30 31 48 33 -32 -34 -36 37 38 39 61 -39 42 44 47 -42 -37 55 60 49 -23 51 -50 59 54 -52 56 57 -43 -58 -53 -44 -33
right_child=1 3 -4 4 -6 6 23 8 12 -11 -12 17 14 -15 22 16 -18 -19 -20 -21 -22 30 27 24 25 26 -28 -29 29 -31 32 36 34 -35 35 45 -38 40 -40 -41 41 46 43 -45 -46 -47 -48 -49 50 -51 53 52 -54 -55 -56 -57 58 -59 -60 -61 -62 -63
leaf_value=-0.050064474170615915 -0.024382098112514256 -0.034902116290061416 0.0036345559380461193 -0.043267773540577759 0.017990805143535921 0.042737662755975757 0.029824682519196621 0.013620735977046931 -0.025543196874402083 -0.057680011007784839 0.027364603358140629 -0.052726851781270262 0.034665351966255233 0.012962374709494901 -0.018540054378829274 -0.018237764954327912 -0.048225746095635652 -0.0096440795507081248 0.027341228346503321 0.014276370530394334 -0.00078032119701354312 0.018665078845933634 -0.014748104310741712 -0.026502293993072353 -0.022823688790730629 0.026749986317816544 -0.0046262632370675481 0.012540767892554644 -0.0082512643360318754 0.02060647950344497 -0.043343196040714599 -0.0056977590390319219 0.034532656220620038 0.0032397576038844661 0.027805275194893887 0.0044742783875754899 -0.030852900596204338 -0.040671903559163579 -0.054404632154408161 0.016963696395328753 -0.015030686019380575 -3.9376440214837419e-05 -0.014443929192446759 -0.053062126933319569 0.024477846974551267 -0.033095186201390292 0.031750400716066711 -0.034271022136016731 -0.010348317393565735 -0.031222811075657983 -0.037557657190118179 0.037459301911563825 0.05929827997180577 0.024353352382230808 0.0088663810399293424 -0.020977610766598084 0.042741689576097544 -0.042108392668778097 0.0087725653767312412 -0.011104134237094157 0.012868395288534597 -0.051691243950288471
leaf_weight=2.1610680350646581 3.0828963098465456 2.2036047358997157 186.40307481773198 2.183844056446115 4.9895891039632252 3.7668820976978159 4.6632102131843594 2.9038540534675183 5.6022308800602358 3.9834074587561181 4.8207619939930728 2.8084609234938389 2.6772351493127671 10.953553304949308 5.0343107320368317 14.492303531849762 4.2418494691373771 2.8279953589080833 2.790596309117972 2.6814354649395673 2.9381022197194397 3.0391948909964439 3.7385973191121584 4.855182354134743 2.8637323782313606 5.495755641255526 3.6100448928773403 10.821782657178117 5.3047589287743886 3.9510775066446513 3.4945682502293511 1.7830190542153994 6.3210565213812542 6.0687080640200293 4.4357273029163462 4.7791301471297629 5.8744757659733287 2.0744291672599493 3.2536352034658194 3.6031476331409067 5.4597725621424633 10.381919247971387 8.0227413739776292 3.7199856422375879 5.5899409675039351 3.1731150364503264 3.0623445119708768 3.6543712513521305 2.3717689053737576 4.0695530308876187 3.0866058315150422 1.6952744885347781 3.816016661527101 3.942763450788334 4.8870632068719715 4.1056131239165543 2.7117442088201633 2.2759218566352493 12.042378199752418 2.3562241052277386 4.7254357908386728 2.513970592059195
leaf_count=60801 187 65 6226 45 92 72 89 67 101 73 87 64 46 247 85 314 106 73 30 41 73 72 77 99 50 88 69 218 124 64 72 55 98 101 56 73 95 53 57 72 113 263 271 111 122 52 49 86 74 72 85 43 69 59 129 96 36 58 223 81 94 78
internal_value=-0.000465276 -0.000231794 0.00317873 -0.00262889 -0.00675402 -0.000640004 0.00793927 -0.00824679 -0.0121732 -0.0219343 6.65161e-05 -0.00599455 -0.00226201 0.00281181 0.00359408 -0.0160793 -0.0201065 -0.0311108 -0.00264886 -0.0131611 -0.0188957 -0.00322765 -0.000651205 0.00367559 -0.00378753 0.00542623 0.0143107 0.00553394 0.0126967 0.00406736 -0.00273746 -0.00452136 0.00446314 -0.0137824 0.0137895 0.00320512 -0.00834534 -0.00667125 -0.0229518 -0.00999815 -0.00399398 -0.00283682 -0.0103597 -0.01877 0.00495629 -0.0105167 0.0039447 -0.0109928 0.00656659 -0.0098943 0.0118481 0.0233492 0.0335078 0.00196572 -0.00910436 0.00124302 0.0045711 -0.00760353 0.0150159 0.00921634 -0.00431992 -0.0326064
internal_weight=461.243 459.082 189.486 269.596 87.6993 181.896 34.5106 82.7097 56.177 28.3028 26.5327 21.712 27.8742 16.0755 22.2719 24.3194 21.4156 5.63646 147.386 17.1737 5.12195 144.595 19.5947 30.7438 16.8247 11.9695 9.1058 14.5604 13.919 9.25584 142.392 114.119 28.2723 9.56328 18.709 12.388 84.8548 78.9804 11.1538 7.90014 67.8266 65.7522 31.1722 20.1225 11.0497 7.95225 34.5799 16.4025 29.2645 7.10875 22.1557 10.2393 7.86752 11.9164 7.97367 31.5176 27.412 12.6578 14.7541 4.0515 12.7482 4.29699
internal_count=72841 12040 6413 5627 1809 3818 655 1717 1128 601 589 502 527 365 426 528 461 137 3163 355 118 3133 380 583 306 207 157 295 277 188 3068 2616 452 173 279 181 1932 1837 262 205 1575 1522 797 562 235 125 725 451 684 144 540 267 193 273 214 676 580 321 259 124 365 133
is_linear=0
shrinkage=0.05


Tree=128
num_leaves=63
num_cat=0
split_feature=16 8 15 36 8 17 36 2 0 18 1 16 33 18 18 0 0 0 5 33 2 8 0 36 36 18 15 15 16 16 31 36 15 8 0 18 32 17 0 31 15 15 33 8 36 32 18 0 32 2 33 33 0 18 0 8 15 33 33 33 1 15
split_gain=1.12155 1.13375 1.36903 1.24813 1.17594 2.46512 1.4063 1.15195 1.02108 1.75431 1.47357 1.68797 1.81266 1.18775 1.18153 1.00823 0.895091 1.21596 1.00543 1.34443 0.900255 0.884012 1.04194 1.11372 0.883843 1.43856 1.52988 1.18512 0.892389 1.33814 0.877462 0.871319 0.871153 1.3853 1.01188 0.961995 1.14207 1.39143 0.907299 1.32945 0.899673 0.858815 1.02398 1.16549 0.886026 0.853402 0.888656 0.852018 0.842476 0.840902 0.832033 0.797529 1.64824 4.82681 2.11153 2.18035 1.61647 1.54416 1.27746 1.19241 1.1307 1.05212
threshold=1.2360472083091738 2488.5000000000005 0.0500291045755148 0.0068415848072618255 2369.0000000000005 2.8641713857650761 3.147986603835307e-06 52.500000000000007 0.68908786773681652 41.500000000000007 42.500000000000007 1.1729229688644411 0.001183831016533077 7.5000000000000009 16.500000000000004 0.73389816284179699 0.68812179565429699 0.68765449523925792 6014.5000000000009 0.00075938968802802276 24.500000000000004 1830.5000000000002 0.67840766906738292 0.14574146270751956 0.0012174861039966347 12.500000000000002 6.2880184650421151 7.3393940925598153 1.1809001564979555 1.1729229688644411 2.1408862949101608e-06 1.1114609837532046 0.10010224953293802 1272.5000000000002 0.78235054016113292 33.500000000000007 3.8025527000427251 12.910751819610597 0.72898292541503917 0.046148043125867851 0.11634059622883798 0.29442724585533148 4.7803562210901882e-06 3638.5000000000005 0.00011283013373031282 3.9645441770553593 41.500000000000007 0.76616287231445324 4.8506186008453378 65.500000000000014 5.9865337789233317e-06 0.0033829759340733294 0.77469253540039074 9.5000000000000018 0.75174331665039074 2016.5000000000002 1.3144462704658511 3.8286455037450659e-06 0.0040990521665662536 0.0038913486059755091 16.500000000000004 0.50114154815673839
decision_type=2 2 2 2 2 2 2 2 2 2 2 2 2 2 2 2 2 2 2 2 2 2 2 2 2 2 2 2 2 2 2 2 2 2 2 2 2 2 2 2 2 2 2 2 2 2 2 2 2 2 2 2 2 2 2 2 2 2 2 2 2 2
left_child=8 4 47 41 51 6 -6 -7 9 16 31 12 13 -12 48 -9 17 18 19 24 -18 22 -21 -24 25 27 -27 -1 29 -26 -20 32 34 -34 38 40 37 -37 -10 -40 -35 42 -4 44 -44 -38 -47 -3 -15 -11 -29 52 54 -54 -2 -56 -55 -57 59 60 -53 -60
right_child=1 2 3 -5 5 7 -8 15 10 49 11 -13 -14 14 -16 -17 20 -19 30 21 -22 -23 23 -25 28 26 -28 50 -30 -31 -32 -33 33 35 -36 36 45 -39 39 -41 -42 -43 43 -45 -46 46 -48 -49 -50 -51 -52 58 53 56 55 57 -58 -59 61 -61 -62 -63
leaf_value=-0.032044186981573977 -0.0042613107760547672 -0.073183511738510079 0.04284945153764648 -0.045602126275107471 0.046784451405002772 0.060344469007402715 -0.059209043792547877 0.0048495736161712714 -0.039093623325804384 0.075543919208760246 0.060172804888672653 0.058125117689252652 -0.03433246189855841 -0.06773709292924808 0.028320604972916594 0.047739015779807832 0.025993967215169823 0.051836950447555478 -0.0030712964112161317 -0.066829049472696175 -0.0820902924456514 0.0077567536250927206 0.081221149432043033 -0.063004200174831507 -0.025880905608349186 0.038166336663880529 -0.060379789422451327 0.0565508404208711 -0.063284741063436872 0.073087579405691966 0.040516964443596232 -0.054854487612197744 0.049612439549350018 0.054483564722963833 -0.071740860853232072 -0.008122815915231207 0.041525826920682234 -0.05518554156500767 0.027195580293135527 -0.080800016732370222 0.0046929252798590063 -0.0065633181943287574 0.069624365019099355 -0.06834713499225234 -0.011291323344051699 -0.029516332617017433 0.012955701075231019 0.056713563441668106 0.069762933750063733 -0.030250424948674016 -0.017303518725970048 0.031559140383610185 -0.080609412606959863 0.035624457450906664 0.0031024860596247017 0.080877309085539986 -0.017857724167678665 0.021408522004061094 -0.023359873317587834 0.063670829956317815 -0.03160936575942979 0.0042158606373861899
leaf_weight=4.8811740256742286 99.749100184669715 1.1277089041220723 1.9712465858647181 1.9795963761571318 0.39884647564576781 2.0101931453000343 1.4529039529084 4.7661084014043809 1.4224438608096073 0.96689419236281426 1.6615105406353885 2.6065545270721486 1.6686547716217317 0.66327990836680362 1.8252444312856821 1.9231475565757135 0.26234123429298861 0.91309591480808094 2.8062261417067011 0.90090302911448705 0.72527311677959005 11.179036727549599 0.31816584409648385 0.23106659101495097 8.4342431804805038 2.4502906447592072 0.46926472575069045 0.73874826942210325 1.5268963354378673 0.35596066329981191 1.9617265885663071 0.64320120044499063 1.65762777981672 0.91414809358411631 0.73800510801584085 5.3352457016883346 1.3738137694322174 2.2257126150002478 1.9801375041222402 0.33287757325547307 120.31494749859451 81.488025414219692 0.50493291178463584 0.5700925555811408 1.0252570420743721 1.9508276436181402 3.3405349892636877 0.14215065375628899 0.13388923509046435 0.23311235336041136 0.78827383368206938 2.1963791226235112 2.6469655058190238 2.0992632832667368 10.185717086535531 1.7902066221790836 4.320701380556784 2.7970919984879856 3.8267648496810116 1.624300739225873 1.0456797368551631 35.991911232229313
leaf_count=2548 9493 869 485 35 93 80 375 174 5094 312 447 121 1574 402 503 35 278 193 366 1042 82 6921 147 197 5757 611 27 38 176 22 176 314 475 485 924 1478 62 287 1675 2289 17290 4502 104 110 183 70 105 37 4 27 67 79 106 109 414 58 146 96 770 66 130 1706
internal_value=-0.000392956 -0.00248151 -0.00709941 -0.00635172 -0.000188153 0.016004 -0.0363792 0.0271542 0.00253464 -0.00455204 0.00442124 0.0245701 0.00987683 0.027097 0.00614086 0.0171802 -0.00638689 -0.0051641 -0.0065692 -0.0097354 -0.0533797 0.00299229 -0.0337368 0.0205444 -0.0179177 -0.00676388 0.0223269 -0.0200175 -0.0280019 -0.0218732 0.0148627 0.00320872 0.00347249 0.00418091 -0.0182407 0.00362494 -0.00867544 -0.0219766 -0.00767081 0.0116534 0.00506838 -0.00544358 0.016967 -0.00732524 0.0154093 0.0064134 -0.00270295 -0.0586426 -0.0446432 0.0549924 0.018426 -0.00120344 -0.00327323 -0.0237945 -0.00164852 0.0159933 -0.000369594 0.0446164 0.00452114 0.0287038 0.011185 0.0015657
internal_weight=458.566 267.634 88.809 87.5392 178.825 10.5512 1.85175 8.69945 190.931 40.1427 150.789 8.55913 5.95258 4.28392 2.62241 6.68926 38.9427 37.9551 37.042 32.274 0.987614 12.6292 1.45014 0.549232 19.6449 9.32775 2.91956 6.4082 10.3171 8.7902 4.76795 142.23 141.586 137.113 4.47346 135.455 14.2261 7.56096 3.73546 2.31302 121.229 85.5596 4.07153 2.10028 1.53019 6.66518 5.29136 1.26986 0.797169 1.20001 1.52702 168.274 123.589 9.06693 114.522 14.773 6.41996 4.5873 44.685 4.86636 3.24206 39.8187
internal_count=72841 20255 6325 5419 13930 757 468 289 52586 18987 33599 3051 2930 1356 909 209 18648 18288 18095 17553 360 8307 1386 344 9246 3291 638 2653 5955 5779 542 30548 30234 20252 9982 19777 2002 1765 9058 3964 17775 5384 882 397 287 237 175 906 406 339 105 13173 10422 361 10061 568 255 154 2751 275 209 2476
is_linear=0
shrinkage=0.05


Tree=129
num_leaves=63
num_cat=0
split_feature=19 16 8 8 1 31 33 1 33 32 1 18 19 17 17 15 4 16 17 17 4 17 32 2 8 31 18 8 31 16 1 5 4 36 17 17 8 32 32 4 15 4 31 36 6 15 15 18 15 15 1 33 1 4 16 1 6 8 32 16 17 17
split_gain=2.01868 1.22117 1.17523 1.59404 1.11826 1.43107 0.995915 1.359 0.933613 1.62737 0.904277 1.81569 0.966204 1.21051 1.80312 1.71866 1.285 1.22517 1.13597 1.25185 1.85011 1.12729 1.73552 1.58541 1.5437 1.43363 1.12498 0.899037 1.27497 1.41181 1.29511 1.29169 1.21852 1.14019 1.2756 1.55907 2.44949 1.66297 1.56215 1.21838 1.00234 0.942523 0.84282 1.04076 0.941383 1.25375 1.58496 0.832471 0.827677 0.816937 0.816319 1.20841 1.05604 1.37849 1.26112 2.30704 1.53403 1.232 1.2175 1.21581 1.05703 1.09002
threshold=1.0000000180025095e-35 1.2360472083091738 2488.5000000000005 2369.0000000000005 46.500000000000007 0.00082402609405107807 0.00052035698899999272 19.500000000000004 0.00045600831799674785 2.6905734539031987 43.500000000000007 21.500000000000004 9.5000000000000018 19.560938835144047 15.850892066955568 2.4739555120468144 10.500000000000002 1.5227569937705996 28.660159111022953 39.570186614990241 51.500000000000007 25.240055084228519 4.273745298385621 798.50000000000011 1872.5000000000002 0.00074041116749867808 20.500000000000004 2545.0000000000005 0.00026049932057503616 1.4953342080116274 1.5000000000000002 4266.5000000000009 9.5000000000000018 6.0246031807764675e-06 2.4622170925140385 3.9364091157913212 3066.5000000000005 3.3374512195587163 3.5168188810348515 21.500000000000004 2.4739555120468144 8.5000000000000018 6.4854601077968268e-05 9.7390908194938688e-05 1.3578817743109541e-05 1.8024389743804934 5.3975307941436776 34.500000000000007 1.0715116858482363 21.535714149475101 30.500000000000004 0.0057820586953312167 13.500000000000002 2.5000000000000004 1.4953342080116274 8.5000000000000018 0.004917281214147807 2128.5000000000005 2.5905631780624394 1.5227569937705996 2.0024224519729619 3.3481972217559819
decision_type=2 2 2 2 2 2 2 2 2 2 2 2 2 2 2 2 2 2 2 2 2 2 2 2 2 2 2 2 2 2 2 2 2 2 2 2 2 2 2 2 2 2 2 2 2 2 2 2 2 2 2 2 2 2 2 2 2 2 2 2 2 2
left_child=-1 4 3 10 -2 -6 27 -8 9 -5 12 49 13 14 50 -15 -16 18 -17 -20 -21 -19 25 24 26 -23 -24 -4 29 31 -31 32 -29 -32 -35 -36 37 -37 41 -39 -30 -38 43 44 45 -33 -47 -13 -7 -12 52 -52 54 59 55 56 -3 -56 -55 -54 -61 -62
right_child=1 2 6 8 5 48 7 -9 -10 -11 11 47 -14 15 16 17 -18 21 19 20 -22 22 23 -25 -26 -27 -28 28 40 30 33 42 -34 34 35 36 38 39 -40 -41 -42 -43 -44 -45 -46 46 -48 -49 -50 -51 51 -53 53 58 57 -57 -58 -59 -60 60 61 -63
leaf_value=-0.05006111962808444 0.0023889330335565406 -0.059655773546048667 -0.03276395335368746 -0.024662728833802324 0.046087013451816594 0.03148674503046623 -0.053244616598642415 -0.005402105436421569 0.038340483671261055 0.026105873127432629 -0.028353656669952949 0.045024763765449276 0.013691161601895905 -0.03927913778592966 -0.0066540468102621909 -0.02047053882745287 0.032945875566873346 0.0061588016136330951 0.040172131073869771 -0.025185776601905366 0.022661389592152595 -0.0048683373151545304 0.031010065969222518 -0.036913996614816549 -0.030187189247705856 -0.05283783925624657 -0.0070056028833861278 -0.047648086973483009 -0.0089571171537983219 0.028977739656314835 -0.025467817388483988 -0.037409646852597171 -0.0018935081644833646 0.0181177123461677 -0.03474225842223963 0.044966574014393162 -0.013532075985790194 -0.022695126508913102 -0.0019720244515113077 0.022504109059469046 0.027166779950731725 -0.058144191659140726 0.01683643148643384 -0.032555340401022009 0.021319292485028233 0.025463367376600127 -0.023132951890324681 0.0076318958579510501 -0.032748454741965284 0.012513831150938662 -0.019806121262348333 0.022714167845279441 0.034222240203955916 -0.038913510123791142 -0.004214416496073614 0.018215227783213207 -0.016402786887076286 0.022260103752235774 0.0016928765547354571 -0.024245539317659073 0.034437124549748621 -0.0019710938362601984
leaf_weight=2.0254319766572726 182.49671527417377 3.1824248735792917 2.915344448760151 2.4786333583760989 3.2871362478472284 0.8397874929942194 2.6619583077263078 3.3552493008319288 3.8978076379280537 4.3463322315947153 2.725396811263634 3.8346881514880806 9.1541968964447715 4.4416694510728112 2.9673394123092276 3.3551411703228942 6.6163949021138251 6.1043681600131121 3.0278720622882238 3.4774394617415947 4.8216674397699535 2.2544889058917787 4.132182242930865 3.548774669179692 2.7960795986000448 5.0385870966711082 3.6784467451507226 4.9211977859959033 3.0154339151922596 3.3115294822200658 5.1724705307278773 3.3616566465352715 2.066036882053595 7.4023634524783111 3.8565674403798793 3.7379432367160934 2.2363598216325036 2.6702415733598173 9.395548399013931 3.3758611818775535 5.2873681282508187 2.5157922402722761 2.6959650549106291 4.9765500128269187 2.5895909827086134 3.2001555506139994 3.5271017419290729 2.4326979489997029 1.2448431213269939 2.2180645454209298 11.362897549057378 1.9590197567595158 6.2187223804066951 2.1651215805904931 27.434222053510894 3.1074445070698848 5.7605637304950505 5.2324811956495969 12.522240384540053 2.2274325191974631 3.7633184504229558 4.5307724748272449
leaf_count=60801 6201 50 65 64 83 52 53 60 60 87 135 76 131 88 67 56 95 111 59 75 79 56 67 78 55 109 68 120 49 51 136 77 58 161 102 68 61 62 181 54 91 54 64 118 50 51 77 54 77 46 477 60 98 62 507 64 92 89 301 89 50 109
internal_value=-0.000255775 -3.30546e-05 -0.00221877 0.000133306 0.00305076 0.0255353 -0.0069314 -0.0265672 0.0188178 0.00766816 -0.00107295 0.0126399 -0.00206553 -0.00305532 7.29653e-05 -0.00969371 0.0206849 -0.00658234 0.00508361 0.012653 0.00261277 -0.0127988 -0.0181942 -0.0079853 0.00169362 -0.0380092 0.0131064 -0.00549456 -0.00449225 -0.00665987 -0.00108211 -0.0155707 -0.034119 -0.00354832 -0.0003265 -0.00523974 -0.000485454 0.0187501 -0.0137881 0.00254201 0.0140472 -0.0371498 -0.00920241 -0.0131786 -0.00557287 -0.0124755 -1.56882e-05 0.0305107 -0.00687149 -0.010017 -0.00213499 -0.0135534 -0.000137284 0.00688652 -0.00507367 -0.0188986 -0.0317947 2.62143e-05 -0.00429307 0.0166951 0.00633577 0.0145486
internal_weight=454.957 452.932 265.063 176.815 187.868 5.37177 88.2483 6.01721 10.7228 6.82497 166.092 11.2108 154.881 145.727 99.0504 46.6767 9.58373 42.235 14.6821 11.327 8.29911 27.5529 21.4486 14.1555 10.6067 7.29308 7.81063 82.2311 79.3157 71.0129 43.6747 27.3383 6.98723 40.3631 35.1907 27.7883 23.9317 9.78405 14.1477 6.0461 8.3028 4.75215 20.351 17.6551 12.6785 10.0889 6.72726 6.26739 2.08463 4.94346 89.4667 13.3219 76.1447 31.4276 44.7171 12.0504 8.94299 32.6667 14.6874 16.7402 10.5215 8.29409
internal_count=72841 12040 5627 3764 6413 212 1863 113 211 151 3553 311 3242 3111 2210 901 162 813 269 213 154 544 433 268 190 165 135 1750 1685 1545 930 615 178 879 743 582 480 184 296 116 140 115 437 373 255 205 128 130 129 181 2048 537 1511 709 802 206 142 596 363 346 248 159
is_linear=0
shrinkage=0.05


Tree=130
num_leaves=63
num_cat=0
split_feature=19 0 15 0 17 1 7 9 16 31 17 4 1 4 0 4 5 15 15 16 16 18 36 7 7 19 15 4 18 32 32 9 16 31 4 16 1 7 0 32 7 15 18 16 15 5 5 5 16 18 16 0 2 17 0 0 15 17 16 36 36 17
split_gain=1.87512 1.06487 1.29954 2.64279 1.70923 1.82575 2.05094 1.7111 1.47229 1.39839 2.05379 1.82479 1.8859 1.70496 1.45159 1.40415 1.38539 1.27495 1.78467 1.31781 1.81433 1.27905 1.61462 1.2563 1.30292 1.25684 1.19154 1.17721 1.15554 1.1277 1.89916 1.78588 1.20055 1.39761 1.05868 1.03114 1.09294 1.42694 1.02732 1.06077 1.93116 1.03716 1.01065 3.52415 1.04074 1.11584 1.30338 1.37117 1.00169 1.23149 0.999965 0.949393 0.872002 1.30971 1.23937 0.824695 0.812916 0.92684 1.15208 0.811864 1.44555 0.870133
threshold=1.0000000180025095e-35 0.71612930297851574 23.035714149475101 0.70571327209472667 9.9550070762634295 11.500000000000002 78.500000000000014 3.5000000000000004 2.9692879915237431 0.00064779244712553929 20.442836761474613 28.500000000000004 27.500000000000004 35.500000000000007 0.69844627380371105 16.500000000000004 6014.5000000000009 4.4968354701995858 7.3393940925598153 1.9366058707237246 1.5141150355339053 16.500000000000004 0.023985130712389949 8.5000000000000018 26.500000000000004 2.5000000000000004 0.11634059622883798 12.500000000000002 8.5000000000000018 2.6190134286880498 2.7669528722763066 5.5000000000000009 2.3481009006500249 0.00031990255229175096 11.500000000000002 1.3628750443458559 23.500000000000004 9.5000000000000018 0.66192817687988292 3.7529759407043461 41.500000000000007 6.0084745883941659 30.500000000000004 1.4388930201530459 1.2521186470985415 2952.0000000000005 2306.0000000000005 1998.5000000000002 1.8516377210617068 19.500000000000004 1.6372629404067995 0.71015262603759777 35.500000000000007 3.9364091157913212 0.67268562316894542 0.69325447082519542 6.2880184650421151 1.8760430216789248 1.0067931413650515 6.0139767811051577e-05 9.310649602412015e-06 1.1028578877449038
decision_type=2 2 2 2 2 2 2 2 2 2 2 2 2 2 2 2 2 2 2 2 2 2 2 2 2 2 2 2 2 2 2 2 2 2 2 2 2 2 2 2 2 2 2 2 2 2 2 2 2 2 2 2 2 2 2 2 2 2 2 2 2 2
left_child=-1 2 4 9 5 16 29 38 23 10 11 12 -4 15 -15 28 17 19 -19 20 21 22 -2 -9 25 34 -8 -5 -11 32 31 -31 33 56 -25 52 -37 -38 -6 42 -41 -42 44 -44 -40 46 47 -46 49 50 -26 -29 53 -35 -55 -48 57 59 -59 60 -7 -61
right_child=1 -3 3 27 7 6 26 8 -10 13 -12 -13 -14 14 -16 -17 -18 18 -20 -21 -22 -23 -24 24 48 -27 -28 51 -30 30 -32 -33 -34 35 -36 36 37 -39 39 40 41 -43 43 -45 45 -47 55 -49 -50 -51 -52 -53 -54 54 -56 -57 -58 58 -60 61 -62 -63
leaf_value=-0.050057693854701484 0.0090054528584564697 0.0019651855575075739 0.014095684283381413 -0.007853753327104333 -0.015505191269925897 0.027776855949076126 0.015684844130441928 0.033407231296755609 0.036237735134035123 0.028972522190865754 -0.036685698867688805 0.05170729381787123 -0.048117717016861773 0.0062965423587607377 0.054988710483719422 -0.048438685459169691 0.0078836154330552532 -0.063782395363243288 -0.011193840382194217 -0.047064929738290344 0.026952501274899201 -0.035345445465160365 -0.045049742840748697 0.0063498917853623176 0.0047436152355349271 -0.064606453533112826 -0.032146871989293412 -0.075440153795191436 -0.025117362388623329 0.034985460770340558 -0.00035757081743933322 -0.015974230990366347 -0.031320088813900235 -0.021940720361393912 -0.049909135459884735 0.025686828541628293 -0.03710021046734762 0.011729581627140957 0.049442030744410143 -0.032583432589168147 -0.0018164592744151159 0.037198510055650072 -0.044325317658544403 0.050412800319644707 0.0018313098132652452 0.032664771251570399 0.0074497364248831202 0.049863867540035411 -0.024976428076241911 -0.020605473506760931 0.054294125223745354 -0.032276561180780053 -0.045244574012050454 0.046962892568425368 -0.014639096548467876 -0.039621113836649097 0.036074608470505386 -0.044999400674426988 0.0012222856015999253 0.0076894489292662479 -0.020790194408675803 0.046883471887590067
leaf_weight=1.9042473531383155 6.0081636653631119 237.16415579051682 3.0311979422112945 2.1983591825701287 3.1463900970993555 2.7983106125611865 1.579250782582674 1.4856834087986559 1.8502743276767422 2.1953991965274313 6.1704423858318478 1.5105134716723112 2.0365141712827608 3.8843696991098113 2.5259457863867283 1.8112682607024906 5.3362798103480591 3.4604530420619986 3.022343123331666 2.5274946599674868 2.9841618078207821 5.2490850307949586 1.7939208888565188 2.1265113103436337 2.7574885377834999 2.1114182255696505 7.4167801432486158 2.3020663070492446 1.7944710936862973 9.0921964828157815 19.999871618114412 2.1201528212986878 3.5322369395289561 9.2368332310870773 1.3781615732004864 3.498700751384602 2.6347497506649233 3.4621598335215822 3.384289894718683 3.0615106272743997 3.9305358121637255 3.0063153580995277 2.2713190455688155 1.7287683337926862 3.5292726866900939 8.3643712236080301 1.9093908347422259 2.5661247753887437 3.8212783790659159 2.5641374835395254 1.6142404242418704 2.8524957313202322 2.3948505652515442 1.5674085763166652 1.7042959074460666 1.8151069713640025 2.2943449239246538 1.6812594088260064 6.8038754082517698 2.8176569839706644 3.3859517039963976 2.8467904989374802
leaf_count=60828 189 5770 92 57 126 60 84 42 31 67 194 19 102 99 26 71 103 54 70 43 54 104 59 82 146 57 331 49 80 201 645 79 178 449 57 66 90 90 80 100 111 59 84 29 77 150 46 49 89 74 24 72 118 46 105 56 47 93 156 69 93 73
internal_value=-0.000546437 -0.000336526 -0.00291163 -0.0121429 -0.00125143 -0.0046366 -0.00108884 0.00577412 -0.0062185 -0.00438191 -0.0159647 0.0034719 -0.0109054 0.00771039 0.0254834 -0.011929 -0.0152474 -0.0201757 -0.0392651 -0.0135091 -0.00821998 -0.0162622 -0.00342337 -0.0106172 -0.0146119 -0.0341325 -0.02375 -0.0384884 0.00464523 0.00140116 0.00887715 0.0253494 -0.00320493 -0.00109767 -0.0157732 -0.00937286 0.00341098 -0.00937197 0.0118796 0.0143022 0.000493708 0.015092 0.0197018 -0.00338115 0.0239828 0.0192446 0.00781352 0.0220527 -0.00442059 0.00690454 0.0230399 -0.0515537 -0.0176038 -0.0123118 0.0148732 -0.0154899 0.00786168 0.00467831 -0.00793616 0.0137118 0.00118586 0.0273873
internal_weight=451.054 449.149 211.985 32.313 179.672 121.25 90.8677 58.4226 19.7092 24.9601 12.7487 6.57823 5.06771 12.2115 6.41032 5.80114 30.3819 25.0456 6.4828 18.5628 16.0353 13.0512 7.80208 17.8589 16.3732 5.61609 8.99603 7.35292 3.98987 81.8716 31.2122 11.2123 50.6594 47.1272 3.50467 24.499 9.59561 6.09691 38.7134 35.567 9.99836 6.93685 25.5686 4.00009 21.5686 18.1843 9.8199 6.0954 10.7571 6.93587 4.37173 5.15456 14.9034 12.5085 3.2717 3.7245 22.6282 20.3338 8.48513 11.8487 6.18426 5.66445
internal_count=72844 12016 6246 928 5318 3749 3073 1569 602 750 407 213 194 343 125 218 676 573 124 449 406 352 248 571 529 196 415 178 147 2658 925 280 1733 1555 139 964 246 180 967 841 270 170 571 113 458 378 228 126 333 244 170 121 718 600 151 102 591 544 249 295 153 142
is_linear=0
shrinkage=0.05


Tree=131
num_leaves=63
num_cat=0
split_feature=6 0 32 32 8 16 0 17 16 36 0 16 8 8 16 2 0 8 2 7 18 8 33 8 35 32 35 16 7 33 7 35 31 35 36 35 35 31 0 0 7 6 0 0 0 4 4 35 33 31 8 5 32 7 33 36 18 31 8 4 4 8
split_gain=1.20664 1.03559 1.16626 2.32895 2.07549 2.71208 2.02662 1.84541 2.62343 1.43318 1.65189 1.50489 1.32327 1.46058 1.53557 1.18178 1.74233 1.54264 1.5809 1.48369 1.37611 1.29236 1.32153 1.36346 1.13905 1.24181 1.128 1.22624 1.31996 1.24289 1.07288 1.0624 1.02229 1.56645 0.992741 0.985321 0.935264 1.55339 0.948288 2.08876 0.934737 1.04111 0.92565 1.37836 1.09587 1.25599 1.06076 1.04886 0.923674 0.922442 1.3585 0.961581 1.10099 1.60235 0.918435 1.02589 1.60729 1.50328 0.944376 0.969009 2.19506 1.89687
threshold=0.31442819535732275 0.71612930297851574 2.6329318284988408 2.6764796972274785 2889.5000000000005 1.2360472083091738 0.71474647521972667 4.4553046226501474 2.5319919586181645 2.3273548322322316e-05 0.69635963439941417 1.8249204754829409 3283.5000000000005 3960.5000000000005 1.0866181254386904 35.500000000000007 0.6395397186279298 1255.5000000000002 32.500000000000007 7.5000000000000009 3.5000000000000004 2588.0000000000005 0.00032980812829919165 1272.5000000000002 0.028991596773266796 2.6465394496917729 0.046536797657608993 2.3015964031219487 9.5000000000000018 0.019980479031801227 52.500000000000007 0.022991543635725979 0.00034398505522403871 0.095454547554254546 0.39796601235866552 0.031754031777381904 0.10555555671453477 0.0020929408492520456 0.69234085083007824 0.70793342590332042 30.500000000000004 0.00035513965121936058 0.66818428039550792 0.66454505920410167 0.70750999450683605 44.500000000000007 8.5000000000000018 0.11805555596947671 0.00055474639520980429 0.026148240081965927 1311.5000000000002 1803.5000000000002 3.6695361137390141 1.5000000000000002 0.010347612202167513 0.014729249291121961 13.500000000000002 0.0013056377065367999 2338.5000000000005 6.5000000000000009 19.500000000000004 1613.5000000000002
decision_type=2 2 2 2 2 2 2 2 2 2 2 2 2 2 2 2 2 2 2 2 2 2 2 2 2 2 2 2 2 2 2 2 2 2 2 2 2 2 2 2 2 2 2 2 2 2 2 2 2 2 2 2 2 2 2 2 2 2 2 2 2 2
left_child=1 2 6 24 7 42 12 8 -5 10 -7 35 15 14 -14 17 -17 -1 20 -20 -19 22 23 -22 -4 -26 49 29 -29 30 32 -24 33 -28 -25 -11 37 -34 -39 -40 41 -33 43 47 45 -44 -46 -6 -23 51 -51 -9 54 -54 55 57 -57 58 59 61 -61 -53
right_child=-2 -3 3 4 5 9 -8 26 -10 11 -12 -13 13 -15 -16 16 -18 18 19 -21 21 48 31 34 25 -27 27 28 -30 -31 -32 40 36 -35 -36 -37 -38 38 39 -41 -42 -43 44 -45 46 -47 -48 -49 -50 50 -52 52 53 -55 -56 56 -58 -59 -60 60 -62 -63
leaf_value=-0.059720000454050626 -0.057156771185339655 0.001865355675230266 -0.010037194073823938 0.075828577114811682 -0.015616834042818706 -0.026540214188385293 -0.06518920137773751 -0.043373355402537818 -0.012001160520636258 -0.020960058020703363 0.027909700058076137 0.0128909003118029 -0.012916991627577446 -0.0053520915987607274 0.035894364225387144 0.02000237018282772 -0.036474171383634263 0.039027539022610414 -0.040506213471407759 0.038812929302361666 0.098678154307843866 -0.01790184946024553 -0.044039760306953446 -0.027444891190847198 0.0029182557975655984 0.058774397747316243 0.042924548381352456 0.00036987094550892642 -0.049807766650211444 -0.048168938335056061 0.022262187847910671 0.070906786971010743 -0.057706442863025668 -0.023892719021078108 0.05164190294736052 -0.051211123035464247 0.0065766136074770394 -0.037297671944540027 0.050436859599263584 -0.030442400463483777 -0.027699043491075093 0.0077869280925549726 0.01355498888460311 -0.069797321893355802 -0.046383523332299691 -0.04104699040872295 0.0029644136723613978 0.063827511505686857 -0.058254757957812611 -0.054443625132134903 0.051217076324421212 0.055283564438870239 0.032669640942536465 -0.009624519565702018 0.038719825761787584 -0.044715758085144164 0.0095691167425042759 0.039155081080053056 0.021463780137963087 -0.050328854217608833 0.015700808877947652 -0.014464149369579779
leaf_weight=1.3723335789904911 0.93814258022166441 237.25855199238447 1.3693567285247343 2.014984324108354 3.2487165790157664 3.3445481842645703 1.5159988661685009 1.0305221051169144 1.4708082660263242 4.2740643965344116 2.3870934611968551 1.5214305256185969 2.3292535811083352 17.966303728598632 5.2271583110018582 1.6371594931588322 8.2340833879219399 1.4068614686996159 0.7223229442965925 3.2076155594668307 0.23238742546300883 4.1223205747196507 1.1237237344628273 8.9281479383549787 1.4301270112118798 3.2710002133062517 2.3360493388172574 2.3031441938301205 3.0413462222086309 1.3308307775212131 4.8246290792014852 0.69203810127328225 2.2458499046069829 1.4045528284837017 0.41525175285346527 7.2708800450477611 4.1523047379346281 1.7353934806685627 1.5436683693783382 1.653193046036449 1.7523992046608317 11.66652634838624 16.393860635685549 1.0719523860298066 1.8718705847895751 1.1255056348054484 2.6036904644788592 0.47638448236466491 2.161772573489543 0.35594640466933869 2.092984995516872 1.6707955210326959 2.5917359396735291 16.473951267767916 2.8196991124063961 2.1008051587045875 3.8855864962381474 4.6105108044530416 6.2990191784515437 2.5984233754206798 2.4411296498365118 2.3401292705398191
leaf_count=700 6377 25616 172 86 394 178 552 109 136 216 91 61 2307 9331 841 182 1026 1776 133 281 123 2056 965 6381 90 178 89 106 124 133 173 66 120 45 339 277 165 112 67 67 1103 3874 1154 73 217 50 133 12 1494 45 314 93 59 519 166 248 223 124 250 197 52 203
internal_value=-0.000511077 -0.000391658 -0.00296935 -0.000161772 -0.00160841 -0.0101491 -0.00796828 0.00317689 0.0387694 -0.0247081 -0.00386311 -0.0338519 -0.00678318 0.00240497 0.0208483 -0.011702 -0.0271075 -0.00767939 -0.00571908 0.0242341 -0.00934089 -0.0115293 -0.00639922 -0.0209545 0.0300932 0.0417824 0.00158386 -0.00677811 -0.0281843 -0.00138836 0.00174082 0.00274953 -0.00482862 0.0178354 -0.02393 -0.0400118 -0.0123109 -0.0232367 -0.00754128 0.00861177 0.00647559 0.0113214 6.59453e-05 -0.0198346 0.00440622 0.0100472 -0.017675 -0.0054571 -0.0317835 0.00591402 0.0358595 0.00441318 0.00544273 -0.00387517 0.0116185 0.00867326 -0.00948108 0.0141181 0.00659776 -0.0037488 -0.0183445 0.01459
internal_weight=445.939 445.001 207.742 133.028 126.958 45.59 74.7137 81.368 3.48579 18.798 5.73164 13.0664 73.1977 25.5227 7.55641 47.6749 9.87124 37.8037 36.4314 3.92994 32.5014 31.0946 24.8105 9.57579 6.07048 4.70113 77.8822 26.571 5.34449 21.2265 19.8956 15.2347 15.071 3.7406 9.3434 11.5449 11.3304 7.1781 4.93225 3.19686 14.111 12.3586 26.792 4.79705 21.9949 17.5194 4.47556 3.7251 6.28409 51.3112 2.44893 48.8623 47.8318 19.0657 28.7661 25.9464 5.98639 19.96 15.3495 9.05048 5.03955 4.01092
internal_count=72844 66467 40851 7321 6881 2856 33530 4025 222 823 269 554 32978 12479 3148 20499 1208 19291 18591 414 18177 16401 12851 6843 440 268 3803 1201 230 971 838 6008 665 134 6720 493 531 366 246 134 5043 3940 2033 479 1554 1204 350 406 3550 2602 359 2243 2134 578 1556 1390 471 919 795 545 249 296
is_linear=0
shrinkage=0.05


Tree=132
num_leaves=63
num_cat=0
split_feature=11 33 16 15 16 7 8 32 3 3 32 7 9 8 8 33 8 12 36 36 36 33 3 8 35 32 16 6 15 36 36 15 3 8 3 33 16 33 18 16 36 8 18 35 36 32 36 7 18 8 32 36 15 18 15 32 32 32 1 3 4 18
split_gain=0.953511 1.57883 0.937075 0.997045 0.861356 0.80442 0.650539 0.641018 1.60693 1.93034 1.35882 1.14432 1.13878 1.13138 1.19971 1.25414 1.07447 1.46735 1.3367 1.11489 2.15885 1.95864 1.32309 1.26806 1.3367 1.35664 1.30154 1.27696 1.07882 1.23734 1.14133 1.08176 1.26125 1.02713 1.05131 1.38671 0.979386 2.94947 1.1145 0.962672 0.926633 1.06412 0.884748 0.975647 1.69762 1.01222 1.13632 1.51893 0.898971 0.883784 0.865353 1.03221 0.864307 0.836427 1.83195 2.07952 1.4529 1.3103 1.14602 0.805451 0.797901 0.764846
threshold=1.0000000180025095e-35 0.00022063528740545737 0.96147063374519359 1.2864741683006289 0.44236989319324499 118.00000000000001 3335.5000000000005 2.5492259263992314 3.5408543348312382 3.5114340782165532 2.4569536447525029 30.500000000000004 8.5000000000000018 4558.5000000000009 2760.0000000000005 0.00075938968802802276 3283.5000000000005 1.0000000180025095e-35 0.0012174861039966347 0.0031041273614391689 0.001601969823241234 0.00088228142703883361 3.4498615264892583 2737.0000000000005 0.024695121683180336 1.4235711693763735 1.1344851255416872 0.0069640120491385469 0.87548449635505687 0.086536344140768065 0.0038062563398852949 1.3339529037475588 3.3140207529067998 2230.5000000000005 2.6020033359527592 0.0037238413933664565 0.91117948293685924 5.9033061461377665e-06 3.5000000000000004 1.7347959876060488 0.0013654600479640069 3419.5000000000005 3.5000000000000004 0.04446640424430371 0.0011698118178173902 2.187984943389893 1.8961680325446654e-05 1.5000000000000002 8.5000000000000018 3444.0000000000005 2.2250474691390996 0.00097940640989691041 0.11634059622883798 7.5000000000000009 0.032332735136151321 2.2350966930389409 2.1187763214111333 1.7277634739875796 4.5000000000000009 3.3140207529067998 3.5000000000000004 14.500000000000002
decision_type=2 2 2 2 2 2 2 2 2 2 2 2 2 2 2 2 2 2 2 2 2 2 2 2 2 2 2 2 2 2 2 2 2 2 2 2 2 2 2 2 2 2 2 2 2 2 2 2 2 2 2 2 2 2 2 2 2 2 2 2 2 2
left_child=4 2 -2 5 -1 -4 -5 8 9 16 11 13 -12 14 15 -10 17 19 36 20 22 -22 42 24 25 27 -25 -21 29 30 -26 32 33 34 -30 -36 37 -18 -38 49 -20 -42 -6 44 48 46 47 -45 -44 -40 51 -50 -9 54 -51 56 57 -56 -59 -47 -48 -33
right_child=1 -3 3 6 7 -7 -8 52 10 -11 12 -13 -14 -15 -16 -17 18 -19 40 23 21 -23 -24 26 28 -27 -28 -29 31 -31 -32 61 -34 -35 35 -37 38 -39 39 -41 41 -43 43 45 -46 59 60 -49 50 53 -52 -53 -54 -55 55 -57 -58 58 -60 -61 -62 -63
leaf_value=-0.026164886426494855 -0.041785014306181333 0.019832522063453765 -0.042459280153780442 -0.0012931999165223607 0.044162159965273354 0.0027139318163998984 0.036592789666514934 0.037435161236326536 -0.054004801684782125 0.041124614504588902 -0.04656191238563815 -0.052603610135743696 0.0057941467423805798 -0.057224708544699202 0.036436630960769913 0.02617553531360807 0.072620489198819749 0.053300269255083681 -0.077781238941134243 0.065549075882238378 -0.065523343435911138 0.019914947094921306 -0.0777382472840734 -0.050884966614000819 0.070099323651970455 -0.045283927899721681 0.059013923479193854 -0.070711169061044854 0.055355073835821368 0.02653300089412591 -0.019970389719706907 0.010957098046454745 -0.045377477084133595 0.078791819299972643 -0.060254459631678407 0.037220987394835446 -0.03843228562130302 -0.02932349827401089 0.063886754244484284 0.051012944384856054 0.047881765502704225 -0.023884589010997343 -0.048632692121594379 0.052679459949529633 0.059655902574709443 0.023246248299108378 -0.052831816396791832 -0.028730653724245461 0.0037366000423897519 -0.092251072070015816 -0.050843651157231939 0.087820185216382671 0.00017040157624269333 0.011941808293563375 0.022240546915517738 -0.051066369708466099 0.060061072645107329 0.064002399305452318 -0.05780773838561163 -0.027691010100563535 0.051722162580853617 -0.013700761774535176
leaf_weight=3.3719782844094643 1.5480982863591659 14.332890208264869 1.8046642906265318 2.4145789653994143 0.82194865333395739 2.1711566078010947 2.1348864622996189 1.5639336385974036 1.0123681233358164 2.5405600363794738 5.3627368023943518 1.009275175679704 1.2880552580436413 0.63005123943548813 2.6093538296731822 0.94102479513844617 1.9545696800080414 0.99664174605913913 0.61795534095517624 0.60571904948983446 3.422385756730363 0.83432569246770061 0.67662533578095363 2.1673181555822789 0.36572511031136201 2.8350403309091234 0.3076510517639689 0.24009589411775778 1.3923130490750311 2.0222514936384632 9.1830147035427654 10.870955660523121 0.47762294291169372 1.2261609919428336 0.64510160127633731 0.83992426248278207 1.3568577010860305 1.1138417128998979 0.62990753865597682 1.2425466460113046 0.62378861892921156 3.0038052746889434 1.0050802792285392 0.79566700591385453 1.2073872789837876 2.0459869104038266 3.6599430479107018 2.046978104399841 3.1480875424582568 0.61491008288476479 0.61273680150861753 0.41286002324886784 306.98049928469118 11.693409112493326 2.232891470746154 1.6275242563424397 1.2755019770515899 0.22904741438560439 1.2300638202873413 1.2503745373114723 0.19205211020744162 4.4249826001807824
leaf_count=16311 119 493 63 61 741 61 62 223 212 249 727 189 73 86 169 79 792 167 159 150 656 370 105 1994 107 1556 34 1038 615 3320 4418 2120 71 258 155 159 611 1545 159 244 394 3804 1464 180 236 173 1108 1585 2272 386 100 94 15872 2023 650 142 93 34 299 76 23 1115
internal_value=-0.00043478 0.00917127 -0.00599806 0.000500457 -0.000996346 -0.0177906 0.0164852 -0.00079141 -0.0041544 -0.0018577 -0.0207228 -0.00388755 -0.0364221 0.00558093 0.0142535 -0.0153788 -0.0030686 -0.0068689 0.00476943 -0.00787277 -0.0167764 -0.0487772 -0.00915612 -0.00263237 -0.000195253 -0.0287039 -0.037224 0.0268698 0.00314156 -0.0089962 -0.0165206 0.0102073 0.0315212 0.0404717 0.0241418 -0.00512276 0.00914189 0.0356145 0.00547179 0.00833914 -0.021185 -0.0115439 -0.00645804 -0.00899861 0.00626587 -0.0187555 -0.029923 -0.00594366 -0.00618158 0.00562458 0.00404123 0.0134853 0.000359287 0.00368314 -0.00971114 -0.00201525 0.0140556 -0.00183827 -0.0386863 0.00392475 -0.047619 0.00382379
internal_weight=441.896 24.4063 10.0734 8.52529 417.489 3.97582 4.54947 414.117 105.573 92.7201 12.8529 6.20207 6.65079 5.1928 4.56275 1.95339 90.1796 60.733 29.4466 59.7363 22.1324 4.25671 17.8757 37.6039 35.1289 3.68086 2.47497 0.845815 31.4481 11.571 9.54874 19.8771 4.58112 4.1035 2.87734 1.48503 25.2011 3.06841 22.1327 20.7758 4.24555 3.62759 17.1991 16.3772 6.38615 9.991 6.69464 2.84265 5.17876 19.5333 4.17368 3.56095 308.544 18.9033 7.20994 6.59503 4.9675 3.692 1.45911 3.29636 3.852 15.2959
internal_count=72844 859 366 247 71985 124 123 55674 39579 38044 1535 735 800 546 460 291 37795 26460 11335 26293 9183 1026 8157 17110 15082 2744 2028 1188 12338 7845 4525 4493 1258 1187 929 314 6978 2337 4641 4030 4357 4198 8052 7311 4166 3145 2896 1765 3930 3786 2466 2366 16095 3627 1604 1218 1076 983 333 249 1131 3235
is_linear=0
shrinkage=0.05


Tree=133
num_leaves=63
num_cat=0
split_feature=19 11 19 7 7 32 4 32 32 32 35 36 6 8 36 8 35 2 2 6 7 33 15 2 7 32 35 19 32 32 33 16 16 35 15 35 35 33 17 36 16 7 10 32 7 9 36 35 8 8 16 36 4 6 36 33 7 32 32 36 31 15
split_gain=1.74345 0.953768 1.80602 1.15706 0.652218 0.608914 1.41101 1.54929 1.16894 0.988319 1.25798 0.979232 2.06176 1.28572 1.26487 1.0889 0.927771 0.925935 0.906411 0.921679 0.843375 1.94163 1.01814 0.951681 0.833099 1.11844 0.832421 0.814877 1.3666 1.09914 1.31937 1.28461 1.24596 0.901793 0.7892 0.783086 0.728619 1.04118 1.00862 0.678284 1.32223 1.06331 1.15163 0.706598 0.632077 1.69661 1.53568 1.23421 1.20624 3.21539 1.02934 0.853852 0.85758 1.27222 1.7284 0.823574 1.28892 0.889105 1.90186 1.65146 0.873981 1.50051
threshold=1.0000000180025095e-35 1.0000000180025095e-35 1.5000000000000002 243.00000000000003 14.500000000000002 2.5492259263992314 1.5000000000000002 2.4443135261535649 2.3933341503143315 1.9769448637962344 0.22500000149011615 0.0012174861039966347 0.00064710661536082636 2545.0000000000005 0.0010297723347321155 1782.5000000000002 0.042572464793920524 31.500000000000004 15.500000000000002 1.1501886092446513e-05 2.5000000000000004 0.0003495026176096872 0.97930938005447399 9.5000000000000018 39.500000000000007 2.0193526744842534 0.074175827205181136 1.5000000000000002 0.91763523221015941 1.5338339209556582 7.5983109127264483e-05 1.6192045211791994 1.2970388531684878 0.10555555671453477 0.15397226065397265 0.080128207802772536 0.054093567654490478 2.4315065729751954e-06 1.5583306550979616 0.036306230351328857 1.0718141198158266 23.500000000000004 1.0000000180025095e-35 2.2573493719100957 3.5000000000000004 3.5000000000000004 0.0059078149497509011 0.026671408675611023 2321.0000000000005 2877.0000000000005 2.3481009006500249 0.051958683878183372 49.500000000000007 0.0069640120491385469 0.015871885232627395 0.012791178654879333 7.5000000000000009 2.7669528722763066 3.0944443941116337 0.069015190005302443 0.0079013961367309111 1.1116303205490115
decision_type=2 2 2 2 2 2 2 2 2 2 2 2 2 2 2 2 2 2 2 2 2 2 2 2 2 2 2 2 2 2 2 2 2 2 2 2 2 2 2 2 2 2 2 2 2 2 2 2 2 2 2 2 2 2 2 2 2 2 2 2 2 2
left_child=-1 5 4 -4 -3 6 9 8 24 18 11 14 -13 15 35 16 -14 -9 19 26 21 -21 27 -24 39 -26 -2 28 -22 31 -31 32 -30 -32 -7 36 37 -11 -39 41 -41 42 -8 -44 45 46 -36 -47 50 -50 -49 52 53 54 -48 60 -57 -58 -59 -60 -46 -62
right_child=1 2 3 -5 -6 34 7 17 -10 10 -12 12 13 -15 -16 -17 -18 -19 -20 20 22 -23 23 -25 25 -27 -28 -29 29 30 33 -33 -34 -35 44 -37 -38 38 -40 40 -42 -43 43 -45 55 47 51 48 49 -51 -52 -53 -54 -55 -56 56 57 58 59 -61 61 -63
leaf_value=-0.050054750637855167 -0.0019767909767609863 0.01373605567458476 0.017448889328655442 -0.01619945361683749 -0.059200596174606025 0.031287288607959783 -0.045652561714909418 -0.0091931480808851961 0.020399731854090671 -0.023197742161628537 0.029586851019642132 -0.055702409208476959 -0.039284640454499004 -0.035034424173987049 0.041800642289942957 0.01972442713851533 0.0061475877999168415 -0.04557970111389964 -0.034463467232185366 -0.054017692025986955 -0.044129119465336215 0.0091377541156826211 0.043254318446692808 -0.0022310458401303777 0.007129038922290558 -0.052170156001859272 0.040515659950514107 0.016970906105877266 0.010594961982638477 0.012324335021054475 -0.0093875511801238282 0.045441687568133042 -0.040801974757470896 -0.056229665148234534 -0.038064717999838002 -0.022166320828099516 0.036815084050583036 0.043283386209860331 -0.0011100601438669088 -0.017498524691305584 0.048835277141317281 0.022722134870742965 -0.016456526741489785 0.01546314066727905 -0.00089042705849054168 -0.01654423872849077 0.015022734027999217 0.024718772644365995 0.073703635483771235 0.0042500304084281595 -0.0047824777827542853 -0.012423039335305005 0.036100501766139832 0.034472022705799459 -0.049303231579671702 -0.032249491480925319 0.040894660385332959 -0.032292513431412498 0.058102581066428474 0.0085724805473917278 0.02200006152362784 -0.019592314657860568
leaf_weight=1.7686536252268741 2.6270380868809289 0.40708558796905236 19.548723874788269 2.9389692863915107 1.2405753244092919 2.0321456946403478 2.6905861159975872 2.7142190630547693 3.3999205091677132 2.5199702648678812 4.7467056152527212 1.8996884771622706 1.8503846779931317 2.2040158324816721 2.7287834697635835 6.649622016819194 2.8613606375583913 4.9134141703834757 2.6176754531334145 2.750756326189733 2.8500378233147883 2.182601903739851 2.0344849819375659 2.6450807476940099 1.1756987152330105 2.4567154214892071 2.0534517564810812 2.7043530187220304 4.0661030438495782 1.9671683691849464 1.7313780857075469 1.6775223375298081 1.6607707778166512 2.5272976565465797 2.9792724539001965 2.2954168815631411 2.0475628268904984 2.0575687130913138 3.3833292775670998 1.5357230274821625 1.4706415407708844 1.9776469589560282 6.9467094259453006 2.3104335267562419 229.62277867751254 2.6199054874014136 2.3081481094704923 6.1501193717122096 3.1619639624841502 3.5232218410237692 5.6944793919101357 6.5771671707043415 2.5101941497996449 1.984417781466618 1.9070883198874069 1.7997719715349401 2.3394183485652347 2.5073572353576337 1.9155565558467049 13.858996313312671 2.5818542412307606 13.543076615722383
leaf_count=60828 88 19 470 108 262 71 118 74 83 76 141 63 78 222 53 172 54 188 97 57 120 69 60 101 38 114 42 53 165 90 100 30 35 49 99 54 35 37 100 85 31 71 168 51 5677 94 61 107 37 82 136 187 35 55 64 43 66 111 30 397 90 453
internal_value=-0.000512521 -0.000311865 0.00934906 0.0130513 -0.0411802 -0.000877059 -0.00420862 -0.0130058 -0.00675886 -0.000312967 0.00564275 0.00191606 -0.00691719 -8.53401e-05 0.0110034 0.00669451 -0.0116944 -0.0326319 -0.00612822 -0.00391267 -0.00725729 -0.0260766 -0.00336684 0.0175441 -0.0112491 -0.0329769 0.0166657 -0.0084675 -0.0126418 -0.00605797 -0.0215422 0.00696167 -0.00430995 -0.0371859 0.000230516 0.00417312 0.010214 0.00337215 0.0156781 -0.00658772 0.0149504 -0.0112376 -0.0168588 -0.00848989 2.53307e-05 0.00593742 -0.00522483 0.0155779 0.0201196 0.0371002 0.0105356 0.0011753 0.011444 0.00146072 -0.0140801 -0.000843639 0.00832983 0.0118715 0.00815757 0.0145871 -0.00168059 -0.0129327
internal_weight=438.453 436.684 24.1354 22.4877 1.64766 412.549 102.932 31.5917 23.9641 71.3401 35.2444 30.4977 15.4651 13.5654 15.0326 11.3614 4.71175 7.62763 36.0957 33.478 28.7976 4.93336 23.8642 4.67957 20.5642 3.63241 4.68049 19.1846 16.4803 13.6302 6.22584 7.4044 5.72687 4.25868 309.617 12.3038 10.0084 7.96087 5.4409 16.9317 3.00636 13.9254 11.9477 9.25714 307.585 39.416 18.2663 21.1497 18.5298 6.68519 11.8446 15.287 8.70985 6.19965 4.21524 268.169 22.4211 20.6213 18.2819 15.7746 245.748 16.1249
internal_count=72844 12016 859 578 281 11157 3262 1021 759 2241 1085 944 589 526 355 304 132 262 1156 1059 929 126 803 161 676 152 130 642 589 469 239 230 200 149 7895 302 248 213 137 524 116 408 337 219 7824 957 501 456 362 119 243 402 215 180 125 6867 647 604 538 427 6220 543
is_linear=0
shrinkage=0.05


Tree=134
num_leaves=63
num_cat=0
split_feature=19 34 19 33 34 1 7 34 16 34 32 32 8 33 5 32 16 35 8 32 4 16 2 8 7 5 36 9 32 18 33 36 18 8 8 7 33 17 17 33 32 2 16 35 4 4 1 19 4 2 8 35 33 32 4 32 36 35 36 17 17 17
split_gain=1.6542 1.12245 1.76233 1.08564 1.11525 0.980711 0.977054 0.779004 1.01506 0.577745 0.507497 1.39085 1.11477 1.89062 1.25038 1.19872 1.27228 1.07599 0.760177 0.754687 2.44375 0.955968 0.94531 0.835047 0.800945 2.1662 0.857799 0.724788 0.703503 1.19781 0.770435 0.6893 0.684223 1.01803 1.275 1.23126 1.39325 1.16526 1.23135 1.06472 1.01603 1.89789 0.895099 0.823992 0.862253 0.799294 1.0725 0.654714 0.647637 0.624881 0.96792 0.624544 0.575708 0.920673 2.13726 1.98456 1.5892 1.27506 1.25405 1.24528 1.98689 1.70019
threshold=1.0000000180025095e-35 1.0000000180025095e-35 1.5000000000000002 0.00022063528740545737 0.49990765750408178 13.500000000000002 12.500000000000002 0.52369967103004467 1.07950896024704 0.54803642630577099 2.3933341503143315 2.4313137531280522 5797.0000000000009 1.0000000180025095e-35 6821.0000000000009 2.2816116809844975 2.0582987070083623 0.060661764815449722 2656.5000000000005 2.5492259263992314 1.5000000000000002 1.2360472083091738 30.500000000000004 2338.5000000000005 1.0000000180025095e-35 2182.5000000000005 0.0014708993257954719 1.0000000180025095e-35 0.91763523221015941 19.500000000000004 4.7803562210901882e-06 0.034185292199254043 32.500000000000007 2254.0000000000005 3283.5000000000005 3.5000000000000004 3.8286455037450659e-06 1.2624600529670718 1.7727736830711367 4.5994005631655461e-05 1.9563862085342409 6.5000000000000009 1.3180668950080874 0.024099883623421196 1.0000000180025095e-35 1.5000000000000002 29.500000000000004 2.5000000000000004 12.500000000000002 33.500000000000007 1991.0000000000002 0.046536797657608993 0.0025928451213985686 3.6695361137390141 47.500000000000007 3.4819382429122929 0.033135036006569869 0.029857398010790352 0.033135036006569869 10.751177787780763 25.240055084228519 9.9550070762634295
decision_type=2 2 2 2 2 2 2 2 2 2 2 2 2 2 2 2 2 2 2 2 2 2 2 2 2 2 2 2 2 2 2 2 2 2 2 2 2 2 2 2 2 2 2 2 2 2 2 2 2 2 2 2 2 2 2 2 2 2 2 2 2 2
left_child=-1 10 6 7 -5 9 -3 -4 -9 -6 12 18 14 -14 15 28 17 31 -12 20 21 22 -13 -23 25 -21 -27 -15 29 30 -2 -17 33 40 37 -36 51 39 -39 -35 41 -30 -34 -38 -45 46 -42 48 -28 50 -22 -37 -26 55 57 59 -56 -55 -59 61 -61 -54
right_child=1 2 3 4 5 -7 -8 8 -10 -11 11 19 13 27 -16 16 -18 -19 -20 24 49 23 -24 -25 52 26 47 -29 32 -31 -32 -33 42 34 35 36 43 38 -40 -41 45 -43 -44 44 -46 -47 -48 -49 -50 -51 -52 -53 53 54 56 -57 -58 58 -60 60 -62 -63
leaf_value=-0.050052255339139311 -0.0093216155069003204 0.045819441866605547 -0.014277556305202992 0.045088937950889772 0.039687029316189303 -0.0078135620331935603 -0.059682259809129251 -0.012750177486868193 0.034902941839788343 0.0094150661899649307 0.001447529131638648 0.0084843571217098259 0.052091738268609182 0.012896715890798882 0.028785206933016602 -0.043562405129589053 -0.065428019534227305 0.0041699885688984634 0.038090427997036103 -0.03538881476695982 0.011348199591031996 0.00045598950869317652 -0.04934510270812606 0.039597297943359359 -0.001589787166018485 0.038958491006259387 -0.00016631892021512937 -0.03047265708352467 0.025767749990668682 0.011605351416230744 -0.054023160005333484 0.00079142785936956491 0.0057249265107957546 -0.021848152770463734 -0.042509648995544325 -0.04456440103866726 0.049932516747456343 -0.055156255150246518 -0.015171042738639172 0.024223417454418958 0.039973170024804577 -0.014997318988376329 -0.041932299497223283 0.027259077088190843 -0.008896355310911366 -0.00026107109750240885 -0.003676879967637315 -0.012106155322729899 0.039023403821877904 -0.045511861021820962 -0.039442839203645247 -0.0024780082421652547 0.0068137252865609517 0.011956033790292886 0.037969990954902631 0.032761251852692602 9.2069564489142362e-05 -0.041072605858710344 -0.0097083121638950869 -0.015874386219950222 0.035299741340784535 0.057169597373117567
leaf_weight=1.6730891115565771 1.5850495974300418 0.2649781978107083 4.569747357512826 3.9238800166640422 3.3091435949318093 3.470761036965996 1.277290872960293 1.9266806805972008 2.6607940743560903 3.0096211479976773 2.307464863464701 1.7088721118634587 2.2834946429939 2.3350930602755402 2.4762659303378305 3.3852057579788362 1.5331066312501196 3.7080825625453144 3.6610622516600415 1.9956836801720772 1.6817975188605481 2.7223111148923635 1.2049531143275087 2.7282418133690953 230.37258026404015 4.2012765565304999 1.9147904642159117 1.6398966856650075 4.0177636957814711 1.902136144111864 2.4596624098485336 1.181756764242891 1.6518701380700793 2.719938212263517 1.3689289022004221 1.36491618794389 1.7077978235320168 3.22534297587117 4.777197636954952 2.326824483985547 4.9372504556667973 9.867274901349445 2.441530326846987 3.6681044526339974 2.995823170960648 4.1364608366129687 1.968222457100637 2.2144130344968289 2.3456171667203307 3.8739542077237274 2.1209352803998627 2.488857586402446 13.21520527120447 3.7456435199710603 4.2512240102514607 7.1043756413273504 7.9430329479509965 4.9597520994720972 8.916678240959298 11.630554430521441 2.2663737523835144 1.9197470077779133
leaf_count=60828 56 13 124 83 64 110 268 55 62 80 62 55 95 50 59 135 42 103 83 71 37 57 67 43 5828 85 78 139 89 57 71 68 81 58 42 85 46 86 182 68 124 293 70 132 133 117 72 51 38 165 73 67 397 115 64 146 191 103 259 376 53 40
internal_value=-0.00043046 -0.000239857 0.0101766 0.0136651 0.022567 0.0135397 -0.0415559 0.000334075 0.0148892 0.0252685 -0.000858338 6.08322e-06 -0.00442808 0.0158336 -0.00614412 -0.0073552 -0.0235904 -0.0158392 0.0239241 -0.000433112 -0.0110073 0.00768886 -0.0154298 0.0200479 0.000115829 0.0124259 0.0213639 -0.00499548 -0.00477065 -0.0211169 -0.0365054 -0.0320853 -0.0030243 -0.00146252 -0.00825747 0.00245874 0.00749399 -0.0194213 -0.0312867 -0.000606723 0.00580042 -0.00320157 -0.0227005 0.0189461 0.0110051 0.0171203 0.0275319 0.00994738 0.02141 -0.0313783 -0.01698 -0.017384 -0.000410587 0.00370836 -0.0027952 0.00907451 0.0132973 -0.013931 -0.0209186 0.00327814 -0.00752868 0.013201
internal_weight=437.246 435.573 24.4129 22.8706 13.7134 9.78953 1.54227 9.15722 4.58747 6.31876 411.16 331.007 80.1539 6.25848 73.8954 71.4191 9.80815 8.27505 5.96853 325.038 16.0411 8.36438 2.91383 5.45055 308.997 12.6718 10.6761 3.97499 61.611 5.94685 4.04471 4.56696 55.6641 51.5707 26.6437 13.5944 12.2255 13.0493 8.00254 5.04676 24.927 13.885 4.0934 8.37173 6.66393 11.0419 6.90547 6.47482 4.26041 7.67669 3.80273 3.85377 296.325 65.9526 29.8163 36.1363 12.1943 17.6221 13.8764 29.0319 13.8969 15.135
internal_count=72844 12016 859 578 337 254 281 241 117 144 11157 8537 2620 284 2336 2277 348 306 145 8392 497 222 122 100 7895 323 252 189 1929 184 127 203 1745 1594 899 505 463 394 268 126 695 382 151 311 265 313 196 167 116 275 110 152 7572 1744 732 1012 255 477 362 866 429 437
is_linear=0
shrinkage=0.05


Tree=135
num_leaves=63
num_cat=0
split_feature=19 19 17 5 5 34 8 8 4 5 16 32 15 36 19 12 32 8 33 16 18 16 4 4 35 33 16 17 14 8 15 16 33 18 36 14 6 5 14 36 15 32 4 2 5 16 1 2 14 32 2 32 16 17 1 19 1 14 16 35 17 17
split_gain=1.54192 1.03246 1.74366 1.26097 0.832949 0.774999 0.809613 1.22541 0.795277 0.67594 0.654604 1.06 1.58635 1.12542 0.976653 0.948198 0.896425 0.759145 0.740725 0.707077 1.29893 0.818619 0.866788 0.771518 0.97673 0.87058 0.706899 0.700341 0.704044 0.59278 0.589409 0.575099 1.35412 1.2411 1.16373 1.55169 1.35142 1.16204 1.07836 1.2035 1.12892 1.60177 1.07373 1.83545 1.30646 1.24027 1.10754 1.13786 1.62523 1.51285 1.36862 1.1705 1.70686 2.52891 1.77794 1.74941 1.15507 1.74268 2.22516 1.91456 1.37888 1.71927
threshold=1.0000000180025095e-35 5.5000000000000009 56.335966110229499 3595.5000000000005 6014.5000000000009 0.47946575284004217 2496.5000000000005 1701.0000000000002 203.50000000000003 3994.5000000000005 0.86763349175453197 2.1411460638046269 2.6489996910095219 0.49964445829391485 4.5000000000000009 1.0000000180025095e-35 2.0508674383163457 1503.5000000000002 0.0017731467378325763 0.91117948293685924 25.500000000000004 0.94374412298202526 14.500000000000002 3.5000000000000004 0.087121214717626586 5.9033061461377665e-06 0.54720571637153637 6.4842107295989999 1.8688347935676577 1934.5000000000002 2.5793672800064091 1.2970388531684878 2.9937028784843282e-06 19.500000000000004 0.00082428017049096536 2.5249279737472539 0.00035513965121936058 6011.5000000000009 4.0342013835906991 3.7035861168988056e-05 1.2006289362907412 3.6695361137390141 35.500000000000007 309.50000000000006 2761.5000000000005 3.975513339042664 32.500000000000007 255.50000000000003 2.9700856208801274 3.4511500597000127 158.50000000000003 2.9776374101638798 2.0247833728790288 5.8841705322265634 11.500000000000002 1.5000000000000002 12.500000000000002 3.5694335699081425 2.3481009006500249 0.060661764815449722 5.2286753654479989 2.5635657310485844
decision_type=2 2 2 2 2 2 2 2 2 2 2 2 2 2 2 2 2 2 2 2 2 2 2 2 2 2 2 2 2 2 2 2 2 2 2 2 2 2 2 2 2 2 2 2 2 2 2 2 2 2 2 2 2 2 2 2 2 2 2 2 2 2
left_child=-1 10 3 -3 -5 6 7 -4 9 -8 11 12 16 14 15 17 18 -13 -2 20 23 22 -21 25 -25 -12 -19 -28 -29 -15 -30 32 34 42 35 -23 -36 38 39 -34 -40 -42 45 -44 -45 46 47 49 -49 51 -51 56 54 -54 -53 -56 -33 58 59 60 61 -58
right_child=1 2 5 4 -6 -7 8 -9 -10 -11 19 13 -14 29 -16 -17 -18 26 -20 21 -22 31 -24 24 -26 -27 27 28 30 -31 -32 33 37 -35 36 -37 -38 -39 40 -41 41 -43 43 44 -46 -47 -48 48 -50 50 -52 52 53 -55 55 -57 57 -59 -60 -61 -62 -63
leaf_value=-0.050050127593986596 0.0026200694738173717 0.051306603174921639 -0.011005755676005919 -0.0054237804971994791 0.028333230351546581 0.0248020982137581 -0.046710062533941034 0.016968500458889917 0.006119825366982367 -0.01007232140355702 0.056122949068803218 -0.084760633044574485 0.05886099017339215 -0.011821171825354472 0.049912246204520651 0.045337214189211467 0.049045156655873438 -0.048810970979712272 -0.045670389733301023 -0.034907855027079944 -0.030653088948440599 -0.052836437431454455 0.0075382715248466991 -0.02557875408204548 0.032917790701886815 0.014181952125015277 -0.035579508343397362 0.021699462839883291 -0.0023502466533772822 0.030689241517687434 -0.030385446710852745 -0.0059773802334085364 -0.021076508047707051 -0.0076808878639710101 0.023749930897559408 -0.0098781680374487729 -0.0044222695964053543 0.02278652405204639 0.0023150364464294723 0.0081432553585518552 -0.053881916543017418 -0.0070416166718680062 0.045831432027397812 0.031369338727013946 -0.0087866212380798576 0.028317396400788314 -0.013406363262871658 -0.050033900642220533 0.0027105195742135246 0.02687872071807661 -0.00012247105287580858 -0.0026871468169480245 0.047976108228564018 -0.019376035034953942 -0.060773072356138172 -0.010410351547184457 0.020469503118833207 -0.023823676187030754 -0.019910318511015317 0.052028036702427005 0.04030975601715258 -0.019079986348927561
leaf_weight=1.5950912406212854 2.1613559674588063 3.0857743769884092 7.374026043849887 3.3026210798416287 4.090992686804384 2.8838125877082339 2.4151250669965512 8.3449138412252051 2.6731984885409474 2.6295874486677349 2.1810303776292113 0.50305125862360789 1.2836032024933954 1.4719841848127537 0.48443195596337219 0.50409922306425947 0.6474196687049697 2.155752039874641 1.2553078374039612 3.5908549650630439 1.4704150283941997 2.4704784762579974 1.8085142592026384 1.6342299456882758 1.2667225671466438 2.8594310704211239 3.8907846723886896 1.4518163528409767 3.7568154932232574 1.8515893886215051 3.7423194593575317 23.842639918686473 3.7384612660389385 79.442343659065955 5.0611637327238013 14.09689431573497 26.786180262060952 8.1233394180890155 16.296433379582599 61.422957408198272 2.4844150063581747 6.8781191568123177 3.3379528420045963 2.8578989924862963 6.9543912666849792 3.4357883285265407 18.372065813600784 2.6766885031247503 3.2144071465590969 9.8501787396817253 8.9638091358938237 6.0918018650118047 2.4957998341415069 3.1561663186294027 4.0901206549024209 2.9810302862897515 6.8727468675933867 3.4704510119045144 3.9590316802496082 4.0006328851450226 3.5533614002633831 4.5785378660075366
leaf_count=60966 213 42 116 66 52 67 69 152 52 41 47 8 33 43 20 21 61 365 182 201 73 57 61 102 31 99 487 86 426 64 366 453 104 1826 111 359 704 173 469 1389 59 185 51 38 164 92 697 84 65 143 174 118 40 90 98 59 128 93 119 54 62 105
internal_value=-0.000981041 -0.000799999 0.0072106 0.0244593 0.0132545 0.000343128 -0.00266645 0.00384529 -0.0159288 -0.0276124 -0.00154531 -0.00934952 0.0104044 -0.0146814 -0.0200314 -0.0221485 -0.00490017 -0.0243432 -0.0151222 -0.00101514 0.0125142 -0.00136791 -0.0206906 0.020507 -3.58012e-05 0.03233 -0.0223167 -0.0178691 -0.0101707 0.0118617 -0.0163408 -0.00107449 0.00131573 -0.00276624 -0.00553625 -0.016284 5.48422e-05 0.00466852 0.00304797 0.00646685 -0.00563434 -0.019471 0.000266107 0.0138042 0.00290909 -0.00127386 -0.00218025 1.86023e-05 -0.0212545 0.00144423 0.0140142 -0.00197859 -0.012617 0.0103654 -0.0224853 -0.0395413 0.00200254 0.00919997 0.0141906 0.0212943 0.0130998 0.00465653
internal_weight=433.923 432.328 36.8001 10.4794 7.39361 26.3207 23.4369 15.7189 7.71791 5.04471 395.528 25.1603 5.34769 19.8126 16.4891 16.0046 4.06408 15.5005 3.41666 370.367 9.41183 360.956 5.39937 7.94141 2.90095 5.04046 14.9975 12.8417 8.95095 3.32357 7.49913 355.556 147.358 208.198 48.4147 16.5674 31.8473 98.9437 90.8204 65.1614 25.659 9.36253 128.756 13.1502 9.81229 115.605 112.169 93.7974 5.8911 87.9063 18.814 69.0923 18.8149 5.65197 13.163 7.07115 50.2774 26.4348 22.9643 19.0053 15.0046 11.4513
internal_count=72975 12009 657 160 118 497 430 268 162 110 11352 2375 489 1886 1779 1759 456 1738 395 8977 352 8625 262 279 133 146 1730 1365 878 107 792 8363 3610 4753 1231 416 815 2379 2206 1493 713 244 2927 253 202 2674 2582 1885 149 1736 317 1419 405 130 275 157 1014 561 468 349 295 233
is_linear=0
shrinkage=0.05


Tree=136
num_leaves=63
num_cat=0
split_feature=0 19 19 6 36 35 16 16 16 17 0 8 8 6 6 8 0 16 0 2 0 6 8 34 19 34 16 15 35 35 15 35 7 16 18 16 36 7 15 0 35 36 8 35 7 18 17 0 16 0 16 35 17 2 2 33 2 16 19 15 0 7
split_gain=1.47544 2.041 1.36808 1.09049 1.01594 0.861539 0.760745 1.14229 0.920098 1.28164 1.13101 0.797727 1.57874 1.29778 0.753809 0.745015 0.690388 0.896981 0.997232 1.26313 0.913513 1.05506 0.708661 0.692232 1.59015 1.34124 0.830873 1.02138 0.775237 0.722035 3.23464 0.961155 1.67029 1.50388 1.51613 1.05707 1.02923 0.941451 0.923386 1.24121 2.06176 1.58418 0.918836 0.808306 0.78313 0.725676 0.704714 0.670537 0.6625 0.649255 0.648591 0.630899 0.68602 1.08238 0.923193 0.631653 0.832569 0.625926 0.712628 0.947381 0.897303 0.619705
threshold=0.63718414306640636 1.5000000000000002 1.0000000180025095e-35 3.1453524570679299e-05 7.3904948294512005e-06 0.048809524625539787 0.86763349175453197 0.83626914024353038 0.91117948293685924 2.13494884967804 0.72794151306152355 3200.5000000000005 2979.5000000000005 0.0062386000063270339 0.00032914917392190551 4015.5000000000005 0.81443023681640636 0.94374412298202526 0.68674278259277355 194.50000000000003 0.80377197265625011 0.0017241872265003624 4000.5000000000005 0.46902005374431616 2.5000000000000004 0.49613974988460546 0.96147063374519359 1.6036705970764162 0.15476191043853763 0.75000000000000011 3.3651514053344731 0.22500000149011615 93.500000000000014 1.2551903724670412 19.500000000000004 1.0249245166778567 6.9646110205212622e-05 8.5000000000000018 103.70833206176759 0.75734329223632824 0.087121214717626586 0.0012638968182727697 1690.5000000000002 0.033908046782016761 22.500000000000004 10.500000000000002 2.323200106620789 0.69975471496582042 0.2089117765426636 0.71902084350585949 3.975513339042664 0.29166667163372045 4.668861150741578 36.500000000000007 57.500000000000007 0.019389966502785686 216.50000000000003 0.78038880228996288 4.5000000000000009 1.6684981584548952 0.72387886047363292 38.500000000000007
decision_type=2 2 2 2 2 2 2 2 2 2 2 2 2 2 2 2 2 2 2 2 2 2 2 2 2 2 2 2 2 2 2 2 2 2 2 2 2 2 2 2 2 2 2 2 2 2 2 2 2 2 2 2 2 2 2 2 2 2 2 2 2 2
left_child=1 4 -2 -3 5 -1 7 11 9 -8 47 12 51 14 -13 -16 17 18 -10 -20 23 -22 61 26 25 -25 27 -19 -27 31 46 38 33 35 36 -33 -35 -38 50 40 41 -40 -43 -44 -37 -39 -31 -11 -6 -26 -28 52 -4 -54 -55 -56 -57 58 59 60 -17 -18
right_child=2 3 6 -5 48 -7 8 -9 16 10 -12 13 -14 -15 15 57 22 20 19 -21 21 -23 -24 24 49 28 29 -29 -30 30 -32 32 -34 34 -36 44 37 45 39 -41 -42 42 43 -45 -46 -47 -48 -49 -50 -51 -52 -53 53 54 55 56 -58 -59 -60 -61 -62 -63
leaf_value=-0.030063968175820091 -0.050048223307264585 0.030741747936228116 -0.05293799601822035 -0.018856853098482639 0.081425900284636796 0.061594881532953477 0.047696727493366592 -0.041242193794532478 0.017978313465247694 0.0013791149130144462 0.023205595125828132 -0.037440020162145794 0.059417462053455564 -0.044813069800854845 -0.038021901991557208 -0.022382055485427398 0.029733526091223386 0.039207006474099332 -0.052795545951058204 0.0061628788899988924 -0.043243766650374257 0.0023598223805669704 -0.014378461720330705 0.025182104297903681 0.0043417708161185226 -0.046928133410651489 -0.0024733821985675145 -0.0073207676538951834 -0.0024007048212734299 -0.0021914751075951758 -0.036791216854513802 0.0043355507856911888 -0.025278207612013034 0.034185019075207206 -0.012247558247829613 0.018686519875927125 -0.019317086748029726 -0.0018896780286138835 -0.022714299654334934 0.038508137862152597 -0.035695749572650787 0.003372251169155105 0.014630082852952912 0.049575470421547946 0.051361298547342095 0.033710275056789189 0.039128462706915529 -0.044723432465444343 -0.05205592285636939 0.030655506644048005 0.01899097212771593 0.026638877266227663 0.032903871773924141 -0.064127207232193617 -0.032253387607871269 0.039627140180093182 -0.019562525633679939 0.036378792983818693 0.033672543108248014 -0.027838722695323004 0.034603179475357966 0.0030320483209183135
leaf_weight=0.68937232854704944 1.3974535074373751 2.1958441453753039 0.77123010136711467 2.2373976735398173 0.094860844797722055 0.40815867174524101 2.3219719041953777 2.4547854570264453 1.2517868564464141 2.0416171246906747 3.9209614066639915 1.6027493161382143 1.1960800978413306 2.613855783300095 1.1577167960640498 1.1391550476546384 5.0331770360789942 2.8497238394338629 2.7113766913098516 1.3661805273732168 2.6532467051001722 2.4297341694473289 2.0559998187818556 1.75939365802333 3.5627996688708645 2.2145621751551521 267.95703305632924 2.0125000292318873 1.7499192457180468 1.9014111766009572 6.1878593040746637 3.883304584072901 3.5929102478548876 4.2906100868131061 9.3713146945374302 3.3545562222134322 2.845895813603418 2.8695824137394084 2.7732398586813423 3.0078411803406189 2.7851289813406757 5.1089213218074274 3.4091383579652756 3.2155756149441004 4.0450138432788663 2.8563518382725306 2.2564727958233561 1.2851853103493338 4.6314266026481619 6.8534877473721281 3.5662924295756957 1.5685122866416348 1.5684410601243142 0.79740461320034217 1.3430052538751627 1.2132266145490578 1.1642324696294961 1.3197448817663824 1.2213005293160675 3.0257288924185559 1.7551669715030582 3.8238411026541144
leaf_count=817 57043 49 95 86 299 178 59 195 44 79 126 163 72 488 176 209 144 67 153 53 52 55 55 74 68 106 6277 87 58 46 89 82 60 59 129 79 63 57 63 37 56 96 66 45 75 47 60 85 2947 165 105 43 97 74 143 82 58 70 24 237 129 80
internal_value=-0.00111831 -0.0198536 -0.000659108 0.00571 -0.0393134 0.00402286 -0.00049363 -0.00879039 5.59648e-05 0.0153689 0.00501202 -0.00539437 0.0056621 -0.0130838 -0.00569308 -0.000403197 -0.000328046 -0.000692946 -0.0210577 -0.0330416 -0.000395897 -0.0214446 0.0120669 -9.89333e-05 0.0100213 -0.01115 -0.00057357 0.0199489 -0.0272738 -0.000867679 -0.0138737 -0.000458609 0.00712071 0.0105938 0.00304898 0.0254615 0.0141937 0.00418713 -0.00142243 0.00886387 0.00370742 0.0112723 0.019305 0.0315923 0.0365484 0.0158692 0.0202327 -0.0164309 -0.0493768 0.0216551 -0.00219146 -0.00196849 -0.0085118 -0.00288231 -0.015306 -0.00484216 0.0106422 0.0047441 -0.00110209 -0.00827606 0.0121748 0.0182057
internal_weight=428.743 10.2571 418.486 4.43324 5.82382 1.09753 417.088 25.9123 391.176 9.56974 7.24776 23.4576 9.62213 13.8354 11.2216 9.61881 381.606 370.693 5.32934 4.07756 365.364 5.08298 10.913 360.281 16.1402 5.72388 344.141 4.86222 3.96448 339.278 10.3457 328.933 37.1095 33.5166 22.2338 11.2829 12.8624 8.57183 291.823 20.2998 17.292 14.5069 11.7336 6.62471 7.39957 5.72593 4.15788 3.3268 4.72629 10.4163 271.523 8.42605 6.85754 6.08631 4.51787 3.72046 2.37746 8.4611 7.14135 5.92005 2.89432 8.85702
internal_count=72975 4376 68599 135 4241 995 11556 2355 9201 349 290 2160 664 1496 1008 845 8852 8573 250 206 8323 107 279 8216 471 238 7745 154 164 7591 195 7396 651 591 355 236 226 167 6745 363 326 270 207 111 154 104 106 164 3246 233 6382 592 549 454 357 283 140 669 599 575 338 224
is_linear=0
shrinkage=0.05


Tree=137
num_leaves=63
num_cat=0
split_feature=19 0 32 4 7 4 35 3 3 16 36 16 19 16 33 15 8 0 0 7 16 36 17 16 18 36 17 17 15 3 3 16 16 0 16 15 4 7 8 4 4 16 9 16 19 6 36 35 16 4 15 4 35 4 3 16 18 15 17 35 8 10
split_gain=1.37557 1.25553 1.79087 0.944593 2.75303 1.35243 2.38878 1.24554 1.33301 1.20679 1.17304 1.54441 1.44078 1.13486 1.89165 1.12061 1.04285 0.989746 0.988978 0.965539 0.919664 0.861944 1.11246 0.82253 2.04292 1.82279 1.45755 2.0911 1.64458 2.08422 1.51771 1.95541 1.31637 1.2747 1.51993 1.18591 1.13533 1.82712 1.01034 0.946865 1.61123 1.58012 1.15464 1.39924 1.10852 1.089 2.40423 1.16079 1.12084 1.67328 1.03991 0.967676 0.978504 2.35274 1.66663 1.72614 1.19163 1.17045 1.04921 0.956974 1.14393 0.951872
threshold=1.0000000180025095e-35 0.63718414306640636 3.7066130638122563 30.500000000000004 1.0000000180025095e-35 39.500000000000007 0.028174603357911113 5.7945356369018564 5.6750385761260995 1.0392885208129885 0.0026627072365954523 1.3286489844322207 16.500000000000004 1.5057353973388674 0.0020975201623514299 134.54167175292972 1620.5000000000002 0.70203590393066417 0.7175426483154298 13.500000000000002 1.3981814384460451 0.00014725956134498122 5.1463174819946298 1.5527758598327639 9.5000000000000018 0.016413534991443161 2.4285062551498418 2.8279070854187016 6.2880184650421151 4.7140145301818857 4.5485858917236337 1.9053691029548647 1.4953342080116274 0.76482009887695324 2.1710938215255742 16.25657939910889 9.5000000000000018 10.500000000000002 2076.0000000000005 12.500000000000002 15.500000000000002 1.2970388531684878 3.5000000000000004 1.2765080332756045 1.5000000000000002 0.00020084129937458786 0.0018234726157970729 0.15476191043853763 1.4524518847465517 1.0000000180025095e-35 3.5274435281753544 11.500000000000002 0.22500000149011615 8.5000000000000018 4.5163240432739267 1.0003581047058108 13.500000000000002 0.41213235259056097 5.5864350795745858 0.054093567654490478 3982.0000000000005 1.0000000180025095e-35
decision_type=2 2 2 2 2 2 2 2 2 2 2 2 2 2 2 2 2 2 2 2 2 2 2 2 2 2 2 2 2 2 2 2 2 2 2 2 2 2 2 2 2 2 2 2 2 2 2 2 2 2 2 2 2 2 2 2 2 2 2 2 2 2
left_child=-1 2 21 7 -5 6 -6 8 15 -9 -7 12 19 20 -15 23 -11 -18 -19 -12 -13 -2 -23 32 -25 26 33 -28 -29 30 31 -30 39 34 -26 -33 37 -34 -36 41 50 42 43 51 -42 47 -47 59 49 -48 -41 52 61 54 55 56 -54 -57 -59 60 -43 -3
right_child=1 3 -4 4 5 10 -8 9 -10 16 11 13 -14 14 -16 -17 17 18 -20 -21 -22 22 -24 24 25 -27 27 28 29 -31 -32 35 36 -35 38 -37 -38 -39 -40 40 44 45 -44 -45 -46 46 48 -49 -50 -51 -52 -53 53 -55 -56 57 -58 58 -60 -61 -62 -63
leaf_value=-0.050046365698354772 -0.0077060600801055028 -0.0087475907912130755 0.039645985358042979 0.047430429146226701 -0.028096306962110712 -0.012706026356261245 0.024904944403146962 -0.051397663731307136 0.021828334587127383 -0.040067044939898822 -0.038798492331702211 0.008636686427457024 0.031578380258944466 0.015756984258006878 -0.022824834704757806 -0.026423669569368004 -0.029687876103360274 0.032826224297109921 -0.0060709364448054103 -0.0071097060348628213 0.04461984132689234 -0.060042064862758364 -0.012784054998771567 0.0058826680460861407 -0.021935504748933951 0.010606189105931059 -0.055430983362597698 -0.024016537850074834 -0.040595018544880089 -0.019782066274074459 0.047793581003803529 -0.0027399328548573972 -0.0068444181353998134 0.041044658049293248 0.03013777303783205 0.051181349942034229 -0.0084252567122784731 0.032225408832160553 -0.015640415681312098 0.040677218907808184 -0.017157177093920336 0.030711940558363456 -0.017574235442308569 0.028282237473330175 0.0081531309136464777 -0.045052103857267517 -0.030464299536291675 0.026007867010741915 -0.032398508012510513 0.004288473067030279 0.006829644946598927 -0.02865159874373362 0.0073159037772602548 0.055373408256252893 -0.027263447676736153 -0.0082397900536759598 -0.035236371650437491 0.047065247649326805 0.0088074894714472649 -0.029619846948091583 -0.016425701240482222 0.0023030719851777036
leaf_weight=1.4346666922601219 3.5838535884395224 27.128306236973003 1.160975320090073 3.5690702905412754 2.5706421955255783 15.893199997255577 12.287924063333774 2.0576299580861805 6.2514320282498366 2.3683382575400165 3.1273662294843225 3.2484902096912291 1.9455864697229106 10.553615730736054 4.5452635977417222 4.4417430058820164 2.6462122524389979 2.3468511117389426 5.3810469249729067 10.389619943365686 3.916629696264863 2.8969213500968181 2.1842391322716139 29.422533328266582 6.1325003116507997 9.2129856188039394 3.4148922481035688 21.289816810240154 1.9243160872720197 9.316890239948405 2.4350572002585977 2.3813314752769656 4.3135264597367522 1.7348750320379611 3.5310643449774943 1.7833182686008511 4.5684224222786716 9.7705655912868661 1.8298931333119979 4.9380157405394147 6.5119706418263403 2.3793769273906928 8.2045734252897073 4.7922299041529177 12.887307171826249 5.6543876916402978 4.5043435632251265 3.5730662304267744 4.1358824304770669 14.990641088457776 4.1987779980991036 2.7376729760435401 4.8129769074439634 2.6071794980671248 3.3586986344016614 2.1188354849873559 2.4997953635756858 5.1029998954181792 2.7621445928234607 3.1822982736630365 2.8036477044224739 69.181489211980079
leaf_count=60966 157 996 27 65 84 341 244 122 145 68 104 54 37 157 74 71 76 34 121 336 60 141 128 749 189 211 70 579 51 219 43 78 81 31 101 39 82 185 53 136 270 46 990 105 323 118 79 56 97 321 118 79 147 40 70 41 86 180 65 73 70 2096
internal_value=-0.00116931 -0.00100451 -0.0186699 -0.00058692 0.00461843 0.00238708 0.0157353 -0.00167833 -0.00103968 -0.0158675 -0.00131185 0.00348821 -0.00865094 0.011919 0.00414258 -0.00148287 -0.0101301 -0.00329572 0.00574157 -0.0144414 0.028306 -0.0264833 -0.0397273 -0.00113464 -0.00504835 -0.00999731 -0.0134007 -0.0179077 -0.0146331 -0.00343575 0.014431 0.0010889 0.000516944 0.00109507 -0.0049351 0.0203494 0.013234 0.0202595 0.014512 -0.000639775 0.00781067 -0.00200579 0.000605282 0.00177879 -0.000343061 -0.010576 -0.0157647 0.00215205 -0.00875681 -0.0037412 0.0251227 0.000740355 0.0014133 0.0106166 0.00496724 0.0112258 -0.00723015 0.0247439 0.0336296 -0.00803744 0.00521383 -0.000809652
internal_weight=426.93 425.495 9.82599 415.669 72.0474 68.4783 14.8586 343.622 328.822 14.8001 53.6198 37.7266 15.4626 22.264 15.0989 322.57 12.7424 10.3741 7.7279 13.517 7.16512 8.66501 5.08116 318.129 94.4095 64.9869 55.774 42.5456 39.1307 17.8409 8.52402 6.08897 223.719 13.2283 11.4935 4.16465 18.6525 14.0841 5.36096 205.067 28.5361 176.531 135.307 127.102 19.3993 41.2236 29.2853 11.9384 23.6309 19.495 9.13679 122.31 119.572 23.2626 20.6555 17.2968 7.31277 9.98398 7.86514 8.36532 5.18302 96.3098
internal_count=72975 12009 453 11556 1556 1491 328 10000 9579 421 1163 822 477 345 231 9434 299 231 155 440 114 426 269 9363 2413 1664 1453 1079 1009 430 211 168 6950 374 343 117 348 266 154 6602 847 5755 4895 3905 593 860 615 245 497 400 254 3800 3721 629 589 519 233 286 245 189 116 3092
is_linear=0
shrinkage=0.05


Tree=138
num_leaves=63
num_cat=0
split_feature=0 32 36 17 32 35 33 1 0 18 31 2 7 36 17 31 0 17 8 4 5 4 34 17 0 8 8 2 17 18 1 8 7 35 31 8 0 8 7 32 2 17 8 18 8 7 31 9 17 2 31 18 2 31 18 5 32 32 8 7 7 17
split_gain=1.21592 1.53965 0.769853 1.04797 1.03604 0.706648 0.880826 0.717559 0.680041 1.06636 1.69996 1.05827 0.956841 1.6315 0.934034 1.30881 0.859842 0.975203 0.804272 0.765473 1.14959 1.45703 1.07693 1.45013 1.15529 1.05999 1.76295 1.34411 1.2752 1.03032 1.9445 2.73368 1.38607 2.06445 1.31316 1.19552 1.10825 0.970604 0.960256 1.09897 2.67996 2.33371 1.96481 1.71996 1.33263 1.63812 1.3233 1.15814 1.15633 2.05653 1.42471 1.42082 1.14759 1.09023 1.05674 1.12255 1.42716 1.93461 1.75185 1.43523 1.12285 1.03049
threshold=0.63718414306640636 3.7066130638122563 0.00014725956134498122 5.1463174819946298 2.5621200799942021 0.021054964512586597 2.1253275917842988e-05 16.500000000000004 0.69139862060546886 46.500000000000007 4.0763984543445994e-06 269.50000000000006 10.500000000000002 0.18529209494590762 0.13592775166034701 7.5716907304013156e-06 0.65035438537597667 19.560938835144047 3028.5000000000005 30.500000000000004 6011.5000000000009 27.500000000000004 0.4985432773828507 20.442836761474613 0.73807907104492199 2496.5000000000005 2814.5000000000005 824.50000000000011 49.447557449340827 4.5000000000000009 18.500000000000004 1714.0000000000002 2.5000000000000004 0.064583335071802153 0.00077753816731274139 5724.0000000000009 0.70523738861083995 1311.5000000000002 18.500000000000004 3.7066130638122563 93.500000000000014 13.718648910522463 2545.0000000000005 12.500000000000002 2016.5000000000002 9.5000000000000018 0.00026774055731948471 1.5000000000000002 4.668861150741578 44.500000000000007 0.0038733046967536215 5.5000000000000009 67.500000000000014 0.0016403359477408232 6.5000000000000009 4991.5000000000009 2.5084083080291752 2.7669528722763066 2371.5000000000005 12.500000000000002 9.5000000000000018 9.9550070762634295
decision_type=2 2 2 2 2 2 2 2 2 2 2 2 2 2 2 2 2 2 2 2 2 2 2 2 2 2 2 2 2 2 2 2 2 2 2 2 2 2 2 2 2 2 2 2 2 2 2 2 2 2 2 2 2 2 2 2 2 2 2 2 2 2
left_child=1 2 5 -4 -5 -1 7 -7 9 12 -11 18 13 16 15 -14 17 -2 -12 20 21 29 23 -21 -25 28 -27 -28 -26 30 32 -32 -10 34 -34 36 -35 -38 39 40 41 47 -42 46 45 -45 -41 -31 49 51 52 53 -50 -49 -53 56 58 -58 -56 -60 -57 -44
right_child=8 -3 3 4 -6 6 -8 -9 19 10 11 -13 14 -15 -16 -17 -18 -19 -20 22 -22 -23 -24 24 25 26 27 -29 -30 38 31 -33 33 35 -36 -37 37 -39 -40 43 42 -43 61 44 -46 -47 -48 48 50 -51 -52 54 -54 -55 55 60 57 -59 59 -61 -62 -63
leaf_value=0.049734289448344564 0.028148129210467866 0.036339554702131294 -0.0587725433452604 0.033909153421773593 -0.038187710829096333 0.027505752156014047 0.041310934983349451 -0.041150583405095545 0.05876654784602367 -0.056152774961878142 -0.0182502903416293 0.067625511282963957 0.092425153771678425 -0.066118756511969051 -0.01050778973723303 -0.039406199352861916 -0.00070578158238777825 -0.060244330555870765 0.043440425323640591 0.030951680728718314 0.0081246742667579995 -0.031658909902867162 0.027997650137636144 -0.0064890255034944638 0.038264281176743638 -0.05091738709154478 -0.015982468462816174 0.036467430854786778 0.0073826434273437424 0.0028674503105979698 0.049175801250681404 -0.045401918197028421 0.065873677390486995 -0.070469790430627219 -0.035076235401117803 -0.047777469507363259 -0.056583125485597699 0.018335899909379963 0.00031675535049097907 -0.0069447452128674758 0.024265785541997958 -0.058577797615011418 -0.052341549778843768 0.0020438012427958694 0.018690226048873281 -0.049744468481585188 -0.065324382255855032 0.061711956180276341 -0.051578101725935112 0.033734408778987007 0.00040370114149538232 -0.062928144067363287 -0.017021165681574708 -0.045340234697676819 -0.012744096864927579 0.04124876178213787 0.033362736178654748 -0.051165340758149915 -0.077730268040165904 -0.0048514120566500243 -0.030176163790248924 0.0030857321032803455
leaf_weight=0.4576311396515379 4.5012837559454502 1.1211004338847477 2.8197956260065666 0.77266204911029523 1.4032590220685959 0.46338791552534608 0.54004778050330049 2.1294454834254566 1.9395291980374647 0.61801657421437894 1.095483872385558 1.392798662132918 0.50887147950879708 0.88939548143878155 55.41795039813212 0.29882803433622485 29.838694035448043 0.33527771827357344 1.0204841203976682 4.3819361838613977 30.835154834183186 4.1119753087980362 4.8293390864855601 25.570723984018514 4.4402975471757662 1.7804041578110616 2.7771269583104186 2.1805672971531749 13.525174109106954 19.056725294476792 1.0386743013868902 2.889473134763648 2.2481473636617006 0.42254515846377483 0.3760203111287409 1.1114589246146804 0.46508287414053473 6.1354649771928962 118.94010741972193 1.4653533955188311 11.750934397909758 2.2920444884521194 1.3615755600189907 3.4170509134114564 3.1916959477439377 2.7604934057794708 2.875419099271312 1.0625652467370006 4.8192894014759968 2.9331646490816174 4.2540309589121525 1.0852810679209621 4.7906002020226879 0.30641287845423892 7.0138135266374224 1.7329824281609938 2.4896488270401274 0.92968253818798974 2.3617974624185085 0.94619537019207189 0.80625561201281915 2.1830781244352693
leaf_count=118 1412 31 2405 266 191 101 502 762 420 39 285 22 385 1549 12546 2045 6464 23 110 92 2176 129 126 663 80 46 96 43 288 4059 220 2276 133 272 291 375 41 1457 20507 62 457 345 49 99 103 89 128 176 302 161 915 687 224 459 3271 182 202 36 1041 682 145 114
internal_value=-0.00127686 -0.0187678 -0.0259632 -0.0386558 -0.0125864 -0.00830306 -0.0167808 -0.0288804 -0.000864554 -0.00455187 0.0203119 0.03378 -0.00566971 0.000749025 -0.00972978 0.0436509 0.00246414 0.0220206 0.0115018 0.000255081 -0.000930461 -0.00216832 0.00536511 0.00336533 0.00096089 0.00867232 -0.00823959 0.00708683 0.0150153 -0.00162073 0.0103497 -0.0203938 0.0198601 0.0128462 0.0514084 0.000406177 0.00803161 0.013057 -0.00259241 -0.00662119 -0.00415615 -0.00915234 0.0144234 -0.0195983 -0.00754405 -0.0210983 -0.0456166 -0.00707707 -0.0124106 -0.00519557 -0.023687 -0.0112906 -0.0343512 0.0377509 -0.0151567 -0.0119721 -0.017616 0.0103804 -0.0268905 -0.0568845 0.01857 -0.018205
internal_weight=421.51 9.70733 8.58623 4.99572 2.17592 3.59051 3.13288 2.59283 411.802 95.9171 4.12678 3.50877 91.7903 35.5647 56.2256 0.8077 34.6753 4.83656 2.11597 315.885 256.4 225.565 59.4856 54.6562 50.2743 24.7036 6.7381 4.95769 17.9655 221.453 16.6264 3.92815 12.6982 10.7587 2.62417 8.13455 7.02309 6.60055 204.826 85.8861 72.1761 56.8805 15.2956 13.71 9.36924 6.17754 4.34077 54.5884 35.5317 21.6678 13.8639 18.7346 9.60989 1.36898 17.3657 16.2804 13.7411 3.41933 10.3218 3.30799 2.53924 3.54465
internal_count=72975 4376 4345 2862 457 1483 1365 863 68599 24880 456 417 24424 9448 14976 2430 7899 1435 395 43719 42285 40109 1434 1308 1216 553 185 139 368 39980 5485 2496 2989 2569 424 2145 1770 1498 34495 13988 13507 12887 620 481 291 188 190 12542 8483 7042 1441 6881 526 635 6246 5559 5232 238 4994 1723 327 163
is_linear=0
shrinkage=0.05


Tree=139
num_leaves=63
num_cat=0
split_feature=19 0 19 5 0 9 2 0 19 0 15 2 2 2 19 8 15 0 1 36 17 17 18 8 2 15 36 32 13 36 0 31 36 15 17 15 0 33 8 31 36 0 8 36 32 15 31 9 0 8 7 15 35 2 36 7 36 15 17 0 36 32
split_gain=1.28948 1.18109 1.60671 0.850649 0.81579 0.747305 0.636615 0.542283 1.42606 0.835308 1.19542 1.16321 0.872995 2.55766 1.06632 1.21303 1.00048 0.951117 1.34994 1.3796 0.967138 1.94916 2.99473 1.44357 1.28405 1.51822 1.22468 1.10679 1.04779 0.997244 2.65285 1.28593 1.06817 0.917032 1.82188 1.4603 1.16161 0.9098 1.33484 1.63239 0.888253 1.02781 1.18412 1.15934 1.03996 1.09209 1.37073 0.914755 0.912861 1.01521 0.93622 1.2343 0.891116 0.889229 1.06294 0.86134 1.02868 0.851952 0.82093 0.816447 1.16255 1.63162
threshold=1.0000000180025095e-35 0.63718414306640636 1.5000000000000002 5128.5000000000009 0.63600826263427745 4.5000000000000009 44.500000000000007 0.74271774291992199 10.500000000000002 0.73943710327148449 14.510000228881838 48.500000000000007 321.50000000000006 295.50000000000006 1.5000000000000002 1286.5000000000002 50.125000000000007 0.73517227172851574 4.5000000000000009 0.020147855393588546 12.910751819610597 17.906783103942875 11.500000000000002 2803.5000000000005 237.50000000000003 6.2880184650421151 0.035216365009546287 3.5961956977844243 1.0000000180025095e-35 0.067078255116939559 0.71015262603759777 0.011306644417345526 0.046033238992095001 3.3651514053344731 14.654661178588869 7.3393940925598153 0.70836067199707042 5.2694498663186102e-05 1379.0000000000002 0.0007118390640243889 9.7390908194938688e-05 0.67163276672363292 1640.5000000000002 0.00016696048987796533 2.6465394496917729 4.945906639099122 0.00024617074814159429 2.5000000000000004 0.67632675170898449 1523.5000000000002 72.500000000000014 10.171568870544435 0.22500000149011615 106.50000000000001 2.0480161765590313e-05 134.50000000000003 0.0051094812806695708 3.200775265693665 43.970466613769538 0.6557903289794923 0.0014708993257954719 3.0746779441833501
decision_type=2 2 2 2 2 2 2 2 2 2 2 2 2 2 2 2 2 2 2 2 2 2 2 2 2 2 2 2 2 2 2 2 2 2 2 2 2 2 2 2 2 2 2 2 2 2 2 2 2 2 2 2 2 2 2 2 2 2 2 2 2 2
left_child=-1 2 4 -4 5 -2 -7 9 -9 12 11 -11 13 16 58 -16 17 20 -19 -20 29 22 27 24 25 57 -27 -22 -25 31 -31 32 37 34 -24 -35 -37 40 39 -39 48 47 -43 -44 -45 46 -46 -42 -3 -50 51 52 -51 54 -52 59 -57 -23 -14 -40 61 -61
right_child=1 7 3 -5 -6 6 -8 8 -10 10 -12 -13 14 -15 15 -17 -18 18 19 -21 21 23 33 28 -26 26 -28 -29 -30 30 -32 -33 -34 35 -36 36 -38 38 55 -41 41 42 43 44 45 -47 -48 -49 49 50 53 -53 -54 -55 -56 56 -58 -59 -60 60 -62 -63
leaf_value=-0.050044456615372761 -0.046890796722007709 -0.013482519804850508 -0.018024274402687938 0.027369584572760175 -0.07915739863960719 0.019824791759360309 -0.038848892438229643 0.00086182836717479299 0.026029213898133969 -0.0023579888878745964 0.015814073707287223 -0.043813156870207114 -0.060620944505995644 0.03724422624572598 -0.042942976610430658 -0.0036467272920692019 0.014173409204063903 0.039224194028091824 -0.015700838880152831 0.029687292923609433 -0.011223309134920541 -0.00487886103237423 0.015179866392537404 0.042122102113834339 -0.031426339139610043 -0.0056864787254159114 0.029952562504478406 0.033713970381145979 -0.0068163694609551725 -0.0085474802420847096 0.046782926436854645 -0.035566591369572326 0.033229803760065055 -0.067162697975012772 -0.047031144900545885 -0.050063102612888183 0.0064207580097103423 0.065008859167173444 0.016454491082115812 0.0019339092631160577 -0.01921472263402204 -0.045416402966001496 -0.042259736328598724 -0.021678509770872656 0.032325942276677976 -0.025693775361641448 -0.0086490076911881122 0.019944016033566093 0.03533027011766527 0.0056465081231971137 0.016490349667933182 -0.022634337812672645 0.038499731356042517 -0.041603581077111373 -0.027110323074681694 0.0027923877838896684 0.055001513568420236 -0.041707587009806438 -0.010375264766196957 0.0003593132744595864 -0.0082056939701834527 0.038055799809700447
leaf_weight=1.3501704714031451 2.3234525304287654 11.341207396879325 2.0755480476655066 2.0527365821180865 0.94941258447943244 1.1094027995131908 0.79259472791454744 117.48859561221434 5.9118302154529365 2.870238943549337 2.1524929441220593 4.1227035227784654 1.6252071751514443 4.473748199758119 2.072306257672607 37.524169048629119 10.456641916418446 3.3452814454212767 4.6015149810118601 2.6317223239202576 3.0708088643150431 4.5402670585317635 2.1988410069025104 3.0648051146999924 3.9705454039503811 4.5888993879780156 5.0779229237232357 2.4742848230525851 1.7006500843563115 4.9380143531525373 3.8595270543046354 2.7341233307379289 2.2494721770344759 3.9633952637086622 2.5320769056270365 1.9235104883555325 1.7278871643356977 1.8657289042021137 6.3443882185383691 2.278458496381063 2.3188447135617052 3.0743615547326071 2.7927193511568502 7.7511282929990584 3.9866304077440855 2.6306389239616683 4.1822602038446348 4.1793397584406193 2.2356695461785412 23.885879219538772 2.9513551522977641 3.628519582329317 2.2592688863514914 2.2108832249650732 2.6556784147396684 2.3568652802205174 1.5732532049005383 2.4005498301121406 1.6264790061395613 15.708200832392324 33.176741106639383 3.51234016320086
leaf_count=60966 147 404 85 50 30 72 69 3083 97 96 43 129 62 95 44 865 240 58 140 98 155 123 69 70 113 89 100 72 175 267 134 144 86 90 85 67 40 36 184 70 90 124 73 332 103 97 150 191 47 539 53 81 49 56 67 95 33 76 89 459 1047 82
internal_value=-0.00126012 -0.00110183 -0.018717 0.00454724 -0.0372762 -0.027866 -0.00462553 -0.000699009 0.00206754 -0.00190356 -0.0167687 -0.026798 -0.0014079 -0.000194102 -0.00796366 -0.00570332 -0.000932101 -0.00166169 0.0129599 0.000813061 -0.00241285 -0.00905982 -0.0216955 -0.000139928 -0.00588245 0.000224574 0.0130345 0.00882822 0.0246574 -0.000646346 0.0157263 -0.00158237 -0.000967632 -0.0354053 -0.0181166 -0.0461463 -0.0233342 -0.00148426 0.00284771 0.0303305 -0.00501045 -0.0117019 -0.0164049 -0.012226 -0.00770457 0.00232493 0.0113478 0.00597042 -0.000967498 0.00259628 0.000649503 0.00469287 0.00848544 -0.0147492 -0.00416039 0.0010304 0.0236921 -0.0176164 -0.0354883 -0.000485778 -0.00253695 0.00724793
internal_weight=417.472 416.122 9.30315 4.12828 5.17486 4.22545 1.902 406.819 123.4 283.418 9.14544 6.99294 274.273 231.425 42.8482 39.5965 226.951 216.494 10.5785 7.23324 205.916 43.2344 17.8908 25.3436 20.5782 16.6076 9.66682 5.54509 4.76546 162.681 8.79754 153.884 151.15 12.3457 4.73092 7.61479 3.6514 148.9 66.816 4.14419 82.0844 30.9159 24.4177 21.3434 18.5507 10.7995 8.16889 6.49818 51.1685 39.8273 37.5916 29.7737 26.1451 7.81792 5.60703 62.6718 3.93012 6.94082 3.25169 58.7417 52.3973 19.2205
internal_count=72975 12009 453 135 318 288 141 11556 3180 8376 268 225 8108 7048 1060 909 6953 6713 296 238 6417 1324 578 746 501 388 189 227 245 5093 401 4692 4548 351 154 197 107 4462 2006 106 2456 1160 879 755 682 350 253 281 1296 892 845 669 588 176 120 1900 128 199 151 1772 1588 541
is_linear=0
shrinkage=0.05


Tree=140
num_leaves=63
num_cat=0
split_feature=0 16 19 4 0 36 33 15 2 16 32 7 19 36 32 16 19 1 1 1 8 8 31 32 8 7 7 16 32 32 32 2 7 35 5 5 7 1 15 8 0 1 8 15 32 8 35 36 1 0 33 33 19 32 33 4 8 19 2 1 36 2
split_gain=1.31998 1.0392 0.95068 1.2248 0.976432 1.36944 1.55571 1.79304 1.74969 1.29096 1.88173 2.3073 1.56881 1.41784 1.3208 1.25583 1.20439 1.13869 1.53109 1.26797 1.46593 1.34416 1.33405 1.25902 1.2863 1.17336 1.1715 1.11441 1.75048 1.62996 1.18418 1.15753 1.12379 1.15271 1.0808 1.06076 1.71514 1.00467 0.99812 1.3137 1.0448 1.34471 1.60994 1.40696 1.37121 1.2892 1.12758 1.58376 1.29783 1.21154 1.1546 1.07449 0.981896 0.981479 1.00779 0.993295 0.976007 0.974994 0.972524 0.930507 0.910652 0.888616
threshold=0.67580223083496105 0.37273466587066656 86.500000000000014 1286.0000000000002 0.69758033752441417 9.310649602412015e-06 2.1253275917842988e-05 13.985294342041017 38.500000000000007 1.7347959876060488 4.034879446029664 4.5000000000000009 27.500000000000004 0.016413534991443161 3.6695361137390141 2.5950433015823369 4.5000000000000009 38.500000000000007 34.500000000000007 24.500000000000004 2474.0000000000005 3896.5000000000005 0.014561384916305544 2.5905631780624394 3052.5000000000005 41.500000000000007 7.5000000000000009 1.4238294959068301 3.2059261798858647 3.0560940504074101 3.8025527000427251 48.500000000000007 208.50000000000003 0.023532669059932235 3686.5000000000005 3496.5000000000005 38.500000000000007 23.500000000000004 0.27315609157085424 2254.0000000000005 0.77469253540039074 4.5000000000000009 2086.0000000000005 0.48591269552707678 2.5222705602645878 1379.0000000000002 0.057189542800188072 0.0048679357860237369 13.500000000000002 0.71803855895996105 0.0017731467378325763 1.3371160321185018e-06 1.5000000000000002 2.8523025512695317 6.0346180816850401e-06 1.0000000180025095e-35 1902.5000000000002 2.5000000000000004 117.50000000000001 41.500000000000007 0.010012499056756498 116.50000000000001
decision_type=2 2 2 2 2 2 2 2 2 2 2 2 2 2 2 2 2 2 2 2 2 2 2 2 2 2 2 2 2 2 2 2 2 2 2 2 2 2 2 2 2 2 2 2 2 2 2 2 2 2 2 2 2 2 2 2 2 2 2 2 2 2
left_child=-1 -2 3 4 5 -3 7 8 -7 12 14 -12 61 35 38 16 17 18 19 20 57 23 52 24 26 -20 -22 32 29 31 -30 -29 33 -10 -17 -13 -37 -23 39 -11 41 53 43 -43 -44 -45 49 48 -48 50 -47 -46 -21 55 -55 -40 -42 -8 -53 -19 -35 -6
right_child=1 2 -4 -5 9 6 15 -9 27 10 11 13 -14 -15 -16 34 -18 59 25 22 21 37 -24 -25 -26 -27 -28 28 30 -31 -32 -33 -34 60 -36 36 -38 -39 40 -41 56 42 44 45 51 46 47 -49 -50 -51 -52 58 -54 54 -56 -57 -58 -59 -60 -61 -62 -63
leaf_value=-0.006856969117092074 -0.046515702847420362 0.031737406727044316 0.05317163445110798 -0.071251407582769002 0.0039801217752327509 -0.024665959891702491 0.0043594800880992013 -0.034275532480843918 0.054800481554357697 -0.072147661168883659 0.031150352191653824 0.023241346264512117 0.055909687752722974 -0.035378159012623804 -0.034101240459123515 0.097861498223781151 0.044517970027954795 -0.054793583293189591 0.054976209088447282 -0.043917747836302215 0.03567645818564779 -0.015914392825551526 0.051702888209111376 0.062362647746740996 0.054185965174125827 -0.029063352860332445 -0.068684896026142458 0.021825418424766829 -0.064406074541674449 0.062316072623022405 0.00094861247741255788 -0.044800249674034676 0.077178900391233402 -0.0089798884595059161 0.02078655148133696 -0.026824021001103177 0.019877988597295178 0.072480001007135586 -0.0098237820336862132 0.017716522388048297 -0.061135977761952835 0.054317915751229656 -0.073161851007844197 0.019282539536158091 0.0054684238552531895 -0.025861466446409395 -0.003109216832479166 -0.042010268958641198 0.053290067647416728 -0.058323981863755009 0.058079683880139857 -0.049565524691522228 -0.00051729843035197239 -0.028176448693314479 0.020939949130931754 0.051344507495529323 -0.00021130761273774519 -0.050971288427765993 0.0088573651951932373 -0.0030415443024789917 0.034676009405377434 -0.0023445260306089932
leaf_weight=65.033181370680268 1.1524249333457408 5.023858094068145 0.87242409400641818 0.58700062458046787 129.31438818270306 4.8862575904205476 7.3928605738056081 4.3538913517511437 1.5109406554031446 1.3095889934558034 6.2563290429570797 4.1583830252138787 1.3210555929690588 3.0519229567062203 6.0988375748747776 0.74430360119367733 2.2268622498959294 1.1934741059656051 2.7785161139370298 2.6653212363996763 0.46573911719292416 2.0545100988861127 0.68121470677021978 3.2224730819116303 0.9786315911173914 0.48834023155677631 0.63628437723525622 1.568845117346428 1.5487309582340461 1.3019352299811542 1.2545833898338967 1.1153985206487957 0.84788631842911844 3.626007147820701 1.1695441053686861 4.8254448761936128 3.317518958776418 0.38107437901817309 0.91833127237714807 0.58987077044776004 1.6362883022275121 1.0692232944852609 1.4158492209617159 4.0062359473672577 2.6793899132239858 1.8788774834504223 3.2432721700818092 1.6698484563471536 1.4880062557595009 2.3007530522572779 0.52388130694680501 2.9834092968244481 2.5500942347571254 1.96171965213216 2.2333929978894957 2.3935189357957825 1.098798446191722 0.89226816408336151 0.93573424101668923 3.1905235793618658 1.7814348529324204 97.342925961556148
leaf_count=19816 9024 1607 16 11 25469 3057 1033 398 97 580 94 64 15 49 209 14 40 319 318 645 54 458 331 99 160 108 176 76 99 45 32 153 45 243 116 132 59 20 109 286 80 136 324 421 158 299 249 90 58 274 27 177 65 54 53 124 71 23 30 821 203 3323
internal_value=-0.000305129 0.000887836 0.00104128 0.000913221 0.0010327 0.00670302 0.00451603 -0.00527236 0.00122268 -0.000181507 -0.00645377 0.00555631 0.00158052 -0.00487305 -0.0125698 0.0114252 0.0090577 0.00638738 0.0104807 0.00572171 0.0130166 0.0286646 -0.0141018 0.0427866 0.0124677 0.0424137 -0.0245795 0.0099133 -0.00488336 0.0164072 -0.0351575 -0.00585991 0.022849 0.0161905 0.0507613 0.00269517 -0.00779719 -0.0020841 -0.00895585 -0.0442406 -0.0070096 -0.00445147 -0.0101876 -0.00111021 -0.0285138 -0.00503222 -0.0138043 -0.000146672 0.0146286 -0.0323913 -0.0075595 -0.0189336 -0.022697 0.0140357 -0.00202787 0.0343834 -0.03666 -0.00159938 -0.0356165 -0.0171302 0.00540217 0.00126386
internal_weight=422.2 357.166 356.014 355.142 354.555 62.5318 57.5079 23.7959 19.442 292.023 64.0444 21.6096 227.978 15.3533 42.4348 33.712 31.7982 29.5713 25.1873 21.9205 16.0238 7.73871 5.89663 5.30313 2.08066 3.26686 1.10202 14.5558 6.78949 3.98618 2.80331 2.68424 7.76627 6.91838 1.91385 12.3013 8.14296 2.43558 36.336 1.89946 34.4365 31.7014 24.1945 16.1801 8.01438 15.1109 11.1046 6.40113 4.73128 4.70351 2.40276 6.59853 5.21542 7.50696 4.19511 3.31185 2.73509 8.28513 3.91914 4.384 5.40744 226.657
internal_count=72736 52920 43896 43880 43869 10855 9248 4448 4050 33014 4207 398 28807 304 3809 4800 4670 4630 3490 3064 2023 967 1041 489 390 426 230 993 405 274 131 229 588 543 130 255 191 478 3600 866 2734 2583 2243 1554 689 1418 997 397 307 600 326 365 710 340 107 233 151 1056 207 1140 446 28792
is_linear=0
shrinkage=0.05


end of trees

feature_importances:
age_ratio=808
qdrant_cosine_score=721
citation_count_ratio=585
query_age_days=527
candidate_position=517
candidate_citations_per_year=504
query_num_references=493
candidate_citation_count=484
candidate_num_cited_by=452
candidate_influential_citations=450
cosine_x_citations=440
query_citation_count=429
citations_x_recency=405
category_x_recency=390
cosine_x_recency=278
candidate_age_days=242
position_inverse=218
candidate_recency_score=182
year_diff=179
cosine_x_cocitation=101
shared_author_count=85
candidate_log_citations=75
query_log_citations=69
co_citation_count=55
same_primary_category=40
candidate_is_newer=13

parameters:
[boosting: gbdt]
[objective: lambdarank]
[metric: ndcg]
[tree_learner: serial]
[device_type: cpu]
[data_sample_strategy: bagging]
[data: ]
[valid: ]
[num_iterations: 500]
[learning_rate: 0.05]
[num_leaves: 63]
[num_threads: 16]
[seed: 42]
[deterministic: 0]
[force_col_wise: 0]
[force_row_wise: 0]
[histogram_pool_size: -1]
[max_depth: -1]
[min_data_in_leaf: 50]
[min_sum_hessian_in_leaf: 0.001]
[bagging_fraction: 0.8]
[pos_bagging_fraction: 1]
[neg_bagging_fraction: 1]
[bagging_freq: 5]
[bagging_seed: 400]
[bagging_by_query: 0]
[feature_fraction: 0.8]
[feature_fraction_bynode: 1]
[feature_fraction_seed: 30056]
[extra_trees: 0]
[extra_seed: 12879]
[early_stopping_round: 0]
[early_stopping_min_delta: 0]
[first_metric_only: 0]
[max_delta_step: 0]
[lambda_l1: 0]
[lambda_l2: 0]
[linear_lambda: 0]
[min_gain_to_split: 0]
[drop_rate: 0.1]
[max_drop: 50]
[skip_drop: 0.5]
[xgboost_dart_mode: 0]
[uniform_drop: 0]
[drop_seed: 17869]
[top_rate: 0.2]
[other_rate: 0.1]
[min_data_per_group: 100]
[max_cat_threshold: 32]
[cat_l2: 10]
[cat_smooth: 10]
[max_cat_to_onehot: 4]
[top_k: 20]
[monotone_constraints: ]
[monotone_constraints_method: basic]
[monotone_penalty: 0]
[feature_contri: ]
[forcedsplits_filename: ]
[refit_decay_rate: 0.9]
[cegb_tradeoff: 1]
[cegb_penalty_split: 0]
[cegb_penalty_feature_lazy: ]
[cegb_penalty_feature_coupled: ]
[path_smooth: 0]
[interaction_constraints: ]
[verbosity: 1]
[saved_feature_importance_type: 0]
[use_quantized_grad: 0]
[num_grad_quant_bins: 4]
[quant_train_renew_leaf: 0]
[stochastic_rounding: 1]
[linear_tree: 0]
[max_bin: 255]
[max_bin_by_feature: ]
[min_data_in_bin: 3]
[bin_construct_sample_cnt: 200000]
[data_random_seed: 175]
[is_enable_sparse: 1]
[enable_bundle: 1]
[use_missing: 1]
[zero_as_missing: 0]
[feature_pre_filter: 1]
[pre_partition: 0]
[two_round: 0]
[header: 0]
[label_column: ]
[weight_column: ]
[group_column: ]
[ignore_column: ]
[categorical_feature: ]
[forcedbins_filename: ]
[precise_float_parser: 0]
[parser_config_file: ]
[objective_seed: 16083]
[num_class: 1]
[is_unbalance: 0]
[scale_pos_weight: 1]
[sigmoid: 1]
[boost_from_average: 1]
[reg_sqrt: 0]
[alpha: 0.9]
[fair_c: 1]
[poisson_max_delta_step: 0.7]
[tweedie_variance_power: 1.5]
[lambdarank_truncation_level: 20]
[lambdarank_norm: 1]
[label_gain: ]
[lambdarank_position_bias_regularization: 0]
[eval_at: 5,10,20]
[multi_error_top_k: 1]
[auc_mu_weights: ]
[num_machines: 1]
[local_listen_port: 12400]
[time_out: 120]
[machine_list_filename: ]
[machines: ]
[gpu_platform_id: -1]
[gpu_device_id: -1]
[gpu_use_dp: 0]
[num_gpu: 1]

end of parameters

pandas_categorical:null
