tree
version=v4
num_class=1
num_tree_per_iteration=1
label_index=0
max_feature_idx=36
objective=lambdarank
feature_names=qdrant_cosine_score candidate_position candidate_citation_count candidate_log_citations candidate_influential_citations candidate_age_days candidate_recency_score query_citation_count query_age_days year_diff same_primary_category co_citation_count shared_author_count candidate_is_newer query_log_citations citation_count_ratio age_ratio candidate_citations_per_year query_num_references candidate_num_cited_by ewma_longterm_similarity ewma_shortterm_similarity ewma_negative_similarity cluster_importance cluster_distance_to_medoid is_suppressed_category onboarding_category_match user_total_saves user_total_dismissals user_days_since_last_save user_session_save_count cosine_x_recency cosine_x_citations category_x_recency cosine_x_cocitation position_inverse citations_x_recency
feature_infos=[0.10043688118457794:0.99859803915023804] [0:49] [0:999] [0:6.9077553749084473] [0:149] [30:7943] [1.2612403565981367e-07:0.94176453351974487] [1:199] [365:4999] [0:18] [0:1] [0:29] [0:1] [0:1] [0.69314718246459961:5.2983174324035645] [0:499] [0.0061437641270458698:18.948087692260742] [0:1998] [10:59] [0:199] none none none none none none none none none none none [9.6641393554364186e-08:0.79658275842666626] [0:6.1725244522094727] [0:0.94176453351974487] [0:3.3549647331237793] [0.019999999552965164:1] [0:6.4960141181945801]
tree_sizes=6792 6845 6792 6827 6831 6830 6812 6824 6849 6840 6851 6850 6867 6819 6833 6831 6841 6841 6859 6861 6858 6862 6855 6897 6900 6871 6879 6899 6879 6895 6865 6886 6885 6891 6891 6886 6905 6891 6918 6932 6861 6894

Tree=0
num_leaves=63
num_cat=0
split_feature=34 2 2 32 1 34 11 34 2 11 12 1 32 1 34 32 2 16 16 31 34 2 32 34 34 16 31 32 4 16 7 8 32 2 33 17 8 33 8 32 32 33 32 16 16 15 16 7 34 33 2 32 33 2 2 8 16 1 1 1 1 8
split_gain=7523.76 207.507 129.49 301.269 51.463 44.6972 42.0052 35.1144 32.3707 30.2693 23.0189 20.6745 16.5033 15.4013 14.7733 14.3152 16.145 11.4398 10.2461 9.70378 9.62694 8.50558 19.4274 7.44292 4.77523 4.72415 4.64908 4.04407 3.79508 3.55431 2.95194 2.82065 2.75661 6.82806 2.74526 4.09451 2.63111 2.37392 2.27872 2.16696 1.96398 1.91693 1.89747 1.48283 2.49799 2.25993 1.3722 1.29015 1.28674 1.26139 1.25912 1.24235 1.88094 2.47167 1.22425 1.15484 1.07029 1.03291 0.997611 1.7483 0.970948 0.870925
threshold=0.36991401016712194 503.50000000000006 301.50000000000006 2.3736420869827275 34.500000000000007 0.5649145543575288 1.5000000000000002 0.25268524885177618 297.50000000000006 1.5000000000000002 1.0000000180025095e-35 4.5000000000000009 2.9587510824203496 34.500000000000007 1.6180344820022585 2.1088076829910283 109.50000000000001 2.0817435979843144 0.52987110614776622 0.00078374065924435865 0.45749546587467199 14.500000000000002 1.0768856406211855 0.29026028513908392 0.30359059572219854 1.617851793766022 5.2983968998887583e-05 4.0906946659088144 21.500000000000004 0.79187738895416271 63.500000000000007 2977.0000000000005 1.6684017181396487 44.500000000000007 4.8545964091317735e-05 8.7991595268249529 2073.5000000000005 5.6888666222221227e-06 4522.5000000000009 2.563937902450562 0.9702088236808778 0.00019257988606113943 1.7718693017959597 1.6292508244514468 0.82018619775772106 1.1413592696189883 1.5942448377609255 89.500000000000014 0.31361167132854467 5.1342100050533197e-05 115.50000000000001 3.4088507890701298 1.5754029050185638e-06 175.50000000000003 297.50000000000006 3178.5000000000005 1.1328538060188296 14.500000000000002 24.500000000000004 13.500000000000002 32.500000000000007 2475.5000000000005
decision_type=2 2 2 2 2 2 2 2 2 2 2 2 2 2 2 2 2 2 2 2 2 2 2 2 2 2 2 2 2 2 2 2 2 2 2 2 2 2 2 2 2 2 2 2 2 2 2 2 2 2 2 2 2 2 2 2 2 2 2 2 2 2
left_child=2 5 3 7 11 6 -2 10 13 23 15 -5 17 20 27 21 26 18 36 -19 30 22 40 25 28 31 -17 54 37 -28 -8 -9 -23 42 -35 -36 -13 38 39 50 -1 46 -34 44 -18 -46 56 -30 -25 -32 -20 52 53 -14 -7 -41 -22 -16 59 -37 -47 -31
right_child=1 -3 -4 4 -6 14 8 9 -10 -11 -12 12 51 -15 57 16 43 19 24 -21 41 32 -24 48 -26 -27 29 -29 47 61 49 -33 33 34 35 58 -38 -39 -40 55 -42 -43 -44 -45 45 60 -48 -49 -50 -51 -52 -53 -54 -55 -56 -57 -58 -59 -60 -61 -62 -63
leaf_value=-0.091453010984880345 0.083539540155125491 -0.10000000000000001 -0.10000000000000001 -0.10000000000000001 -0.10000000000000001 0.086144515076750416 0.036719187695250212 0.048768074282818319 -0.10000000000000001 -0.095390866721706963 0.090784324726408294 -0.00065531139145965527 0.074992323912225337 -0.10000000000000001 0.099768395947293906 -0.068903461307411637 -0.093487358322851641 -0.10000000000000001 0.019288793407375354 0.039667282612855764 0.041021097606850243 -0.098668316804062975 0.037560291395883745 0.02335727619572334 0.079091873772461102 -0.094799552124982978 -0.036228507808426152 0.097278265010203591 -0.064377721878029412 0.028019993666567763 -0.061977828861730755 -0.039601210157063339 -0.056672568699850545 -0.095526683412812979 0.01725207105093831 -0.10000000000000005 -0.09999999999999995 0.064207743552363666 0.065917189435543214 0.05647768032518935 -0.033931830802331128 0.080791061811333831 0.024133514228667306 -0.09907185449737646 0.014366831088456612 -0.048837620289714563 0.0179384587865805 0.0086731256642016731 0.067825771586536812 0.0012288121513723748 -0.041943500263123989 0.082788892157789437 0.07970390887278872 0.018140745315759564 0.062906103265491439 0.0046028224953747424 0.077684916692659617 0.086806596342700715 -0.097373037794565909 -0.035294723506282127 -0.099999999999999936 0.073373678505284881
leaf_weight=15.559594280144671 51.465361048700288 14.371134774613891 786.48649973329157 2.5404195245355359 7.2949751398991785 436.72892083280021 1.880342726653917 2.0073860841803257 5.5000579529441884 8.8899885935825296 1.7600361667573441 1.1520773745141952 3.6101114428602177 1.9928055380587455 553.14712403155863 1.5556036767084176 5.5218858626321907 3.235518262081313 1.3891689581796618 2.020088950288482 4.1219014427624661 213.50747375316132 3.905706856865435 2.2967926227720454 6.9551160978153339 1.5661859057145191 1.5559728869120588 93.684576336294413 1.2091721233446144 1.9939045184291897 2.3550208735541678 1.6413304223679004 1.3154474745970213 44.381893062774907 1.2817908317665558 1.7924815932055915 1.5812453872640615 6.0296969789778805 2.5527659013168886 2.5803187237470411 1.640406516380607 7.7533359292428932 1.6226024413481352 6.5152929777686941 1.2038716732640748 3.5335528841824271 2.7815483303274959 1.2084489373955873 5.5764428167021833 1.1872833806555716 2.1219728372816462 14.641225054860113 7.8427932752965717 4.0639879241352901 5.7420778428204349 1.8364590007695367 3.8494499917142093 15.809273423627017 3.848940935335122 2.4998556422069669 1.2572879896033553 2.2563450238667428
leaf_count=892 675 809 46409 146 419 5765 55 48 314 482 17 32 64 123 3341 62 308 177 30 58 93 12590 83 65 98 65 65 684 57 58 120 75 53 2646 41 100 104 115 39 71 48 98 70 374 50 171 65 50 122 36 89 187 107 116 90 71 62 203 227 108 87 42
internal_value=0.000442903 0.0888557 -0.0880825 -0.0654619 0.0260741 0.0911402 0.0557273 -0.0853197 0.010174 -0.0241934 -0.0895376 0.0398896 0.0454398 0.0335507 0.0937963 -0.0905396 -0.0545349 0.0214876 0.0339403 -0.0463163 0.0446728 -0.0936776 -0.0631078 0.0241667 0.0436628 -0.0221626 0.00786061 0.0878411 0.0306444 0.0284273 -0.0139149 0.00901623 -0.096065 -0.0862696 -0.0903226 -0.0658118 -0.0581269 0.0392117 0.0248311 0.0116015 -0.0859671 0.06184 -0.0120456 -0.0800089 -0.0692244 -0.0468752 0.0481755 -0.0278632 0.0548534 -0.0407927 -0.0177172 0.0723416 0.0624839 0.0448853 0.0858429 0.0349086 0.0587264 0.0994082 -0.0788897 -0.0623157 -0.0622645 0.0520971
internal_weight=2403.21 1202.37 1200.84 414.354 73.8656 1188 82.8871 340.488 31.4217 21.9781 318.51 66.5706 64.0302 25.9217 1105.11 316.75 25.3937 33.872 28.6164 5.25561 23.9289 291.356 21.1057 13.0881 25.8831 5.2149 7.36183 536.156 18.928 5.80622 5.42265 3.64872 270.25 56.743 53.805 9.42307 2.73332 16.5104 10.4807 7.92792 17.2 18.5062 2.93805 18.0319 11.5166 5.99471 10.7529 2.41762 7.87324 3.5423 3.51114 30.1581 15.5169 7.6741 442.471 4.41678 7.97135 568.956 8.14128 4.29234 4.79084 4.25025
internal_count=79921 12533 67388 20979 2030 11724 1641 18949 966 857 18092 1611 1465 652 10083 18075 1217 991 756 235 529 16858 1023 375 620 188 227 6539 522 165 211 123 15835 3245 3122 476 136 415 300 261 940 318 123 990 616 308 220 107 187 156 119 474 287 180 5855 142 155 3544 435 208 258 100
is_linear=0
shrinkage=0.05


Tree=1
num_leaves=63
num_cat=0
split_feature=0 34 1 16 0 3 34 32 11 1 0 1 3 34 1 34 16 16 8 5 32 34 3 0 16 16 34 34 3 33 34 1 18 16 18 7 31 7 8 17 16 31 6 7 32 3 3 7 7 6 4 15 8 6 1 18 31 33 17 15 7 15
split_gain=12759.5 1537.5 953.462 244.865 89.5588 105.705 83.0817 108.268 74.1462 41.5562 33.2515 32.9267 31.7108 19.7 13.9044 12.4502 11.1062 13.486 13.5125 13.0946 12.0607 10.4768 22.6426 10.371 10.418 12.3705 10.013 9.71555 12.1623 8.75413 9.75848 8.38982 7.47544 6.62126 6.20952 5.69379 5.59293 6.97252 13.588 5.79894 5.16971 5.02234 5.62117 7.47725 4.55235 4.37313 4.3526 4.193 4.57718 4.17023 3.99601 3.84909 3.77246 3.7371 3.67353 3.53004 3.47451 3.45231 5.05672 4.29 3.57355 4.1124
threshold=0.65641880035400402 0.52547279000282299 14.500000000000002 0.99090278148651134 0.43569649755954748 5.7120797634124765 1.7558770775794985 4.1847517490386972 9.5000000000000018 4.5000000000000009 0.80776268243789684 34.500000000000007 5.7120797634124765 1.6180344820022585 4.5000000000000009 0.75553548336029064 2.0380547046661381 0.71004632115364086 2604.5000000000005 3747.5000000000005 1.6087574362754824 0.21302551031112674 5.6750385761260995 0.30692100524902349 0.78176558017730724 1.7524522542953493 0.66853418946266185 0.5649145543575288 3.4175922870635991 1.0000000180025095e-35 1.6180344820022585 32.500000000000007 55.500000000000007 1.7381667494773867 57.500000000000007 41.500000000000007 0.0001302916862186976 37.500000000000007 826.50000000000011 5.5404644012451181 2.0591893196105961 1.4174310763337418e-05 3.1642812245991088e-05 173.50000000000003 3.4908033609390263 5.5471267700195321 2.7403194904327397 138.50000000000003 118.50000000000001 1.0119973921973726e-05 4.5000000000000009 0.93003496527671825 3674.0000000000005 0.0010626394068822267 26.500000000000004 41.500000000000007 0.00020608183695003393 6.7390970798442154e-05 17.554890632629398 3.5439078807830815 154.50000000000003 0.99137353897094738
decision_type=2 2 2 2 2 2 2 2 2 2 2 2 2 2 2 2 2 2 2 2 2 2 2 2 2 2 2 2 2 2 2 2 2 2 2 2 2 2 2 2 2 2 2 2 2 2 2 2 2 2 2 2 2 2 2 2 2 2 2 2 2 2
left_child=1 4 3 35 21 11 7 9 12 -5 15 14 26 27 -6 -11 17 18 -16 50 46 -1 23 -23 -25 32 31 28 -4 30 -17 40 -26 55 57 -2 41 38 -38 -40 45 49 -43 47 51 -3 -19 48 52 -28 -18 -30 -44 -27 -54 -31 -39 60 -59 -60 61 -29
right_child=2 8 13 6 5 -7 -8 -9 -10 10 -12 -13 -14 -15 16 29 19 20 -20 -21 -22 22 -24 24 25 53 36 34 44 33 -32 -33 -34 -35 -36 -37 37 56 39 -41 -42 42 43 -45 -46 -47 -48 -49 -50 -51 -52 -53 54 -55 -56 -57 -58 58 59 -61 -62 -63
leaf_value=-0.090390975114995054 0.014724452109083346 -0.01775409453514069 0.034217731337041792 0.092345329653014618 -0.093459860893616978 -0.091482981208858116 0.093197542812284803 0.090038477310298279 0.093717821470890597 -0.016068684882632862 0.077836025316068605 -0.093234118017541168 -0.087645092874324745 0.028121074996351032 -0.029635681903481998 -0.0025256646605732471 -0.0051569850288460508 -0.004857651926401369 -0.0939716310088764 -0.094270242467107246 -0.029682516721510212 -0.091325898983981246 -0.09122035817732066 -0.082851771067735142 -0.022416380681345979 -0.092838791486954356 0.002701204839597589 0.0093517196473509225 -0.042569797146900977 0.035826724145131932 0.046424508977237738 -0.062958033571414468 0.052247836169563168 0.058229795708140936 0.031698884301594253 -0.017057535825572463 0.043744415989917247 -0.028664595157734247 0.027570537160552955 -0.010411804403364481 -0.050759190981158789 0.037946697616265943 0.010181407776528121 0.030603020200963418 -0.047473347133695186 0.012060931578382977 0.049518209555054746 -0.023796088037858616 0.035524234162680558 -0.022268947296645445 -0.051141492272447991 0.005074004051363214 -0.024957267046691659 -0.032940673158619489 0.0090142090364344982 0.0043993880352890371 -0.009070635018224877 -0.011015639158452578 0.0025114591610484204 0.030240428464038894 -0.028912273636889814 -0.012126177764691999
leaf_weight=1914.1033470854163 20.014244858175516 63.263116009533405 7.2930725701153269 35.467387661337852 11.021793449297546 218.81508362479508 2052.5917864143848 295.4560881536454 18.442942250519991 18.382938688620925 33.344537675380707 31.125599576160312 12.214357849210499 47.754672721028328 17.032000750303268 34.825491338968277 7.4486988373100784 9.1747746281325799 15.670598814263938 16.481552852317691 145.77080108597875 14.562122553586958 113.04636864550412 12.564401119947432 22.079215448349718 7.8303576167672855 37.44882283359766 31.144152276217937 7.3413854241371181 32.554754450917244 14.388016387820242 10.764594715088604 3.9524872228503218 27.873031765222549 12.75678703188896 47.626547176390886 18.163292527198792 24.205513097345829 11.932193934917448 63.674193561077118 9.6380352079868299 14.243324935436247 37.118301540613174 22.714783616364002 28.764010028913617 15.266732703894375 6.1452846471220246 17.014438346028328 9.8106296807527524 30.209144249558449 12.917061405256389 10.032200213521717 22.180691786110401 3.9015235789120197 12.410337328910826 12.315384462475775 346.5037491209805 41.400160200893879 43.471865568310022 20.538739636540413 20.186516109853983 78.367419056594372
leaf_count=54832 80 373 36 103 258 5909 3047 629 35 124 101 744 236 203 191 191 77 86 294 349 1359 498 3119 297 330 225 194 147 58 120 30 64 29 86 47 242 74 148 51 351 62 61 184 87 248 79 42 100 44 188 142 63 137 67 60 59 1907 233 204 70 119 398
internal_value=0.000379108 -0.0660696 0.0759212 0.0862453 -0.0847995 -0.0655958 0.088729 0.0705523 -0.00536924 0.0430253 0.0329539 -0.0448306 -0.00771582 -0.00171538 -0.0385963 0.0222899 -0.0359745 -0.0311902 -0.0604645 -0.0611369 -0.0252473 -0.0893122 -0.0777071 -0.0541652 -0.043413 -0.0302913 -0.00644223 -0.00644438 -0.0257827 0.0280719 0.0117854 -0.0212871 -0.0110798 0.0390903 -0.00227575 -0.00765356 -0.00424244 -0.00726899 0.00491157 -0.00441743 -0.0161994 0.00267739 0.0082328 0.00474226 -0.0352672 -0.0119579 0.016954 -0.00121933 0.00349278 -0.00844792 -0.0343228 -0.0150584 -0.000889473 -0.0729192 -0.0127692 0.0272009 -0.01035 -0.00411918 0.00260153 0.0114087 -0.00958136 -0.00601805
internal_weight=6354.75 3380.86 2973.89 2624.84 2583.64 491.603 2557.2 504.608 797.219 209.152 173.684 272.788 778.776 349.051 241.663 140.34 230.641 193.793 32.7026 36.8473 161.091 2092.04 177.936 64.8901 50.328 37.7636 766.562 301.296 53.4307 121.957 49.2135 98.9325 26.0317 72.7432 247.866 67.6408 667.629 464.479 93.7697 75.6064 88.1679 203.15 135.493 121.249 46.1376 78.5298 15.3201 98.5344 81.52 67.658 20.3658 17.3736 71.7093 11.7319 34.591 44.8701 370.709 235.109 105.411 64.0106 129.698 109.512
internal_count=79921 73283 6638 4812 68848 9451 4490 1443 4435 814 711 3542 4400 1826 2798 610 2540 1972 485 568 1487 59397 4565 1446 948 651 4164 1623 405 486 221 578 359 265 1218 322 3586 2531 476 402 514 1055 673 612 369 452 128 525 425 382 219 121 381 292 197 179 2055 1171 507 274 664 545
is_linear=0
shrinkage=0.05


Tree=2
num_leaves=63
num_cat=0
split_feature=11 0 11 3 0 0 3 0 9 3 9 35 0 3 9 1 3 1 0 11 1 1 9 0 33 11 19 3 33 4 19 19 0 11 3 32 1 0 9 0 35 9 0 0 16 7 3 36 0 15 7 8 4 19 36 7 7 8 19 19 4 11
split_gain=11118.2 1493.55 268.994 126.391 125.584 117.983 126.559 61.3334 51.2167 39.7201 32.141 24.2681 23.6446 58.6634 35.9757 25.9025 19.413 17.4112 15.9043 15.8803 11.8335 9.6119 7.70941 6.51391 6.27496 5.80189 6.70453 5.73019 4.62116 5.52478 5.22074 6.2195 4.35681 4.13661 3.70429 3.65473 3.5534 3.21164 3.15877 2.95591 2.85839 2.62727 2.56377 2.44201 2.40393 2.39719 2.24152 2.20646 2.14286 2.02242 2.08087 1.95753 1.94542 1.80591 1.80201 2.31022 2.00886 2.2389 1.98103 2.43116 1.71842 1.6703
threshold=2.5000000000000004 0.57675713300704967 9.5000000000000018 6.223567247390748 0.82440131902694713 0.48724362254142767 5.7120797634124765 0.67911344766616832 5.5000000000000009 5.7120797634124765 5.5000000000000009 0.028174603357911113 0.38622736930847174 5.7120797634124765 5.5000000000000009 34.500000000000007 5.7120797634124765 4.5000000000000009 0.84018126130104076 1.0000000180025095e-35 4.5000000000000009 32.500000000000007 5.5000000000000009 0.85749366879463207 1.8340214182899219e-06 1.0000000180025095e-35 6.5000000000000009 5.7120797634124765 2.5767039915081118e-06 21.500000000000004 137.50000000000003 144.50000000000003 0.51567912101745617 1.0000000180025095e-35 5.6507318019866952 2.3006310462951665 10.500000000000002 0.39069166779518133 6.5000000000000009 0.42747430503368383 0.035098522901535041 6.5000000000000009 0.43845599889755255 0.41990622878074652 1.3303403258323672 132.50000000000003 5.5471267700195321 0.00052030911319889139 0.71797367930412304 10.806917667388918 127.50000000000001 1001.0000000000001 6.5000000000000009 15.500000000000002 0.0003822939179372043 115.50000000000001 44.500000000000007 3113.0000000000005 89.500000000000014 113.50000000000001 2.5000000000000004 1.0000000180025095e-35
decision_type=2 2 2 2 2 2 2 2 2 2 2 2 2 2 2 2 2 2 2 2 2 2 2 2 2 2 2 2 2 2 2 2 2 2 2 2 2 2 2 2 2 2 2 2 2 2 2 2 2 2 2 2 2 2 2 2 2 2 2 2 2 2
left_child=1 5 4 7 9 12 8 10 11 17 16 -7 -1 14 15 20 21 -2 27 24 -14 33 49 34 32 26 -22 45 29 30 -28 -32 -13 47 36 -26 -6 -16 52 -31 -34 -12 -33 -30 -18 61 -21 -3 -24 50 54 -49 -10 -52 55 58 57 -56 -19 -60 -27 -9
right_child=2 3 -4 -5 23 6 -8 18 38 -11 41 19 13 -15 37 -17 44 22 -20 46 25 -23 48 -25 35 60 28 -29 43 39 31 42 40 -35 -36 -37 -38 -39 -40 -41 -42 -43 -44 -45 -46 -47 -48 51 -50 -51 53 -53 -54 -55 56 -57 -58 -59 59 -61 -62 -63
leaf_value=-0.084861376890445261 0.086033565686488678 0.042127136583387043 0.085898213005617868 -0.085985099839352819 0.072806794120308008 -0.087055740940517351 -0.085758223265215372 0.03769475799121938 -0.019952898169776936 0.086218039330145838 -0.029257920261347898 -0.05555824674725203 -0.086828743983272838 -0.085600185420633745 -0.037797085682364777 -0.08620846897738349 -0.087736027222155261 0.053429369262616148 0.08275983228554451 0.022814639336788067 0.040076654987666674 -0.032096861772516819 0.051750431639330977 0.085453318312260218 0.045152361558644064 -0.025140664210511223 -0.069264658518284977 0.077709716834253428 -0.038070997033025251 0.023042950804465258 0.043433234378479929 -0.073983695930997448 0.02168099401842212 0.039839678217235497 0.084759822696092002 -0.0059669372233358943 0.044967351071463074 -0.084963813220016018 -0.088020051718337614 -0.039683949793426022 -0.025449167079046098 -0.081897330215487632 -0.020209733637403009 0.0085151203436545277 -0.02186053629268184 0.034309622100609026 0.047960915581786452 0.037198521306479625 0.078747527888689828 0.030535663298791173 0.02266606412705207 0.0017212737862419782 -0.075817563789867953 0.038949333424201621 0.050488445508940265 0.06771219711394999 0.03918394514544099 0.033454326519459662 0.019370051850560649 0.045398316232664535 0.0071258947187552938 0.055514088061282045
leaf_weight=1969.480666263029 22.64501953125 6.8261026851832893 1549.9922468066216 20.130238655954599 24.840029537677765 6.8547971304506055 104.98724525421858 17.029176712036133 3.2571181803941753 55.966575808823109 3.4346681684255582 9.3430615831166524 6.1918775308877221 288.78696453757584 3.8948011212050906 17.805666713044047 3.7974764853715888 47.152375072240829 60.233724594116211 43.818906974047422 3.6406629364937535 6.0492017213255158 13.336700078099968 251.21766721829772 5.4135072752833358 4.9058205075562027 15.674311049282553 17.529477091506124 4.0074482820928088 4.5827022790908805 2.5815177522599688 4.0663867183029634 4.4029172565788057 65.96072256565094 22.357493527233601 9.8734040129929763 21.282585188746452 49.196331901475787 17.771324528381228 3.1823331099003553 11.944984672591088 7.6499718893319368 4.8724468909204006 9.4381376225501281 2.1798517927527428 28.025860279798508 11.108761973679064 5.0082334652543095 16.374871298670769 46.161824613809586 18.19235122948885 17.386017175391316 2.9880670662969351 265.95303690060973 94.916630014777184 14.238656859844921 259.55918333306909 24.210502460598946 11.867820948362349 36.760619752109051 25.969172950834036 57.741612087935209
leaf_count=53057 63 53 2751 504 63 168 2594 134 46 122 52 169 167 7305 92 496 88 266 168 403 36 87 81 542 44 64 399 50 92 61 25 115 47 475 50 117 89 1351 418 61 177 161 81 124 36 208 66 39 39 337 150 199 64 1810 521 57 1803 176 80 230 295 303
internal_value=0.000457246 -0.0669317 0.0719901 0.0352836 0.0547032 -0.0792352 -0.0451564 0.043452 -0.011533 0.0453867 0.0154672 0.00383079 -0.0825013 -0.0721443 -0.0478589 -0.0311524 0.0238477 0.0427642 0.0617861 0.0103269 -0.0201516 0.0290178 0.0416097 0.081727 -0.013229 -0.0151727 -0.0253594 0.0512869 -0.030281 -0.0398618 -0.050483 -0.0249292 -0.0283218 0.032902 0.0680572 0.0121358 0.0599607 -0.0815036 -0.0772706 -0.00266432 -0.0127558 -0.0655866 -0.0446722 -0.00536984 -0.0637121 0.0467811 0.0279003 0.017241 0.0666293 0.0407021 0.0413093 0.00965538 -0.0466819 0.0379068 0.0432876 0.0489205 0.0416511 0.0470266 0.0461269 0.0390461 0.00199896 0.0514557
internal_weight=5766.05 2969.02 2797.03 318.982 1247.03 2650.04 231.764 298.852 126.777 927.336 118.292 102.76 2418.28 448.797 160.01 106.918 107.208 871.37 180.56 95.9055 89.1128 101.23 848.725 319.698 40.9779 82.9209 52.0459 120.326 48.4053 34.9597 27.1947 11.5204 25.691 95.1811 68.4801 15.2869 46.1226 53.0911 24.0165 7.76504 16.3479 11.0846 8.93883 13.4456 5.97733 102.797 54.9277 29.2204 29.7116 819.013 772.851 22.3943 6.24519 284.145 488.706 110.019 378.686 119.127 95.7808 48.6284 30.875 74.7708
internal_count=79921 70691 9230 2557 6479 68134 4313 2053 1719 5735 1190 1191 63821 10764 3459 2016 977 5613 863 1023 1520 853 5550 744 554 1353 994 695 958 742 620 221 393 766 202 161 152 1443 528 122 224 213 196 216 124 645 469 291 120 5430 5093 238 110 1960 3133 633 2500 697 576 310 359 437
is_linear=0
shrinkage=0.05


Tree=3
num_leaves=63
num_cat=0
split_feature=34 34 0 2 0 2 9 2 0 9 1 1 1 9 34 33 0 34 0 2 33 1 35 1 34 0 9 16 1 16 17 11 0 2 9 33 9 33 5 17 15 9 0 11 15 17 16 0 15 9 7 17 16 36 33 35 9 34 17 16 16 7
split_gain=10374.3 395.067 204.666 116.975 101.635 69.2119 28.3161 27.6708 57.9525 43.2555 29.6505 27.4652 27.0756 14.9147 14.872 9.17188 8.36763 17.7543 8.18513 6.75014 5.81066 5.70401 8.32784 5.26873 4.63451 4.56279 6.27107 4.02607 3.97022 3.79849 3.46796 3.28906 4.81733 5.4924 3.25386 3.41432 3.08063 2.81841 2.66509 2.54039 2.51189 2.50784 2.34361 3.33699 2.32639 3.36499 2.29999 2.1589 1.87268 1.86366 1.80769 2.16516 1.76316 1.70404 1.79636 1.85231 1.76377 1.68765 1.66977 1.6687 2.04841 1.60703
threshold=0.45169828832149511 1.5768142342567446 0.53557664155960094 301.50000000000006 0.7464265525341035 494.50000000000006 5.5000000000000009 301.50000000000006 0.36661630868911749 5.5000000000000009 34.500000000000007 14.500000000000002 14.500000000000002 7.5000000000000009 0.25490760803222662 2.5767039915081118e-06 0.65641880035400402 0.5649145543575288 0.57056921720504772 290.50000000000006 1.0000000180025095e-35 33.500000000000007 0.028174603357911113 14.500000000000002 0.21302551031112674 0.30692100524902349 5.5000000000000009 0.8398900330066682 5.5000000000000009 1.0263888239860537 7.8336727619171151 9.5000000000000018 0.85749366879463207 301.50000000000006 5.5000000000000009 1.7505429241282403e-05 3.5000000000000004 3.9666660086368217e-05 4236.5000000000009 16.916962623596195 3.3824807405471806 6.5000000000000009 0.64518225193023693 1.0000000180025095e-35 0.93003496527671825 13.389310836791994 1.0263888239860537 0.4301504939794541 2.5232859849929814 2.5000000000000004 47.500000000000007 4.9235272407531747 0.82977479696273815 9.8420361609896659e-05 2.4010975721466824e-05 0.064583335071802153 2.5000000000000004 0.24766574054956439 23.666524887084964 1.5830429196357729 1.4099448919296267 161.50000000000003
decision_type=2 2 2 2 2 2 2 2 2 2 2 2 2 2 2 2 2 2 2 2 2 2 2 2 2 2 2 2 2 2 2 2 2 2 2 2 2 2 2 2 2 2 2 2 2 2 2 2 2 2 2 2 2 2 2 2 2 2 2 2 2 2
left_child=2 4 7 6 5 13 21 8 24 10 14 31 29 16 15 28 17 19 -15 -2 61 42 -23 46 -1 -26 27 -27 -10 -6 -17 32 33 34 35 -3 47 40 50 -25 57 -8 43 53 -30 -46 -22 48 -32 -47 51 -19 -16 -4 55 56 -55 -29 -53 60 -40 -18
right_child=1 11 3 -5 12 -7 41 -9 9 -11 -12 -13 -14 18 52 30 20 38 -20 -21 23 22 -24 39 25 26 -28 37 44 -31 36 -33 -34 -35 -36 -37 -38 -39 59 -41 -42 -43 -44 -45 45 49 -48 -49 -50 -51 -52 58 -54 54 -56 -57 -58 -59 -60 -61 -62 -63
leaf_value=-0.079726825602600637 0.0052086910691727479 0.034517239034758562 0.030506606840786949 -0.080895532559518216 0.052524773357264513 -0.080544946557653319 -0.032341327751769601 -0.080601399253826714 -0.077720674693345926 -0.078717090988712365 -0.080931099023131114 0.041434363322709937 0.036855684237007802 -0.0834533110014124 -0.016471641399561757 0.020294674633469068 0.03633479119729937 0.055492941242023114 0.029261033612805271 -0.061862073103249163 0.041743397649103869 -0.082184576747502583 0.02999017930469533 0.028987962393816111 -0.080373018827079964 -0.073961100326098955 -0.081129495628247644 -0.014784871638599468 -0.055149931904906163 0.077261421207725722 -0.067175314398537689 0.081097880193185895 0.080792722903659922 0.080906566103803562 0.078084198537569094 0.061827955044166133 -0.055872460594544794 0.039355977773579909 0.036936445825237314 0.047982544365413514 0.020571980799106826 -0.082712611491223276 0.028390695497684415 0.023729025368153758 -0.0052741824274508834 -0.029273272267820047 0.063771676534463334 0.0060670670116186008 -0.00083218070198656064 -0.055785759333390986 0.029689895588997914 0.025938911488406727 0.012969142344374239 0.015470939130443038 0.012854197019006225 -0.034579628691893023 -0.021808073169935001 -0.078376462762786273 0.040209555693417491 0.017366072305665666 0.049515757149022295 0.018386680804466392
leaf_weight=447.06348106078804 29.148638872429729 18.963579803705215 4.4306492619216433 55.933002851903439 16.782202705740929 13.263717286288736 3.5552302841097108 1678.0254152473062 7.182848284021019 71.828066842630506 24.682876393198967 46.853698164224625 57.261684067547321 4.1179527882486573 6.2493069004267445 7.9760513585060862 83.936685305088758 14.364858053624628 2.6453637704253197 4.3054320421069852 15.031151957809923 3.5688458848744622 3.0846276096999645 30.58991415053606 16.050801375880837 2.7907887101173428 7.1026230975985518 2.1506866626441461 14.255487931892274 206.21009800955653 2.32898732274771 1508.8470601812005 143.27468717843294 40.654975481331348 14.434919729828833 28.860540397465229 4.3648569993674746 2.542922655120492 117.01326216012239 41.461342211812735 2.1805492378771305 8.1025206632912141 33.677548803389072 32.740139547735453 9.252318222075699 16.157522413879637 55.984040170907974 9.2255093697458488 1.9578640628606079 11.238960016518829 278.43604577705264 34.11559371650219 27.30717415176332 7.061086151748901 11.58035867102444 6.1931545883417121 5.761995654553175 2.0263576377183199 51.352447368204594 8.2529517076909524 44.735025573521852 14.648192901164292
leaf_count=14144 350 99 41 1473 87 381 63 45564 212 2140 723 270 392 107 89 95 597 67 19 104 89 100 30 237 519 93 228 45 360 620 65 2745 363 86 38 102 102 30 815 232 31 218 274 300 166 329 212 112 36 284 2219 273 312 77 127 106 82 59 339 71 250 128
internal_value=0.000453682 0.0647054 -0.0732712 -0.0211978 0.0414379 0.0327696 0.0066845 -0.077125 -0.0687427 -0.0470908 -0.0311135 0.0792149 0.0675244 0.0345801 -0.0206482 -0.0318954 0.0351876 0.0319389 -0.0393669 -0.0034231 0.0430081 0.0146688 -0.0301791 0.0494442 -0.0783579 -0.0607946 -0.0440739 -0.0215621 -0.0429217 0.0753998 -0.00712142 0.0802236 0.0748649 0.0666124 0.0572784 0.0509985 -0.0193533 -0.00513217 0.0340966 0.0399182 -0.0229266 -0.067351 0.0176102 0.0122528 -0.0380114 -0.031345 0.0591091 -0.00755663 -0.0368755 -0.0401496 0.0317596 0.037532 0.00748631 0.00152587 -0.00267079 -0.0121251 -0.00128022 -0.0456343 0.0345133 0.0392966 0.0404155 0.033668
internal_weight=5475.18 2925.55 2549.63 175.689 1123.66 843.403 119.756 2373.94 695.916 214.008 142.18 1801.89 280.254 830.139 117.497 83.9404 823.376 581.724 6.76332 33.4541 241.651 108.098 6.65347 143.066 481.908 34.8447 18.7939 11.6913 58.0871 222.992 25.8533 1755.04 246.189 102.914 62.259 47.8241 17.8772 8.90052 548.27 72.0513 6.35759 11.6578 101.445 67.7674 50.9043 36.6488 71.0152 13.5124 4.28685 27.3965 378.269 99.8329 33.5565 35.0272 30.5966 19.0162 12.8231 4.17704 85.468 170.001 161.748 98.5849
internal_count=79921 11292 68629 2891 7589 6490 1418 65738 20174 5025 2885 3703 1099 6109 2162 1761 5983 4488 126 454 1495 1137 130 770 15149 1005 486 258 1351 707 410 3433 688 325 239 201 315 165 4034 469 135 281 1007 733 1139 779 301 213 101 613 2898 679 401 433 392 265 159 104 612 1136 1065 725
is_linear=0
shrinkage=0.05


Tree=4
num_leaves=63
num_cat=0
split_feature=34 34 0 2 0 2 1 2 0 1 34 1 34 0 2 1 0 33 34 1 1 7 19 0 34 0 2 1 0 10 5 1 0 1 34 34 2 17 1 17 33 32 31 8 31 13 6 5 31 8 0 35 1 0 13 6 31 7 7 18 7 7
split_gain=8913.71 373.852 176.743 99.7004 92.1054 60.94 25.593 23.4662 52.2694 23.0484 19.5559 18.3771 11.323 12.6136 17.3191 10.2771 9.49652 7.85841 6.71433 6.22694 5.32306 4.45014 6.2274 4.29808 4.88878 3.37008 3.16276 3.07397 2.88814 3.26705 3.14537 3.04447 2.8353 2.82959 2.73317 2.60328 3.12856 2.41776 2.40974 2.3531 2.30423 2.20011 2.19896 2.11247 2.03026 3.14277 1.99444 1.91133 4.69371 2.01376 1.86554 1.83525 1.81535 1.65759 1.56331 1.55715 1.54728 1.5208 1.49308 1.43578 2.42359 1.39543
threshold=0.45169828832149511 1.5768142342567446 0.53557664155960094 301.50000000000006 0.7464265525341035 494.50000000000006 14.500000000000002 301.50000000000006 0.41990622878074652 14.500000000000002 0.29026028513908392 34.500000000000007 0.66853418946266185 0.64518225193023693 301.50000000000006 34.500000000000007 0.34688444435596472 1.4592549177905314e-05 0.24240764975547793 4.5000000000000009 33.500000000000007 22.500000000000004 187.50000000000003 0.64518225193023693 0.36991401016712194 0.84018126130104076 301.50000000000006 34.500000000000007 0.65641880035400402 1.0000000180025095e-35 4236.5000000000009 14.500000000000002 0.49480395019054418 4.5000000000000009 1.8270380496978762 0.5649145543575288 255.50000000000003 16.916962623596195 4.5000000000000009 9.4218811988830584 6.756540869901074e-06 4.4355640411376962 1.3431390016194202e-05 2224.0000000000005 4.5545357352239087e-05 1.0000000180025095e-35 3.1642812245991088e-05 5592.5000000000009 8.6727773123129754e-06 4562.5000000000009 0.51127162575721752 0.040833333507180221 4.5000000000000009 0.40622702240943914 1.0000000180025095e-35 0.0064543595071882018 0.0010170773603022101 160.50000000000003 154.50000000000003 41.500000000000007 118.50000000000001 30.500000000000004
decision_type=2 2 2 2 2 2 2 2 2 2 2 2 2 2 2 2 2 2 2 2 2 2 2 2 2 2 2 2 2 2 2 2 2 2 2 2 2 2 2 2 2 2 2 2 2 2 2 2 2 2 2 2 2 2 2 2 2 2 2 2 2 2
left_child=2 4 7 11 5 12 34 8 16 25 15 23 13 14 20 17 -1 38 21 -14 35 22 39 24 40 26 33 44 30 58 43 55 54 -6 41 53 -37 -33 -10 -18 51 52 57 -21 -20 -46 -44 48 -40 -49 -50 -4 -3 -2 -19 -31 -54 -32 -30 -48 -61 -45
right_child=1 6 3 -5 9 -7 -8 -9 10 -11 -12 -13 19 -15 -16 -17 18 32 27 28 -22 -23 -24 -25 -26 -27 -28 -29 29 31 42 37 -34 -35 -36 36 -38 -39 47 -41 -42 -43 46 61 45 -47 59 49 50 -51 -52 -53 56 -55 -56 -57 -58 -59 -60 60 -62 -63
leaf_value=-0.075544007947130745 0.030484796488074024 0.077273082595695583 -0.00069280005882377173 -0.076800436428067956 0.077641744050014977 -0.076607354619959725 0.038814436960217968 -0.076575781529826636 -0.076961220889763732 0.035034553360997117 0.0021206496509560517 -0.077696514098453712 0.073785584494115236 0.042901738486506254 -0.078465574039824501 -0.076757888153700049 -0.018175244270949787 -0.012174189757673606 -0.055008088301566394 0.031826546483408873 -0.039247494597219434 -0.069349940250898565 0.048088556391370295 0.025013199074324078 0.018415956683064259 0.076640149465545801 0.077580402656140718 -0.077738073597353241 0.033832625859726642 0.057514694432750396 0.032189409141485707 0.024025260717548211 0.01337054231665775 0.053078180710830973 0.077149158176670771 0.015780448912346784 0.045612218709331159 0.044263193515025875 0.033508294651878136 -0.071449171129133557 0.0088476662036936146 0.076726266310411406 0.056869830718436043 0.034487223165233886 0.0040982237364911101 -0.044998569772747382 0.033168353353982147 -0.073111286441895559 -0.047775873774493945 -0.01538598159504008 -0.019739065746519392 -0.026743674572870243 0.066145247978144583 -0.0022259539386147507 -0.050467744313140384 0.039371340935756075 0.049644768719220848 0.0080004476413848662 0.015928188848894225 0.031606736013882232 0.058443628662266024 0.021205366801361411
leaf_weight=428.77136761322618 4.706109024584296 21.44245732575655 11.619551250711085 53.394975954666734 14.871237248182295 13.252529121935366 46.274592712521553 1602.4251390714198 6.0488363970071068 57.030378744006157 26.087944926694036 6.2331142444163552 9.6687586158514005 33.976300425827503 5.5610113572329274 21.900542292743921 3.2289953231811506 7.4669733960181492 4.4170713331550422 192.43373207002878 4.616774881258606 77.070483786985278 1.8609037622809399 35.014430467039347 32.246861424297094 114.73036231845617 30.396296173334122 3.3548206333070985 69.068338703364134 39.771695926785469 39.418904546648264 24.882222190499306 7.6447123158723107 55.401170969009399 1524.0550972521305 35.753031127154827 11.653355006128548 36.269101675599813 2.1232497133314601 5.7886595409363508 14.30600439198315 69.698611281812191 17.001141369342804 24.183406375348568 7.9811954703181964 5.5095191411674023 54.774532962590456 8.5348727442324144 33.17213873565197 1.8357972018420685 7.2255544774234286 16.167483190074563 40.945260159671307 21.874649891629815 4.1445469725877047 16.830348633229733 21.756786361336708 7.7805233821272841 14.005094189196823 15.411133233457802 18.525413274765015 108.50124745070934
leaf_count=14119 45 58 156 1473 44 381 270 45564 188 392 339 184 37 208 170 652 74 124 113 1456 93 2548 20 303 320 342 77 110 496 154 299 206 89 244 2960 332 63 201 23 195 168 179 71 165 119 134 384 254 817 35 130 287 129 285 91 88 107 76 134 116 73 957
internal_value=0.000424089 0.0609968 -0.0696228 -0.0202934 0.0381107 0.0297417 0.0754964 -0.0733005 -0.0653981 0.0632985 -0.0364357 0.00580976 0.0314888 0.0171879 0.00680761 -0.0464845 -0.0721913 -0.0380058 -0.0590286 0.0339427 0.0128405 -0.0651244 -0.035188 0.0105696 0.00376653 0.0707818 0.0641051 -0.0338145 0.0333752 0.0384068 0.0312614 0.0437633 -0.0102749 0.0582764 0.076508 0.0160907 0.0231136 0.0360285 -0.0470657 -0.0523731 -0.00745618 0.0701564 0.0371753 0.0284799 -0.0255859 -0.0159526 0.0411818 -0.0436468 -0.0389527 -0.0628929 -0.0427612 -0.0158501 0.0647145 0.00356547 -0.0258425 0.0521199 0.0604198 0.028202 0.0308142 0.0381753 0.0462566 0.0236261
internal_weight=5252.1 2816.52 2435.58 168.982 1092.35 819.919 1724.17 2266.59 664.168 272.429 126.185 115.587 806.667 118.141 84.1649 100.097 537.983 78.1967 109.212 688.526 78.6039 87.949 10.8786 109.354 74.3399 215.399 100.669 21.2626 678.857 200.827 478.03 117.753 19.2562 70.2724 1677.9 73.9871 47.4064 61.1513 58.9404 9.01765 42.093 153.843 152.912 325.118 17.9078 13.4907 105.712 52.8916 42.5209 10.3707 40.3977 27.787 84.1445 26.5808 11.6115 56.602 62.702 47.1994 83.0734 88.7111 33.9365 132.685
internal_count=79921 11292 68629 2891 7589 6490 3703 65738 20174 1099 2742 1418 6109 1196 988 2403 17432 1751 3313 4913 818 2837 289 1234 931 707 365 476 4876 1279 3597 649 304 288 3433 725 395 407 1447 269 611 473 1019 2578 366 253 644 1259 970 289 947 443 294 330 215 242 236 375 630 573 189 1122
is_linear=0
shrinkage=0.05


Tree=5
num_leaves=63
num_cat=0
split_feature=34 34 2 32 32 2 1 1 32 1 34 34 2 1 11 33 32 8 32 34 1 2 1 35 16 34 1 33 11 32 11 2 32 33 2 16 16 32 1 17 16 16 5 1 16 8 6 16 2 33 32 35 16 8 32 17 16 36 1 5 33 16
split_gain=7696.41 340.063 103.813 155.22 77.5097 58.3161 44.9582 24.1643 20.3336 17.0778 16.8493 12.5915 12.2128 9.88679 7.98105 5.91805 5.0189 4.62528 4.45271 6.27321 4.41609 4.17289 4.17009 4.08083 3.91131 3.85475 3.69266 3.53176 3.37645 3.39705 3.18592 3.05409 5.09993 2.90253 2.89473 2.87839 4.30819 2.56159 2.37988 3.2611 2.33133 2.31787 2.7967 2.13582 2.88348 3.83569 3.89928 3.23524 3.68418 2.07174 2.0705 2.04825 1.9378 2.28093 1.92623 1.9101 1.90317 2.39021 1.88528 2.08282 1.82717 1.72755
threshold=0.45169828832149511 1.5768142342567446 301.50000000000006 2.0059155225753789 4.0002249479293832 405.50000000000006 34.500000000000007 14.500000000000002 2.9357990026474003 14.500000000000002 0.28163585066795355 0.21541714668273929 109.50000000000001 4.5000000000000009 1.5000000000000002 3.1642812245991088e-05 1.8084095120429995 4929.5000000000009 3.0029060840606694 0.64116922020912182 32.500000000000007 112.50000000000001 13.500000000000002 0.028174603357911113 2.0817435979843144 0.36598925292491918 34.500000000000007 3.9666660086368217e-05 9.5000000000000018 4.4355640411376962 1.5000000000000002 33.500000000000007 1.2329493761062624 2.0542810489132538e-05 29.500000000000004 1.7834668159484866 0.82977479696273815 2.7759699821472172 4.5000000000000009 13.389310836791994 1.0701051354408266 0.78176558017730724 3075.5000000000005 33.500000000000007 1.8341411352157595 3216.0000000000005 0.038968583568930633 0.97177851200103771 115.50000000000001 2.5767039915081118e-06 2.1203035116195683 0.057189542800188072 0.76075288653373729 1880.0000000000002 3.8458333015441899 4.9235272407531747 1.3206272721290591 0.00091527769109234225 19.500000000000004 5316.5000000000009 3.7207524655968889e-05 1.5492721796035769
decision_type=2 2 2 2 2 2 2 2 2 2 2 2 2 2 2 2 2 2 2 2 2 2 2 2 2 2 2 2 2 2 2 2 2 2 2 2 2 2 2 2 2 2 2 2 2 2 2 2 2 2 2 2 2 2 2 2 2 2 2 2 2 2
left_child=2 4 3 11 5 13 8 28 10 40 12 16 24 -2 26 35 31 43 19 20 30 22 -20 -22 34 -16 41 -27 29 38 -15 32 -1 -23 -5 36 -14 -17 -3 -40 -6 -13 -43 44 45 46 47 -18 -49 -34 -38 58 53 -10 -35 -21 -54 61 -52 -60 -36 -58
right_child=1 7 -4 6 9 -7 -8 -9 52 -11 -12 14 15 18 25 37 17 -19 21 55 23 33 -24 -25 -26 27 -28 -29 -30 -31 -32 -33 49 54 60 -37 50 -39 39 -41 -42 42 -44 -45 -46 -47 -48 48 -50 -51 51 -53 56 -55 -56 -57 57 -59 59 -61 -62 -63
leaf_value=-0.066659129541470394 0.065075894734892045 0.074000730646486365 -0.073340920009816776 0.043758151945218975 0.050780134880749207 -0.071490107177169887 -0.073528723452257944 0.035270920564835377 0.01738794869879463 0.030066592584991322 0.0097393718964371174 -0.048013986047354712 -0.062760668424259577 0.041198963722639592 -0.073235337579826768 -0.022369159852637741 0.043398507771016906 0.032118773956022605 0.058764163036038757 0.034754742577438151 -0.076814851158113207 0.026578586801883488 0.033134637781437618 0.0063444532160427383 -0.050732036751747867 -0.051479498320751986 -0.075074467770553599 0.020148685569372816 0.074182932806902052 0.072332542121513785 0.011435386119630311 -0.071948619593990612 -0.045543060572746666 0.034425221990313996 -0.013883132050002077 -0.064719026176303013 -0.065294518683722422 0.031661846530677898 0.062201281231670569 0.037306647841869676 0.070987875029600397 0.023632905214133262 -0.019963162780686567 -0.073199280423918753 -0.071474881170134022 -0.060551043224685554 -0.061459114201658394 0.015609959380446851 -0.073280538132483308 -0.0013784123942330287 0.020886088375123485 -0.041381826417969399 0.025502309873908668 -0.038439286528380537 0.051386848300116243 0.027093553250957365 0.0031572009796984983 0.018050660768436727 -0.00898198996614776 -0.062178263952741189 0.016391296620843605 -0.045813244940778042
leaf_weight=57.764174381271005 20.687332922592759 21.203231699764729 1590.1293193474412 4.0222449451685014 15.649616815149782 14.12891382537782 30.590294405817986 43.028516925871372 3.8134305477142325 33.040707970038056 36.909538105130196 3.5701360907405677 14.093052340671418 10.961099807173012 18.095405295491222 13.253238476812838 2.9137784987688118 1.5584214217960823 31.679938226938248 113.12371161580086 2.5059280171990386 139.69355309009552 31.804317336529493 3.586854437366128 3.6163954734802237 6.7963140271604043 2.6090169101953498 2.3044522721320391 1355.5396298915148 137.95050675421953 50.021410346031189 361.65014664269984 7.91518393345177 132.22067342698574 13.255826350301506 17.644920583814383 3.3254506420344141 2.6287274286150923 43.057527497410774 18.942358613014221 162.22660130821168 5.9429155364632598 9.6553283687680942 12.280046969652174 9.497138964943586 10.197031691670416 3.5500808302313089 2.6438773311674595 2.0848381947726011 3.9959298558533192 3.4962970130145576 9.1247644349932653 33.666974078863859 3.5170246623456478 19.164458647370338 289.74037369713187 4.5388080365955856 15.560864424332975 7.6918330863118154 2.418642295524478 7.9866576772183171 2.985602393746376
leaf_count=1945 94 63 47088 20 75 423 983 265 42 233 449 95 444 65 631 280 36 23 130 772 79 1103 222 45 90 183 87 33 2703 379 555 12291 215 882 231 570 111 25 156 97 505 70 183 445 342 334 115 39 78 64 45 218 312 64 89 2296 53 155 135 63 88 66
internal_value=4.18083e-05 0.0577885 -0.0660786 -0.050867 0.0359181 0.0292517 -0.0170116 0.0722395 -0.00851799 0.0630781 -0.0192301 -0.0659652 -0.0296559 0.0309358 -0.0418236 -0.0404587 -0.0684487 -0.0525056 0.0300792 0.0268876 0.0127299 0.0343094 0.0459243 -0.0278585 -0.00209763 -0.0598857 -0.0192672 -0.0333422 0.0732484 0.0675199 0.0167851 -0.0701019 -0.0605164 0.0317762 0.00486391 -0.0478871 -0.04049 -0.0134261 0.0595406 0.0545954 0.06921 -0.0116713 -0.0033531 -0.0555607 -0.0485479 -0.0383681 -0.0181583 0.0019557 -0.0235809 -0.0307267 -0.0284447 -0.0230539 0.0147955 -0.00939699 0.0365725 0.0292448 0.0179203 0.00686298 -0.0107631 -0.0217077 -0.00250068 -0.0162737
internal_weight=5039.25 2689.96 2349.29 759.165 1070.24 859.319 234.141 1619.72 203.55 210.917 139.468 525.024 102.558 845.19 48.9736 73.6769 476.051 44.7252 824.502 469.939 67.0753 354.563 63.4843 6.09278 28.8811 27.1962 21.7774 9.10077 1576.69 221.154 60.9825 431.325 69.6753 291.079 25.2647 57.795 40.15 15.882 83.2031 61.9999 177.876 19.1684 15.5982 43.1668 30.8867 21.3896 11.1926 7.64249 4.72872 11.9111 26.057 22.7315 64.0827 7.33046 151.385 402.864 56.7522 23.0853 13.6068 10.1105 21.2425 7.52441
internal_count=79972 11231 68741 21653 7568 6755 4444 3663 3461 813 2769 17209 2320 6332 1282 1891 15927 1412 6238 3812 744 2426 352 124 429 847 435 216 3398 695 620 14515 2224 2074 339 1586 1016 305 316 253 580 348 253 1389 944 602 268 153 117 279 572 461 692 106 971 3068 586 274 243 198 319 119
is_linear=0
shrinkage=0.05


Tree=6
num_leaves=63
num_cat=0
split_feature=34 34 0 0 2 2 2 0 9 1 1 1 9 0 34 1 34 9 2 1 0 9 1 10 10 1 1 9 11 0 2 34 16 6 19 2 0 5 8 31 1 19 17 10 5 0 9 18 19 15 14 32 34 0 31 6 31 18 17 14 1 12
split_gain=6811.87 324.31 152.752 76.5866 68.9344 41.1108 28.3661 58.9384 32.9083 23.1546 21.5227 15.4091 14.7952 14.5551 13.63 9.8644 8.72208 7.99003 6.6877 5.50214 5.13351 5.41966 4.71851 4.53102 4.5306 3.66737 4.05059 3.65324 3.37931 4.40797 3.65688 2.92591 2.68355 2.43715 2.22183 2.11094 1.99436 1.96864 3.62809 2.37008 1.88524 1.84543 1.68157 1.62195 1.58167 1.53398 1.49962 1.47427 1.45856 1.42215 1.42171 1.41518 1.35343 1.33583 1.80671 1.61527 1.46668 1.34706 1.25615 1.2268 1.20993 1.17608
threshold=0.45169828832149511 1.5768142342567446 0.55173593759536754 0.77634990215301525 301.50000000000006 494.50000000000006 301.50000000000006 0.38622736930847174 5.5000000000000009 14.500000000000002 34.500000000000007 14.500000000000002 6.5000000000000009 0.65641880035400402 0.5649145543575288 14.500000000000002 0.27614757418632513 6.5000000000000009 297.50000000000006 4.5000000000000009 0.32694168388843542 3.5000000000000004 29.500000000000004 1.0000000180025095e-35 1.0000000180025095e-35 33.500000000000007 34.500000000000007 5.5000000000000009 9.5000000000000018 0.84018126130104076 301.50000000000006 0.23756951093673709 0.88826188445091259 0.0050065936520695695 21.500000000000004 275.50000000000006 0.44106456637382513 4287.5000000000009 2224.0000000000005 1.4174310763337418e-05 5.5000000000000009 51.500000000000007 13.985728263854982 1.0000000180025095e-35 5204.5000000000009 0.39069166779518133 2.5000000000000004 16.500000000000004 185.50000000000003 0.31319215893745428 3.8393944501876835 2.1862554550170903 0.86711913347244274 0.42223450541496282 0.0010170773603022101 0.0018790301983244719 0.014895401429384949 42.500000000000007 4.9235272407531747 5.0845003128051767 30.500000000000004 1.0000000180025095e-35
decision_type=2 2 2 2 2 2 2 2 2 2 2 2 2 2 2 2 2 2 2 2 2 2 2 2 2 2 2 2 2 2 2 2 2 2 2 2 2 2 2 2 2 2 2 2 2 2 2 2 2 2 2 2 2 2 2 2 2 2 2 2 2 2
left_child=2 3 6 5 12 13 7 20 10 28 16 -5 25 14 17 18 19 35 27 -9 -1 22 24 32 31 61 -27 43 29 30 40 48 46 -26 -34 -2 -25 38 58 52 -3 -36 -42 50 49 -10 51 -17 -22 -41 -15 -21 -39 55 57 -43 -56 -55 -16 -54 -11 -4
right_child=1 9 4 11 -6 -7 -8 8 45 60 -12 -13 -14 15 37 47 -18 -19 -20 23 21 -23 -24 36 33 26 -28 -29 -30 -31 -32 -33 34 -35 41 -37 -38 39 -40 44 42 53 -44 -45 -46 -47 -48 -49 -50 -51 -52 -53 59 54 56 -57 -58 -59 -60 -61 -62 -63
leaf_value=-0.070168972620223105 0.0071763136956253977 0.062106990560470234 0.01486889802997197 0.068005039707332363 -0.070790377548128766 -0.070645626010929913 -0.070612437673728976 -0.071787478358128418 -0.032737531593641851 0.028370317266517293 -0.07080479142468088 0.029903154743661453 -0.073275947314817944 0.044657357135190229 0.039433710899284879 0.014597528530385977 0.010156755257399418 -0.073947169485834505 0.071153452168248241 -0.058578475218495768 -0.061122889916564671 -0.066754597991070183 -0.068530219648197985 -0.022181842211967312 0.024323442113027307 0.015766323193187801 -0.0715724363476649 0.06852611740060105 0.071660426876776914 0.070017123162133349 0.071358833347988801 -0.0079191237544315504 0.010796883665306397 -0.035090744663235196 -0.056287522695328975 -0.030316028254967126 0.01018337087165801 0.009773933594779639 0.017611759413787162 0.048881651552148207 0.049454032883250981 -0.062475136477924048 0.026730074162812256 0.043845360989338597 0.053464466957754454 -0.069269616031894188 -0.061350927631039998 0.029934331442247792 -0.0074807123251217598 0.030275030776714312 0.025760169991299653 -0.012967348379771905 0.031612111891831267 -0.015563224554691883 -0.050979705038187176 -0.0079341724029292193 -7.8860092180846317e-05 0.018900050856703071 0.026535048453428585 0.0069017550590115481 0.04799246567606625 0.037668209490773367
leaf_weight=363.32448535598814 25.643128108233217 14.599714525043963 82.671621372923255 164.55632400512695 36.588872518390417 10.599029108881949 1487.3314398229122 4.9302821438759556 3.0539901759475461 31.886467158794403 17.707882700487971 31.636863328516483 5.1187655106186858 14.633487612009047 20.969898071140051 17.807092793285847 32.851474845781922 3.9510496370494357 22.843184866011143 2.6079421918839198 11.793187348172074 55.83683749102056 11.464027661830185 6.674675730988386 4.7666448336094609 2.7547848392277947 2.5622979868203402 11.642032880336044 1299.2924828231335 139.34575641900301 22.65208787471056 4.3106057327240697 5.4951865896582595 2.7057606987655163 3.8184687625616816 4.3982479795813552 16.591068152338266 16.25896655395627 148.5141039416194 11.876413233578203 21.025048527866602 3.305250151082876 13.285535700619219 71.946361601352692 10.343589857220648 48.62075912207365 6.7292581312358379 130.51513845100999 1.4197766222059716 75.90175829641521 31.118467457592487 4.8882732689380646 28.53015261888504 6.3993604574352521 4.1487205289304248 2.3036190122365952 2.1479431409388781 5.0911926534026861 188.95532513782382 6.0961946472525588 10.424466133117674 6.0717605352401725
leaf_count=12922 309 55 874 559 1109 356 45979 179 89 217 593 222 161 77 131 149 384 122 63 78 419 2048 422 150 77 30 88 39 2703 407 70 81 87 77 102 100 205 160 1348 54 86 107 77 344 41 1717 207 939 33 544 234 93 214 124 101 51 38 70 1501 62 48 46
internal_value=3.20665e-05 0.0551752 -0.0635475 0.0336947 -0.0121327 0.0272129 -0.0668396 -0.0579747 -0.0335213 0.0696854 -0.0197118 0.061861 0.00950712 0.0284448 0.0235471 0.0372692 -0.0113332 -0.00710403 0.0462125 -0.0207298 -0.067494 -0.056964 -0.0419701 -0.017144 -0.0297887 0.0140122 -0.0263222 0.0418076 0.0707075 0.064837 0.0547504 -0.0436892 -0.0260874 0.00280954 -0.018203 0.0016872 0.000898162 0.0256004 0.0235924 0.0304306 0.0470584 -0.0240587 0.040655 0.0391647 0.0349717 -0.0671106 -0.0442167 0.028093 -0.0553589 0.0327925 0.0318043 -0.0288355 0.021674 -0.0187986 -0.0120896 -0.0400746 -0.0336162 -0.000293361 0.0278235 0.0272617 0.0332048 0.0164288
internal_weight=4857.33 2601.25 2256.09 1048.74 135.768 852.544 2120.32 632.987 177.365 1552.51 125.691 196.193 99.1792 841.945 541.439 300.506 107.983 33.9924 152.184 75.1312 455.621 92.2968 36.46 70.201 24.996 94.0605 5.31708 129.34 1510.2 210.908 71.5624 17.5236 46.9352 7.47241 32.7097 30.0414 23.2657 507.446 358.439 149.007 48.9103 27.2146 34.3106 117.698 98.1218 51.6747 14.2255 148.322 13.213 87.7782 45.752 7.49622 50.8853 23.3961 17.7872 5.60887 6.29666 11.4906 209.925 34.6263 42.3109 88.7434
internal_count=79972 11231 68741 7568 2308 6787 66433 20454 4375 3663 2569 781 1199 6431 4586 1845 1976 531 757 1592 16079 3157 1109 1413 687 1038 118 694 3398 695 288 533 1058 154 680 409 355 4055 2980 1075 218 593 163 655 639 1806 378 1088 452 598 311 171 436 491 333 158 139 194 1632 276 265 920
is_linear=0
shrinkage=0.05


Tree=7
num_leaves=63
num_cat=0
split_feature=34 34 0 2 0 2 9 1 2 0 9 1 1 0 34 1 1 11 9 2 10 0 9 9 11 0 2 10 9 16 8 0 1 6 8 6 1 36 0 8 19 19 18 10 2 11 9 16 0 11 10 8 0 7 34 10 7 2 16 1 15 7
split_gain=6082.24 310.665 139.539 92.4459 69.1038 36.2338 23.1969 22.6522 15.6371 33.6322 22.052 14.7498 14.2081 13.9842 11.5752 11.36 8.62358 7.44373 7.00404 6.07311 3.65749 3.44302 3.43033 3.2788 3.25208 3.92994 3.2836 3.20609 2.72874 2.3795 6.74973 2.16301 2.08068 1.90624 3.12484 2.0017 1.74499 1.71367 1.92434 1.58895 1.48572 1.47369 1.4645 1.35635 1.35212 1.30486 2.12413 2.75665 1.28126 2.17295 1.43432 1.38828 1.26578 1.26559 1.24752 1.23731 1.39447 1.1816 1.17869 1.16221 1.49643 1.15698
threshold=0.45169828832149511 1.5768142342567446 0.51127162575721752 301.50000000000006 0.77634990215301525 494.50000000000006 6.5000000000000009 14.500000000000002 301.50000000000006 0.37815602123737341 5.5000000000000009 34.500000000000007 14.500000000000002 0.65641880035400402 0.5649145543575288 34.500000000000007 14.500000000000002 1.0000000180025095e-35 5.5000000000000009 301.50000000000006 1.0000000180025095e-35 0.32694168388843542 2.5000000000000004 5.5000000000000009 9.5000000000000018 0.84018126130104076 301.50000000000006 1.0000000180025095e-35 5.5000000000000009 0.71004632115364086 1996.5000000000002 0.41071836650371557 5.5000000000000009 0.0001929654317791574 2224.0000000000005 2.0257216419850014e-05 4.5000000000000009 0.0057062830310314902 0.42223450541496282 3368.5000000000005 124.50000000000001 187.50000000000003 16.500000000000004 1.0000000180025095e-35 275.50000000000006 1.0000000180025095e-35 5.5000000000000009 1.5287530422210696 0.62424147129058849 1.0000000180025095e-35 1.0000000180025095e-35 2560.0000000000005 0.84018126130104076 26.500000000000004 0.86711913347244274 1.0000000180025095e-35 46.500000000000007 305.50000000000006 1.3032627105712893 11.500000000000002 1.1103194952011111 133.50000000000003
decision_type=2 2 2 2 2 2 2 2 2 2 2 2 2 2 2 2 2 2 2 2 2 2 2 2 2 2 2 2 2 2 2 2 2 2 2 2 2 2 2 2 2 2 2 2 2 2 2 2 2 2 2 2 2 2 2 2 2 2 2 2 2 2
left_child=2 4 8 6 5 13 15 24 9 21 11 17 52 14 18 29 19 20 44 23 36 -1 27 55 25 26 28 -23 32 30 -4 -22 -3 35 -35 54 -11 38 39 -38 -29 -39 -18 -19 -2 -24 47 -47 49 50 51 -31 57 -37 -16 56 -15 -6 -52 -33 -61 -44
right_child=1 7 3 -5 12 -7 -8 -9 -10 10 -12 -13 -14 16 33 -17 42 43 -20 -21 31 22 45 -25 -26 -27 -28 40 -30 48 -32 59 -34 34 -36 53 37 41 -40 -41 -42 -43 61 -45 -46 46 -48 -49 -50 -51 58 -53 -54 -55 -56 -57 -58 -59 -60 60 -62 -63
leaf_value=-0.067839136929053814 0.007917244754596842 0.057972689735304464 0.016761747132392087 -0.068424283552013854 0.054046014720968011 -0.068319865088964843 -0.070223170588356393 0.030840588099253576 -0.068316830240197496 -0.068476103420540321 -0.066659403731204603 -0.068431334495597407 0.028241933573996476 0.043123168709066788 0.0065892001158169627 -0.068826690635389834 0.013076293061581964 -0.0045991467138746297 -0.058611515084583003 0.068997729128336682 -0.045958882776917918 -0.051429258700056629 -0.06647356067580705 0.065563969492018523 0.069557991518031229 0.067729768576426944 0.069187574945393238 0.006629725442808921 0.067600604849998469 -0.021971291272649855 -0.064036349108070587 -0.022747798385077657 0.031546119930703595 0.025788270289411375 0.016185727099649955 0.016099312038357294 -0.012789744782648192 -0.045420969598937412 -0.009351513193849673 -0.069977732266024939 -0.046919311833858203 0.0021489994359959151 0.031701816730419545 0.018297889938036521 -0.023855182662690145 -0.058551494297695843 -0.069164608948654949 0.020232831984727695 0.021556440994855028 0.0208102467744865 -0.0013449445456193601 0.0040814635906093093 0.068475866481759268 0.034146090136218291 0.025175028297722037 0.041541395649227431 0.024811564639382094 0.069987648796654353 0.026959716144170323 0.028273344952133347 -0.0085415711360090629 0.021305728462411605
leaf_weight=348.45005299150944 24.245230063796047 10.43278484046459 8.1125547755509597 68.940593484789133 37.13479582965374 10.134194126352666 9.9561746381223184 40.842752262949944 1389.9175985436887 3.5883788391947737 47.177662934176624 16.762836219742894 31.06969390809536 15.766997240483759 13.079642940312622 4.4934191685169926 16.976390205323696 15.908252418041229 5.4060332123190156 20.807468414306641 3.2102382015436914 15.930065253749492 44.338055413216352 11.342874530702828 1241.9476235993207 133.64609649777412 21.611460261046886 4.3993182163685551 10.916511636227368 8.3864485491067189 3.7934277020394793 4.3724905103445044 26.038031540811062 206.55915477871895 143.63482569903135 10.823539908975361 2.0760062653571394 19.54978922940791 12.030250571668146 2.9273238554596901 1.8358502630144355 1.7759961690753687 92.403046727180481 10.898902079090476 3.885120863094925 2.3281347062438709 4.7046389561146498 2.1225728392601013 40.585204511880875 27.446675539016724 6.729765608906745 13.101939925923942 103.51520357653499 94.833245664834976 29.151170838624239 71.47420596331358 30.524495732039213 16.919808395206928 8.1111881807446462 4.9266195725649577 6.2772404123097658 37.673746768385172
leaf_count=12922 287 41 93 2152 155 356 343 265 44936 141 1785 598 222 79 135 156 149 216 156 59 96 549 1760 39 2703 407 70 90 37 137 86 84 140 1632 1338 95 50 559 224 108 62 36 628 122 88 76 180 33 376 273 83 182 358 621 234 345 235 46 80 54 99 311
internal_value=1.81783e-05 0.0529407 -0.0614013 -0.0215754 0.0318008 0.0256509 0.00313292 0.0675615 -0.0654469 -0.0585167 -0.0382935 -0.0254634 0.0591442 0.0268002 0.0219454 0.0091808 0.0354911 -0.0172357 -0.0064879 0.0439297 -0.0269222 -0.0657399 -0.0560718 0.0398897 0.0685997 0.0627267 0.053036 -0.0395323 0.04567 0.0121956 -0.00898176 -0.00858745 0.0391057 0.0238598 0.0218497 0.0286197 -0.0351335 -0.0320144 -0.0201895 -0.046249 -0.00913697 -0.0414594 0.0268882 0.00471003 0.00352911 -0.062925 -0.0457399 -0.0209787 0.0146116 0.0101921 0.0021701 -0.00608636 0.0652375 0.0322974 0.0194187 0.0374169 0.0310485 0.059036 0.0141247 -0.000885317 0.00764688 0.0286908
internal_weight=4677.96 2512.8 2165.17 199.657 1027.36 838.721 130.717 1485.44 1965.51 575.591 151.482 104.304 188.64 828.587 531.618 120.761 296.969 87.5415 33.5364 149.916 60.7343 424.109 75.6586 129.109 1444.59 202.645 68.9988 22.1652 47.3873 116.267 11.906 18.7866 36.4708 498.082 350.194 147.888 41.9477 38.3594 17.0336 5.00333 6.23517 21.3258 147.053 26.8072 28.1304 53.4934 9.15535 4.45071 104.361 63.776 36.3293 21.4884 157.57 105.657 42.2308 117.766 46.2915 54.0546 14.841 15.5764 11.2039 130.077
internal_count=79972 11231 68741 3961 7568 6787 1809 3663 64780 19844 4172 2387 781 6431 4586 1466 1845 1789 531 757 1451 15672 2750 698 3398 695 288 701 218 1310 179 333 181 4055 2970 1085 1118 977 382 158 152 595 1088 338 375 2049 289 109 1131 755 482 319 559 716 369 659 314 201 163 237 153 939
is_linear=0
shrinkage=0.05


Tree=8
num_leaves=63
num_cat=0
split_feature=34 34 0 2 0 2 9 35 2 0 9 35 0 35 34 9 35 2 34 35 34 9 0 35 11 0 9 33 35 2 6 8 31 17 8 16 9 33 0 17 34 16 14 5 5 0 2 14 5 0 35 6 0 9 35 35 8 8 0 11 33 9
split_gain=5457.43 299.86 128.578 83.1853 64.663 32.2828 20.2977 19.2224 15.0821 31.6133 18.3855 14.6087 13.5679 12.4703 10.1186 10.7651 9.95748 7.91552 5.44184 4.70001 4.2054 3.44485 4.55171 3.19277 2.86888 3.34006 2.80849 2.80642 2.75099 2.70584 2.24669 2.62215 2.01135 1.9629 1.92527 1.78393 5.6361 1.75264 1.54212 1.44069 1.39931 1.37307 1.32827 1.29477 1.27859 1.2476 1.19308 1.19176 1.18304 1.16905 1.15606 1.1445 1.1093 1.71416 1.43537 1.95029 1.85391 2.6612 1.09629 1.90441 1.65185 1.09483
threshold=0.45169828832149511 1.5982327461242678 0.51127162575721752 301.50000000000006 0.77634990215301525 494.50000000000006 6.5000000000000009 0.064583335071802153 301.50000000000006 0.38622736930847174 5.5000000000000009 0.064583335071802153 0.65641880035400402 0.028174603357911113 0.64116922020912182 5.5000000000000009 0.028174603357911113 301.50000000000006 0.27614757418632513 0.18333333730697635 0.21302551031112674 5.5000000000000009 0.31142817437648779 0.18333333730697635 9.5000000000000018 0.84018126130104076 5.5000000000000009 2.5767039915081118e-06 0.029857398010790352 301.50000000000006 0.0001929654317791574 2224.0000000000005 1.4174310763337418e-05 45.082584381103523 2945.5000000000005 0.71004632115364086 2.5000000000000004 1.5754029050185638e-06 0.49480395019054418 4.9235272407531747 0.86711913347244274 0.72022742033004772 4.9801702499389657 4858.5000000000009 3305.5000000000005 0.84018126130104076 305.50000000000006 3.3140207529067998 4858.5000000000009 0.39069166779518133 0.031754031777381904 3.1642812245991088e-05 0.32694168388843542 2.5000000000000004 0.032795699313282974 0.080128207802772536 2475.5000000000005 3235.5000000000005 0.62424147129058849 1.0000000180025095e-35 0.00030812670593149965 2.5000000000000004
decision_type=2 2 2 2 2 2 2 2 2 2 2 2 2 2 2 2 2 2 2 2 2 2 2 2 2 2 2 2 2 2 2 2 2 2 2 2 2 2 2 2 2 2 2 2 2 2 2 2 2 2 2 2 2 2 2 2 2 2 2 2 2 2
left_child=2 4 8 6 5 12 16 50 9 20 13 -6 14 -11 15 28 -4 19 23 26 52 22 -22 27 25 29 37 41 -2 44 32 39 40 34 -24 36 -18 42 43 -32 -16 -15 -14 61 -9 46 -13 -34 -36 -12 -3 -49 -1 54 -54 56 -56 -58 59 60 -37 -29
right_child=1 7 3 -5 11 -7 -8 24 -10 10 49 45 17 18 30 -17 35 -19 -20 -21 21 -23 33 -25 -26 -27 -28 38 -30 -31 31 -33 47 -35 48 58 -38 -39 -40 -41 -42 -43 -44 -45 -46 -47 -48 51 -50 -51 -52 -53 53 -55 55 -57 57 -59 -60 -61 -62 -63
leaf_value=-0.066146666171024757 -0.025062180927569594 0.044035674188648101 -0.066761417155713307 -0.066485759052276022 0.025801745644412649 -0.066373969191384302 -0.067944452676510642 0.032934079316520003 -0.066386614548180151 -0.066478543460443018 -0.033156676448247609 0.051960950956207744 0.027662058015524946 -0.049214120584217882 0.0047272191137928228 -0.057557032323825891 0.017546613178597053 0.062710161063261702 0.0042204835694720968 0.066823540096867182 -0.064491762963169108 -0.066526002755566457 0.006978748452646389 -0.067104996291897215 0.067802772130681491 0.065767538396102831 0.055377690967424203 -0.0088414817012642168 0.012529910335725696 0.067246156670478507 0.03751117339063223 0.015436681707847569 0.015037568423217434 -0.068397360587845901 -0.057093041407901252 -0.0050863327375841481 -0.055977552165280747 0.033035251429962241 0.023393227763738766 0.023192653247039386 0.024988800069082266 -0.024354637510410764 0.014722016399651894 0.017272150403390724 0.051094526007689302 0.066509771973797316 0.068100442243363896 0.049516160734620382 -0.0067768990548139098 -0.066478406648194807 0.023491937963018336 0.032305954500218753 -0.066304953525359395 -0.064024558594399608 -0.057046667007572993 -0.066816046233572277 0.028295416249031716 -0.038404350054422332 0.019493465287499907 0.018939696829370294 0.019046009177737022 -0.042444406665886482
leaf_weight=314.81728463433683 5.3554912861436597 9.4217222034931165 4.2744965981692067 65.921305393800139 31.239579923450947 9.6757865063846094 9.4526570551097375 15.529125310480593 1328.6728812456131 14.498924689367412 2.8330436740070573 36.2765146009624 89.120907966047525 6.8263730797916642 11.341962184756992 6.7545250989496699 7.601890452206133 22.105068773031235 23.37651988863945 9.1804776191711408 7.8255287278443602 13.444953473284839 7.1017205622047168 4.060873305425047 1183.4602063260972 124.33533019199967 10.848259214311836 6.9696778319776076 53.325016874819994 18.571793764829636 19.591972887516022 129.24323124438524 8.6023680716752988 1.604804029688238 2.5722702331840992 26.362796857953072 3.9665359500795603 146.62934474274516 3.8356449492275706 170.0223765000701 34.265170879662037 29.812801145017147 25.507593024522066 2.8747649956494561 25.785405986011028 102.10588810965419 16.732083514332771 11.125445358455179 2.1402058508247137 37.129598617553711 25.067900769412518 73.347545385360718 6.0131718385964659 48.484565237537026 2.8569501470774394 3.7611112147569647 2.736482635140419 3.2974331099539995 40.22159580513835 27.135580770671368 9.7002592869102937 3.7166289407759905
leaf_count=12238 102 44 156 2152 227 356 343 88 44936 531 89 161 636 220 121 188 85 68 285 31 307 531 127 162 2701 398 48 116 560 64 121 1227 77 61 83 382 94 888 35 1387 277 698 233 40 103 367 47 46 48 1495 184 481 256 2005 110 157 46 110 376 273 100 94
internal_value=7.45333e-06 0.0509548 -0.0594969 -0.0208102 0.0303625 0.0244259 0.0025823 0.0659696 -0.0634995 -0.0565575 -0.0356199 0.0569963 0.025489 -0.0237541 0.0206092 0.00221849 0.00817217 0.0339006 -0.0161509 0.0316366 -0.0633884 -0.0467198 -0.0341852 -0.0243478 0.0668993 0.0610951 0.0304494 -0.0211346 0.00909906 0.0513942 0.0232394 0.0209287 0.0285521 -0.0165114 -0.00946332 0.0109577 -0.00766306 0.0294143 -0.00459805 0.0246721 0.01995 -0.0289863 0.0247826 -0.0125152 0.0442685 0.0632788 0.0570554 0.0327671 -0.0342416 -0.0641162 0.029104 0.0345726 -0.0649022 -0.0590679 -0.0461926 -0.0366336 -0.0238655 -0.00815488 0.0130406 0.00893375 0.0014048 -0.0205284
internal_weight=4500.47 2424.57 2075.9 194.637 1022.4 836.043 128.716 1402.17 1881.26 552.591 135.935 186.354 826.367 95.9722 522.975 65.435 119.263 303.392 81.4733 281.287 416.656 34.6895 21.2445 58.0968 1367.68 184.222 272.106 54.0359 58.6805 59.8863 457.54 318.858 138.682 13.419 11.8142 114.989 11.5684 261.258 17.3967 189.614 45.6071 36.6392 114.629 13.5611 41.3145 155.114 53.0086 93.0754 4.71248 39.9626 34.4896 84.473 381.967 67.1497 18.6651 12.652 8.89087 6.03392 103.42 63.1986 36.0631 10.6863
internal_count=79972 11231 68741 3961 7649 6847 1809 3582 64780 19844 3765 802 6491 2181 4587 850 1466 1904 1650 1836 16079 1157 626 1365 3354 653 1805 1203 662 255 3737 2735 1002 319 258 1310 179 1757 285 1508 398 918 869 250 191 575 208 604 131 1584 228 527 14922 2684 679 423 266 156 1131 755 482 210
is_linear=0
shrinkage=0.05


Tree=9
num_leaves=63
num_cat=0
split_feature=0 0 0 2 1 2 9 1 1 16 0 2 9 1 0 2 1 1 0 9 2 33 33 19 2 1 9 1 1 16 1 7 16 0 19 36 8 36 31 16 0 32 9 1 33 33 0 16 9 16 7 15 0 9 7 31 8 18 18 5 18 17
split_gain=4434.63 274.319 265.031 220.571 92.8521 70.6504 53.7507 27.1607 23.7044 19.4393 15.3471 35.5257 18.9103 11.7624 9.02564 8.91325 8.87438 4.97185 4.85805 4.44719 3.80135 3.5297 3.3645 3.28883 3.18849 3.76843 2.94074 2.47993 4.61107 2.05918 1.84739 1.71981 1.51698 1.42719 1.56717 1.40626 2.54114 1.5498 1.5088 1.28318 1.24008 3.7142 2.96464 2.30088 1.75386 1.19917 1.15863 1.11486 2.65692 1.87364 1.53607 1.08839 1.23387 1.02969 1.02479 0.987404 1.1833 0.976687 0.968891 0.940125 1.04961 0.939458
threshold=0.55173593759536754 0.41990622878074652 0.69146737456321727 301.50000000000006 14.500000000000002 494.50000000000006 5.5000000000000009 34.500000000000007 34.500000000000007 0.99090278148651134 0.35577900707721716 301.50000000000006 5.5000000000000009 34.500000000000007 0.63413780927658092 301.50000000000006 14.500000000000002 4.5000000000000009 0.77634990215301525 6.5000000000000009 301.50000000000006 2.5767039915081118e-06 5.0455721520847882e-06 163.50000000000003 301.50000000000006 4.5000000000000009 5.5000000000000009 5.5000000000000009 4.5000000000000009 1.4099448919296267 4.5000000000000009 66.500000000000014 2.5101093053817753 0.47256414592266088 40.500000000000007 0.00078248395584523689 3696.0000000000005 9.8420361609896659e-05 0.00040252020698972052 1.1058169603347781 0.32694168388843542 1.9077503681182864 5.5000000000000009 34.500000000000007 3.9666660086368217e-05 0.00058086076751351367 0.51127162575721752 1.2252876758575442 2.5000000000000004 1.0611335039138796 103.50000000000001 1.5362723469734194 0.45022916793823248 4.5000000000000009 112.50000000000001 0.0092331375926733034 2824.0000000000005 56.500000000000007 15.500000000000002 5204.5000000000009 51.500000000000007 9.7355551719665545
decision_type=2 2 2 2 2 2 2 2 2 2 2 2 2 2 2 2 2 2 2 2 2 2 2 2 2 2 2 2 2 2 2 2 2 2 2 2 2 2 2 2 2 2 2 2 2 2 2 2 2 2 2 2 2 2 2 2 2 2 2 2 2 2
left_child=1 10 5 6 9 8 7 21 14 -4 40 12 13 17 15 35 20 -12 24 29 30 27 47 -17 25 -11 -27 28 -3 -8 -16 -32 57 34 -29 37 45 -2 -38 -36 -1 42 43 44 54 53 -31 48 49 50 -19 52 -41 -37 55 56 -42 -6 -47 60 -39 -18
right_child=2 3 4 -5 32 -7 19 -9 -10 18 11 -13 -14 -15 16 23 61 22 -20 -21 -22 -23 -24 -25 -26 26 -28 33 -30 46 31 -33 -34 -35 39 36 38 59 -40 51 41 -43 -44 -45 -46 58 -48 -49 -50 -51 -52 -53 -54 -55 -56 -57 -58 -59 -60 -61 -62 -63
leaf_value=-0.06455547577118903 0.014819654122356574 -0.067798761808974942 0.024025397474400426 -0.064858824059492601 0.024270711950375778 -0.064840515571002358 -0.066180525797355672 -0.065526168211063204 -0.067143934798899213 0.066371602009739475 -0.067314882937458867 -0.064764793418769714 -0.061940899093359585 -0.064717905718234339 0.0597080574526416 -0.060503920112422185 0.02801626781000336 -0.023970489778248418 0.065403269118358476 -0.065713475186796433 0.0630375863478434 0.01845065957203652 0.0082311258182158811 0.020459803877314865 0.065984121184856193 0.045400728491997153 0.065241986524417026 -0.017292163657501993 0.012621889154723032 -0.029718192141399716 0.043695015511395374 0.028811703785425986 0.0034659706769932241 0.012288135006269109 -0.0055078055353296532 0.016515108211032106 0.0094521882753519776 0.021853511399016812 -0.020156537504670988 0.0309701101862319 0.0051527351901245041 -0.064538107525080379 -0.063451080306216628 -0.064678286431542983 -0.004289375545801187 0.038334478887398549 0.0092331313380527996 -0.0051936638520355344 -0.054056934256686319 -0.043312851603803673 0.010094413856458611 0.00056660552011711591 -8.9049239015796962e-05 -0.0015785310993880243 -0.055478602978560498 -0.062585141548911025 -0.037135298474606372 0.040100911284815549 0.021167262846619579 0.042541496860030031 0.042407516929186595 0.017765746007223884
leaf_weight=1155.1329140979797 25.759072221815586 3.0495756715536109 30.818605434149504 181.65077909082174 149.74613572284579 24.455216404050589 2.5883285626769057 11.532130448147653 7.2953239977359763 43.306102819740772 3.4375909473747006 187.14467511884868 31.547356997616589 10.829035438597201 8.4154684338718635 4.919279856607317 32.735200021415949 5.6813429538160616 1247.2731420062482 25.686540243215859 17.346020109951496 140.49897017143667 26.302631352096796 1.6835629399865863 78.120238553732634 97.930998016148806 23.075164655223489 8.7052460201084596 4.2895423714071512 5.0390989724546653 33.511766117066145 46.125117255374789 8.3703571949154121 103.77205892652273 15.049147624522446 79.833070354536176 12.647761579602959 29.700590893626213 6.520979417487978 10.487209288403394 2.971619347110396 107.56230769492686 15.974938980303703 5.3432248812168828 5.6828427426517001 9.450211111456154 3.0736700613051653 17.094569096341729 5.0544882696121922 3.9321965221315613 7.9262644145637751 10.552278393879531 4.6003130525350562 8.7222028914839012 4.9566267579793921 1.5573152434080837 3.7314963191747665 10.421793445944784 63.08120677061379 11.407403247430919 7.8536028340458861 70.473893979564309
leaf_count=42929 265 113 210 6196 1143 837 99 412 253 110 134 6547 1352 462 28 166 237 133 3361 1037 57 1335 373 23 216 446 65 152 52 135 165 317 75 1132 239 739 132 248 105 96 66 3852 694 232 128 65 41 337 176 109 129 146 65 103 190 65 123 61 546 62 45 611
internal_value=-9.01367e-06 -0.0513385 0.0499485 -0.0201784 0.0594283 0.0180482 0.00308236 0.00977848 0.0222935 0.0633313 -0.0616595 -0.0514423 -0.0291426 -0.0162505 0.0236812 0.0174948 0.0314385 -0.00869092 0.0641444 -0.0544312 0.0416436 0.0126636 -0.00563711 -0.0398602 0.057668 0.0537142 0.0491843 0.00759781 -0.0207948 -0.0273496 0.037429 0.0350747 0.0242163 0.00895827 0.00196256 0.0189801 0.0165893 0.0247474 -0.000620351 0.00608203 -0.0640037 -0.0596911 -0.0467278 -0.0357081 -0.0275179 0.0186372 -0.0149608 -0.0148279 -0.022117 -0.0129128 -0.0041281 0.0128846 0.0214999 0.014733 -0.0375053 -0.0267205 -0.0183882 0.0253008 0.023404 0.0299705 0.0261519 0.0210169
internal_weight=4323.44 2132.44 2191 530.575 1689.06 501.937 348.924 312.536 477.482 1520.52 1601.86 298.95 111.805 80.2581 470.186 261.579 208.607 69.4291 1489.71 36.3876 105.398 301.004 65.9915 6.60284 242.433 164.312 121.006 160.505 7.33912 10.7011 88.0524 79.6369 168.538 153.166 49.3942 254.976 180.255 74.7207 19.1687 40.6889 1302.91 147.78 40.2181 24.2431 18.8999 161.087 8.11277 39.6889 22.5943 17.5398 13.6076 25.6398 15.0875 88.5553 13.2171 8.26043 6.70312 160.168 72.5314 48.9616 37.5542 103.209
internal_count=79972 69281 10691 11250 5687 5004 5054 3742 4167 4408 58031 9752 3205 1853 3914 2499 1415 1391 4198 1312 567 3330 1257 189 837 621 511 1995 165 275 510 482 1279 1830 698 2310 1690 620 237 546 48279 5350 1498 804 572 1453 176 884 547 371 262 307 161 842 444 254 189 1204 611 355 293 848
is_linear=0
shrinkage=0.05


Tree=10
num_leaves=63
num_cat=0
split_feature=0 11 0 1 11 0 2 11 2 16 9 35 2 0 9 11 11 0 9 2 1 9 1 11 10 32 2 11 1 0 9 2 1 16 35 16 1 18 15 33 18 2 9 0 9 16 9 1 6 7 11 33 7 2 36 36 17 2 6 16 11 18
split_gain=4068.78 465.978 255.251 76.5684 73.889 41.6438 46.4825 27.309 24.6466 18.0364 15.3783 8.30498 7.90056 19.0142 11.3027 8.20417 7.35621 7.09946 6.59356 6.35439 5.73902 3.58031 3.09393 2.97572 2.90689 2.67449 2.44602 3.55902 2.02911 1.95566 1.93378 1.82155 1.63683 2.02092 1.57362 1.55511 1.67044 1.82136 1.93443 1.38462 1.34205 1.2314 1.10123 1.31914 1.07229 1.0696 2.25705 1.94314 1.06014 1.48136 1.05404 1.03225 0.975171 0.944211 0.885402 0.873891 0.872449 1.06456 0.862365 0.860272 0.812409 0.795193
threshold=0.55173593759536754 2.5000000000000004 0.70447415113449108 14.500000000000002 1.0000000180025095e-35 0.47256414592266088 301.50000000000006 9.5000000000000018 301.50000000000006 0.99090278148651134 5.5000000000000009 0.028174603357911113 301.50000000000006 0.38008119165897375 5.5000000000000009 1.0000000180025095e-35 9.5000000000000018 0.84018126130104076 6.5000000000000009 301.50000000000006 4.5000000000000009 5.5000000000000009 33.500000000000007 1.0000000180025095e-35 1.0000000180025095e-35 3.9210450649261479 293.50000000000006 2.5000000000000004 16.500000000000004 0.34192904829978948 4.5000000000000009 482.50000000000006 28.500000000000004 1.6421777606010439 0.029857398010790352 0.82018619775772106 23.500000000000004 48.500000000000007 2.5232859849929814 9.5497125585097837e-06 17.500000000000004 10.500000000000002 6.5000000000000009 0.51127162575721752 3.5000000000000004 0.89750981330871593 2.5000000000000004 27.500000000000004 0.00014152990479487928 45.500000000000007 2.5000000000000004 1.0079574622068323e-05 135.50000000000003 50.500000000000007 9.8420361609896659e-05 0.0066250448580831298 24.72963905334473 179.50000000000003 0.00010339029176975602 1.4185071587562563 2.5000000000000004 57.500000000000007
decision_type=2 2 2 2 2 2 2 2 2 2 2 2 2 2 2 2 2 2 2 2 2 2 2 2 2 2 2 2 2 2 2 2 2 2 2 2 2 2 2 2 2 2 2 2 2 2 2 2 2 2 2 2 2 2 2 2 2 2 2 2 2 2
left_child=1 5 4 9 8 12 10 24 18 -4 11 -7 13 29 15 22 17 19 34 20 -11 52 28 45 26 48 41 31 -15 -1 32 -28 33 51 -2 -30 37 38 -37 -17 60 -6 43 -12 58 46 -13 -47 50 56 -26 -31 53 -22 -42 -46 59 -58 -36 -50 -5 -56
right_child=2 -3 3 40 7 6 -8 -9 -10 16 42 23 -14 14 -16 39 -18 -19 -20 -21 21 -23 -24 -25 25 -27 27 -29 35 30 -32 -33 -34 -35 44 36 -38 -39 -40 -41 54 -43 -44 -45 55 47 -48 -49 49 -51 -52 -53 -54 -55 61 -57 57 -59 -60 -61 -62 -63
leaf_value=-0.062552070552981745 -0.028133229018099129 0.019202487989411605 0.019528144677457782 -0.0019227477932889691 0.034848081180631631 -0.063973288116536145 -0.063477602739867606 0.065565391416066876 -0.063395315843833483 0.065388463557913404 -0.061029802311876907 -0.0054090653013974871 -0.063288622734474623 -0.045488486119917453 -0.061957452711901534 -0.013965816810635785 0.065122390840879771 0.063294635630554139 -0.065169984927170091 0.064866756502560019 0.051405143140996618 0.061563423519671527 -0.061740102527291375 0.012109358718836824 0.016179203998584479 0.057558032291448104 -0.0065872268424864121 0.029875482765775091 -0.048209835649868533 -0.049190155867662191 -0.061966635334094369 -0.066756099525830989 -0.06012707165156185 0.0056906563523749943 0.024774037638127203 -0.04355438962039479 -0.030787593403713301 0.030097029678894036 0.015197311399684159 0.009226495154071963 0.038998952091816572 0.018414207888682338 -0.064389849268874755 -0.0042193998478893754 -0.0001795588407611493 -0.011223875854876088 -0.057055955582175022 0.021291571333487764 0.015817597205845416 0.020586455134647297 0.034466594174179528 -0.017730364301717202 0.026007287277160424 0.034470271046092037 0.024062397238514138 -0.030744033900892045 0.048772103222281073 0.027619071661494972 0.0038545524240705242 0.037003159682353147 0.01920165983085495 0.041582977773193794
leaf_weight=320.67379862256348 4.3941941037774077 214.8005854934454 24.280829049646854 6.3028914295136955 12.192806482315062 5.0161535814404479 77.987895363941789 40.818316262215376 28.114547105506063 23.190969120711088 2.1615758873522273 6.4053031690418702 1174.0042907977477 16.803237425163388 33.316531036049128 16.449381895363334 1042.4024405553937 195.17593903839588 4.1852414570748797 46.571888590231538 10.083022542297838 13.460914626717566 11.538172701373695 38.166106522083282 9.4223926626145822 6.7718974985182276 2.6793720312416536 3.6681586354970932 4.6949967220425632 9.7432250156998688 23.332531455904245 2.3709692768752575 8.1125321239232999 2.8400984890758982 6.0909473188221481 3.1354477535933274 9.2207235358655435 3.154782684519887 2.5328047070652246 10.571360809728501 12.817050339654086 175.04603885300457 11.40434033796191 1.9379071369767187 6.8293546549975854 17.430647026747469 3.1585413161665201 6.2395563032478085 12.776876501739027 115.8575051035732 48.116716604679823 3.5601808298379174 27.227776303887367 44.808171510696411 106.08173836395144 3.5565395224839449 11.512515787035229 12.305532908067105 25.76637382991612 7.6672507897019377 16.378700338304043 6.8971923515200606
leaf_count=13784 112 1920 173 65 75 189 2774 129 1032 93 85 108 43863 531 1468 267 2620 720 158 155 39 51 458 399 89 30 32 28 152 373 1061 81 359 66 53 84 231 36 41 134 76 1517 470 38 85 292 88 77 111 970 300 92 155 241 815 62 48 90 292 47 131 37
internal_value=-3.86687e-05 -0.0504529 0.0485306 0.0586986 0.0188691 -0.0586576 -0.0350854 0.0265197 -0.0258314 0.0622537 -0.0109965 -0.00178473 -0.0610795 -0.0556728 -0.0375747 -0.0271734 0.0629931 0.0568366 -0.00505146 0.0492134 0.0430755 0.0376616 -0.0389598 0.00258427 0.0227285 0.0266136 0.0182789 -0.00760891 -0.0323126 -0.0611484 -0.05169 -0.0348345 -0.0418046 -0.0325971 0.00034358 -0.022576 -0.0159061 -0.000353745 -0.0173018 -0.00489226 0.0245264 0.0194844 -0.0564004 -0.0341744 0.00330577 -0.00835438 -0.0224659 -0.00265268 0.0256508 0.023559 0.0314719 -0.0407711 0.0337436 0.0375811 0.0265449 -0.010646 0.0313398 0.0378434 0.00785424 0.0237629 0.0133315 0.025132
internal_weight=4154.22 2038.39 2115.82 1575.68 540.144 1823.59 169.908 461.206 78.9372 1427.2 91.9201 76.4163 1653.68 479.68 111.417 78.1009 1402.92 360.519 50.8227 165.343 118.771 95.5799 51.0802 71.4002 420.388 224.431 195.957 8.7185 39.542 368.262 47.5886 5.05034 24.256 16.1435 46.6374 22.7388 18.0438 8.82304 5.66825 27.0207 148.478 187.239 15.5038 4.09948 42.2432 33.234 9.56384 23.6702 217.659 160.12 57.5391 13.3034 82.119 54.8912 125.796 10.3859 44.2622 23.818 31.8573 20.4441 22.6816 112.979
internal_count=80152 69440 10712 5371 5341 67520 4520 3547 1794 4247 1746 1153 63000 19137 3402 1934 4074 1454 762 734 579 486 1533 964 3418 1685 1733 141 1075 15735 1951 113 890 531 604 544 392 161 125 401 1124 1592 593 123 492 565 196 369 1655 1266 389 465 435 280 928 147 296 138 345 158 196 852
is_linear=0
shrinkage=0.05


Tree=11
num_leaves=63
num_cat=0
split_feature=34 34 2 32 32 9 2 35 35 34 35 35 35 9 11 10 12 11 32 34 32 32 2 32 9 35 9 17 9 32 34 34 11 9 32 34 17 9 17 32 2 16 8 8 2 32 2 9 17 19 35 35 33 32 9 2 7 16 8 15 2 2
split_gain=4073.86 275.519 66.9769 91.78 48.9457 31.95 26.1869 18.8355 16.9719 10.7854 8.21924 7.91885 7.63708 6.73723 5.12659 4.06577 3.4334 3.28908 3.75378 3.22744 3.21525 3.08328 3.98099 2.69847 3.34292 2.69601 2.69526 2.69246 3.42496 4.1087 2.45039 2.38238 4.17222 2.92993 1.92035 1.84175 1.59241 1.58962 2.21301 1.5508 1.81022 1.52718 1.87184 1.33636 1.32652 1.29522 1.26106 1.37719 1.25181 1.17532 1.12849 1.12457 1.10235 1.15159 1.09916 1.07081 1.06601 1.195 0.966834 0.965166 0.927197 1.41829
threshold=0.45169828832149511 1.5768142342567446 301.50000000000006 2.0252540111541752 4.1847517490386972 5.5000000000000009 405.50000000000006 0.064583335071802153 0.028174603357911113 0.21302551031112674 0.064583335071802153 0.18333333730697635 0.18333333730697635 5.5000000000000009 1.5000000000000002 1.0000000180025095e-35 1.0000000180025095e-35 9.5000000000000018 4.4355640411376962 0.37451967597007757 3.9210450649261479 2.9357990026474003 134.50000000000003 3.0268878936767583 5.5000000000000009 0.18333333730697635 5.5000000000000009 2.6408524513244633 5.5000000000000009 1.0585960149765017 0.25752685964107519 0.68168374896049511 1.5000000000000002 5.5000000000000009 2.2199480533599858 0.51531967520713817 4.9235272407531747 6.5000000000000009 13.055459976196291 4.0002249479293832 82.500000000000014 0.82018619775772106 2073.5000000000005 2712.0000000000005 64.500000000000014 1.8084095120429995 168.50000000000003 5.5000000000000009 0.38502120971679693 16.500000000000004 0.028991596773266796 0.064583335071802153 0.0019832873949781065 2.3242986202239995 7.5000000000000009 147.50000000000003 98.500000000000014 0.96323636174201976 1558.5000000000002 0.37465083599090582 301.50000000000006 242.50000000000003
decision_type=2 2 2 2 2 2 2 2 2 2 2 2 2 2 2 2 2 2 2 2 2 2 2 2 2 2 2 2 2 2 2 2 2 2 2 2 2 2 2 2 2 2 2 2 2 2 2 2 2 2 2 2 2 2 2 2 2 2 2 2 2 2
left_child=2 4 3 9 6 8 11 -3 -5 16 -6 15 21 14 -11 31 27 18 25 -16 -8 22 56 36 44 26 -9 28 29 48 34 32 55 35 -24 -34 51 38 -7 40 49 42 -36 -31 -25 -29 47 50 -1 -33 -47 -17 53 -43 -35 -2 57 -10 -32 -53 61 -12
right_child=1 7 -4 5 10 37 20 17 12 13 60 -13 -14 -15 19 23 -18 -19 -20 -21 -22 -23 30 24 -26 -27 -28 45 -30 43 58 39 33 54 41 -37 -38 -39 -40 -41 -42 52 -44 -45 -46 46 -48 -49 -50 -51 -52 59 -54 -55 -56 -57 -58 -59 -60 -61 -62 -63
leaf_value=-0.024562212871527028 0.037202321526915008 0.027530634977992793 -0.062077446058492414 -0.062189392773885604 0.019307652018848102 -0.0031089632610907568 -0.061291208151032742 0.032835970438137373 -0.00054654736296752137 -8.3169505560472842e-05 0.061403456901375102 0.054367610297470295 -0.065830893420180184 -0.062240023380158327 -0.062183949551120214 0.022030663364961504 0.024566759597921796 0.064043657249936117 0.062185287085703193 -0.011305403889256847 0.0083950870907081154 0.011061575717965837 -0.043905717626441493 0.048621971162638243 0.056309398564051052 0.063759895340584946 0.061583624796906301 -0.061145086459850242 -0.061983887283028588 0.025332659692854365 0.022241418666832401 0.0043363944039383371 -0.021368245432596251 -0.015087959858597075 -0.0086740192619597419 0.0091149503809886956 0.018683728589316564 -0.062435963090348136 -0.056803242880882447 0.037044573599441181 0.016127345360767348 0.014038880438861204 -0.063519556918415876 -0.018613463690042971 0.026929448467012576 -0.061962808164550465 -0.060856090987886004 -0.062390869461199955 -0.057600197063539138 0.02601017214003077 -0.025539019973733174 0.02897274801049185 0.014594672328275625 -0.019455352529062154 -0.06729090219181301 0.011985317776871705 -0.0013478294966817741 0.023036913847520071 -0.0046247204875990771 0.048589979673867911 0.063746355541925412 0.04438666228584652
leaf_weight=3.9233469534665373 11.711097847670318 38.656537540256977 1207.7699691550806 11.967039611190556 14.337299350649117 2.9910107143223268 10.564182888716456 32.826423190534115 8.3232219349592942 16.622026173397899 30.520538382232189 19.011442301794887 4.329423625022172 12.511817397549747 7.8497759485617298 34.642241451889277 1.249047752469777 1026.3046038225293 103.26652334630489 5.1696852222084999 1.9627727270126349 54.105779189616442 7.0011434759944668 7.344597563147544 10.90529897995293 16.38570798933506 10.847678851336239 285.47052344027907 19.115751210600138 2.6385412085801354 4.5916919931769398 6.7257614433765402 5.9902159422636023 2.0175138581544152 3.0479076877236393 28.673999007791281 159.72805206291378 27.850956962443888 5.3539171377196908 12.216237626969813 197.72592744603753 3.0746476314961972 3.1776067819446325 5.0233544111251831 174.20313286781311 2.6801894018426564 17.197564632631838 5.7891415180638424 10.650408202782272 89.362658683210611 10.293957712128757 18.951854649931196 4.1460221242159596 15.519600247964261 2.0158817376941442 6.5724698454141608 18.620936343446374 15.146106250584124 12.370844068005679 9.3699001111090165 60.034785117954016 20.44879649579525
leaf_count=128 72 259 47288 504 117 64 419 193 114 284 129 107 169 571 358 283 14 2745 368 111 21 572 232 34 48 63 40 12820 907 30 48 63 106 44 64 293 1434 1260 219 72 1784 52 103 118 1230 121 821 275 482 689 271 119 52 298 71 62 253 153 162 48 224 97
internal_value=-3.8573e-05 0.0463101 -0.0552648 -0.0417274 0.0258588 -0.0141496 0.0213579 0.0618787 -0.00483904 -0.0554162 0.0549343 0.0224851 -0.000366628 -0.0314731 -0.0184862 0.0217062 -0.0581887 0.0629949 0.0564045 -0.0419814 -0.0503725 0.00153394 -0.00389126 0.0250858 0.0294221 0.046465 0.0399763 -0.0584736 -0.0464642 -0.0331221 -0.0130177 0.0178412 0.00845409 -0.000845763 -0.0204058 0.00384724 0.0213383 -0.0567004 -0.037558 0.019589 0.0188633 -0.0147257 -0.0366681 -0.00347966 0.027807 -0.0600186 -0.051076 -0.042112 -0.0487062 0.0244931 -0.0330634 0.0280726 -0.00871867 -0.0139169 -0.0411789 0.0281375 0.00758543 0.0146732 0.00264784 0.0354629 0.0595358 0.0545764
internal_weight=3978.9 2163.32 1815.57 607.803 935.037 201.618 809.695 1228.29 165.422 406.185 125.341 797.168 153.455 42.1533 29.6415 778.157 364.032 1189.63 163.326 13.0195 12.527 149.126 95.0197 415.145 192.453 60.0598 43.6741 362.783 41.3514 22.2357 52.9295 363.012 56.9812 38.6976 35.9669 34.6642 222.692 36.1959 8.34493 306.031 293.814 28.9658 6.22551 7.6619 181.548 321.431 35.9609 18.7633 14.5738 96.0884 12.9741 62.964 22.7403 18.5942 4.0334 18.2836 42.0903 23.4693 16.9625 28.3218 111.004 50.9693
internal_count=80152 11234 68918 21630 7566 4319 6999 3668 2776 17311 567 6559 2272 1324 753 6452 15987 3409 664 469 440 2103 1531 3196 1312 296 233 15973 1665 758 1011 3256 648 514 801 399 1884 1543 283 2608 2536 569 167 148 1264 14308 1488 667 610 752 392 450 402 350 115 134 520 267 210 167 450 226
is_linear=0
shrinkage=0.05


Tree=12
num_leaves=63
num_cat=0
split_feature=34 34 0 0 4 35 9 0 32 0 11 35 9 9 35 35 35 4 16 17 8 11 9 34 17 9 0 35 0 32 10 33 35 4 11 0 35 4 32 8 16 36 0 17 0 7 33 35 36 31 6 34 0 10 35 5 17 19 33 8 36 36
split_gain=3704.21 268.007 102.744 56.6072 31.1236 19.4594 19.208 10.689 14.4165 10.3567 16.6113 10.3136 8.91745 8.51065 8.02304 5.73792 5.27254 4.73593 4.38221 3.11788 4.60026 3.04784 2.66742 2.44675 3.37424 4.99506 3.34052 2.0968 2.07279 1.9168 1.72305 1.5558 1.55568 1.41633 1.39852 2.10713 1.39499 1.38985 1.34251 1.3351 1.33443 1.23579 1.22491 1.20661 1.16412 1.24702 1.10564 1.07592 1.07263 0.938755 0.921227 0.878563 1.19683 1.36861 1.22233 0.876064 0.828951 0.811627 0.801045 0.779907 0.906624 1.25385
threshold=0.45169828832149511 1.6902808547019961 0.51127162575721752 0.7464265525341035 30.500000000000004 0.064583335071802153 6.5000000000000009 0.43569649755954748 2.6898896694183354 0.60720726847648632 2.5000000000000004 0.028174603357911113 5.5000000000000009 5.5000000000000009 0.064583335071802153 0.18333333730697635 0.028174603357911113 37.500000000000007 1.0096129775047304 34.922893524169929 2138.5000000000005 1.0000000180025095e-35 5.5000000000000009 0.21302551031112674 35.34533882141114 5.5000000000000009 0.30692100524902349 0.028174603357911113 0.51127162575721752 4.4355640411376962 1.0000000180025095e-35 1.4592549177905314e-05 0.18333333730697635 10.500000000000002 9.5000000000000018 0.85749366879463207 0.18333333730697635 37.500000000000007 4.565188169479371 2628.0000000000005 1.2948499321937563 0.0066250448580831298 0.61582878232002269 44.634216308593757 0.82440131902694713 117.50000000000001 0.0019832873949781065 0.064583335071802153 0.00020975532970624047 0.015772344544529918 0.068221230059862151 0.3917622864246369 0.64518225193023693 1.0000000180025095e-35 0.080128207802772536 3720.5000000000005 5.5404644012451181 114.50000000000001 0.00046336313243955379 2056.5000000000005 0.00057893744087778043 0.00029278501460794365
decision_type=2 2 2 2 2 2 2 2 2 2 2 2 2 2 2 2 2 2 2 2 2 2 2 2 2 2 2 2 2 2 2 2 2 2 2 2 2 2 2 2 2 2 2 2 2 2 2 2 2 2 2 2 2 2 2 2 2 2 2 2 2 2
left_child=2 3 7 9 6 -5 11 23 12 10 13 -4 16 17 -3 22 -9 28 -7 51 49 32 40 -1 25 26 -25 -28 30 36 -2 39 33 41 35 38 44 42 -16 -29 47 -18 -6 -43 45 -20 -35 -11 57 -21 -51 52 53 54 -13 -41 59 -42 -50 -12 61 -61
right_child=1 14 4 5 37 18 -8 8 -10 15 56 19 -14 -15 34 -17 21 -19 29 20 -22 -23 -24 24 -26 -27 27 31 -30 -31 -32 -33 -34 46 -36 -37 -38 -39 -40 55 48 43 -44 -45 -46 -47 -48 -49 58 50 -52 -53 -54 -55 -56 -57 -58 -59 -60 60 -62 -63
leaf_value=-0.060257951749866201 -0.023937341266228297 0.028996188352696402 -0.061275856837515109 0.021629873122343428 -0.047743534869448816 0.025923324525538201 -0.06160005206831564 -0.061133601896468409 -0.058912500630313572 0.017288941522472085 0.03342807168600901 -0.00031612520126633715 -0.060185406389613616 -0.055630642421486999 0.038713296428325925 0.058229167053181832 0.0040939196977784571 -0.057233423741944768 0.048340406453151165 -0.023506772507047632 -0.049285087651172149 0.0070414639100549294 0.044016467042315974 -0.06080337370137049 -0.059296009296514643 -0.061199013903323475 -0.062349578481712201 0.0023180787989246715 0.010688470221117526 0.061299371501809197 0.0052698631065564126 0.013154705542468885 -0.061424437917796559 -0.038431791355691552 0.063137505327486715 0.061614752089824067 0.062923884543213585 -0.059324587177264493 0.060060279682398215 -0.06009686384596015 0.040426740781513724 -0.033543956461503439 -0.0058059946147786951 0.00775153882757773 0.056343406331456118 0.029008294024493227 -0.0022290220414792452 0.024936583112057726 0.02036651817612713 0.0267235582908254 -0.0013260272894367721 0.018731532768361252 0.01501989747267287 0.01149390141846611 -0.025873610269342456 -0.022252105059753998 0.016585256873242523 0.023849142357322883 0.029197556972319457 0.018570677088575679 0.011487965512251555 0.041827330719786733
leaf_weight=1274.5029314868152 11.050990948453546 18.137363657355309 6.4050991497933856 58.467273186892271 7.3695864249020797 12.366525817662476 13.925466835498808 6.4523912146687499 94.325205848552287 116.700300373137 14.034909456968306 21.976056665182117 17.253335450775921 9.0557709131389839 20.498954966664318 12.653080981224774 8.9044974669814163 3.7228305730968705 23.751106321811676 3.3288303948938909 6.1286127399653187 13.565382065251468 15.797923777252434 5.5297547606751349 70.658640504814684 18.333619180135429 2.2098064273595837 4.162484388798477 26.14687891304493 98.98401116207242 9.2983521670103073 4.8981615789234629 2.2327865008264771 10.121999455615876 967.36831659078598 78.212568186223507 17.855910692363977 34.16498795337975 11.495422691106794 2.13287054002285 21.291471291333437 6.4677200093865377 2.2797843180596828 2.4348008260130882 20.888628210872412 12.85732354596257 2.664047321304678 75.901920039206743 57.892816867679358 3.9160204380750647 11.592696968466042 16.575365237891674 24.146905710920691 19.546982876956463 5.9436259120702735 5.4029169790446758 259.00174302980304 11.302907001227139 46.147868487983942 18.623772080987695 18.696304086595774 8.4137999974191171
leaf_count=54992 213 114 273 461 237 81 590 273 3624 1004 94 300 801 345 100 61 145 154 107 75 201 166 81 256 2813 804 96 74 267 412 115 74 105 266 2733 296 76 1327 49 64 118 163 41 43 94 74 41 539 471 41 166 162 225 230 119 131 2397 85 307 158 181 47
internal_value=-3.64535e-05 0.0449791 -0.0540851 0.0259946 -0.0180266 0.046802 -0.00602463 -0.0582038 -0.0461494 0.0190609 0.0132905 0.000448372 -0.0289749 -0.0110149 0.0619744 0.0251596 -0.0187848 -0.0029696 0.0546848 0.00394225 -0.0116566 -0.0128946 0.0239469 -0.0596319 -0.0525915 -0.0414892 -0.0266408 -0.0165957 0.00137516 0.056725 -0.0105915 -0.0105036 -0.0211333 -0.0181927 0.0625295 0.0571928 0.0507161 -0.0545919 0.0463832 -0.0204095 0.0229839 -0.00907649 -0.0378353 -0.0222498 0.0469249 0.0415507 -0.0308887 0.0203028 0.0267632 0.000585411 0.00575662 0.00835827 0.00595732 0.00134707 -0.00575688 -0.0329634 0.0178101 0.034678 0.0242836 0.0231178 0.0199538 0.0258079
internal_weight=3806.17 2076.62 1729.55 980.904 177.3 245.171 133.486 1552.25 164.422 735.734 378.045 119.56 70.097 59.2748 1095.71 357.688 52.8436 50.2191 186.704 113.155 24.9662 46.3912 345.035 1387.83 113.328 42.6696 24.336 18.8062 46.4962 174.337 20.3493 16.5964 32.8259 30.5931 1077.58 110.207 75.353 43.8144 31.9944 11.6983 329.237 17.807 9.64937 8.90252 57.4971 36.6084 12.786 192.602 136.635 18.8375 15.5087 88.1889 71.6136 47.4667 27.9197 7.53579 318.771 32.5944 104.041 59.7688 45.7339 27.0376
internal_count=80152 11234 68918 7942 3987 1305 2382 64931 5627 6637 3971 1792 2003 1094 3292 2666 1202 749 844 1519 483 929 2605 59304 4312 1499 695 439 595 763 328 343 763 658 3178 445 351 1605 149 269 2524 351 278 206 275 181 307 1543 981 282 207 1036 874 649 419 195 2877 203 778 480 386 205
is_linear=0
shrinkage=0.05


Tree=13
num_leaves=63
num_cat=0
split_feature=34 34 0 2 0 2 9 2 0 9 0 0 2 11 11 2 2 11 0 9 2 0 9 36 16 8 16 8 16 0 8 14 33 8 0 18 14 8 2 2 0 16 14 33 11 0 16 31 34 14 0 9 33 15 0 19 33 15 4 18 17 17
split_gain=3371.72 260.493 100.363 53.0582 52.7835 18.3975 12.5329 12.088 25.299 14.9439 10.8432 7.57992 7.4483 6.83704 6.31082 6.06131 5.89162 4.64908 5.02876 3.30801 2.4017 2.11918 1.9825 1.91077 1.76792 3.7677 1.75804 1.83618 1.60409 1.5344 1.43906 1.42888 1.69418 1.55651 1.32778 1.32673 1.20127 1.18835 1.15242 1.13145 1.12932 1.09268 1.08543 1.08153 1.63288 2.66742 1.04249 0.974615 0.973682 0.944813 1.55446 0.935675 0.911565 1.24913 0.907349 1.88292 1.29504 1.31137 0.999855 1.53897 0.844699 0.869981
threshold=0.45169828832149511 1.6902808547019961 0.51127162575721752 301.50000000000006 0.7464265525341035 498.50000000000006 6.5000000000000009 301.50000000000006 0.38008119165897375 5.5000000000000009 0.82440131902694713 0.60720726847648632 301.50000000000006 1.0000000180025095e-35 2.5000000000000004 297.50000000000006 301.50000000000006 9.5000000000000018 0.85749366879463207 5.5000000000000009 301.50000000000006 0.34192904829978948 4.5000000000000009 0.00036187561636324977 0.64349994063377391 1996.5000000000002 0.79187738895416271 1073.5000000000002 1.0611335039138796 0.85749366879463207 4261.5000000000009 3.1567740440368657 1.0079574622068323e-05 2490.5000000000005 0.51127162575721752 42.500000000000007 4.8940944671630868 3388.5000000000005 255.50000000000003 301.50000000000006 0.71797367930412304 0.85883191227912914 4.8713660240173349 8.7052470917115002e-05 1.0000000180025095e-35 0.60720726847648632 0.98152762651443493 0.00078374065924435865 1.0568922162055971 4.610145330429078 0.65641880035400402 4.5000000000000009 0.00030812670593149965 5.405083656311036 0.43569649755954748 6.5000000000000009 2.5767039915081118e-06 4.3002734184265146 21.500000000000004 42.500000000000007 11.766537666320803 9.1156530380249041
decision_type=2 2 2 2 2 2 2 2 2 2 2 2 2 2 2 2 2 2 2 2 2 2 2 2 2 2 2 2 2 2 2 2 2 2 2 2 2 2 2 2 2 2 2 2 2 2 2 2 2 2 2 2 2 2 2 2 2 2 2 2 2 2
left_child=2 4 7 6 5 11 24 8 21 13 12 14 19 26 15 34 23 18 20 36 28 -1 31 30 25 -4 27 -10 -3 39 40 33 -33 -23 51 -32 46 49 -36 47 42 -15 -13 44 45 60 48 -12 -6 50 -25 -2 53 -52 55 -28 57 -56 -57 -60 61 -26
right_child=1 17 3 -5 10 -7 -8 -9 9 -11 29 16 -14 41 -16 -17 -18 -19 -20 -21 -22 22 -24 37 43 -27 54 -29 -30 -31 35 32 -34 -35 38 -37 -38 -39 -40 -41 -42 -43 -44 -45 -46 -47 -48 -49 -50 -51 52 -53 -54 -55 56 58 -58 -59 59 -61 -62 -63
leaf_value=-0.059316139721190299 -0.0015625686076997628 0.015254489011233059 0.0054478977529932452 -0.060178746886949686 0.033352508407301307 -0.06019122565065619 -0.060989473633543928 -0.060110379727371821 0.0035282316496284302 -0.059564553821105308 0.05107004167694499 0.03705971930569063 0.062341280764210374 -0.019121225495221855 0.016596002338989242 -0.063322420876197216 0.054223891002332207 0.062354332195904652 0.059939024245129868 0.059840719672632471 0.061685078368844681 0.021916894394912356 -0.058580968105964651 0.016718655350913662 -0.013336410325632937 -0.063504646660182268 0.021830259625529494 -0.050252567007446451 0.039303910295391736 0.061096285610417904 0.014061705803451589 -0.051356946636084734 -0.016723246426348717 -0.046424559235910864 0.0045286358565278604 0.033928147926343542 0.018806590599327218 0.013909109283249713 0.030293617579674734 0.062394663428956526 0.050815774812621589 0.0069894284229061717 0.014914759582776153 0.014094536906338904 0.015512464482308242 0.01041352505587315 0.03461851533672812 0.031289628039218767 0.0092087589554727314 0.018796946417791369 0.02844411305385542 -0.027839240617516255 0.034365999975688198 0.0063460608585494101 -0.021201175509179503 -0.042702515022517901 -0.0034335442889511778 -0.05992793473162103 -0.043500323212463277 0.017730212963403612 -0.022134513817817988 0.017489309980620534
leaf_weight=274.78272241912782 16.366862630471591 9.217179983854292 6.5943313520401698 49.518949203193188 7.6799064837396172 7.407643203623592 7.5704235853627315 1035.7129535432905 1.800101626664399 33.575178930535913 15.014241103082897 21.970276437699798 21.360815204679966 5.0125711793079999 311.39000191912055 3.7849928792566052 15.667698822915552 913.26235038042068 75.40211072191596 8.4916238822042924 9.3563269153237325 1.966072761453691 19.969136129133403 34.962447695434093 6.7623570989817399 2.8319451846182346 1.4788275361061121 13.411779399029909 27.986487321555614 73.662275038659573 19.849884402006865 13.491146454587581 4.7828379860147825 1.445849986746907 20.502697210758928 14.574371568858622 29.115972433239222 49.970362186431885 5.5053850263357154 10.433207124471663 10.168832983821629 19.969329817220569 7.3961863629519931 37.767612718045712 19.740941436961293 22.932421110570431 49.783280376344919 10.640684194862841 9.1524147093296033 95.20961294695735 29.87950199469924 4.2721656989306203 42.591032564640045 8.1363763622939569 17.78690311964602 15.045868212357165 9.3084059320390207 2.49225154146552 2.1977832159027448 1.9250820912420747 12.933194948360322 3.4600021485239267
leaf_count=13784 216 66 94 2174 45 360 352 45114 39 1746 74 129 75 92 2877 159 65 2733 306 40 40 43 1061 314 120 92 26 527 147 347 168 633 153 61 224 95 228 448 41 43 45 270 62 412 210 245 309 63 81 790 214 106 245 79 458 578 154 83 76 33 248 40
internal_value=-3.27648e-05 0.0437561 -0.0529689 -0.016602 0.0249216 0.0181992 0.00129178 -0.0571598 -0.0502215 -0.0310788 0.0454775 0.0190145 0.0354442 -0.0205023 0.0139385 -0.00246977 0.0242564 0.0611299 0.0519609 0.0299316 0.0390405 -0.057723 -0.0472138 0.0228536 0.00546346 -0.0152676 -0.0289964 -0.0438884 0.0333457 0.0569582 0.029947 -0.0367465 -0.0422923 -0.00704375 0.00246787 0.0224727 0.0272786 0.0208416 0.00998256 0.0485117 0.0364551 0.00175038 0.0314823 0.00734979 0.00348017 -0.00167365 0.0309815 0.0428659 0.0202246 0.0224851 0.0255235 -0.0070017 0.0293426 0.0237146 -0.024487 -0.032531 -0.0188735 -0.0259606 -0.0367248 -0.0149101 -0.0136444 -0.00290271
internal_weight=3636.43 1990.17 1646.27 170.112 954.941 719.606 120.593 1476.15 440.442 124.004 235.334 712.199 125.584 90.4289 361.822 50.4321 350.377 1035.22 121.962 104.223 46.56 316.438 41.655 334.709 113.023 9.42628 65.447 15.2119 37.2037 109.75 73.9596 21.6859 18.274 3.41192 46.6471 34.4243 95.7316 260.749 26.0081 36.0881 39.5353 24.9819 29.3665 103.597 65.8289 46.088 66.6156 25.6549 16.8323 210.779 115.569 20.639 80.6069 38.0159 50.2351 20.6476 29.5876 20.2792 19.1687 4.12287 23.1556 10.2224
internal_count=80152 11234 68918 3987 7942 6637 1813 64931 19817 4082 1305 6277 778 2336 3623 746 2654 3292 559 703 253 15735 1951 2589 1461 186 1974 566 213 527 499 890 786 104 587 263 663 2090 265 180 236 362 191 1275 863 653 435 137 126 1642 852 322 538 293 1408 713 695 541 687 109 408 160
is_linear=0
shrinkage=0.05


Tree=14
num_leaves=63
num_cat=0
split_feature=0 11 11 0 2 0 2 1 11 9 1 35 2 9 2 2 0 9 1 11 1 11 0 2 1 9 0 1 9 7 6 1 18 19 9 9 11 10 8 12 10 0 4 15 9 32 19 1 5 8 9 7 18 5 32 7 8 8 16 10 5 5
split_gain=2794.82 330.257 217.103 85.6163 44.9177 38.1925 49.7681 18.2756 17.7743 16.287 9.10035 8.41377 7.09697 4.63076 3.75254 3.64647 9.94059 7.28069 4.75446 3.49157 3.3567 2.83645 2.6364 2.97073 2.37905 2.14766 1.92569 2.06346 3.01254 1.70525 2.0609 1.64036 1.46586 1.3127 1.32516 1.1812 1.64311 1.1363 1.08719 1.2506 1.10186 1.08439 1.04623 1.03562 0.834397 1.26292 1.52692 0.864919 0.881029 0.889484 0.766409 0.751963 1.05382 0.973504 0.821915 0.735131 0.703646 0.685031 0.682486 0.663839 0.92551 1.31658
threshold=0.55173593759536754 2.5000000000000004 9.5000000000000018 0.77634990215301525 498.50000000000006 0.43569649755954748 301.50000000000006 14.500000000000002 1.0000000180025095e-35 5.5000000000000009 4.5000000000000009 0.028174603357911113 301.50000000000006 5.5000000000000009 389.50000000000006 301.50000000000006 0.34688444435596472 4.5000000000000009 33.500000000000007 1.0000000180025095e-35 5.5000000000000009 1.0000000180025095e-35 0.85749366879463207 301.50000000000006 4.5000000000000009 3.5000000000000004 0.64518225193023693 14.500000000000002 5.5000000000000009 22.500000000000004 2.0257216419850014e-05 5.5000000000000009 56.500000000000007 10.500000000000002 6.5000000000000009 6.5000000000000009 1.0000000180025095e-35 1.0000000180025095e-35 4767.5000000000009 1.0000000180025095e-35 1.0000000180025095e-35 0.60720726847648632 29.500000000000004 6.7236933708190927 1.5000000000000002 1.5766497850418093 92.500000000000014 27.500000000000004 3542.5000000000005 1817.5000000000002 6.5000000000000009 131.50000000000003 25.500000000000004 4885.5000000000009 3.8458333015441899 128.50000000000003 3368.5000000000005 3113.0000000000005 1.3922674059867861 1.0000000180025095e-35 4885.5000000000009 5396.5000000000009
decision_type=2 2 2 2 2 2 2 2 2 2 2 2 2 2 2 2 2 2 2 2 2 2 2 2 2 2 2 2 2 2 2 2 2 2 2 2 2 2 2 2 2 2 2 2 2 2 2 2 2 2 2 2 2 2 2 2 2 2 2 2 2 2
left_child=1 5 3 4 8 15 9 22 12 11 -10 -7 13 38 26 16 -1 18 20 31 -18 29 23 24 -5 -26 59 28 51 -22 -31 -13 43 34 -19 36 -11 44 39 40 41 -2 56 55 47 -46 -47 48 49 -33 -15 52 -28 -54 -53 -29 57 -32 -57 -12 -61 -62
right_child=2 -3 -4 7 -6 6 -8 -9 10 35 14 19 -14 50 -16 -17 17 33 -20 -21 21 -23 -24 -25 25 -27 27 32 -30 30 42 37 -34 -35 -36 -37 -38 -39 -40 -41 -42 -43 -44 -45 45 46 -48 -49 -50 -51 -52 54 53 -55 -56 58 -58 -59 -60 60 61 -63
leaf_value=-0.058249955748077765 -0.020555465388539973 0.014626239979091302 0.061688302035679876 0.061351646471208846 -0.059447291875567743 -0.060026224790301709 -0.059442394120778501 0.021954799309593084 0.056772480176415688 -0.050010953378965842 0.013849231711100501 -0.045004156984203861 -0.059365199001827199 -0.020915386708514037 0.054455539078675369 -0.059288984629476349 -0.061612675793990462 0.0098690766356927303 -0.058597532019387069 0.0083791478452928912 0.0042079453224331291 0.0020750122898826268 0.060294230078725711 0.061400590180592921 0.02758954362854818 0.049649493154963316 0.018968851726837523 0.021768823667207213 0.054232544238842523 0.017736577686397866 -0.038976484580879753 -0.0051309508046312102 0.036155492284222726 -0.057780138267518516 -0.059000286613766696 -0.059741410213279625 0.011681249859944591 0.00278652803161106 0.026236425333803395 0.028360540306279436 0.0079434117813100419 0.00077800123945224282 -0.00078212784132128648 0.005185826887171896 0.012260018843292539 -0.045546927068953774 -0.013609743738284191 0.019492527314480864 0.01124361064823174 -0.048175745486473229 -0.060265601419505259 0.015079218845904553 0.028216480903708353 0.043781176467806611 0.031037787386300905 0.010014576999876883 -0.056607075939294593 -0.0035235020376197385 0.022066075486729338 0.017122217557985771 0.038523831155003171 0.013716251664612848
leaf_weight=265.46374125313014 10.208140148781242 197.86735962703824 864.39082507416606 13.011543292552231 18.813371675089002 6.5168206859379998 113.97041875030845 47.936629850417376 18.033701088279486 3.8234260194003609 109.08416621387005 3.2759760105982414 5.6995329670608035 1.9803576413542021 8.091629369184373 897.91133648063987 4.3388473046943536 1.4944872697815292 9.7371523464098555 46.938292043283582 3.9512966535985496 14.68704706430435 137.13044199720025 32.509579341858625 25.652653675526381 19.359503094106913 22.53790932521224 96.682010935619473 9.7707559280097467 1.905969825573268 9.8169807642698341 2.6354384366422909 11.874677591025828 37.3242506980896 1.3113958211615679 16.175877677276731 1.5038234516978262 15.100357256829737 4.8301132684573522 3.9262863732874385 18.967598086223006 14.302245944738386 1.8044288046658028 14.459824219346045 2.5280060507357147 6.0505044199526301 9.811185183003543 3.0574298705905676 2.6247092299163342 2.2036942355334759 3.2982198940590024 27.934302691370249 44.594682637602091 12.967292100191115 11.345023691654204 32.657043520361185 4.9659351995214811 1.5821102624759067 18.347930058836937 95.036872511729598 13.189110692590477 8.9965452365577203
leaf_count=14066 191 1920 2749 65 857 338 5109 374 90 179 1044 133 289 42 40 41528 200 38 526 540 102 231 635 131 148 104 170 759 41 37 387 52 71 2020 74 841 26 211 42 31 221 179 48 135 45 173 213 39 41 58 158 225 290 61 72 320 220 45 145 871 75 87
internal_value=-4.25545e-05 -0.0460719 0.0437278 0.0267278 0.0166628 -0.0541189 -0.0356734 0.0500142 0.0189767 -0.0135133 0.021835 -0.00508154 -0.00614602 -0.000871997 0.020663 -0.0575871 -0.0533233 -0.0392482 -0.0270453 -0.00128147 -0.0199092 -0.0152353 0.0559224 0.0493003 0.0425208 0.0370774 0.0201465 0.0227517 0.02754 -0.0258168 -0.0317263 -0.0108708 0.0191981 -0.0553007 -0.0223186 -0.0530163 -0.0325959 -0.00833007 0.00363818 0.0013356 -0.00110489 -0.00810701 -0.0369149 0.0179563 -0.0141363 -0.0205613 -0.0257923 -0.00290637 -0.0120817 -0.0247331 -0.0455026 0.0253553 0.0281342 0.0317228 0.0196885 0.0192066 -0.040899 -0.0340559 0.0143498 0.0166565 0.0192688 0.0284641
internal_weight=3468 1690.38 1777.62 913.23 637.629 1492.51 236.216 275.6 618.816 122.246 555.603 100.742 63.2125 57.513 537.57 1256.29 358.384 92.9199 52.7898 94.2256 43.0526 38.7138 227.664 90.5333 58.0237 45.0122 529.478 303.171 129.15 24.0267 20.0754 47.2873 174.021 40.1301 2.80588 21.5031 5.32725 44.0113 52.2344 47.4043 43.478 24.5104 18.1695 162.147 28.911 18.3897 15.8617 10.5213 7.46384 4.83913 5.27858 119.379 80.0999 57.562 39.2793 147.687 16.365 11.3991 51.005 226.307 117.223 22.1857
internal_count=80152 69440 10712 7963 6506 67520 7998 1457 5649 2889 4496 1843 1153 864 4406 59522 17994 3928 1796 1505 1270 1070 1083 448 317 252 4366 2289 859 839 737 965 1430 2132 112 1046 205 832 664 622 591 370 700 1359 621 431 386 190 151 110 200 818 521 351 297 1224 652 432 465 2077 1033 162
is_linear=0
shrinkage=0.05


Tree=15
num_leaves=63
num_cat=0
split_feature=34 34 2 32 32 9 2 1 1 1 34 1 9 1 17 32 10 32 1 34 32 17 34 9 11 32 16 1 2 9 17 16 18 34 9 9 32 2 9 8 16 9 16 11 10 16 1 6 9 17 2 32 32 9 19 15 7 31 32 9 16 36
split_gain=2792.54 251.758 67.7604 76.7196 45.9467 26.7535 16.2643 13.9308 13.073 10.764 9.08453 6.34078 5.31172 5.15305 3.17837 5.50327 3.03384 2.69057 2.62938 2.58122 3.33943 3.31985 2.53357 3.77891 2.3481 2.51129 2.30374 2.18228 1.87112 1.86451 1.85658 1.79673 1.64921 1.56172 1.5344 1.34082 1.50702 1.9836 1.33009 1.31745 1.25125 1.13906 1.07422 1.03955 1.02029 1.74347 1.16909 1.005 0.980345 1.55843 0.940739 0.936269 1.16333 1.16124 1.11147 0.93057 2.22024 0.917956 0.882558 0.854397 0.843096 0.838571
threshold=0.45169828832149511 1.6180344820022585 301.50000000000006 1.9955155253410342 4.0906946659088144 5.5000000000000009 417.50000000000006 14.500000000000002 34.500000000000007 14.500000000000002 0.21761707961559298 4.5000000000000009 5.5000000000000009 4.5000000000000009 3.6133867502212529 1.4929270744323733 1.0000000180025095e-35 3.2412159442901616 34.500000000000007 0.29026028513908392 2.7070853710174565 13.389310836791994 0.66853418946266185 5.5000000000000009 9.5000000000000018 4.4355640411376962 1.5607897639274599 11.500000000000002 214.50000000000003 2.5000000000000004 34.520399093627937 1.0701051354408266 55.500000000000007 1.2602965235710146 5.5000000000000009 5.5000000000000009 0.99064141511917125 18.500000000000004 6.5000000000000009 4775.5000000000009 1.2765244841575625 4.5000000000000009 1.4099448919296267 8.5000000000000018 1.0000000180025095e-35 1.1058169603347781 25.500000000000004 0.91667756438255321 6.5000000000000009 8.4645323753356951 37.500000000000007 1.8177648186683657 1.8611578941345217 5.5000000000000009 54.500000000000007 1.1413592696189883 93.500000000000014 1.6602555660938382e-05 4.1847517490386972 2.5000000000000004 1.3118966221809389 4.1422388221690207e-06
decision_type=2 2 2 2 2 2 2 2 2 2 2 2 2 2 2 2 2 2 2 2 2 2 2 2 2 2 2 2 2 2 2 2 2 2 2 2 2 2 2 2 2 2 2 2 2 2 2 2 2 2 2 2 2 2 2 2 2 2 2 2 2 2
left_child=2 4 3 10 6 8 13 24 11 31 14 -5 18 33 15 35 22 39 28 20 21 55 23 57 25 34 -17 41 32 -23 -8 -6 44 -2 43 36 61 -38 -25 42 -31 -19 -18 -3 45 -12 -47 51 49 -7 -24 -16 53 54 -53 56 -13 -15 -11 -58 -29 -1
right_child=1 7 -4 5 9 48 30 -9 -10 58 12 19 -14 16 47 26 17 27 -20 -21 -22 29 50 38 -26 -27 -28 60 -30 40 -32 -33 -34 -35 -36 -37 37 -39 -40 -41 -42 -43 -44 -45 -46 46 -48 -49 -50 -51 -52 52 -54 -55 -56 -57 59 -59 -60 -61 -62 -63
leaf_value=-0.010662852929206474 0.029603568426040838 0.044936693198206784 -0.058584756450714648 -0.062473255405972129 0.036803392329249181 0.00027265695814452615 0.0045984105435891492 0.023867908457266374 -0.058713786665641414 0.030342762919849883 -0.040790494159249603 0.038844189610366411 -0.058610354078464405 0.027656741470264243 -0.057115063406986293 0.018974641326865119 0.013773075261758916 0.030830536072108394 -0.059500622987857112 0.012833614418012613 0.0077467097471288554 -0.011999996993919369 0.022511689523068493 -0.0062040884751731517 0.061089433718186682 0.058834070252787724 -0.041001037121095922 0.017295520023821905 -0.049922153949575485 -0.059726414711168352 -0.060314457840039561 0.058048957269777324 0.034995155173489667 0.061017396595965584 0.058599269160514646 -0.058343266353065665 0.0036077643981482495 -0.050529078542417005 -0.064101396621785642 0.032352317948370957 -0.024401258807419144 0.050166348955816543 0.020874398929790816 0.025692642372519888 0.0061060513212698349 -0.018777293396047692 0.025792535247539206 -0.0062752267618594679 -0.058617238238845161 -0.051886391716080199 0.014417620815617633 0.0073858607221072153 -0.054405924829886744 -0.058274463333095584 -0.038695637186009407 -0.011246710625918819 0.011337947743495501 0.0049804727829665905 0.0097990373984660189 -0.018802199474427739 0.027144409110267206 -0.053808079432718973
leaf_weight=1.2429567798972154 7.5242466405034056 18.565532557666302 963.22127210907638 3.8117566639557472 11.090047996491192 1.9794405186548854 1.2929488401859979 27.269902870059013 9.7049485202878696 8.4423791095614451 4.9128221292048817 4.9954014997929361 9.5013045780360681 5.0351589340716592 221.51376281585544 4.7346071153879157 147.10528013668954 36.165548224002123 2.9168388163670889 44.788076009601355 48.813899474218488 19.879764729179445 42.204507753252983 1.6028426038101304 817.50006611645222 81.196821175515652 2.4192315740510821 51.248808581382036 2.493000663816928 4.0698200371116382 7.439800594933331 96.927221871912479 2.3894383180886498 8.343666307628153 12.381140802055596 19.400882883928716 3.7470379797741762 3.0851880023255944 2.6028636880218983 13.61080379039049 6.5270882593467832 9.6486956141889078 83.472271151840687 11.282232247292997 6.7186215082183471 3.6450083833187819 2.4672080855816603 1.016328228637575 23.316658359020948 5.1789096789434552 240.25637645460665 2.4275333508849171 16.137308304198086 2.6035653492435813 2.838719847612083 6.2282825075089923 5.1805982124060375 39.269050114788115 13.730132285505531 4.305379232391715 37.723738182336092 11.988793997094033
leaf_count=36 64 112 47027 175 72 40 42 198 557 58 161 36 527 45 12333 74 1432 226 158 503 597 438 341 31 2760 366 113 431 124 168 381 480 30 42 51 1138 73 158 106 100 177 44 714 79 113 88 39 36 1323 258 2285 67 858 157 125 110 60 457 127 79 275 675
internal_value=0.000334053 0.0415853 -0.0507474 -0.036145 0.0219776 -0.0107483 0.0171254 0.0590979 -0.00248967 0.049354 -0.0507531 0.00118228 -0.0266933 0.0179415 -0.0536293 -0.0416568 0.0173117 0.0203662 -0.014821 0.0028581 -0.00160973 -0.0105325 0.0138141 0.00325796 0.0601189 0.0536907 -0.00130748 0.0260367 -0.00906109 -0.0210293 -0.0507036 0.0558677 -0.00400143 0.0461216 0.043801 -0.0489709 -0.0399084 -0.0208385 -0.0420361 0.0172361 -0.0379681 0.0349027 0.0163439 0.0376626 -0.00925288 -0.0186126 -0.000786595 -0.0558932 -0.0536483 -0.0374633 0.015627 -0.0560986 -0.0467196 -0.0309585 -0.0174539 0.00491468 0.0118655 0.00755762 0.0176212 -0.00234169 0.0214714 -0.0497551
internal_weight=3313.13 1832.93 1480.2 516.98 864.736 188.78 734.547 968.196 158.305 130.19 328.2 148.6 35.0442 725.814 293.156 46.6187 709.946 378.975 25.5429 144.788 100 51.1863 330.971 48.5099 940.926 123.426 7.15384 134.787 22.6261 30.4767 8.73275 108.017 20.1331 15.8679 42.2289 39.4649 20.064 6.83223 4.20571 244.188 10.5969 45.8142 230.578 29.8478 17.7437 11.025 6.11222 246.537 30.475 7.15835 282.461 245.521 24.0071 7.86982 5.26625 20.7097 14.4814 44.3042 22.1725 9.48598 88.9725 13.2318
internal_count=79950 11319 68631 21604 7753 4521 7016 3566 2900 737 17083 2343 1240 6593 15843 2267 6487 3222 713 2168 1665 1068 3265 639 3368 608 187 976 555 783 423 552 431 106 242 2080 942 231 137 2246 345 270 2146 191 401 288 127 13576 1621 298 2626 13540 1207 349 192 285 175 502 185 139 706 711
is_linear=0
shrinkage=0.05


Tree=16
num_leaves=63
num_cat=0
split_feature=34 34 0 2 32 2 1 9 1 2 0 9 1 0 1 35 11 9 11 1 9 11 0 1 0 0 11 33 6 35 0 2 0 17 33 36 9 33 7 6 8 33 36 9 8 4 4 18 0 2 9 1 1 33 9 7 32 36 32 33 32 9
split_gain=2550.2 245.557 89.3948 55.1579 43.3586 15.0287 13.7437 12.3232 10.0528 9.6058 18.5478 12.6374 8.74368 7.64101 7.17557 6.711 5.86692 5.86465 4.83533 3.88989 2.81332 2.34921 3.63818 2.27246 1.70788 1.67349 1.60858 1.62191 1.60805 1.58804 1.50778 1.23567 2.21032 1.25364 1.13732 1.21939 1.10644 1.09153 1.06997 1.04298 1.0243 1.01283 1.16439 1.74092 0.90817 1.72597 1.63902 0.999573 0.885789 1.166 1.60225 0.862888 1.07203 0.857473 0.782147 0.763297 1.03712 1.12401 1.04838 0.918042 0.756855 0.747132
threshold=0.45169828832149511 1.6180344820022585 0.48724362254142767 301.50000000000006 4.0906946659088144 441.50000000000006 14.500000000000002 6.5000000000000009 14.500000000000002 301.50000000000006 0.32694168388843542 5.5000000000000009 34.500000000000007 0.63413780927658092 4.5000000000000009 0.028174603357911113 2.5000000000000004 6.5000000000000009 1.0000000180025095e-35 14.500000000000002 5.5000000000000009 9.5000000000000018 0.77634990215301525 6.5000000000000009 0.3949649333953858 0.56445345282554638 1.0000000180025095e-35 3.1642812245991088e-05 0.00042010768083855515 0.029857398010790352 0.79221111536026012 293.50000000000006 0.84018126130104076 27.205636024475101 1.650251124374336e-05 0.00034425081685185438 2.5000000000000004 1.3715287423110569e-05 117.50000000000001 0.027078925631940368 1778.5000000000002 0.0011862010578624906 0.0063099095132201919 2.5000000000000004 2824.0000000000005 11.500000000000002 8.5000000000000018 25.500000000000004 0.89126482605934154 269.50000000000006 4.5000000000000009 23.500000000000004 16.500000000000004 0.0011862010578624906 1.5000000000000002 132.50000000000003 3.448194265365601 0.00018983308837050575 3.0268878936767583 0.00096730230143293749 4.1847517490386972 2.5000000000000004
decision_type=2 2 2 2 2 2 2 2 2 2 2 2 2 2 2 2 2 2 2 2 2 2 2 2 2 2 2 2 2 2 2 2 2 2 2 2 2 2 2 2 2 2 2 2 2 2 2 2 2 2 2 2 2 2 2 2 2 2 2 2 2 2
left_child=2 4 9 7 5 13 21 15 31 10 -1 12 18 16 -15 -4 17 29 23 20 30 22 -3 -12 39 26 27 -17 51 -2 34 32 33 -6 -16 -36 53 38 -20 44 -38 42 -31 -44 45 46 47 -25 49 50 -24 52 -26 -30 -39 56 57 -21 -59 -58 -10 -46
right_child=1 6 3 -5 8 -7 -8 -9 60 -11 11 -13 -14 14 19 25 -18 -19 37 55 -22 -23 48 24 28 -27 -28 -29 36 41 -32 -33 -34 -35 35 -37 40 54 -40 -41 -42 -43 43 -45 61 -47 -48 -49 -50 -51 -52 -53 -54 -55 -56 -57 59 58 -60 -61 -62 -63
leaf_value=-0.05742390842883846 -0.026690597979155004 0.027075644109994846 -0.058386618898437818 -0.058053508707510262 0.047320367415608966 -0.054559036000790755 0.023174843206484996 -0.058340540756126082 0.029283302510956621 -0.057932091071176708 -0.05157890536371354 -0.056074310348317696 -0.057962145188171825 0.060111377212276419 0.01814544029201105 -0.016967594893659531 0.014963062152827314 -0.064599105217539449 0.0011147511489501848 0.035252277986840545 0.053385583304577058 0.060595309374853856 0.035070129204473492 0.0094900927875042288 -0.0095320994784427165 0.010214471146818014 0.010322727653252315 0.0081328177050993319 -0.022976523992347342 0.0067133633860780341 0.043025521163677888 0.059933748665023247 0.058278035306264443 0.021922523790727774 0.044834187487436963 0.025386844127074499 -0.019660667807407231 0.026869552164695693 -0.026367325046735075 -0.058817017596762923 -0.056257775635535016 0.015659328999284523 0.0012514287650290572 -0.038381018713615794 -0.025839446942289943 -0.058938328566644743 0.043317882375496691 -0.050173642461945389 0.060368288253309359 0.059629658113896949 0.060211543309741877 -0.01876022854053204 0.030241601335045422 0.0043523533108393714 -0.0023082727938077462 0.011327832783210976 0.0089171714185688738 0.011534155448950097 0.025904843766095149 0.022895812335656449 0.010043438570986631 -0.055847301931076537
leaf_weight=216.33481147047132 4.4939660010859361 12.142310433089731 4.2473705392330876 60.684005751274526 11.107401549816133 7.3994398992508641 26.690826810896397 8.642550712451337 8.2798657361418027 846.45620693825185 7.4196502165868869 45.325067196041346 16.004239422269166 12.514385119080542 45.921606961637735 20.093336716294292 347.73716521449387 3.5616186568513504 11.454785344190901 14.376890063285826 10.156561959534882 768.13409827649593 17.387019466608766 1.4074896881356864 3.1709051085636037 74.369772870093584 17.144977211952209 9.4686065576970559 8.6924948049709219 21.328657335601747 11.578009173274038 55.807709189131856 26.681788112968206 8.6366248279809934 9.7402714639902097 46.739588096737862 3.8303452916443339 5.209486395120619 5.1268986957147709 3.4662002092227331 3.8174147391691804 14.074077915400265 7.8852937025949341 4.2720866519957781 4.8096715873107296 1.5328418053686617 1.5858156345784662 1.4005052726715801 54.890483826398849 22.338608618825674 9.9714597612619382 3.524272819980979 3.6377329677343369 4.2851836476474991 4.107931649312377 49.993947070091963 35.773068636655807 23.090866673737764 28.179012108594179 17.487161748111248 13.357871651649473 3.6472349669784307
leaf_count=12919 102 87 251 3077 59 402 198 485 58 43950 400 2835 1001 73 397 437 3382 143 194 86 57 2760 99 42 78 848 206 122 251 246 66 274 161 58 42 316 113 57 118 202 168 137 100 63 205 88 28 77 264 105 53 94 43 70 61 486 352 222 213 131 127 211
internal_value=0.000337128 0.0405523 -0.0499493 -0.0185071 0.021053 0.0163296 0.0585247 -0.000593424 0.0483671 -0.0550231 -0.0481793 -0.0342383 -0.0241526 0.0170695 0.0230337 0.00338891 0.0125515 -0.00252708 -0.0175641 0.0214503 0.0281699 0.059591 0.0529822 -0.025798 -0.0218789 0.005556 -0.00186153 -0.008928 -0.0147769 0.00171998 0.025923 0.0549201 0.0488932 0.0362106 0.0239893 0.0287406 -0.0228426 0.000312017 -0.00738244 -0.0341965 -0.0379283 0.0044045 -0.000325871 -0.0126754 -0.0282634 -0.0132554 0.00268171 -0.0202676 0.0559899 0.051154 0.0442335 0.00132289 0.0117183 -0.0139526 0.0140054 0.0165116 0.0186911 0.0228972 0.0194326 0.0135068 0.0174057 -0.038781
internal_weight=3152.63 1751.73 1400.9 194.651 840.175 716.304 911.555 133.967 123.871 1206.25 359.791 143.456 98.1311 708.904 305.551 125.324 403.353 55.6157 82.1269 293.037 124.136 884.864 116.73 56.2278 48.8081 121.077 46.7069 29.5619 30.9583 52.0541 113.979 102.234 46.4258 19.744 102.401 56.4799 20.6254 25.8991 16.5817 17.8498 7.64776 47.5601 33.486 12.1574 14.3836 5.92665 4.39381 2.80799 104.588 49.6971 27.3585 10.3329 6.80864 12.9777 9.31742 168.901 118.907 65.6468 51.2699 53.2602 21.6377 8.45691
internal_count=79950 11319 68631 5426 7753 7016 3566 2349 737 63205 19255 6336 3501 6614 2441 1864 4173 791 2500 2368 878 3368 608 2070 1670 1613 765 559 817 648 821 552 278 117 755 358 602 430 312 853 281 546 409 163 651 235 147 119 521 257 152 215 121 321 118 1490 1004 521 435 483 185 416
is_linear=0
shrinkage=0.05


Tree=17
num_leaves=63
num_cat=0
split_feature=34 34 0 2 32 1 2 9 1 2 0 9 1 0 1 35 11 9 11 1 9 34 0 1 32 1 1 0 32 11 0 33 17 9 35 33 36 9 33 4 2 32 18 9 15 32 7 9 13 1 7 7 7 33 5 15 32 9 2 7 34 36
split_gain=2333.58 237.472 85.3164 51.0867 40.7215 13.696 13.6636 11.1826 9.91432 9.57194 18.1466 11.9183 8.19591 6.99596 6.79132 6.1033 4.86718 4.5014 4.43547 3.4782 2.64762 2.2199 2.01622 1.54509 1.47011 1.73772 1.41148 1.31533 1.23353 1.20855 1.58919 1.94602 1.19603 1.1642 1.12675 1.0985 1.0851 1.00727 0.99777 0.975262 1.51824 1.61761 1.15958 0.976388 0.939082 1.38311 1.72456 0.932126 1.43209 1.42806 0.888903 0.839201 0.822382 0.756028 0.739521 0.726831 0.707609 0.694801 0.680612 0.851097 1.15379 0.716504
threshold=0.45169828832149511 1.6180344820022585 0.48724362254142767 301.50000000000006 4.0906946659088144 14.500000000000002 441.50000000000006 6.5000000000000009 14.500000000000002 301.50000000000006 0.32694168388843542 5.5000000000000009 34.500000000000007 0.63413780927658092 4.5000000000000009 0.028174603357911113 2.5000000000000004 5.5000000000000009 1.0000000180025095e-35 14.500000000000002 5.5000000000000009 1.8270380496978762 0.39069166779518133 5.5000000000000009 4.4355640411376962 4.5000000000000009 4.5000000000000009 0.79221111536026012 4.565188169479371 1.0000000180025095e-35 0.64518225193023693 3.1642812245991088e-05 1.9838695526123049 2.5000000000000004 0.029857398010790352 1.650251124374336e-05 0.00034425081685185438 6.5000000000000009 1.3715287423110569e-05 8.5000000000000018 115.50000000000001 2.2199480533599858 42.500000000000007 2.5000000000000004 2.2005025148391728 1.7116011977195742 96.500000000000014 2.5000000000000004 1.0000000180025095e-35 23.500000000000004 120.50000000000001 100.50000000000001 117.50000000000001 0.0014258323935791852 5592.5000000000009 1.7002538442611697 4.1847517490386972 1.5000000000000002 179.50000000000003 132.50000000000003 1.2158519029617312 0.00018983308837050575
decision_type=2 2 2 2 2 2 2 2 2 2 2 2 2 2 2 2 2 2 2 2 2 2 2 2 2 2 2 2 2 2 2 2 2 2 2 2 2 2 2 2 2 2 2 2 2 2 2 2 2 2 2 2 2 2 2 2 2 2 2 2 2 2
left_child=2 4 9 7 6 21 13 15 28 10 -1 12 18 16 -15 -4 17 34 22 20 27 24 44 -17 25 -3 -24 35 33 30 31 47 -28 -6 -2 -16 -37 -19 52 -34 -41 -42 43 -43 54 -46 -47 49 50 -25 -49 -33 -20 -36 -12 -55 -10 -40 59 60 61 -21
right_child=1 5 3 -5 8 -7 -8 -9 56 -11 11 -13 -14 14 19 23 -18 37 38 58 -22 -23 26 29 -26 -27 32 -29 -30 -31 -32 51 39 -35 53 36 -38 -39 57 40 41 42 -44 -45 45 46 -48 48 -50 -51 -52 -53 -54 55 -56 -57 -58 -59 -60 -61 -62 -63
leaf_value=-0.056828426727993847 -0.022512681659071488 0.060540127207709987 -0.057760567775322229 -0.057473852770684279 0.035855304984826496 0.022247514943785851 -0.054371134144823058 -0.057701836847265965 0.027999894845102624 -0.057361385173606873 -0.050977670843223549 -0.055328812051403199 -0.05732242478509323 0.059584808964187996 0.017292730582258782 -0.021052601525036921 0.014248277449668126 -0.018147504376586108 0.00015191139807686077 0.037841311388446784 0.052161093019473463 0.059909043769992981 -0.05754145377046091 -0.01454042195769624 0.058409994180935843 0.036347575191037401 0.015571428283039446 0.041343917878342538 0.058570275681460532 0.013628360364092918 0.012713542203346346 0.0194290709056925 -0.029352726673637669 0.054302126970291298 0.00085692767364276608 0.043344481352813019 0.024668811554708719 -0.063010861076563535 0.025347750513988979 0.018305783274350843 -0.051492841456767649 -0.0088083613736594617 0.0080222199149255023 -0.04805744804053149 0.014442873572466909 -0.050778784520266053 0.021385492095945893 -0.022875786855340259 -0.050453617337115064 0.014532406784716843 0.003752089407510989 -0.0029985136896246959 -0.024198231730074436 0.0040297447568025139 -0.0045042235149855021 0.027462345120185014 0.0091405844897456262 -0.0023111137833923289 0.011080542620642947 0.011276211468597981 0.014048199868182204 0.022740842224511344
leaf_weight=203.31561047397554 4.02155010215938 10.525410499423741 4.0056126508861771 57.110071436502039 14.339836072176693 25.931428346782923 6.8862225925549856 8.1021671434864384 8.0755767356604355 796.34243830479681 10.64755317568779 42.417065202258527 15.023831091821192 11.676757510751484 44.524468824267387 5.4353448329493395 339.11094896495342 2.0324020888656369 11.305039740167564 10.042969234287737 9.7223986722528917 764.40994277596474 2.1410688497126094 9.549045370891692 30.630805730819702 25.178940515965223 2.8072674665600053 11.006866686046122 61.195623220875859 37.179786436259747 25.853661507368088 10.901806024834515 12.396035253070297 21.195262052118778 31.038488983176649 9.3833091333508474 45.457092203199863 3.2546757431700826 5.1941490862518531 3.5230942023918059 2.9289746349677435 4.2097931262105686 5.0915440823882818 2.5409296583384275 1.7501951633021224 4.278678054921329 1.0265130596235392 7.2654608115553838 2.8737538801506153 7.5742391049861899 5.5118560725823045 6.7557369079440823 5.001501119695603 6.995928652584551 0.93084969650954086 6.2797870002686977 12.948932014405726 4.0339375771582127 49.898102164268494 32.819192595779896 35.609955802559853 36.067105408757925
leaf_count=12919 89 52 251 3077 94 198 402 485 58 43950 637 2835 1001 73 397 124 3382 43 194 55 57 2977 142 169 171 168 50 66 347 419 276 118 406 111 388 42 316 143 57 66 128 92 99 92 52 244 26 136 96 90 90 95 118 76 36 52 127 61 487 326 329 293
internal_value=0.000349684 0.0396578 -0.0492002 -0.0180098 0.0203118 0.0580307 0.0157101 -0.000806415 0.0475039 -0.0543611 -0.0473456 -0.0332981 -0.0234439 0.0164106 0.0222123 0.00294422 0.0120349 -0.00196281 -0.0170662 0.0206786 0.0271473 0.0591476 -0.0251515 0.00498928 0.0503737 0.0434794 -0.018183 0.0249439 0.0542677 0.00623677 0.00263428 -0.0025328 -0.0156673 0.0468581 0.00282837 0.0231273 0.0278643 -0.045765 0.000118544 -0.0185248 -0.0111879 -0.0182224 -0.00999357 -0.0235815 -0.0384793 -0.0241001 -0.0368156 -0.00974203 -0.0185619 -0.00168047 -0.0113891 0.0108483 -0.0073167 0.00512809 -0.0472414 0.015114 0.0163845 0.013257 0.0159542 0.0180774 0.0208087 0.0260298
internal_weight=2995.28 1670.26 1325.02 188.119 813.583 856.677 695.828 131.008 117.755 1136.91 340.564 137.248 94.831 688.942 296.208 122.906 392.734 53.6228 79.8071 284.531 120.094 830.745 54.2725 118.901 66.3352 35.7044 35.6387 110.372 96.7307 113.465 76.2856 50.4319 33.4976 35.5351 48.3358 99.3649 54.8404 5.28708 25.5346 30.6904 18.2943 14.7712 11.8423 6.75072 18.6338 7.05539 5.30519 32.7744 15.6511 17.1233 12.7773 17.6575 16.3065 44.3142 11.5784 13.2757 21.0245 9.22809 164.437 114.539 81.72 46.1101
internal_count=79950 11319 68631 5426 7753 3566 7016 2349 737 63205 19255 6336 3501 6614 2441 1864 4173 791 2500 2368 878 3368 2070 1613 391 220 1075 821 552 1489 1070 794 933 205 605 755 358 186 430 883 477 411 283 184 995 322 270 581 322 259 226 213 312 516 673 128 185 118 1490 1003 677 348
is_linear=0
shrinkage=0.05


Tree=18
num_leaves=63
num_cat=0
split_feature=0 0 0 2 1 2 9 1 0 16 1 0 2 35 2 9 1 1 9 9 1 9 1 1 33 33 36 16 9 0 32 9 1 33 0 1 2 1 16 33 36 2 16 9 33 16 9 17 7 17 33 19 19 19 15 1 36 2 0 9 16 36
split_gain=1940.41 183.203 160.389 109.008 40.3771 32.9136 22.7696 17.3337 16.1857 13.0375 12.3577 11.0401 22.8715 10.8238 9.60454 8.81967 6.31552 6.15789 3.56401 2.77068 2.60642 2.51053 2.49983 3.76864 1.89573 1.36932 1.37112 1.36622 3.15644 1.20978 3.24156 2.10671 1.64914 1.23949 1.19143 1.14812 1.12283 1.59086 1.33673 0.980289 0.93961 0.858994 0.850405 1.25961 0.79016 0.868625 0.856336 0.829065 0.78605 0.677804 0.71779 0.662018 0.653394 0.645582 0.642631 0.615759 0.596682 0.537138 0.601739 0.565442 0.589467 0.808197
threshold=0.55173593759536754 0.7464265525341035 0.41753904521465307 301.50000000000006 14.500000000000002 503.50000000000006 6.5000000000000009 14.500000000000002 0.63413780927658092 0.99090278148651134 34.500000000000007 0.35577900707721716 301.50000000000006 0.028174603357911113 301.50000000000006 6.5000000000000009 4.5000000000000009 34.500000000000007 5.5000000000000009 5.5000000000000009 4.5000000000000009 6.5000000000000009 5.5000000000000009 4.5000000000000009 2.3977027012733747e-06 5.0455721520847882e-06 0.00026125115982722496 0.62099233269691478 2.5000000000000004 0.32694168388843542 1.9077503681182864 5.5000000000000009 34.500000000000007 3.9666660086368217e-05 0.79221111536026012 5.5000000000000009 297.50000000000006 4.5000000000000009 1.4099448919296267 4.8545964091317735e-05 8.4812440945825091e-06 293.50000000000006 0.79187738895416271 2.5000000000000004 1.5494902072532572e-05 1.0182602405548098 2.5000000000000004 17.554890632629398 112.50000000000001 83.192672729492202 0.00058086076751351367 54.500000000000007 49.500000000000007 10.500000000000002 3.5032469034194951 20.500000000000004 0.0036093092057853941 37.500000000000007 0.45022916793823248 4.5000000000000009 1.4185071587562563 0.001430520380381495
decision_type=2 2 2 2 2 2 2 2 2 2 2 2 2 2 2 2 2 2 2 2 2 2 2 2 2 2 2 2 2 2 2 2 2 2 2 2 2 2 2 2 2 2 2 2 2 2 2 2 2 2 2 2 2 2 2 2 2 2 2 2 2 2
left_child=2 5 11 6 9 7 10 8 35 -3 22 29 15 -9 16 17 -10 20 40 44 -13 -20 23 -4 27 42 -27 28 -24 -1 31 32 33 48 36 -2 37 -11 39 -39 -15 55 43 -22 -18 54 -47 -48 51 50 -37 -31 -6 -44 -46 -42 -35 58 -29 60 -59 -62
right_child=1 4 3 -5 52 -7 -8 13 14 34 -12 12 -14 18 -16 -17 19 -19 21 -21 25 -23 24 -25 -26 26 -28 57 -30 30 -32 -33 -34 56 -36 49 -38 38 -40 -41 41 -43 53 -45 45 46 47 -49 -50 -51 -52 -53 -54 -55 -56 -57 -58 59 -60 -61 61 -63
leaf_value=-0.05668412343333034 -0.0061763703324997808 0.0051714297039405673 -0.061190807373595828 -0.056963330218312229 0.0084224155672501053 -0.05703002984405231 -0.05705753511027796 -0.059898800971927527 0.057672482454075115 0.060120456145367221 -0.057658758192150786 -0.058967767337435688 -0.056943869445709311 0.035789460607096764 0.059788654551637094 -0.056661295092284784 0.020189813311879086 -0.056808368916740938 0.00055723708327419074 0.052667736339798793 -0.005565378529230035 -0.064890749448684518 0.0069919318233961766 0.0028659701293227593 0.012061600452770643 0.029296392329983156 -0.002273107415249952 0.029214527189314762 -0.049331558811285064 0.0058062065445591282 -0.056644186673657199 -0.054988265606713549 -0.056718568868963287 0.025910978357097426 0.058867707614629367 0.010919719203525994 0.059500820425754192 0.021099593950161796 0.050559415105233353 0.045071820442790032 0.010281838268789941 -0.0051267560270290826 0.019515944832422871 -0.047814384179229757 0.013423097761086739 0.039750678653200866 0.03318341327663344 0.011440750063721078 -0.0487145553957751 -0.0051416113672096151 0.022201541223988097 -0.029509204823485676 0.020122808941248446 -0.010394855816587795 0.033612413933994958 0.015484724839864154 -0.011056863546185212 0.002391110459609349 0.0077010851941190662 -0.0060929958844330584 0.030256932845909457 0.0070867319142373757
leaf_weight=695.22371837310493 8.7054295828565937 11.798684272915123 3.3650530120357853 113.8412439506501 15.356449346989391 14.206875004805623 15.949356592260299 5.1536297146230927 20.112362678162754 22.49494855478406 7.7775620808824888 2.4017808102071276 113.0929895862937 4.8588401339948168 39.563772072084248 14.680811033584176 47.652014967054129 7.3092290698550633 3.8662422252818933 9.868674907833336 3.3700754372403052 2.3594610160216689 6.7154341097921115 7.2283178828656673 114.05167737510055 4.2636436307802823 17.790575869381428 4.2386005539447096 3.9509426457807422 2.0164142753928953 62.241536627523601 9.0701897442340833 3.3057105708867303 1.8452835557982314 706.4490655567497 46.144953610375524 44.308514628559351 8.7298491969704646 28.027620863169432 8.3375359792262298 79.234354335814714 5.9852872835472217 1.9613090017810488 3.7022717073559761 12.475715942680838 21.564273849129677 11.875672925263645 6.9502644278109065 3.045775443315506 4.7723152283579102 20.30140839330852 3.8815137837082148 53.508017010986805 22.491077547892928 5.7618063017725936 201.44942178949714 2.6721838852390647 67.312383443117142 13.940520648844538 13.627460516989229 4.6262454763054874 20.182268647477031
leaf_count=42771 150 108 179 6462 156 818 1079 277 88 84 501 149 6361 33 164 1067 428 526 57 59 90 114 92 101 1291 54 341 46 161 68 3910 657 238 33 3225 537 170 66 140 42 834 118 36 201 112 128 80 60 182 67 188 185 462 620 33 1963 91 951 185 237 43 281
internal_value=0.000353766 0.0402228 -0.0424433 -0.0156465 0.0543041 0.0181245 0.000975846 0.0200357 0.0296207 0.057356 0.00444228 -0.0533561 -0.0425798 0.011943 0.0381014 -0.0217455 0.0318044 -0.0136463 0.0131865 0.0273251 -0.0080108 -0.0242467 0.00630541 -0.0174821 0.00731886 -0.00572655 0.00383008 0.00329997 -0.0138709 -0.0559847 -0.0504641 -0.0355763 -0.0250753 -0.0173045 0.0581084 0.0109642 0.0533148 0.0492596 0.0438418 0.0328102 0.0139859 0.0136163 -0.0124122 -0.0276821 0.0249719 0.0288586 0.0329482 0.0251563 -0.0280875 0.0130594 0.0143667 -0.0174354 0.0175137 -0.00799573 0.0198015 0.014016 0.00404367 0.00477785 0.0127171 0.00341302 0.00481925 0.0114075
internal_weight=2843.05 1471.87 1371.17 396.807 899.011 572.863 282.966 558.656 255.749 830.146 267.016 974.366 191.064 302.907 175.825 77.9708 136.261 63.29 297.754 116.148 55.9807 6.2257 259.239 10.5934 248.646 53.579 22.0542 134.594 10.6664 783.302 88.0786 25.8371 16.7669 13.4612 818.348 79.9241 111.898 67.59 45.095 17.0674 291.528 286.669 31.5247 7.07235 106.28 58.6277 40.3902 18.8259 8.9437 71.2187 66.4464 5.89793 68.8645 24.4524 18.2375 280.684 4.51747 123.927 18.1791 105.748 92.1209 24.8085
internal_count=79950 10761 69189 11609 4453 6308 5147 5490 2094 3835 4068 57580 9445 3396 1152 3084 988 2017 3119 900 1491 171 3567 280 3287 1342 395 1996 253 48135 5364 1454 797 559 3727 942 502 332 248 108 2948 2915 947 291 841 413 268 140 435 792 725 253 618 656 145 2797 124 1743 231 1512 1275 324
is_linear=0
shrinkage=0.05


Tree=19
num_leaves=63
num_cat=0
split_feature=34 34 0 2 32 9 1 2 0 9 0 2 1 1 1 35 34 1 9 1 34 34 16 9 0 34 16 9 34 34 9 2 0 9 9 7 0 9 33 0 36 9 16 15 15 16 16 7 16 0 7 5 36 33 7 9 33 4 17 7 7 0
split_gain=1962.19 220.593 76.954 43.3342 41.6751 9.23767 8.93683 8.86744 16.103 9.15298 8.43811 11.5438 7.3958 6.03238 6.03086 4.95251 3.16192 3.06866 3.26828 3.02121 2.83529 2.23513 2.00846 1.90317 1.59223 1.43999 1.75566 1.49326 1.2317 1.18758 2.21215 1.14095 2.23617 1.3606 1.12538 1.11186 1.30131 1.06894 0.926466 1.10419 0.918771 0.85368 0.850066 0.808963 0.873171 0.798052 0.741181 0.693447 0.680585 0.827998 0.651082 0.650414 1.05565 0.800344 0.739563 0.605945 0.599744 0.755408 0.838794 0.597593 0.604219 0.596807
threshold=0.45169828832149511 1.6902808547019961 0.48724362254142767 301.50000000000006 4.1847517490386972 6.5000000000000009 14.500000000000002 301.50000000000006 0.34688444435596472 5.5000000000000009 0.61582878232002269 301.50000000000006 14.500000000000002 4.5000000000000009 34.500000000000007 0.028174603357911113 0.66853418946266185 14.500000000000002 5.5000000000000009 5.5000000000000009 0.25490760803222662 0.65392071008682262 0.80126029253005993 5.5000000000000009 0.79221111536026012 0.33773189783096319 0.89750981330871593 2.5000000000000004 1.8270380496978762 0.21302551031112674 1.0000000180025095e-35 301.50000000000006 0.85749366879463207 3.5000000000000004 2.5000000000000004 22.500000000000004 0.42223450541496282 6.5000000000000009 3.1642812245991088e-05 0.51567912101745617 3.3673582947812981e-05 3.5000000000000004 1.1923410296440127 4.1303062438964853 1.9932882785797121 1.3922674059867861 1.4099448919296267 135.50000000000003 0.71004632115364086 0.58429595828056347 132.50000000000003 4287.5000000000009 9.8420361609896659e-05 0.0093629066832363623 173.50000000000003 2.5000000000000004 3.9666660086368217e-05 4.5000000000000009 67.058425903320327 103.50000000000001 157.50000000000003 0.32379209995269781
decision_type=2 2 2 2 2 2 2 2 2 2 2 2 2 2 2 2 2 2 2 2 2 2 2 2 2 2 2 2 2 2 2 2 2 2 2 2 2 2 2 2 2 2 2 2 2 2 2 2 2 2 2 2 2 2 2 2 2 2 2 2 2 2
left_child=2 4 7 5 10 15 31 8 29 14 11 21 28 -12 19 -4 -13 18 24 -10 22 23 34 -2 56 26 27 48 42 -1 -31 32 33 -6 -21 -24 59 -25 39 -28 -19 -29 -3 44 -22 50 -41 -38 -17 -50 55 53 -53 -23 -54 -42 -15 -58 -59 -37 -61 -32
right_child=1 12 3 -5 6 -7 -8 -9 9 -11 13 16 -14 17 -16 25 -18 40 -20 20 43 51 35 37 -26 -27 38 41 -30 30 61 -33 -34 -35 -36 36 47 -39 -40 46 45 -43 -44 -45 -46 -47 -48 -49 49 -51 -52 52 54 -55 -56 -57 57 58 -60 60 -62 -63
leaf_value=-0.055817992423523394 0.0042175848009569587 0.035582029881239548 -0.056657384029110296 -0.056496606086754136 0.023699702160010661 -0.056674679795571316 0.010772679111566742 -0.056385934221997981 -0.052606424507857408 -0.054110211922457102 0.055071070229141483 -0.057174749369860278 0.023775499524316832 0.017504044704294935 -0.056302386703730049 0.011480890350079546 0.045886554339894178 0.029428118583340487 0.051069758028283813 -0.02219774057823172 0.0031180312925789553 0.009536513154544967 0.0087156241909454365 -0.0051140567207105985 0.039676702043529855 0.011853218045099844 -0.021659053041859673 -0.01925346936350289 0.059175857181250617 0.018923897218660782 -0.054683134892376251 0.059243031225781062 0.058545768643518153 0.051120999200992258 -0.057188661935619993 -0.04213168356505495 -0.016927296736074654 -0.060950549461583882 0.012131141956183384 0.0083500480067640933 0.016329461480966829 -0.062400847261913729 0.053862538360341564 0.02117034432335109 -0.026230836830199552 0.019177917096762847 -0.0074033097608853628 0.0043493251656507703 -0.031880332809770505 -0.0007546868610420614 0.0065475499592024759 0.0082343062971459418 0.017708416527272258 0.016924742514555495 0.03225240039263793 0.0045239711429266513 0.033120048833591979 0.017584786318615285 0.037904223807227938 -0.0095259404915648011 -0.040999273617119192 -0.031023706450067086
leaf_weight=181.87140469439328 49.738409539684653 8.2266411855816823 3.507628724910318 50.317060203291476 10.769428901374342 7.1515539688989511 13.499627696350215 701.58732294663787 5.2561637805774799 30.278374092187732 12.328283011913298 7.8306732093915326 15.497983086854218 59.413011714816093 10.882325806654988 4.1071307435631779 0.82237353082746256 10.991816911846398 11.149026293307541 4.2687335601076466 12.196598948910834 147.76426402851939 4.4020657744258633 1.6419776435941451 12.67811758816242 36.468390237540007 5.4428691500797859 2.586158229969441 671.97633220627904 1.401548852212726 8.5815275525674206 51.843717869371176 22.993515226989985 7.8001926876604548 4.9770310083404183 5.7979598185047525 10.216695247218015 1.7932951273396609 21.736620293930173 20.741620858199894 72.781781829893589 2.059129050001502 28.018102180212736 4.4754468202590934 3.1990023683756581 61.661804933100939 11.666030706837772 6.125646671280264 3.5438514826819283 5.3808462768793106 35.949364334344864 25.312746316194534 44.671897262334824 48.747906368225813 10.867048129439352 12.777628902345894 18.103054292500019 32.660399448126554 6.0141715966165057 4.467190214432776 2.3152681235224009 3.8662886545062056
leaf_count=13210 627 57 251 3077 77 485 138 43950 314 2289 93 514 117 544 823 57 8 79 71 151 188 1660 102 32 85 434 136 59 2977 44 605 307 163 46 298 278 241 89 250 251 686 87 176 58 54 552 192 120 73 74 398 292 435 479 68 137 115 265 32 166 112 202
internal_value=0.000351219 0.0379861 -0.0479745 -0.0173435 0.0197628 -0.00150588 0.0487993 -0.0532932 -0.0461692 -0.0307536 0.0152358 0.00962965 0.0579439 0.0207235 -0.0217538 0.00185937 -0.0473799 0.0194563 0.0250985 -0.0162002 -0.0131356 0.0111221 -0.0204149 0.00173162 0.0228516 0.00366409 -0.000201147 -0.0140391 0.0586916 -0.0547432 -0.0406292 0.0542951 0.0481234 0.0352181 -0.0410335 -0.0146944 -0.0182574 -0.0342621 0.00390401 -0.000820625 0.0153876 -0.0383795 0.0497133 0.00245904 -0.00298028 0.014545 0.00267919 -0.00895212 -0.00536275 -0.0131142 0.012194 0.0129223 0.0166971 0.0113693 0.0205542 0.0145664 0.0210157 0.0246904 0.0207446 -0.0303453 -0.0202697 -0.0473345
internal_weight=2697.2 1516.32 1180.88 174.709 792.606 124.392 106.906 1006.17 304.579 108.859 685.699 339.191 723.719 346.508 78.5801 117.24 8.65305 334.18 140.018 67.6978 62.4416 330.538 42.5706 53.1737 128.869 113.733 77.2643 17.6771 708.221 195.721 13.8494 93.4069 41.5631 18.5696 9.24576 33.3248 28.9228 3.43527 59.5871 37.8505 194.162 4.64529 36.2447 19.871 15.3956 183.171 32.4077 16.3423 13.0318 8.9247 121.509 277.364 80.8517 196.512 55.5389 85.5594 116.191 56.7776 38.6746 12.5804 6.78246 12.4478
internal_count=79950 11319 68631 5426 7992 2349 731 63205 19255 5194 7261 4204 3327 3057 2905 1864 522 2964 1112 2082 1768 3682 1468 748 1041 1613 1179 350 3210 14061 851 593 286 123 449 1019 917 121 829 579 1852 146 233 300 242 1773 443 361 204 147 1221 2934 795 2139 503 823 956 412 297 556 278 807
is_linear=0
shrinkage=0.05


Tree=20
num_leaves=63
num_cat=0
split_feature=34 34 3 32 32 9 1 1 3 1 34 1 9 34 1 3 32 32 33 32 9 34 32 3 9 34 1 3 9 34 4 16 33 32 3 3 32 32 6 7 33 8 3 31 33 8 3 1 18 1 34 16 31 6 9 7 15 7 3 8 9 15
split_gain=1785.02 209.825 54.0084 53.3452 41.9194 14.689 8.59495 7.89701 7.468 6.34686 5.77633 4.65428 3.55902 3.30527 2.89828 2.43221 4.49723 2.02425 2.00555 1.98698 4.03972 1.86691 1.95892 1.77644 1.72193 1.63754 1.56528 1.48685 1.60938 1.40986 1.34774 1.29425 1.14424 1.09002 1.37019 1.04348 1.56241 0.949275 0.936672 0.907732 0.893402 0.867695 1.01485 0.843419 0.818976 0.80559 0.78574 0.994089 0.826211 0.764697 0.702462 0.697168 0.686461 0.790422 0.657942 0.640265 1.23203 0.623833 0.65601 0.608823 0.608261 0.605504
threshold=0.45749546587467199 1.7190955281257632 5.7120797634124765 2.0059155225753789 4.1847517490386972 6.5000000000000009 34.500000000000007 14.500000000000002 6.138805866241456 4.5000000000000009 0.21302551031112674 4.5000000000000009 5.5000000000000009 1.9097062945365908 14.500000000000002 4.0689902305603036 1.4691719412803652 3.9210450649261479 1.0724288131314099e-05 3.1550523042678837 5.5000000000000009 0.33426870405673986 2.8139058351516728 4.0163424015045175 5.5000000000000009 0.68168374896049511 34.500000000000007 4.7050054073333749 3.5000000000000004 1.0770018100738528 1.0000000180025095e-35 1.0701051354408266 1.4592549177905314e-05 1.7538881897926333 3.8176519870758061 2.9700856208801274 1.1647160649299624 1.8177648186683657 0.0001929654317791574 13.500000000000002 0.00079196013393811892 3674.0000000000005 4.3372693061828622 0.00022748309856979179 0.00066282504121772956 2239.5000000000005 5.6987686157226571 6.5000000000000009 33.500000000000007 15.500000000000002 0.92239129543304454 1.251141428947449 1.3431390016194202e-05 3.1642812245991088e-05 3.5000000000000004 99.500000000000014 1.6331804394721987 87.500000000000014 5.2907860279083261 4681.5000000000009 1.5000000000000002 2.4851843118667607
decision_type=2 2 2 2 2 2 2 2 2 2 2 2 2 2 2 2 2 2 2 2 2 2 2 2 2 2 2 2 2 2 2 2 2 2 2 2 2 2 2 2 2 2 2 2 2 2 2 2 2 2 2 2 2 2 2 2 2 2 2 2 2 2
left_child=2 4 3 10 8 6 11 31 9 29 15 -5 26 14 46 16 35 -10 30 23 41 22 27 49 38 -26 32 55 40 -2 -18 -6 33 34 -12 36 44 -17 52 -39 57 42 -21 -35 -1 -40 47 -3 -49 50 -11 -30 -25 -54 59 56 -13 -29 -59 -41 -34 -43
right_child=1 13 -4 5 7 -7 -8 -9 17 19 12 21 -14 -15 -16 37 18 -19 -20 20 -22 -23 -24 24 25 -27 -28 28 51 -31 -32 -33 60 43 -36 -37 -38 39 45 54 -42 61 -44 -45 -46 -47 -48 48 -50 -51 -52 -53 53 -55 -56 -57 -58 58 -60 -61 -62 -63
leaf_value=-0.050350968079950612 0.027940900847982605 0.055369090274273607 -0.055984656219224174 -0.060143177750499981 0.035910484876918496 -0.055973626001282917 -0.055968857490881201 0.014177750077920418 -0.056053209090155209 0.013108658028118381 -0.010550295953119621 0.019054716279393865 -0.05596202113889856 0.058990099396563848 0.020857421712818826 -0.055046891714495207 0.009810099843809636 0.014661429462579709 0.015610990153833541 0.037229660596689258 0.045241303479320261 0.0082859937037886976 0.003663541856114302 0.0081627877681132322 -0.043950524528148384 0.0085556094174408289 -0.056358727926690423 -0.026341560859482423 -0.058815302548468576 0.058837238449670121 -0.040564777781615352 0.055892506826906385 0.021660070595282768 0.022954468019429564 -0.055659937029691554 -0.055317781830961511 -0.0048739777523992382 -0.0038890321529885018 0.011259392395763361 -0.040061910400500389 0.0050405083165063315 0.014604065741632442 0.017325400610237792 -0.019594487564767876 -0.018837049166744682 0.004578916197400828 0.059147797909714361 0.048426667503814337 0.02558967817893907 0.013440623546572572 0.02512567279786079 -0.026629963269400717 0.036068619421458011 0.016232060987564908 -0.054650420805560034 -0.010477996190428249 -0.015256661038420258 -0.022368908776973794 0.0014282698507726843 0.0045032732248603468 -0.0087340128284550105 0.003860049735577957
leaf_weight=13.990959607996052 6.0817917231470338 15.721493907272817 705.53670682944357 3.4545210022479287 8.9897978696972114 16.201938887126744 8.0591062465682608 14.482644390314816 4.7259117951616636 17.806709015741944 3.3555565262213438 7.9045337345451134 7.3980241101235142 591.47174930758774 9.1829039901494962 143.07094729319215 1.7364620119333247 1.287778118625283 3.9031318007037044 6.656138014048337 12.717816602438687 36.478918373584747 39.225796145386994 23.733631409704685 2.8772512897849074 3.0687302984297276 2.0943403868004671 7.9541040454059901 2.0702132768928996 9.3980862926691753 5.641150155570358 82.207344120368361 3.176918218843638 1.9857127517461775 3.3780488325282931 25.546975325327367 2.7327854018658391 1.377806431613865 108.21909540146589 6.2603563312441137 7.2213989151641718 40.224197911098599 169.03106046840549 2.8168243300169706 2.4178943540900937 77.405218681320548 19.848694115877151 8.3815667908638698 7.5085152350366107 68.334092841483653 38.356235049664974 8.9844479253515583 5.6725513637065879 43.780930675566196 9.6086014318279904 8.2128252238035184 3.9106494160369039 4.8922252058982831 7.0973641276359558 0.87327615357935418 3.4160959236323833 19.456857968121767
leaf_count=1032 62 90 47092 203 73 1262 633 144 349 189 77 89 565 2801 73 11001 44 18 79 49 89 464 532 279 135 35 154 222 128 71 294 535 50 35 231 1991 76 61 1213 366 119 390 1577 78 121 980 108 56 57 715 318 273 38 452 762 135 73 133 171 32 90 209
internal_value=-0.000204684 0.0370149 -0.047621 -0.033103 0.0192428 -0.010814 -0.0057841 0.048476 0.0145536 0.0150645 -0.047824 -0.0028407 -0.0262876 0.0578503 0.0467333 -0.0505633 -0.0415833 -0.0409103 -0.0133737 0.0142962 0.0177932 -0.00136292 -0.00497396 0.0120674 0.00975119 -0.016852 -0.0154323 -0.0107907 -0.0165735 0.0466986 -0.0287081 0.0539228 -0.0107044 -0.0202006 -0.0331805 -0.0487043 -0.0398777 -0.0536814 0.0103624 -0.0428996 -0.0100283 0.0163101 0.0180795 -0.0020017 -0.0457073 0.00847364 0.0513507 0.046455 0.0376355 0.0169932 0.0213156 -0.0326573 0.0151528 0.0185074 -0.0461099 0.000244719 0.00769816 -0.0154846 -0.00828192 -0.0346064 0.00591172 0.0111014
internal_weight=2528.62 1416.63 1111.99 406.45 764.514 161.668 145.466 105.68 658.834 652.82 244.782 137.407 27.6215 652.115 60.6432 217.16 55.9694 6.01369 11.2807 637.341 248.086 133.952 97.4736 389.254 264.757 5.94598 20.2235 58.2478 38.2198 15.4799 7.37761 91.1971 18.1292 11.5361 6.73361 44.6886 19.1416 161.191 258.811 18.12 27.1651 235.368 175.687 4.80254 16.4089 185.624 51.4603 31.6116 15.8901 124.497 56.1629 11.0547 73.1871 49.4535 16.7422 20.028 11.8152 19.9437 11.9896 7.13363 6.59301 59.6811
internal_count=79773 11105 68668 21576 7920 4437 3175 752 7168 6801 17139 2542 1280 3185 384 15859 3637 367 417 6668 2314 2339 1875 4354 3132 170 715 1343 1046 133 338 608 561 421 308 3220 1229 12222 2962 1221 645 2225 1626 113 1153 2193 311 203 113 1222 507 401 769 490 1160 297 162 526 304 398 140 599
is_linear=0
shrinkage=0.05


Tree=21
num_leaves=63
num_cat=0
split_feature=34 34 2 32 32 9 1 1 2 35 34 1 1 9 2 32 32 9 34 2 34 32 34 11 34 11 32 2 9 34 16 32 2 9 15 9 1 35 8 36 9 8 15 33 1 33 9 35 33 34 2 7 15 8 7 18 18 19 8 36 7 7
split_gain=1631.87 202.155 52.8341 50.0263 38.8021 13.6715 7.95313 7.60391 6.7867 5.74028 5.62023 5.41545 4.20244 3.39722 2.39276 3.78148 2.06152 3.61968 1.93841 1.83214 1.72279 1.97958 1.65794 1.56631 1.54948 1.45016 1.63401 1.42261 1.55208 1.39048 1.36582 1.30319 1.86637 1.30114 1.31388 1.26842 1.03638 1.0326 0.945432 0.944375 0.843468 0.841418 0.824093 0.887788 0.791627 0.774228 0.784673 0.759202 0.74428 0.732631 0.707857 0.700637 0.97373 0.674444 0.720683 0.602496 0.581529 0.568002 0.566334 0.547626 0.544257 0.691689
threshold=0.45749546587467199 1.7190955281257632 301.50000000000006 2.0059155225753789 4.1847517490386972 6.5000000000000009 34.500000000000007 14.500000000000002 462.50000000000006 0.064583335071802153 0.21302551031112674 4.5000000000000009 4.5000000000000009 5.5000000000000009 33.500000000000007 1.241675138473511 3.1550523042678837 5.5000000000000009 0.64116922020912182 54.500000000000007 0.31041602790355688 2.8139058351516728 1.0770018100738528 1.5000000000000002 0.3576525896787644 9.5000000000000018 4.6951510906219491 109.50000000000001 3.5000000000000004 0.66853418946266185 1.0701051354408266 1.4854282140731814 134.50000000000003 6.5000000000000009 5.613020896911622 4.5000000000000009 9.5000000000000018 0.13392857462167743 4775.5000000000009 6.5984611865133061e-05 5.5000000000000009 3674.0000000000005 0.066312436014413847 0.00066282504121772956 15.500000000000002 1.4592549177905314e-05 5.5000000000000009 0.074175827205181136 0.00041759457963053142 0.92239129543304454 220.50000000000003 99.500000000000014 1.0815771818161013 3812.5000000000005 68.500000000000014 46.500000000000007 22.500000000000004 18.500000000000004 4951.5000000000009 0.002927857451140881 189.50000000000003 178.50000000000003
decision_type=2 2 2 2 2 2 2 2 2 2 2 2 2 2 2 2 2 2 2 2 2 2 2 2 2 2 2 2 2 2 2 2 2 2 2 2 2 2 2 2 2 2 2 2 2 2 2 2 2 2 2 2 2 2 2 2 2 2 2 2 2 2
left_child=2 4 3 10 8 6 12 30 11 -3 14 22 -5 23 15 42 19 36 -10 44 21 27 -2 -12 -25 26 37 51 48 35 -6 -16 33 34 39 55 50 -11 56 -33 -37 -38 43 -1 49 46 -17 -26 -29 -13 53 52 -14 54 -18 -21 -31 -23 -34 -30 61 -58
right_child=1 9 -4 5 7 -7 -8 -9 18 25 13 16 20 -15 31 45 17 -19 -20 29 -22 57 -24 24 47 -27 -28 28 59 38 -32 32 58 -35 -36 40 41 -39 -40 -41 -42 -43 -44 -45 -46 -47 -48 -49 -50 -51 -52 -53 -54 -55 -56 -57 60 -59 -60 -61 -62 -63
leaf_value=-0.042100747508745699 0.024112658148454636 0.019435171678220623 -0.055620290498126501 -0.059446530154364442 0.033965363624181018 -0.055584206534111502 -0.055595262012510471 0.013516059587420646 -0.052793902331288993 0.032642816275066343 -0.0026666397870513943 0.012512580294851597 0.022606070796070701 -0.055582391383925657 -0.055433769159495154 -0.0096857676267561969 0.040868778239866149 0.044011755749674968 0.026425571729340305 0.0079626539545283384 0.0072004322216218455 0.018995602398417445 0.058471361670910951 -0.055475242693190444 -0.026787138834084234 0.058929907271374385 0.058159644465654137 -0.016456569848863008 -0.024065075114744996 0.0054468072091843128 0.055297210076357996 0.0022482282887568979 -0.054285937139536111 -0.055376005326829174 0.011842876323064399 -0.0043770056933653241 0.016190821803083132 0.052539951000544163 0.025098769784264497 -0.037379620074575612 -0.041442426025714491 0.0081628439406282987 -0.05344634184147519 0.0012833762710754014 0.012906868918706727 0.01197329992462089 -0.055776961378049085 0.015893803353963266 0.0030457085671269585 0.024946515004557454 0.013890182632146373 -0.012353707183899585 -0.0069741131315333386 0.014938156262727818 0.023340092786045537 -0.0071294748872497461 0.011174398223880881 0.0010034673403659514 -0.0053290355851551684 -0.048078259200792152 -0.0051975946860418551 0.024515715835259987
leaf_weight=6.017046399414542 5.8775736195966592 9.7469081208109838 660.66439057141542 3.2005513375625005 8.3123614005744439 15.192416603676973 7.5487508028745642 14.038787970319389 4.8168305708095422 14.749031949788334 11.248476754873995 17.303702400065958 5.4330210350453871 6.9216220043599597 114.4241301715374 4.1795283220708352 10.543592739850284 12.171163633465765 0.91960937064141024 28.87448080163449 39.905581005848944 5.0565141662955275 8.7200806066393834 3.6846535461954772 2.9971359902992845 540.51045381464064 32.668457927182317 17.264931435696784 5.3697328893467766 51.736138325184584 77.134557992219925 1.7055839654058278 33.6563322795555 5.6678133802488437 1.8724063700065006 3.714375843293964 136.71494339592755 11.688060853630303 10.954915452748535 12.684590668417512 2.6157613592222333 42.875147629529238 17.365230601280928 1.4666253272444008 66.311995997093618 2.9634904647246003 1.1852750489488242 1.5971231348812578 6.8266113214194766 37.567921590059996 15.992259964346884 7.4463658966124049 5.7019795002415776 8.8335236571729165 13.211599795147775 8.5773272905498725 134.24710262008011 33.107809918932617 0.60127755254506965 4.2560680788010359 4.6727503240108481 10.473157152533529
leaf_count=423 62 82 47092 203 73 1262 633 144 343 112 257 189 54 565 9390 128 61 89 24 393 527 57 71 316 112 2709 207 494 168 631 535 64 2838 501 62 53 1344 75 104 769 133 466 1444 53 715 57 100 30 118 318 160 129 101 79 115 123 1538 475 30 216 62 95
internal_value=-0.00021655 0.0361894 -0.0470297 -0.0323473 0.0185762 -0.0105169 -0.00566504 0.047619 0.0140455 0.0574981 -0.0471681 0.0145369 -0.0028432 -0.0254839 -0.0499824 -0.0376963 0.0138252 0.017444 -0.0400942 0.0115185 -0.00145359 -0.0052711 0.0446372 -0.0148152 -0.0313214 0.0581168 0.050681 -0.0115895 -0.0177113 0.00911984 0.053222 -0.0523716 -0.0461356 -0.0347462 -0.0275563 0.00100736 0.0160269 0.0414395 0.0107946 -0.0326828 -0.0196933 0.0142742 -0.0474688 -0.0335985 0.016583 -0.00853839 -0.0198689 -0.0119498 -0.0109304 0.0210255 0.0225058 -0.000480977 0.00745873 0.0267338 0.0311201 0.00450621 0.0100154 0.0033873 -0.0534267 -0.0346826 0.0115976 0.0121399
internal_weight=2393.79 1346.57 1047.21 386.549 737.212 156.31 141.118 99.4857 637.726 609.363 230.238 631.99 133.569 26.449 203.789 33.1772 617.392 240.342 5.73644 377.05 130.369 90.463 14.5977 19.5274 8.27891 599.616 59.1056 52.2987 33.7173 255.866 85.4469 170.612 56.188 21.9304 16.2626 43.7819 228.171 26.4371 212.084 14.3902 6.33014 179.59 24.8489 7.48367 121.184 8.32829 5.3648 4.59426 24.0915 54.8716 48.581 18.5814 11.135 32.5887 23.7552 37.4518 201.129 38.1643 34.2576 9.6258 149.393 144.72
internal_count=79773 11105 68668 21576 7920 4437 3175 752 7168 3185 17139 6801 2542 1280 15859 2205 6668 2314 367 4354 2339 1812 133 715 458 3103 394 1280 996 3132 608 13654 4264 1396 895 702 2225 187 2430 833 186 1810 1920 476 1222 285 228 142 612 507 415 284 155 255 176 516 2326 532 2868 384 1695 1633
is_linear=0
shrinkage=0.05


Tree=22
num_leaves=63
num_cat=0
split_feature=34 34 0 3 32 0 3 9 1 1 3 0 9 1 1 9 1 11 0 34 9 11 0 1 16 8 9 0 1 7 31 16 16 1 34 9 1 0 9 17 17 17 32 4 4 16 9 9 8 0 33 36 11 9 6 6 8 3 8 33 0 18
split_gain=1494.12 194.152 66.0786 38.756 36.1768 8.79926 8.21289 7.91176 7.38383 6.92842 5.88228 11.4399 5.84071 5.50053 4.45212 4.17512 3.85105 2.94507 2.1591 1.95413 1.76725 1.56816 3.09235 1.39216 1.34714 1.29218 1.20324 1.19338 0.91259 0.90895 0.870031 0.821732 1.05471 0.884043 0.809066 1.42304 0.79035 0.768893 0.722746 0.720737 0.901435 0.936237 0.701261 0.679253 0.672959 0.721514 1.16151 0.758277 0.655886 0.651671 0.619022 0.574681 0.565933 0.638368 0.562798 0.73909 0.703192 0.61711 0.546946 0.543943 0.531228 0.529469
threshold=0.45749546587467199 1.7190955281257632 0.47256414592266088 5.7120797634124765 4.1847517490386972 0.63413780927658092 5.8874909877777108 6.5000000000000009 14.500000000000002 4.5000000000000009 5.6750385761260995 0.34688444435596472 5.5000000000000009 14.500000000000002 34.500000000000007 5.5000000000000009 34.500000000000007 2.5000000000000004 0.84018126130104076 0.24240764975547793 4.5000000000000009 9.5000000000000018 0.85749366879463207 6.5000000000000009 1.0701051354408266 1124.0000000000002 5.5000000000000009 0.56445345282554638 14.500000000000002 15.500000000000002 8.6727773123129754e-06 0.99090278148651134 1.1575219035148623 11.500000000000002 0.21302551031112674 1.0000000180025095e-35 8.5000000000000018 0.466158077120781 3.5000000000000004 11.408880710601808 18.849642753601078 16.592316627502445 3.8458333015441899 8.5000000000000018 26.500000000000004 1.2677569389343264 2.5000000000000004 3.5000000000000004 1829.5000000000002 0.52047067880630504 3.3198712117155089e-05 0.00020975532970624047 1.5000000000000002 2.5000000000000004 0.0001929654317791574 2.6802925276570025e-05 2256.0000000000005 3.65057384967804 3203.5000000000005 0.00066282504121772956 0.59200829267501842 17.500000000000004
decision_type=2 2 2 2 2 2 2 2 2 2 2 2 2 2 2 2 2 2 2 2 2 2 2 2 2 2 2 2 2 2 2 2 2 2 2 2 2 2 2 2 2 2 2 2 2 2 2 2 2 2 2 2 2 2 2 2 2 2 2 2 2 2
left_child=2 4 10 7 5 6 17 14 24 -7 11 34 16 21 27 18 19 20 28 23 25 22 36 -13 -6 -2 -22 44 31 -25 -31 -11 43 42 -1 -36 -3 -27 39 50 41 -41 -34 -33 45 46 48 -48 -4 -50 -32 -30 53 -37 55 -19 57 -56 -21 -42 -8 -53
right_child=1 13 3 -5 8 9 60 -9 -10 15 -12 12 -14 -15 -16 -17 -18 54 -20 58 26 -23 -24 29 -26 37 -28 -29 51 30 38 32 33 -35 35 52 -38 -39 -40 40 59 -43 -44 -45 -46 -47 47 -49 49 -51 -52 61 -54 -55 56 -57 -58 -59 -60 -61 -62 -63
leaf_value=-0.054867786570318156 0.023255337954201823 0.042099756041539593 0.011214804615389297 -0.055377085266320861 0.03311686663205704 0.056862267210398276 -0.055933221918409562 -0.055489434279058218 0.012756266523610433 0.012864962228963354 -0.055216861351289497 -0.052664611122583554 -0.052404856575735528 0.019576135108844445 -0.055401555377278193 0.045620122620238193 -0.055186565634781276 0.0079599751206369581 0.048565089498476759 0.0037189935712470968 -0.010076850969180793 0.058687351115996156 0.057752703523140186 0.0058326636880801138 0.054786132612924858 -0.020603756507265612 -0.051383223353157585 0.0057453883173054568 0.021098616561014451 0.0007912692212047785 -0.053918210518525737 0.040068315485764859 0.010883166134376916 0.02864220101297333 0.013833683319487615 0.0065569559060295879 0.02059089891991786 0.0009998873749394537 -0.041022158127297793 -0.01864702986399315 -0.031000936218864513 0.029154916654436782 0.027305092288459027 0.02159300217619714 -0.023040581335455744 0.0047191054839497981 -0.016355122662819816 -0.060069466483539127 -0.01865835216635767 0.0017835309769281011 -0.016004246842158659 0.0047769534563136332 -0.053640576979212262 -0.046257117663714813 0.020758484203306282 0.017992443731334348 0.0059208227311435668 0.010489966043892558 -0.015540319990171872 -0.0047197736529522478 -0.0093154044216151016 0.013855364300418345
leaf_weight=142.84204899519682 5.7697998452931634 9.2970149051398057 5.6515346597880187 50.787742965389043 7.9609662164002648 12.198750119656323 5.2060899273492387 6.9135339804925016 13.563117606565354 29.391701426357031 575.56323477067053 3.8032868350855997 22.479323217179626 9.5671444088220579 3.572567503899335 13.349993284791706 7.8057718696072689 28.303209248930216 5.290486240759491 10.437434982508423 4.9243738902732721 504.7158960159868 38.188801437616348 2.9401435554027584 72.410143850371242 4.9452795097604421 2.7462331242859364 64.607218909077346 23.076789110898972 3.2953534722328213 2.7357802195474568 11.973594304174187 28.033232567831874 16.48486639931798 1.0779349897056807 0.9372414760291562 7.9002516176551572 24.638676565140486 6.4120448622852555 2.1940941228531292 7.470973468385635 1.9212629701942203 8.4635629393160325 8.5113483890891057 4.4978353530168524 18.715992702171206 2.8191447481513014 1.5306256255134938 7.9755133707076293 7.6273022899404168 1.7751336880028246 18.803551107645035 7.3106515244580805 1.4688042141497133 17.064521264284849 52.244084522128105 80.970436830073595 102.61766874603927 5.6993647366762152 2.6733041731640697 0.69238002412021149 110.09779704362154
leaf_count=12728 66 64 90 3759 73 102 426 578 144 289 44008 301 2062 82 314 94 720 351 42 174 62 2709 269 84 535 99 126 870 214 94 158 75 271 127 42 35 61 321 343 87 327 45 71 69 96 338 63 84 167 117 55 218 616 116 165 535 1058 1216 125 72 17 1154
internal_value=-0.000214436 0.0354281 -0.0464845 -0.0185921 0.0179778 0.0135689 0.00800896 -0.00351499 0.046881 0.019994 -0.052494 -0.0458332 -0.0307089 0.0571688 -0.000443762 0.0183494 -0.0224655 0.00907268 0.0169498 -0.0174923 -0.00311008 0.0578109 0.0498245 -0.0240939 0.0526397 0.0016101 -0.0248654 0.00128725 0.0162935 -0.0206353 -0.0233679 0.0199305 0.0227573 0.0190321 -0.0538703 -0.0406714 0.0322188 -0.0026114 -0.0265293 -0.0215786 -0.016068 0.00366941 0.0146914 0.032392 -0.00461279 -0.00274264 -0.008197 -0.0317376 -0.00337933 -0.00866551 -0.0389983 0.013832 -0.046718 -0.0256841 0.0109367 0.0144672 0.00951944 0.0119541 -0.00308321 -0.0240751 -0.0504611 0.012531
internal_weight=2264.94 1279.4 985.542 174.699 709.733 615.798 330.123 123.911 93.9342 285.676 810.843 235.28 81.6433 569.669 116.998 273.477 59.1639 324.224 260.127 51.3582 43.0244 560.102 55.3861 35.2214 80.3711 35.3538 7.67061 113.425 254.836 31.4181 28.4779 102.858 73.4666 52.9817 153.637 10.7946 17.1973 29.584 25.1826 18.7705 14.2596 4.11536 36.4968 20.4849 48.8179 44.3201 25.6041 4.34977 21.2544 15.6028 4.51091 151.978 9.7167 2.40605 281.2 80.5473 200.653 119.682 16.1368 10.1443 5.89847 128.901
internal_count=79773 11105 68668 6476 7920 7168 4442 2717 752 2726 62192 18184 4647 3185 2139 2624 2585 3999 2530 1865 674 3103 394 1566 608 486 188 1825 2488 1265 1181 902 613 469 13537 809 125 420 1087 744 531 132 342 144 955 859 521 147 374 284 213 1586 767 151 3325 886 2439 1381 299 399 443 1372
is_linear=0
shrinkage=0.05


Tree=23
num_leaves=63
num_cat=0
split_feature=34 34 0 2 0 0 2 2 9 1 2 0 9 35 35 1 9 34 1 16 34 9 35 33 4 0 31 16 0 34 33 36 0 2 36 31 9 9 16 34 33 17 34 34 15 7 7 15 0 16 6 7 7 4 0 16 6 31 31 35 34 9
split_gain=1367.65 187.203 63.3174 36.1762 35.5312 10.0247 11.2339 7.45583 7.27117 6.45989 5.85611 11.3893 5.62226 4.07219 3.69802 3.05313 2.67794 2.04015 1.87097 1.47107 1.44026 1.23334 1.18783 1.10931 1.1762 1.03857 0.890966 0.887057 0.805134 0.744185 0.728439 0.787494 0.719957 0.701974 0.668921 0.665838 0.663639 0.97055 0.659882 0.656863 0.715623 0.840446 0.584279 0.576332 0.572434 0.569994 0.597552 0.565813 0.605905 0.593731 0.640795 0.626595 0.608042 0.544261 0.667325 0.643305 0.540835 0.771401 0.623661 0.526365 0.525058 0.467264
threshold=0.45749546587467199 1.789372503757477 0.47256414592266088 301.50000000000006 0.82440131902694713 0.63413780927658092 301.50000000000006 359.50000000000006 6.5000000000000009 4.5000000000000009 301.50000000000006 0.34688444435596472 5.5000000000000009 0.028174603357911113 0.028174603357911113 14.500000000000002 5.5000000000000009 0.66853418946266185 6.5000000000000009 0.81023353338241588 1.9097062945365908 2.5000000000000004 0.028991596773266796 9.5497125585097837e-06 2.5000000000000004 0.56445345282554638 6.5644903770589744e-06 1.2339948415756228 0.84018126130104076 0.3576525896787644 2.1639299120579384e-05 0.00036187561636324977 0.60720726847648632 61.500000000000007 0.0002213794432464056 0.00010557599671301433 4.5000000000000009 5.5000000000000009 0.66592633724212658 0.33426870405673986 3.1642812245991088e-05 2.2962551116943364 1.0968106389045718 1.0266245007514956 3.1035376787185673 132.50000000000003 21.500000000000004 0.22251007705926898 0.65641880035400402 1.0701051354408266 0.00066814888850785803 80.500000000000014 153.50000000000003 17.500000000000004 0.41990622878074652 1.0438910722732546 0.0001929654317791574 1.2740879810735352e-05 0.060622517019510276 0.060661764815449722 0.24240764975547793 4.5000000000000009
decision_type=2 2 2 2 2 2 2 2 2 2 2 2 2 2 2 2 2 2 2 2 2 2 2 2 2 2 2 2 2 2 2 2 2 2 2 2 2 2 2 2 2 2 2 2 2 2 2 2 2 2 2 2 2 2 2 2 2 2 2 2 2 2
left_child=2 4 10 8 5 7 9 17 13 -7 11 29 14 -4 -13 28 30 22 -16 21 27 38 -2 24 -21 39 -26 -3 -6 -1 33 -32 -9 42 -25 -28 53 -38 -20 40 41 -15 -11 -8 60 46 -35 -33 -49 -50 -51 59 -53 54 -24 -56 57 -19 -58 -52 -36 -48
right_child=1 20 3 -5 15 6 43 32 -10 16 -12 12 -14 25 18 -17 -18 56 19 23 -22 -23 36 34 26 -27 35 -29 -30 -31 31 47 -34 45 44 -37 37 -39 -40 -41 -42 -43 -44 -45 -46 -47 61 48 49 50 51 52 -54 -55 55 -57 58 -59 -60 -61 -62 -63
leaf_value=-0.053958142465982219 -0.030636654528148923 0.032265568061843448 -0.055073100468877402 -0.055062001535765008 0.039628355670710526 0.056570639248736412 0.042659742619866797 -0.055685609652406223 -0.055148016298589633 0.028519749949922374 -0.054986287213945176 -0.05486833927734263 -0.0519417635810423 0.017224663570976979 -0.046978192070563925 0.018761648104811939 0.041241084601358849 0.0067157909538482401 0.0014823668076112892 -0.043662763553593116 0.05822472346301958 -0.047221153283524525 0.015092561432147223 0.030273439307052803 -0.041930284026231571 0.005297739962600868 0.0059348088726255393 0.051849286032792707 0.056136964147330382 -0.019009000135711412 0.027941827928518084 0.0029149099149534115 -0.0008051404789695193 0.0021203997505220454 -0.022490490852536862 -0.014139969979597029 -1.0148535865028078e-05 -0.039760753218851683 -0.038153535373051634 0.0039231252754631414 0.0015066769575849057 -0.017407063593385206 0.013794568551885756 0.05962852874579936 0.016984403222918647 0.0050921520593246675 0.016627604730312964 0.0072376355587522511 0.014127685056261533 0.012732679295168987 0.024353142845639584 0.013374103250838883 0.030007864173873456 0.015084858428314913 -0.011728886861892171 0.0043007329849380355 0.0078248422395312631 0.017542883873787534 0.015626587798477892 0.041772942845001243 0.0054876839045140402 0.0022569616241935524
leaf_weight=147.37993369204924 3.0486534759402266 7.4362873230129471 3.3266341374255708 47.501792114693671 8.4644419923424703 10.296905025839804 7.3988514207303551 4.9846250144764772 6.4493869314901522 11.064672838896515 530.51762795774266 7.5188720971345893 21.707233128603548 1.9332556892186463 4.8087372430600217 6.759911958128213 10.295115208253263 24.08486670255661 3.0505256671458465 3.2168055381625917 482.41617634706199 5.4443347952328622 6.656741712242364 1.9209053954109538 2.1257636966183808 62.722092554904521 6.0331531660631326 25.99724785797298 57.947744866833091 1.5390750463120628 16.886900858953595 7.3064111582934848 0.67900540027767409 10.415084619075058 3.7294018194079381 13.097906091250477 4.8700590021908274 2.2427233858034015 1.6013275664299724 15.535516403615473 11.284081356599925 18.671629599295557 17.221862733364105 15.45911650918424 2.7943511381745338 31.739863583818078 53.259051498025656 13.160203550010918 40.757532209157944 13.615540008991955 9.3605513796210307 14.075822792947294 9.0113506279885751 8.7181370146572572 11.0979859251529 14.355130498297511 155.86479139328003 51.904613457620144 30.653332708403468 8.0795884951949102 3.0469513796269894 6.328679133206605
leaf_count=13965 97 62 314 3759 75 82 51 434 578 92 43333 745 2138 37 342 66 81 311 83 150 2801 332 90 30 82 870 160 177 488 90 129 80 13 128 132 435 60 100 72 229 183 506 182 109 53 386 557 157 405 141 77 140 72 123 158 192 1987 541 342 49 50 70
internal_value=-0.000233792 0.034688 -0.0459664 -0.018133 0.0178091 0.013949 0.0204195 0.00775076 -0.00350529 0.017695 -0.0521017 -0.0454195 -0.0302156 -0.000570109 -0.0221385 0.0507744 0.0162264 0.00877794 -0.0173009 -0.0142026 0.0575292 -0.0310674 -0.000374051 -0.00946829 -0.0154855 0.00107598 -0.0112214 0.0474935 0.0540329 -0.0535969 0.0152446 0.0178573 -0.0491061 0.0125871 0.00334657 -0.00780921 0.00155041 -0.0125439 -0.0121617 -0.00450757 -0.0086148 -0.0141577 0.0195545 0.0541359 -0.00205784 0.01065 0.01317 0.0163812 0.0172917 0.0186859 0.0221173 0.0252701 0.0198666 0.00400582 0.000997757 -0.00268845 0.0105556 0.0141112 0.00910702 0.0324233 -0.00991025 0.0151013
internal_weight=2140.87 1213.92 926.957 167.424 698.066 624.894 305.733 319.161 119.923 282.875 759.533 229.015 80.0963 113.473 58.389 73.1721 272.578 313.497 50.8702 46.0614 515.85 10.0962 50.9894 35.9652 24.4736 110.147 21.2568 33.4335 66.4122 148.919 262.283 132.254 5.66363 130.029 11.4916 19.1311 47.9408 7.11278 4.65185 47.4245 31.889 20.6049 28.2865 22.858 9.5707 101.743 70.0028 115.367 108.061 94.9004 54.1429 40.5273 23.0872 40.828 32.1099 25.4531 262.508 75.9895 186.518 17.4401 6.77635 59.5877
internal_count=79773 11105 68668 6476 8065 7436 2988 4448 2717 2828 62192 18859 4804 2139 2666 629 2746 4001 1921 1579 3040 487 820 1092 827 1825 677 239 563 14055 2665 1250 447 1415 265 595 723 160 155 955 726 543 274 160 235 1141 755 1121 1041 884 479 338 212 563 440 350 3181 852 2329 126 182 627
is_linear=0
shrinkage=0.05


Tree=24
num_leaves=63
num_cat=0
split_feature=34 34 0 2 0 0 2 2 9 35 2 0 9 35 35 9 11 11 11 0 9 35 11 16 9 8 12 34 0 33 35 0 35 35 8 8 8 0 33 36 4 2 14 19 9 36 14 34 0 17 14 33 14 8 16 36 19 14 33 8 33 34
split_gain=1252.15 178.465 60.6433 33.7963 33.4483 9.80986 11.0702 6.84881 6.67741 6.47646 5.92478 10.9715 5.35978 3.73391 3.6075 2.80885 2.44157 1.98202 1.91862 2.48809 1.33885 1.12001 1.10875 1.06825 1.06549 1.03018 0.982217 1.04893 1.25574 1.08943 0.879918 0.780901 0.798868 0.718884 0.810508 0.877192 0.940235 0.706324 0.646251 1.11754 0.997174 0.904644 0.7929 0.640705 0.681839 0.668736 0.609178 0.595234 0.590224 0.562584 0.549721 0.53556 0.685921 0.533836 0.532198 0.616677 0.711169 0.508399 0.486277 0.64644 0.481183 0.465953
threshold=0.45749546587467199 1.789372503757477 0.47256414592266088 301.50000000000006 0.84018126130104076 0.63413780927658092 301.50000000000006 359.50000000000006 6.5000000000000009 0.18333333730697635 290.50000000000006 0.34192904829978948 5.5000000000000009 0.028174603357911113 0.028174603357911113 5.5000000000000009 2.5000000000000004 1.0000000180025095e-35 9.5000000000000018 0.87428680062294017 4.5000000000000009 0.13392857462167743 2.5000000000000004 1.4279919862747195 5.5000000000000009 1124.0000000000002 1.0000000180025095e-35 0.33426870405673986 0.60720726847648632 3.1642812245991088e-05 0.069047622382640853 0.38622736930847174 0.048809524625539787 0.13392857462167743 4880.5000000000009 3439.5000000000005 3305.5000000000005 0.60720726847648632 0.00066282504121772956 0.0048799759242683658 12.500000000000002 61.500000000000007 5.0005793571472177 16.500000000000004 3.5000000000000004 0.001939429668709636 4.1666352748870858 0.3576525896787644 0.466158077120781 3.6133867502212529 4.3241107463836679 1.0079574622068323e-05 3.5694335699081425 2224.0000000000005 1.667269289493561 0.00020975532970624047 174.50000000000003 4.8559212684631357 1.3715287423110569e-05 3008.5000000000005 0.024355453439056877 1.3202291131019595
decision_type=2 2 2 2 2 2 2 2 2 2 2 2 2 2 2 2 2 2 2 2 2 2 2 2 2 2 2 2 2 2 2 2 2 2 2 2 2 2 2 2 2 2 2 2 2 2 2 2 2 2 2 2 2 2 2 2 2 2 2 2 2 2
left_child=2 4 10 8 5 7 9 16 13 15 11 47 14 -4 -13 33 20 21 19 23 25 31 -8 -3 -22 -2 27 28 29 49 -6 32 -16 34 35 36 38 -9 41 -40 -41 -7 46 -33 54 -46 -43 -1 -27 -15 -35 52 -34 -31 55 -45 60 -29 59 -19 -57 -42
right_child=1 18 3 -5 30 6 22 37 -10 -11 -12 12 -14 26 17 -17 -18 58 -20 -21 24 -23 -24 -25 -26 48 -28 57 -30 53 -32 43 51 50 -36 -37 -38 -39 39 40 61 42 -44 44 45 -47 -48 -49 -50 -51 -52 -53 -54 -55 -56 56 -58 -59 -60 -61 -62 -63
leaf_value=-0.053755133031595154 0.021248290529915954 0.020483932348994004 -0.054780262585407496 -0.054788064693432059 0.036430772631541423 0.021049231869576353 0.03565523788425598 -0.055280714591230011 -0.054843249227547623 0.056197776311314951 -0.054648847305876207 -0.054626307637344364 -0.051468517970407024 0.0031112283475075338 -0.05193001325824681 0.040802560539500508 0.01036623736326535 0.00099532344854831784 0.058257592411475094 0.057388795133328674 -0.0085637773304591183 -0.050620447831233095 0.059673238792119845 0.044505785506638466 -0.04954084852013315 -0.018850395012590677 0.02235732755762268 0.011744643711183014 0.0043660372242036605 0.012002358673109413 0.055947964201859546 0.0073614154183666283 0.0050434570818151088 0.030801746772487155 0.030218313912099299 0.0088006550654613751 0.030978822134256602 -0.00029430636490434452 0.039289524467745862 0.010955178426641966 0.028768988927215883 0.0047119823988876815 -0.0019377739857303511 0.011493140877837663 -0.018105487187121422 -0.053695959291774578 0.016520182965876175 -0.017543743223040649 0.0006999577736535855 -0.018059905899385244 0.016052950887139875 0.0064470842622122541 -0.05040214663398615 -0.0075597300985187901 0.016216492327925779 -0.031696639284213159 0.0045449216016039138 -0.0014228149384432264 0.0088014996889414117 -0.025343083788027979 -0.00012847756696252676 0.015548121202119023
leaf_weight=129.64458548603579 5.4296407634392372 8.5925808455795067 3.1006936482153824 44.389612583909184 6.5101382080465546 18.746908936649561 6.6681544035673168 4.6879630014300337 6.002990009263157 10.407150214537976 502.9999883081764 7.2538988473825148 20.650512370746583 3.6290393574163344 3.5319635085761574 10.955020999535916 262.90067089162767 6.0178564796224219 436.1276774816215 25.875916782766581 4.5966554116457692 3.4806133131496599 17.198072103783488 10.030775703489779 2.4223973504267633 4.6352584958076504 5.0700011663138858 21.337823862209916 28.612770894542336 6.8420301964506489 51.137101444415748 2.5942527623847154 0.82283310033381063 11.865883808583023 7.5381424054503432 67.977857191115618 9.3405710682272893 0.66713943146169175 5.7057002112269393 37.947701394557953 16.516211673617367 18.530474103987217 14.027916524559258 1.7079593082889939 2.8860927587375036 2.4320937530137599 26.60277209430933 1.1448696176521469 23.097971538081765 23.186165738850832 13.51233417727053 1.3440812500193713 1.7317880378104744 7.113359990529716 1.3683726964518417 7.8275368842296285 2.2443616669625035 11.167081668972967 6.0701363440603009 3.801150418817997 1.4272230574861167 11.172674927860497
leaf_count=13193 66 72 314 3759 65 182 51 434 578 94 44008 767 2184 78 286 92 3327 115 2689 204 62 315 133 75 126 99 60 299 405 92 453 69 39 91 58 782 84 13 40 410 133 231 187 37 90 154 285 71 321 592 132 53 150 135 34 332 59 164 97 108 31 114
internal_value=-0.000229425 0.0339933 -0.0454479 -0.0176827 0.017331 0.0139075 0.0202704 0.00762141 -0.00349117 0.0174922 -0.0517139 -0.0446157 -0.0296675 -0.000690249 -0.0217053 0.0160027 0.00861178 -0.0168602 0.0572485 0.0473586 -0.00286723 -0.0237759 0.0529627 0.0334224 -0.0227057 0.00133166 0.000877807 -0.000191022 -0.0036634 -0.00929846 0.0537439 -0.0206529 -0.0347056 0.0149557 0.0140892 0.0135526 0.0155895 -0.0484305 0.0146264 0.0180646 0.0162195 0.0114779 0.00844498 -0.0160095 -0.0190572 -0.0343816 0.0116721 -0.0534382 -0.00256764 -0.0151947 0.0229489 -0.0191014 -0.0325433 0.00203114 -0.0134658 -0.0165411 -0.020705 0.00722095 -0.0023234 -0.00920084 -0.0268284 0.0234343
internal_weight=2022.86 1151.43 871.434 160.452 670.798 613.151 304.714 308.438 116.062 280.847 710.982 207.982 77.1927 110.059 56.5422 270.44 303.083 49.2883 480.627 44.4993 40.1819 33.3992 23.8662 18.6234 7.01905 33.1629 106.958 101.888 69.3834 40.7706 57.6472 29.9186 7.43067 259.485 234.107 226.569 158.591 5.3551 149.25 71.3423 65.6366 77.9081 59.1612 22.4879 19.8936 5.31819 45.1332 130.789 27.7332 26.8152 25.3782 3.8987 2.55462 13.9554 14.5755 13.2071 11.4991 32.5049 15.8891 9.81901 9.25476 27.6889
internal_count=79773 11105 68668 6476 8065 7547 3099 4448 2717 2915 62192 18184 4920 2139 2736 2821 4001 1969 3040 351 674 1649 184 147 188 486 1825 1765 1302 897 518 1334 528 2729 2506 2448 1666 447 1582 697 657 885 703 806 737 244 516 13264 420 670 223 242 189 227 493 459 422 463 320 223 363 247
is_linear=0
shrinkage=0.05


Tree=25
num_leaves=63
num_cat=0
split_feature=0 11 11 0 0 2 2 35 9 11 2 35 35 12 9 0 11 2 0 9 35 0 9 16 0 35 8 35 2 16 6 35 11 16 16 8 32 0 8 16 36 17 36 8 8 18 2 8 9 17 19 17 35 31 2 0 8 8 32 2 0 5
split_gain=1043.99 154.645 149.877 45.4426 28.3564 30.5014 17.5527 7.54314 7.50448 5.43941 5.73728 4.9058 4.43886 3.20224 3.04891 2.86846 1.88558 1.7024 4.09666 2.96198 1.97593 1.51422 2.26484 1.37268 1.30296 1.28364 1.12242 1.33334 1.04779 0.932193 0.928934 0.894363 0.958229 1.06657 0.872386 1.15439 1.1453 0.84087 0.74052 0.721566 0.707426 0.706329 0.692552 0.669928 0.726035 0.6995 0.638051 0.619005 0.567465 1.04972 0.591072 0.783872 0.864863 0.676152 0.56288 0.53909 0.523556 0.486792 0.48595 0.484199 0.482622 0.469504
threshold=0.55173593759536754 2.5000000000000004 9.5000000000000018 0.82440131902694713 0.41990622878074652 301.50000000000006 503.50000000000006 0.18333333730697635 6.5000000000000009 1.0000000180025095e-35 384.50000000000006 0.028174603357911113 0.064583335071802153 1.0000000180025095e-35 5.5000000000000009 0.71797367930412304 1.0000000180025095e-35 301.50000000000006 0.32856854796409612 5.5000000000000009 0.028991596773266796 0.69146737456321727 5.5000000000000009 1.4564574956893923 0.85749366879463207 0.18333333730697635 4929.5000000000009 0.15476191043853763 297.50000000000006 0.64349994063377391 0.00091097099357284616 0.064583335071802153 8.5000000000000018 0.8692062795162202 0.57563483715057384 3325.5000000000005 2.1203035116195683 0.50713330507278453 3738.5000000000005 0.6554117500782014 3.3673582947812981e-05 17.554890632629398 0.00019971399160567674 2475.5000000000005 2824.0000000000005 54.500000000000007 283.50000000000006 4245.5000000000009 4.5000000000000009 1.9838695526123049 98.500000000000014 44.634216308593757 0.035098522901535041 0.00011680335228447804 57.500000000000007 0.40622702240943914 3113.0000000000005 2768.5000000000005 2.5356417894363408 293.50000000000006 0.34688444435596472 5073.5000000000009
decision_type=2 2 2 2 2 2 2 2 2 2 2 2 2 2 2 2 2 2 2 2 2 2 2 2 2 2 2 2 2 2 2 2 2 2 2 2 2 2 2 2 2 2 2 2 2 2 2 2 2 2 2 2 2 2 2 2 2 2 2 2 2 2
left_child=1 4 3 6 13 8 7 9 11 14 21 -6 -5 17 29 23 25 18 -1 20 -20 38 31 -9 28 37 27 34 30 -2 -14 40 33 -33 -22 43 55 48 42 -18 -23 -40 -11 45 -45 60 -31 -35 50 -50 51 52 -13 -52 -44 -37 -46 -39 -51 -48 -36 -41
right_child=2 -3 -4 12 5 -7 -8 15 -10 10 -12 16 24 -15 -16 -17 39 -19 19 -21 26 22 -24 -25 -26 -27 -28 -29 -30 46 -32 32 -34 47 35 36 -38 57 41 61 -42 -43 54 44 56 -47 59 -49 49 58 53 -53 -54 -55 -56 -57 -58 -59 -60 -61 -62 -63
leaf_value=-0.053789625869297322 -0.026085393253368696 0.0090703951750564591 0.058059619331492687 0.016854211136551139 -0.055522423821671642 -0.054584609713178189 -0.054688983479729218 -0.018585108178535144 -0.054585136859145338 0.025777658490967865 0.053748085661224611 0.00035260268333670383 0.043897673457652046 0.048189356939250888 -0.043319646539674642 0.058386739738299664 -0.017927979452029882 -0.054473149738395898 -0.053498922692097252 -0.054309959326297147 -0.049354166343656171 0.029938011607182825 0.043091169961205988 0.037602544704970146 0.055949176510820688 -0.055322041605348329 0.024819521497374739 -0.056603421877452875 0.058198931978285177 0.004569458221567348 0.017362983420605636 0.0073523240257710515 0.0014757749825558191 0.028316994617698751 -0.05596080235581341 -0.051547199466141919 -0.0027401631040991632 0.0095651400905070114 0.009124404595945405 0.0030890792124048955 0.011774465035376986 -0.0044774000088740546 0.017981597433825554 0.022011370930849344 -0.033612354900011403 0.014674791316156425 0.004485433375805252 0.013800326071365891 0.015934242976817559 -0.054455842512270439 0.013150008030424806 0.0055214565825247985 -0.038862534477918709 -0.012079898835785058 0.010759016507116531 -0.012854195796272134 0.0081368314245152257 -0.009215641429009094 -0.016776098943490979 -0.036312367800156779 -0.019641212582976728 0.018673436277347903
leaf_weight=119.23926464002579 3.0163105637766412 142.78732172399759 415.52466904558241 9.5022475346922857 4.9230407546274355 70.297000563703477 9.4857815788127464 2.0306367534212795 9.1398634277284128 9.7648121695965511 9.1519417036324722 1.8928441852331213 8.8615715093910712 0.78629254922270675 4.3323151767253867 12.85094094276428 3.6256374381482592 428.16913438914344 6.8508357163518658 17.302159067243338 2.6140953889116743 5.721505641937255 8.1907995250076038 2.339121927972883 71.396354705095291 1.6140474602580059 1.1441109324805427 3.1106859329156569 6.5653575491160145 36.559537286870182 5.2538956869393578 9.5793446600437147 5.9180200193077317 39.406078893691301 1.0548018631525353 5.1064850101247412 2.2008635532110929 6.905490010045467 48.510820761322975 32.361226591281593 85.001603659242392 11.882370878010986 33.137270221486688 2.6600117841735473 1.585208186414093 1.3331207782030103 1.2409252021461719 9.0253497976809722 0.97448474168777366 2.6108496407978241 3.7929323753342024 2.1534577440470457 5.4662335803732276 8.8556149452924711 145.07416452514008 1.0928468164056537 1.4268870996311305 6.8956854753196239 1.2728586951270697 1.7569404477253554 6.8850276507437229 5.6812786133959881
leaf_count=12993 102 1923 2749 98 479 6314 853 52 990 98 69 51 80 10 313 106 67 40214 751 2024 198 49 69 49 660 159 29 284 58 578 46 101 63 354 97 375 69 126 607 492 994 176 379 76 88 40 18 95 19 154 74 58 194 252 1797 41 52 145 51 127 295 81
internal_value=6.39041e-06 -0.0387264 0.035013 0.0189331 -0.0475779 -0.0294432 0.01267 0.0139888 -0.0114393 0.0127911 0.0145931 -0.00700974 0.0493903 -0.052648 -0.00335844 0.0464872 -0.00416999 -0.0527798 -0.0486033 -0.0372285 -0.0292548 0.0137217 0.0174688 0.011492 0.052748 -0.0115887 -0.0237576 -0.0256694 0.0416967 0.00070802 0.0340212 0.0161118 0.0206414 0.0225966 -0.0219627 -0.0188955 -0.0337258 -0.00985952 0.0112649 0.0033852 0.01292 0.00644825 0.0128124 -0.0105598 0.00297566 -0.0188392 0.00275106 0.0256118 -0.0149883 -0.0304644 -0.0115956 -0.0210116 -0.0287759 -0.00451418 0.012102 -0.0447262 -0.013835 0.00018142 -0.0421066 -0.0194247 -0.0244662 0.00541645
internal_weight=1924.89 913.812 1011.08 595.556 771.024 168.463 493.977 484.491 98.1655 467.27 420.364 89.0257 101.579 602.562 46.906 17.2207 84.1026 601.776 173.606 54.3671 37.065 411.212 162.843 4.36976 92.0772 42.4345 30.2141 29.07 20.6808 42.5737 14.1155 154.652 63.9288 58.0108 25.9593 23.3453 8.4002 40.8205 248.369 41.6681 90.7231 60.3932 187.976 14.9451 5.67211 9.27295 39.5574 48.4314 27.0193 4.85819 22.1611 9.51254 7.35908 12.6485 178.211 6.19933 3.0121 13.8012 3.88371 2.99787 7.93983 38.0425
internal_count=80005 69265 10740 7991 67342 9706 7049 6196 3392 5989 4851 2402 942 57636 1138 207 1923 57626 17412 4419 2395 4782 1725 101 844 1283 1644 1615 184 825 126 1656 613 550 1331 1133 485 1124 3057 640 1043 783 2274 648 216 432 723 449 853 224 629 303 245 326 2176 416 140 271 205 145 392 573
is_linear=0
shrinkage=0.05


Tree=26
num_leaves=63
num_cat=0
split_feature=34 34 0 2 0 2 35 9 35 0 2 35 2 35 0 2 0 9 33 11 9 11 0 33 34 11 35 0 35 32 18 33 8 35 0 9 16 35 2 7 36 11 17 35 8 8 9 2 32 17 35 35 16 35 32 32 18 7 2 5 31 18
split_gain=1059.51 172.162 41.6851 32.8678 28.6609 11.8952 7.80651 7.36582 6.23758 4.19168 4.63687 3.6764 2.64617 2.44414 2.3381 2.26004 4.97376 4.2297 2.34549 1.76205 1.71534 1.44057 1.91183 1.19146 1.16959 1.11761 1.96914 1.1416 1.06752 0.906713 0.833569 0.797357 0.785687 0.775293 0.771372 0.758133 0.748072 0.721171 0.693808 0.653023 0.892373 0.651654 0.623643 0.603561 0.639865 0.668957 0.700244 0.652499 0.599163 1.31025 0.581073 0.795432 0.578145 0.82282 0.992183 0.985471 0.97672 0.702049 0.656798 0.573663 0.570642 0.704111
threshold=0.3917622864246369 1.7190955281257632 0.43845599889755255 301.50000000000006 0.82440131902694713 503.50000000000006 0.18333333730697635 5.5000000000000009 0.064583335071802153 0.61582878232002269 310.50000000000006 0.028174603357911113 297.50000000000006 0.064583335071802153 0.70447415113449108 301.50000000000006 0.32856854796409612 4.5000000000000009 1.0079574622068323e-05 2.5000000000000004 5.5000000000000009 9.5000000000000018 0.85749366879463207 5.6888666222221227e-06 0.29026028513908392 2.5000000000000004 0.028991596773266796 0.51567912101745617 0.029857398010790352 2.1862554550170903 58.500000000000007 4.153394547756762e-05 3376.0000000000005 0.028174603357911113 0.64518225193023693 6.5000000000000009 0.66592633724212658 0.064583335071802153 269.50000000000006 128.50000000000003 3.5635437598102733e-05 8.5000000000000018 19.192852020263675 0.069047622382640853 4775.5000000000009 3551.5000000000005 2.5000000000000004 106.50000000000001 2.3242986202239995 9.4218811988830584 0.087121214717626586 0.074175827205181136 0.99090278148651134 0.074175827205181136 3.2412159442901616 3.725939273834229 45.500000000000007 69.500000000000014 127.50000000000001 2101.5000000000005 0.053900845348834998 42.500000000000007
decision_type=2 2 2 2 2 2 2 2 2 2 2 2 2 2 2 2 2 2 2 2 2 2 2 2 2 2 2 2 2 2 2 2 2 2 2 2 2 2 2 2 2 2 2 2 2 2 2 2 2 2 2 2 2 2 2 2 2 2 2 2 2 2
left_child=2 4 15 7 5 6 9 11 -3 12 20 -4 25 -6 -8 16 -1 18 28 -14 30 22 41 34 31 26 33 36 -18 50 37 -20 42 -2 43 48 -28 39 52 40 -11 -10 -33 44 45 47 -47 -13 -9 -50 51 -30 -39 54 -54 56 57 58 -55 -15 -27 -62
right_child=1 8 3 -5 13 -7 14 35 21 10 -12 23 19 59 -16 -17 17 -19 24 -21 -22 -23 -24 -25 -26 60 27 -29 29 -31 -32 32 -34 -35 -36 -37 -38 38 -40 -41 -42 -43 -44 -45 -46 46 -48 -49 49 -51 -52 -53 53 55 -56 -57 -58 -59 -60 -61 61 -63
leaf_value=-0.053462872838118507 -0.058606164731766511 0.015533186521430313 -0.05438727733955117 -0.054328435650193553 0.019061529998079602 -0.054328664640782343 0.014148550831055729 -0.059249292411090185 0.042453279963090923 0.030344485122444587 0.047150928192956763 -0.015053831495346415 -0.0523364170231621 0.037575423614741241 0.058065139591541685 -0.054243117027456336 -0.053572474837917029 -0.052360564100201151 0.028232661306192272 0.012294555619508457 0.03578974306975119 0.057840843089666839 0.055107286907844256 0.0054662825811550237 0.034190588135000047 0.0084518681863211941 -0.033984780161578354 0.010183170877847605 -0.032777596451880268 -0.0074163689416240396 0.031909314575499025 0.0096199516517519665 -0.047219121415080112 -0.0074012233338761058 0.006778098532122967 -0.054229938560137358 -0.0023674223313204421 0.011611476043605217 0.0023624524242380849 0.0066682971260724234 0.012326889935091456 0.020084968321610615 -0.02302373434731839 -0.017976648733697694 0.018937446829124169 -0.0063571485552599092 -0.03562328331110455 0.0031506165619775983 0.030990786443060359 -0.038403312341814856 -0.051263830231368462 0.0087621024620070289 0.048191111468165918 0.038086876434567318 0.020708813572592504 0.028634312554796332 -0.00042224015338283182 0.011627553041123147 0.01447428358132706 0.055137953840020439 0.020722736687514291 0.0026256706041304246
leaf_weight=111.16092157550156 1.817692454904317 9.3302578181028348 3.3854606612585476 57.952679702080786 5.8343361280858508 6.6941406228579572 4.048145018983635 1.1321381577290575 7.1806722236797196 7.374635260552167 11.420707162469624 7.2537325611338082 3.0587348276749244 5.1978779453784218 12.058722786605356 409.35371146351099 4.9321694304235306 21.848378649214283 1.0949854096397738 1.6094862297177313 9.2636079080402833 383.29313996899873 30.657715298235416 38.088113342411816 1.6519102081656445 190.79618745669723 2.1208311999216702 26.841062617488205 9.6278705867007393 4.3472880045883349 6.2761574052274218 2.5942702097818255 1.7130206171423195 1.2459468524903059 9.745712071657179 7.6477593211457133 15.870089494623242 26.010397270321846 7.7293020337820044 50.486122496426105 100.85787069797516 5.9574121814221144 3.3556000129319727 12.711282533127813 2.5419798428192726 4.6169302249327284 3.6674661957658827 15.314308424480258 0.98579357145354185 2.1943981125950813 3.4796776594594112 1.3091346356086422 5.3199172131717196 6.4719433933496493 8.5823698714375478 14.66999654099345 9.5934454537928087 17.699426583945751 5.4040632955729961 44.086409772746265 20.933197926729921 7.2316285520791999
leaf_count=12994 128 96 384 5609 61 689 85 78 59 62 96 191 255 52 111 41131 560 2594 33 21 90 2721 278 619 21 2655 70 385 619 158 56 102 123 26 134 881 323 295 89 683 1222 59 178 393 41 87 99 307 17 132 313 58 37 56 89 130 116 196 56 458 239 105
internal_value=-1.97958e-06 0.0317868 -0.0458669 -0.0238893 0.0152042 0.0119379 0.0127096 -0.00774779 0.0559757 0.0117202 0.0159316 -0.00319733 0.00726637 0.049663 0.0470276 -0.0522428 -0.047343 -0.0351849 -0.0241821 -0.0300533 0.0146386 0.0568593 0.0482686 -0.00135251 -0.00439921 0.00791922 0.00100073 0.00365096 -0.0328728 -0.0274318 0.0139033 -0.011678 -0.017381 -0.0377817 -0.00600262 -0.0447771 -0.00609458 0.013469 0.0167609 0.0113641 0.0135546 0.0323105 -0.00879039 -0.00870418 -0.0051747 -0.00716134 -0.0193131 -0.00270059 -0.0280127 -0.0168926 -0.0334674 -0.0278054 0.017948 0.020381 0.0312253 0.0175808 0.0134409 0.0179378 0.0273422 0.0532857 0.00943257 0.0160761
internal_weight=1816.73 1073.02 743.707 167.238 636.604 581.486 574.792 109.285 436.419 558.685 287.16 97.325 271.525 55.1186 16.1069 576.469 167.115 55.9543 34.1059 4.66822 275.739 427.089 43.7958 93.9395 10.4098 266.857 47.8956 44.832 23.6961 18.764 266.476 8.75788 7.66289 3.06364 55.8514 11.9601 17.9909 260.199 101.481 158.719 108.233 13.1381 5.94987 46.1057 33.3944 30.8524 8.2844 22.568 4.31233 3.18019 14.4167 10.937 93.7516 67.7412 13.9023 53.8389 39.1689 29.5754 11.876 49.2843 218.961 28.1648
internal_count=80005 12149 67856 8972 8936 8365 7676 3363 3213 7480 3273 2255 4207 571 196 58884 17753 4759 2165 276 3177 3117 396 1871 457 3931 932 778 1708 1148 3087 436 403 154 1252 1108 393 3031 1064 1967 1284 118 280 1118 725 684 186 498 227 149 990 677 975 680 126 554 424 308 112 510 2999 344
is_linear=0
shrinkage=0.05


Tree=27
num_leaves=63
num_cat=0
split_feature=0 11 11 0 0 3 3 11 1 9 1 1 9 3 12 3 3 0 9 1 0 1 9 11 0 32 16 33 1 33 16 31 16 32 13 4 33 32 7 36 36 8 7 11 8 8 3 0 36 16 6 32 15 5 32 6 36 1 5 1 32 9
split_gain=877.495 148.108 121.896 42.3486 21.11 22.9857 18.8051 7.67344 8.42438 5.49371 4.15315 3.69459 3.67996 3.54542 2.69174 1.73237 1.64438 3.79235 2.68381 1.71806 1.45114 2.02792 2.38971 1.37174 1.25256 1.31348 1.22361 1.09267 0.901269 0.876127 0.825275 0.785571 0.763391 0.753864 0.684871 0.679155 0.988862 0.713201 0.666336 0.622269 0.613273 1.27056 0.59951 0.592796 0.558246 0.623022 0.587227 0.53173 0.52141 0.519435 0.578288 0.714876 0.491178 0.488945 0.486538 0.501507 0.505662 0.627541 0.47655 0.494925 0.456472 0.444467
threshold=0.53557664155960094 9.5000000000000018 2.5000000000000004 0.82440131902694713 0.41990622878074652 5.7120797634124765 6.223567247390748 1.0000000180025095e-35 4.5000000000000009 6.5000000000000009 14.500000000000002 34.500000000000007 5.5000000000000009 5.9545402526855478 1.0000000180025095e-35 5.6852777004241952 5.7120797634124765 0.32856854796409612 5.5000000000000009 33.500000000000007 0.69146737456321727 14.500000000000002 5.5000000000000009 1.0000000180025095e-35 0.89126482605934154 4.8486206531524667 1.4471289515495303 2.5767039915081118e-06 4.5000000000000009 1.703203736269643e-06 1.0005812048912051 1.9429517124081034e-05 2.5432109832763676 1.8084095120429995 1.0000000180025095e-35 1.5000000000000002 3.8671239508403241e-06 2.9357990026474003 129.50000000000003 0.090348165482282652 0.0010092749726027252 3610.5000000000005 131.50000000000003 7.5000000000000009 3895.5000000000005 4069.0000000000005 4.0689902305603036 0.7464265525341035 0.0039977431297302255 0.6554117500782014 0.0038526291027665143 2.1862554550170903 5.613020896911622 4492.5000000000009 3.5323488712310795 0.00017425348778488117 0.00012201024583191612 14.500000000000002 5592.5000000000009 6.5000000000000009 1.8979866504669192 1.5000000000000002
decision_type=2 2 2 2 2 2 2 2 2 2 2 2 2 2 2 2 2 2 2 2 2 2 2 2 2 2 2 2 2 2 2 2 2 2 2 2 2 2 2 2 2 2 2 2 2 2 2 2 2 2 2 2 2 2 2 2 2 2 2 2 2 2
left_child=2 3 4 6 14 9 7 12 -9 11 24 23 15 20 16 35 17 -1 19 28 44 22 30 27 25 26 -5 58 -19 33 -22 -31 -23 52 -29 -2 37 38 -37 42 -25 -42 43 -32 46 -46 -10 -44 -28 -35 51 -51 -30 61 55 56 -47 -58 59 -6 -52 -48
right_child=1 -3 -4 10 5 -7 -8 8 13 -11 -12 -13 -14 -15 -16 -17 -18 18 -20 -21 21 32 -24 40 -26 -27 48 34 29 31 39 -33 -34 49 -36 36 -38 -39 -40 -41 41 -43 47 -45 45 54 53 -49 -50 50 60 -53 -54 -55 -56 -57 57 -59 -60 -61 -62 -63
leaf_value=-0.053264380899586419 0.015053352833422831 0.05769136925228803 0.0083824861437975622 0.024496132543858302 -0.042323385566197129 -0.054130637497448855 -0.054184003403815406 0.052606489863994493 0.017146030499687669 -0.054025689480619934 0.015702951558461655 -0.054793982236133111 -0.045207316743309814 0.045469754350583737 0.045037602933912783 -0.04136294425690594 -0.054032771834353691 -0.055327950301628126 -0.053876959384300607 -0.052795633892058338 0.010268988705367604 0.012552803658919174 0.052125867165913775 0.012585723517593145 0.05741149606409595 0.057445378510075064 0.056393300411801017 0.0068445866510603651 -0.045654670031920253 0.026344787832305205 0.030125654396067222 -0.014277436277106245 -0.010481635774809274 -0.04808973511085262 -0.01950285210848654 -0.036054395850971886 0.0074554631933761552 -0.0025384926068359043 -0.0034528079852784391 0.036491679469157629 0.0017422100439949875 -0.033061281184655018 0.021129672679468678 0.012016006443024797 -0.0066762069073170284 0.0072085476360043352 0.012546962214352145 -0.00019733970373623169 0.034842101188931641 -0.036229224195887678 0.023582024530703839 0.0033554318332273247 0.0023440371049397719 0.017810541066562876 -0.0065527623371920002 0.00043156945275073542 0.032803454423329707 0.011641105536522318 -0.042845039821524239 -0.014539394547630483 -0.012084457275438852 0.0068504309869671367
leaf_weight=103.48735499032773 7.2753201564773908 360.32510341051966 114.17099110223353 10.010987896472217 1.7520045856945277 57.492837578523904 10.805133812129496 14.177517872303723 39.271104043349624 7.2709909309633067 8.7405759990215284 4.0535890227183691 5.3144093998707822 8.4452807754278165 0.71200717985629935 2.5403921580873421 372.73026197310537 2.015887483488771 15.003713672515003 5.9431421295739701 15.702789045870302 80.996787562966347 6.4575435053557149 9.1972712185233814 45.920607669278979 12.991031629033385 7.3903222698718292 8.7764878622256202 5.5144395278766813 1.4592527728527773 17.516034642234448 6.4534677634947002 3.7640859000384799 1.3739691926166404 3.4305280554108313 3.8552454123273519 16.148622304201126 13.102338792756198 2.6409752788022161 7.7464190479367963 21.035786545369778 2.9958127327263346 6.5870443098247033 6.0899138860404483 8.2560754343867284 17.031748263165358 59.927416606340557 5.2535680197179317 4.5249999277293682 4.2411595396697503 1.2849758588708935 1.5601102607324717 0.59001907147467125 19.152487826533616 4.9892909796908489 10.406426134519277 5.7251478955149642 9.0258830189704877 1.9372155531309534 18.825892106164247 2.9718012325465679 79.890800691675395
leaf_count=12993 113 2749 1670 94 155 5922 1121 145 488 914 98 459 466 80 10 243 40214 225 2024 751 179 1000 60 147 481 141 76 171 476 35 167 282 52 125 99 107 262 246 58 67 338 64 70 67 122 246 791 63 52 261 41 47 32 243 75 168 47 116 90 665 120 1122
internal_value=-8.39325e-06 0.0325348 -0.0393311 0.0168433 -0.0475586 -0.030061 0.0110437 0.0125204 0.0147102 -0.0126051 0.0484441 -0.00842247 -0.00583349 0.0134069 -0.0521139 -0.00124097 -0.0522458 -0.0478608 -0.03631 -0.0284206 0.0127363 0.0166328 0.0232512 -0.00565619 0.0519843 0.0448468 0.0373823 -0.0126058 -0.0231461 -0.0205969 0.0200852 -0.00678594 0.0115299 -0.0268287 -0.000559813 0.00112815 -0.00170593 -0.00925464 -0.0228005 0.0236539 0.00160576 -0.00259644 0.0208484 0.0254537 0.0104305 0.00599496 0.0116709 0.0116671 0.0482089 -0.0192532 -0.015314 -0.0255839 -0.0410154 0.0103183 0.00821238 0.0099585 0.0130778 0.0198546 -0.0191368 -0.0169049 -0.00131796 0.00929202
internal_weight=1714.28 937.999 776.281 577.674 662.11 136.768 488.096 477.291 426.413 79.2756 89.5785 72.0046 50.8773 412.236 525.342 45.5629 524.63 151.899 48.4119 33.4082 403.791 150.114 65.3533 67.951 80.8379 34.9173 21.9263 34.7221 27.4651 25.4492 58.8958 7.91272 84.7609 17.5365 12.207 43.0225 35.7472 19.5986 6.49622 43.193 33.2289 24.0316 35.4466 23.6059 253.676 55.4346 198.242 11.8406 11.9153 11.432 10.058 5.80127 6.10446 158.971 47.1785 42.1892 31.7828 14.751 22.5151 20.5779 4.25678 139.818
internal_count=80005 11675 68330 8926 66660 9024 7984 6863 5368 3102 942 2188 1495 5223 57636 1029 57626 17412 4419 2395 5143 1725 673 1729 844 363 222 1180 1644 1419 613 317 1052 1102 270 786 673 411 165 434 549 402 367 234 3418 774 2644 133 128 594 469 308 508 2156 652 577 409 163 910 820 161 1913
is_linear=0
shrinkage=0.05


Tree=28
num_leaves=63
num_cat=0
split_feature=34 34 0 2 0 2 1 9 1 35 0 1 2 0 1 2 0 9 9 2 1 2 33 11 11 0 16 9 11 35 33 0 4 16 7 36 32 0 34 8 2 5 35 36 7 8 11 5 17 35 1 8 2 16 36 32 1 36 7 5 36 5
split_gain=889.725 155.986 38.8643 29.0884 25.1962 9.96821 6.19944 6.1223 5.88217 3.4546 3.32417 3.72739 6.02227 2.65762 2.26645 2.21086 4.6627 3.79352 2.14859 2.14047 1.95582 1.80699 1.71589 1.51005 1.2914 1.80432 1.21964 1.99874 1.13935 1.64222 1.12553 0.947152 0.854962 0.782959 0.777253 0.826475 0.771336 0.746782 0.739018 0.730343 0.689498 0.636382 0.631117 0.604064 0.590873 0.586396 0.583055 0.559547 0.492707 0.477991 0.646062 0.485698 0.46474 0.585082 0.706317 0.687758 0.881656 0.729692 0.698389 0.472142 0.457185 0.454209
threshold=0.3917622864246369 1.7190955281257632 0.43845599889755255 301.50000000000006 0.82440131902694713 503.50000000000006 4.5000000000000009 6.5000000000000009 14.500000000000002 0.028174603357911113 0.61582878232002269 14.500000000000002 310.50000000000006 0.70447415113449108 14.500000000000002 301.50000000000006 0.32856854796409612 4.5000000000000009 5.5000000000000009 297.50000000000006 33.500000000000007 290.50000000000006 1.0079574622068323e-05 2.5000000000000004 9.5000000000000018 0.85749366879463207 0.64349994063377391 2.5000000000000004 2.5000000000000004 0.028991596773266796 5.6888666222221227e-06 0.51567912101745617 1.5000000000000002 0.66592633724212658 128.50000000000003 3.5635437598102733e-05 2.1862554550170903 0.61582878232002269 0.29026028513908392 1996.5000000000002 75.500000000000014 1348.5000000000002 0.028174603357911113 0.0002213794432464056 151.50000000000003 3376.0000000000005 8.5000000000000018 2101.5000000000005 19.192852020263675 0.087121214717626586 12.500000000000002 3749.0000000000005 269.50000000000006 0.99090278148651134 0.012348865158855917 3.7861274480819707 12.500000000000002 0.0015884343883953991 90.500000000000014 4702.5000000000009 0.00060731515986844908 1143.5000000000002
decision_type=2 2 2 2 2 2 2 2 2 2 2 2 2 2 2 2 2 2 2 2 2 2 2 2 2 2 2 2 2 2 2 2 2 2 2 2 2 2 2 2 2 2 2 2 2 2 2 2 2 2 2 2 2 2 2 2 2 2 2 2 2 2
left_child=2 4 15 7 5 6 13 9 24 -4 19 12 18 -2 47 16 -1 20 52 28 22 34 36 -21 25 46 27 -11 29 42 32 33 37 -31 35 -13 49 -28 43 -29 44 -42 -8 -24 -34 48 -3 -6 -45 50 -18 60 53 54 -12 56 57 59 -59 -55 -52 -30
right_child=1 8 3 -5 14 -7 10 -9 -10 26 11 21 -14 -15 -16 -17 17 -19 -20 23 -22 -23 38 -25 -26 -27 30 39 61 31 -32 -33 40 -35 -36 -37 -38 -39 -40 -41 41 -43 -44 45 -46 -47 -48 -49 -50 -51 51 -53 -54 55 -56 -57 -58 58 -60 -61 -62 -63
leaf_value=-0.052965892364177092 0.008748110559613621 0.041570985742130251 -0.05393336866951233 -0.053921861425007191 0.035917253566864475 -0.053899470848601611 -0.057797793549203225 -0.053813991779399245 0.014514437843258768 0.0042156918856735472 -0.0039416436464452314 0.030177742229099705 0.06035126220057372 0.057674240748411036 0.018173381914912062 -0.053843693161978824 0.0069021470067072242 -0.051731079552978509 0.046381094357938635 -0.051599428498622014 -0.052353410680175454 -0.018124920731493997 0.029360915916172788 0.011461032546576334 0.057475677680443517 0.055004573651704018 -0.0015570446943776021 -0.014038075158171036 0.015171296153479178 -0.035477871343995347 0.0065686160046318012 0.0089391400786316723 -0.033097537542219634 -0.0024228352565470626 0.0055735790322066249 0.012174511549321107 -0.0078710124378700234 0.029928221740057732 0.032681888519000807 -0.059990644050727231 -0.029789846247915794 -0.0036089476053900609 -0.0095254545673233802 0.013147817767541009 0.00018719532811348094 -0.043270480149355368 0.019203839037488287 0.054557612655952797 -0.019065814164012717 -0.050005630088910603 0.0123648168380096 -0.052498429476923028 0.0044490018680263255 -0.0078875212925441224 0.015787138288110441 0.02939954507251304 0.030526351885156695 0.027479783288939876 0.0094906571976548677 0.011015097951067905 -0.029885125607406034 0.0081691822694600399
leaf_weight=96.435068910708651 3.7911184863187364 6.4608057085424644 3.3624336528591803 50.305047562578693 4.4931373232975593 5.8154524010606101 1.5771651812829068 6.64335580356419 8.5455847568809968 3.9741824734956008 6.0088115818798569 6.8362518483772865 9.3333742115646583 10.361307188868521 5.3686790056526652 356.04439372615889 1.2056673523038721 18.996210977202281 6.4211125168949357 2.6317834886722258 4.8920758361928156 5.5504624480381599 1.0195819931104759 1.4849921576678751 332.13616122025996 26.552415877580643 5.4390625995583815 1.2538487683050332 26.673475343734026 2.0375183029100326 33.397512843366712 24.82195564173162 4.5244757584296158 14.833479614928363 46.368811106309295 94.447519752196968 4.1096819019876412 2.8807807993143797 1.4776851907372472 2.785709326621145 2.4982769805937997 32.723498870618641 1.1864712289534509 2.1806004880927503 1.8904611454345284 1.2160269869491456 5.3067304659634829 38.718675927259028 2.6050261179916561 3.0558601422235361 0.71318954089656283 2.202525510918349 7.3808898814022532 4.5534644089639214 18.51753481850028 15.007637433707712 9.8172597400844079 12.500821743160488 9.4920645840466005 12.033629903569816 6.2644792627543211 175.82227962650359
leaf_count=12994 85 59 444 5609 52 689 128 881 96 87 84 63 89 111 61 41131 58 2594 62 255 653 63 27 21 2721 278 137 37 353 70 568 385 129 323 681 1230 163 32 19 177 62 759 26 76 50 84 59 458 122 313 29 188 91 65 217 142 96 124 118 148 433 2646
internal_value=-2.05022e-05 0.0305483 -0.0450204 -0.0228388 0.0143346 0.0112056 0.0119207 -0.00741425 0.0555269 -0.00416028 0.0110241 0.0149383 0.0219124 0.044568 0.0488127 -0.051717 -0.0465441 -0.0341431 0.0183859 0.00690415 -0.0233454 0.00988227 -0.0178979 -0.0288524 0.0564729 0.0477818 -0.00232857 -0.0209595 0.00750022 0.000251992 -0.000537377 0.00272615 -0.00528795 -0.00641491 0.0109351 0.0133897 -0.0268276 0.00934486 0.000542954 -0.0457273 -0.00821188 -0.00546596 -0.0370737 -0.00622099 -0.0232886 -0.0122658 0.0314842 0.0526194 -0.00438747 -0.0326233 -0.0275089 -0.0320282 0.0164999 0.0175114 0.0109537 0.0200481 0.0171482 0.013744 0.0197157 0.00582598 -0.0255667 0.00909153
internal_weight=1616.99 962.889 654.097 151.679 583.887 535.307 529.491 101.374 379.002 94.7302 515.339 264.27 111.067 14.1524 48.5805 502.418 146.374 49.9386 101.733 251.069 30.9424 153.203 26.0503 4.11678 370.456 38.32 91.3678 8.01374 246.952 44.4566 83.3541 41.693 49.9566 16.871 147.653 101.284 17.5514 8.31984 8.49892 4.03956 41.6367 35.2218 2.76364 7.02124 6.41494 6.00165 11.7675 43.2118 4.78563 13.4417 10.3859 9.18019 95.3121 87.9312 24.5263 63.4049 48.3972 38.58 21.9929 16.5871 6.97767 202.496
internal_count=80005 12149 67856 8972 8936 8365 7676 3363 3213 2482 7480 3273 1236 196 571 58884 17753 4759 1147 4207 2165 2037 1512 276 3117 396 2038 301 3931 932 1737 778 1169 393 1974 1293 1184 169 328 214 1000 821 154 309 179 282 118 510 198 1021 708 650 1085 994 301 693 551 455 242 213 462 2999
is_linear=0
shrinkage=0.05


Tree=29
num_leaves=63
num_cat=0
split_feature=0 11 11 0 0 3 3 11 1 9 1 35 9 3 12 1 3 0 1 9 0 3 0 9 1 11 3 33 8 35 36 8 36 16 6 8 16 0 0 19 19 35 0 16 3 16 13 0 8 19 6 0 7 15 36 7 16 33 31 15 0 15
split_gain=737.047 133.539 106.675 36.8632 19.8223 21.9115 15.8677 6.25941 6.62838 5.2164 3.81838 3.43498 2.94915 2.92618 2.23583 1.96445 1.30173 1.26909 1.88379 2.08148 1.2471 1.14506 2.71389 1.93067 1.25784 1.12196 1.00192 0.927073 0.844136 0.809142 0.754797 0.740119 0.945332 0.724085 0.694239 1.17703 0.643555 0.610691 0.591664 0.574083 1.1765 0.608737 0.557552 0.528553 0.519904 0.587692 0.513806 0.496052 0.468188 0.50313 0.553624 0.48898 0.488671 0.671799 0.459295 0.543937 0.449621 0.448335 0.422141 0.420712 0.573141 0.418657
threshold=0.53557664155960094 9.5000000000000018 2.5000000000000004 0.82440131902694713 0.41071836650371557 5.7120797634124765 6.223567247390748 1.0000000180025095e-35 4.5000000000000009 6.5000000000000009 14.500000000000002 0.028174603357911113 5.5000000000000009 5.9545402526855478 1.0000000180025095e-35 4.5000000000000009 5.6852777004241952 0.69146737456321727 14.500000000000002 5.5000000000000009 0.85749366879463207 5.7120797634124765 0.32856854796409612 5.5000000000000009 32.500000000000007 1.0000000180025095e-35 5.6987686157226571 2.5767039915081118e-06 4929.5000000000009 0.15476191043853763 0.0044021762441843757 3325.5000000000005 0.0036093092057853941 2.5101093053817753 0.00026414840249344712 3535.5000000000005 1.0005812048912051 0.70447415113449108 0.7464265525341035 94.500000000000014 21.500000000000004 0.032795699313282974 0.37440276145935064 0.59834617376327526 5.4445774555206308 3.1163259744644169 1.0000000180025095e-35 0.47982701659202581 3696.0000000000005 113.50000000000001 0.00012729549052892256 0.61582878232002269 44.500000000000007 6.4254095554351816 0.095145933330059065 131.50000000000003 0.68866825103759777 0.00052980607142671954 0.00070479774149134766 1.4105218648910525 0.7464265525341035 1.2362374067306521
decision_type=2 2 2 2 2 2 2 2 2 2 2 2 2 2 2 2 2 2 2 2 2 2 2 2 2 2 2 2 2 2 2 2 2 2 2 2 2 2 2 2 2 2 2 2 2 2 2 2 2 2 2 2 2 2 2 2 2 2 2 2 2 2
left_child=2 3 4 6 14 9 7 12 38 11 20 -6 16 17 21 -13 37 44 19 36 26 22 -1 24 28 27 30 39 29 31 -5 32 -24 -20 -27 58 -19 56 -9 40 47 -41 -33 -34 45 48 -29 -17 49 50 -10 -51 53 -52 55 59 -2 -58 -36 -38 -61 -48
right_child=1 -3 -4 10 5 -7 -8 8 13 -11 -12 15 -14 -15 -16 25 -18 18 33 -21 -22 -23 23 -25 -26 34 -28 46 -30 -31 -32 42 43 -35 35 -37 54 -39 -40 41 -42 -43 -44 -45 -46 -47 61 -49 -50 51 52 -53 -54 -55 -56 -57 57 -59 -60 60 -62 -63
leaf_value=-0.052789894673294174 -0.021408763500730784 0.057342048554396174 0.0079191714122945917 0.041121742863500094 -0.054233719094189316 -0.053756305104322381 -0.053790030808911461 0.034839856080313085 0.028602748279464647 -0.053632493737839487 0.014976058042560201 -0.056979535052164493 -0.043362596300393547 0.043512223295127307 0.046859136233558557 -0.022319331698049713 -0.039027586336238033 0.010510985400870329 0.011888105856279968 0.051235129021100723 0.055073142136379288 -0.053662212929699485 0.011626070017674621 -0.053507705799560483 -0.051011838519703735 0.01302088857864438 0.057604629985287682 0.0062885938389590562 0.025430344953305151 -0.055079965375553756 0.014457928928761469 -0.055428725729930711 -0.049687046474862689 -0.011206279774344033 -0.014852847449955601 -0.032022427389945561 0.035344461911193913 0.012602274483669476 0.05772982186717647 -0.038314144321805924 -0.040901600314611916 -0.0065311129475269418 -0.02361830302029758 -0.017450355195781982 0.0056086432164526457 -0.0078069193754729234 0.0006999937497502868 0.019086103752685116 0.007293130430439285 0.0039416009415982464 0.02802597970474148 0.013808848267881358 0.011802081311841446 0.0084004377908157134 0.034560134994666897 0.011207702755078132 -0.0040923217832366833 0.01063227988803543 0.0046894896025701394 0.0091120367366920429 0.028865271680510174 -0.034201627252880652
leaf_weight=89.76469074934721 2.8455251976847675 312.29314236529171 105.06050893850625 6.9768387023359555 3.9586955423001191 56.866325482958928 9.3944513821043056 4.3167805080302051 7.4801734574139109 7.1916329842060795 8.0132152810692769 1.8607336385175575 4.6191201098263255 7.5843490376137188 0.57205499708652396 1.4523424655199071 2.1646548104472449 14.306036811321972 74.106438867747784 5.7546702222898594 53.966413138434291 317.19936457485892 2.5689755813218786 11.900894438847898 5.2648260756395748 9.5923896571621281 5.1483101034536949 8.6056009689345938 0.84078452410176296 2.0985756593290708 4.2838078029453754 2.4096450870856634 1.5094412090256799 3.5569455027580252 3.3173459433019223 3.0314136194065204 6.7241258807480362 8.5779663454741222 8.1587711581960303 1.7452471749857057 5.6507824617438018 11.0144054912962 3.2158218785189092 8.0673820911906642 54.239965388551354 3.9788246667012563 1.7354391040280455 1.4411270711570976 45.999564464204013 23.244516069069505 12.426916602998974 27.304045513272285 52.264097712002695 6.7176663791760793 6.9473181813955298 10.765657013282178 21.549249934032563 6.8011515806429079 16.549042916856706 6.4922916945070019 8.453911889344452 1.7017890349961815
leaf_count=12993 93 2749 1670 80 527 6733 1121 60 78 1053 98 188 466 80 8 67 243 179 997 60 660 39403 107 1859 733 164 58 176 25 258 46 265 149 55 60 71 63 138 85 85 289 395 179 458 838 72 43 33 691 378 137 365 758 101 66 133 442 113 281 85 87 58
internal_value=-2.82319e-05 0.0314504 -0.0384463 0.0160537 -0.0468286 -0.0300992 0.0105049 0.0118859 0.0139504 -0.0130374 0.0476792 -0.00896316 -0.00544422 0.012768 -0.051926 -0.00631592 -0.00126789 0.0121391 0.0159578 0.0226568 0.0514029 -0.052053 -0.048054 -0.0368302 -0.0291892 -0.00488402 0.0393323 -0.0113268 -0.0236417 -0.0257182 0.0309782 -0.0222509 -0.0153066 0.0108304 0.00172861 -0.00300198 0.0195937 0.000787149 0.0498095 -0.0175949 -0.0276251 -0.0108784 -0.0372442 -0.0225313 0.00989822 0.011195 -0.000238485 -0.00169686 0.011626 0.0131658 0.0156611 0.00927144 0.0143054 0.0211395 0.022893 0.0203941 -0.00246166 -0.000559947 0.00142625 0.0249578 0.0202849 -0.01658
internal_weight=1523.64 837.457 686.187 525.164 581.127 135.714 446.775 437.381 390.823 78.848 78.3886 71.6564 46.5577 378.348 445.412 67.6977 41.9385 370.763 137.107 59.444 70.3754 444.84 127.641 37.8763 25.9755 65.8369 16.409 33.3467 20.7106 19.8698 11.2606 17.7713 12.1458 77.6634 32.4902 22.8978 53.6893 39.7739 12.4756 21.3039 8.54425 12.7597 5.62547 9.57682 233.656 179.416 12.0428 2.89347 175.437 129.437 78.8889 50.5486 71.4087 19.1446 39.3833 32.436 31.1959 28.3504 19.8664 21.6703 14.9462 3.43723
internal_count=80005 11675 68330 8926 66660 10223 7984 6863 5368 3490 942 2437 1495 5223 56437 1910 1029 5143 1725 673 844 56429 17026 4033 2174 1722 184 1146 1441 1416 126 1158 714 1052 576 412 613 786 145 869 389 480 444 607 3418 2580 277 100 2508 1817 1074 743 996 238 434 368 648 555 341 235 172 101
is_linear=0
shrinkage=0.05


Tree=30
num_leaves=63
num_cat=0
split_feature=0 0 2 0 1 2 9 16 32 35 1 1 0 1 0 1 9 9 9 0 2 1 9 16 9 1 7 9 35 2 35 6 9 18 16 19 7 0 12 19 9 6 9 8 5 17 16 31 31 35 8 8 19 19 17 8 18 31 18 4 2 2
split_gain=664.521 112.59 76.866 52.2192 25.2218 14.8348 12.7903 9.38638 7.09095 7.0346 5.93108 3.33786 3.20953 4.38317 2.75625 2.50795 1.90468 1.68987 1.67437 1.30243 1.28128 1.74274 1.21343 1.17347 3.85903 1.17057 1.10242 1.06182 1.04721 1.02904 1.02575 0.923455 0.697158 0.693498 0.675949 0.664638 0.945268 0.661728 0.508883 0.498743 0.443294 0.405654 0.619857 1.01729 0.478947 0.595988 0.519523 0.403999 0.810887 0.54709 0.387105 0.588624 0.386767 0.366706 0.359811 0.357021 0.356612 0.356194 0.352211 0.35066 0.519975 0.344784
threshold=0.53557664155960094 0.7464265525341035 301.50000000000006 0.35743875801563268 14.500000000000002 503.50000000000006 6.5000000000000009 0.99090278148651134 4.0906946659088144 0.028174603357911113 34.500000000000007 4.5000000000000009 0.63413780927658092 14.500000000000002 0.31142817437648779 4.5000000000000009 6.5000000000000009 5.5000000000000009 5.5000000000000009 0.80776268243789684 301.50000000000006 4.5000000000000009 7.5000000000000009 0.64349994063377391 3.5000000000000004 34.500000000000007 120.50000000000001 5.5000000000000009 0.15476191043853763 286.50000000000006 0.074175827205181136 0.02560418471693993 2.5000000000000004 57.500000000000007 0.99090278148651134 192.50000000000003 79.500000000000014 0.38622736930847174 1.0000000180025095e-35 97.500000000000014 3.5000000000000004 0.0001929654317791574 4.5000000000000009 2018.5000000000002 1143.5000000000002 107.4867401123047 1.0096129775047304 0.0001302916862186976 0.00049451796803623449 0.028991596773266796 4847.5000000000009 4578.5000000000009 115.50000000000001 89.500000000000014 238.45620727539065 3113.0000000000005 13.500000000000002 1.2740879810735352e-05 55.500000000000007 11.500000000000002 64.500000000000014 54.500000000000007
decision_type=2 2 2 2 2 2 2 2 2 2 2 2 2 2 2 2 2 2 2 2 2 2 2 2 2 2 2 2 2 2 2 2 2 2 2 2 2 2 2 2 2 2 2 2 2 2 2 2 2 2 2 2 2 2 2 2 2 2 2 2 2 2
left_child=2 5 3 14 7 8 9 52 10 -5 12 -11 16 15 -1 -14 28 34 25 20 21 -9 -18 24 32 26 31 -23 41 33 -10 35 -13 50 55 36 53 -25 47 -38 -36 57 44 -44 45 -43 -46 61 -49 -50 51 56 -3 -16 -47 -17 -15 -2 -6 60 -42 -39
right_child=1 4 -4 6 58 -7 -8 19 30 11 -12 23 13 29 18 17 22 -19 -20 -21 -22 27 -24 37 -26 -27 -28 -29 -30 -31 -32 -33 -34 -35 40 -37 39 38 -40 -41 59 42 43 -45 46 54 -48 48 49 -51 -52 -53 -54 -55 -56 -57 -58 -59 -60 -61 -62 -63
leaf_value=-0.053180362830608063 0.0058604803690876341 0.0093115697246156127 -0.053512904670117781 -0.053676403775583283 0.011443165736213779 -0.05361374742200406 -0.053406039902759966 0.057541809697845538 0.024609645337924507 -0.056363023855951572 -0.058231617291191376 0.0064536436694020982 0.051931361046618357 -0.003212914656280623 -0.0095652958831574809 0.016155823185573733 0.012503299741333707 0.045970780954391666 -0.052247061717531934 0.055915326902694108 0.057060540758589268 0.032653347403506554 -0.058316934201790273 -0.0094250421448545708 -0.059438249561866809 -0.053397866472110124 -0.040527390515066403 0.054895652784789174 -0.01275595739406216 -0.015858995145619958 0.051093354394170377 -0.046728811982109597 -0.020155048816311284 0.029988905183118027 0.026297873337248354 0.042418053141228179 0.02879712327417875 0.014878868892575678 0.016721560016660836 -0.012234269228550476 0.02452038790375026 0.021090968272364216 0.0048700142889809561 -0.032877592832336516 0.00090191310228831536 -0.007148765644669642 0.0089545265218975208 -0.0078170875254505497 0.023013112756969482 0.0025513656589904246 0.025524041852311552 -0.008616252145077755 -0.013165060404036097 -0.043189762816068983 0.014516764172301747 0.001107968717519017 0.010504566609076947 0.015336112718372642 0.027786630158624117 0.025102611707242373 0.0016224532930335012 0.0045532550439198712
leaf_weight=76.87963442527689 14.795825423672794 3.9489282220602027 349.51060517970473 6.1516091418452552 39.663016190752387 8.6531400866806489 12.45588841754943 15.391467079520224 5.1458194986917105 2.5282108390238127 3.0613316074013701 11.041392287705095 7.7589372745715073 5.0447788778692475 1.8396103880368193 12.773866834118964 0.90647192904725615 6.7098246938548973 7.5930276571307322 281.80789549089968 28.087149756029248 26.373118619434536 1.8176708093378691 10.328906691865994 3.3082775492221108 2.6486800189595661 3.4500863838475189 6.7362732952460638 6.2052878618706009 3.9204045301303259 12.629654327407478 1.2511282174382357 3.167914764955639 4.263284806162118 31.298308915924281 0.81171426596119989 2.0265068721491848 10.109892203938214 7.1017975136637679 1.1671399574261156 4.0621505798771995 12.857919862493874 6.0057484204880875 2.5396208353340626 31.544951746007428 3.9066793681122354 54.868186642415822 20.142280876636505 3.4253716245293608 70.534944949671626 3.5578890442848197 4.6473005190491667 3.7140109948813915 1.4499847169499842 3.7614873943384737 5.7008538525551549 77.888888934161514 30.081153594655916 3.5953311435878268 6.8575190957635632 6.3627706784754992 40.355608708690852
leaf_count=11961 271 53 46249 953 562 1105 2024 132 66 296 346 225 95 86 127 162 62 75 1265 2893 258 284 203 461 306 433 405 76 149 72 117 148 117 49 371 20 84 185 116 86 49 172 114 74 586 72 895 491 61 1478 38 80 52 160 57 91 1130 449 41 87 94 849
internal_value=-0.00011604 0.0307161 -0.0375804 -0.0190041 0.0489066 0.011103 -0.00433703 0.0531733 0.0126125 -0.00108936 0.0110617 0.000687649 0.0116676 0.0162992 -0.0486961 0.0248911 0.00671979 0.0220469 -0.0331931 0.054344 0.0485622 0.0436408 -0.0347512 0.00149112 -0.0108023 -0.0233141 -0.0166718 0.0371787 0.00739804 0.00924692 0.0434266 -0.00704122 0.00052133 0.0102786 0.019653 -0.000234561 -0.00557475 0.00282046 0.00365439 0.0138019 0.0227487 0.00817791 0.00661026 -0.0063483 0.00764576 0.0145114 0.00601494 0.00301248 0.00107686 0.00349902 0.0093566 0.00869982 -0.00158222 -0.0243863 0.00347889 0.0115124 0.00967014 0.012212 0.0128015 0.0163212 0.0105448 0.00662181
internal_weight=1438.23 788.945 649.28 299.77 409.317 379.628 200.652 366.059 370.975 188.196 353.199 182.045 350.138 180.847 99.1175 81.5242 169.291 73.7653 22.2379 358.396 76.588 48.5009 2.72414 179.516 17.5176 14.6449 11.9962 33.1094 166.567 99.3225 17.7755 8.54608 14.2093 95.4021 67.0555 7.29496 6.48324 161.999 151.67 3.19365 48.5807 160.362 115.485 8.54537 106.939 20.5261 86.4131 144.568 94.1026 73.9603 91.1389 87.581 7.66294 3.2896 7.66817 18.4747 82.9337 44.877 43.2583 17.2824 10.4249 50.4655
internal_count=80068 11568 68500 22251 4351 7217 7562 3748 6112 5538 5929 4585 5583 2479 14689 1024 3104 929 2728 3643 750 492 265 4289 648 1463 1030 360 2839 1455 183 625 342 1383 854 477 457 3641 3180 170 601 2690 1970 188 1782 301 1481 3064 2030 1539 1334 1296 105 287 129 253 1216 720 603 230 143 1034
is_linear=0
shrinkage=0.05


Tree=31
num_leaves=63
num_cat=0
split_feature=34 34 0 32 3 0 3 0 1 11 3 1 35 0 1 11 11 0 1 11 1 3 1 0 12 10 35 35 0 32 7 33 3 35 33 13 18 0 34 1 6 8 0 4 3 34 0 34 11 1 6 18 3 7 8 15 7 8 31 1 12 0
split_gain=688.682 125.037 37.6043 21.4805 18.7059 5.6866 5.64541 8.60567 5.41386 5.34136 5.17906 3.07109 2.89449 2.71719 2.48349 2.2522 2.21308 2.18101 1.41971 1.32157 1.16862 1.12495 1.11934 1.08142 1.04244 1.03875 1.02772 1.05526 0.812017 1.09593 1.10332 0.986491 0.711586 0.827427 0.652525 0.65207 0.636535 0.627532 0.603951 0.58355 0.543934 0.547289 0.539216 0.526988 0.574332 0.520149 0.496686 0.492872 1.81334 0.492485 0.482586 0.478367 0.467865 0.456975 0.448111 0.4431 0.73954 0.436985 0.434343 0.432506 0.43249 0.449663
threshold=0.4267225861549378 1.789372503757477 0.47256414592266088 4.4355640411376962 5.7120797634124765 0.67911344766616832 5.7120797634124765 0.32694168388843542 4.5000000000000009 2.5000000000000004 5.7120797634124765 34.500000000000007 0.028174603357911113 0.87428680062294017 14.500000000000002 9.5000000000000018 1.0000000180025095e-35 0.89126482605934154 5.5000000000000009 1.5000000000000002 14.500000000000002 5.6987686157226571 6.5000000000000009 0.51127162575721752 1.0000000180025095e-35 1.0000000180025095e-35 0.029857398010790352 0.028174603357911113 0.38622736930847174 1.5686916112899782 103.50000000000001 1.0079574622068323e-05 5.5471267700195321 0.10555555671453477 0.0027697463519871239 1.0000000180025095e-35 34.500000000000007 0.79221111536026012 0.33426870405673986 5.5000000000000009 0.001776696590241045 2475.5000000000005 0.39959296584129339 8.5000000000000018 4.8559212684631357 1.4598253369331362 0.33189918100833898 0.21302551031112674 1.5000000000000002 9.5000000000000018 1.3578817743109541e-05 16.500000000000004 4.0163424015045175 58.500000000000007 1379.5000000000002 2.2005025148391728 96.500000000000014 1124.0000000000002 0.00096502961241640161 19.500000000000004 1.0000000180025095e-35 0.70447415113449108
decision_type=2 2 2 2 2 2 2 2 2 2 2 2 2 2 2 2 2 2 2 2 2 2 2 2 2 2 2 2 2 2 2 2 2 2 2 2 2 2 2 2 2 2 2 2 2 2 2 2 2 2 2 2 2 2 2 2 2 2 2 2 2 2
left_child=2 3 6 5 12 9 7 47 -7 10 18 16 -4 20 -5 17 22 32 -2 -12 24 45 -9 38 25 36 27 -20 31 30 -30 55 33 -3 40 37 -10 -27 -14 -25 41 -28 43 -31 -45 52 -33 -1 -49 -47 -18 58 -11 -42 -55 -24 -57 -36 -22 -48 61 -41
right_child=1 15 4 14 -6 8 -8 11 13 21 19 -13 23 -15 -16 -17 50 -19 26 -21 51 -23 28 39 -26 35 34 -29 29 42 -32 46 -34 -35 57 -37 -38 -39 -40 60 53 -43 -44 44 -46 49 59 48 -50 -51 -52 -53 -54 54 -56 56 -58 -59 -60 -61 -62 -63
leaf_value=-0.05315871582772963 -0.034247122031884757 0.0095215370237625354 -0.053340491204983687 0.053653013602053157 -0.053378961840989503 0.057296809135496854 -0.05333093452333653 -0.052372271437693144 0.002570175495730161 0.014262140443658707 0.013607774507205104 -0.053165869272144652 -0.019739870655152592 0.057966381706320895 0.013224092172687241 0.0570142439526094 -0.035773115942406078 0.056627199185477123 -0.061556832907081561 -0.057305870564496708 -0.011389039735052342 0.03950936704477747 -0.053919299419706093 -0.022210643109549125 0.041978506259129307 0.02359287401457355 -0.017241583838258231 -0.0031605151401600364 -0.027768541536513227 -0.041704292397413183 0.027042765715036811 0.032491816430460396 0.045268714655862997 0.038116457809544084 0.024871645517973238 0.0092189097722647478 0.018835498667640477 0.04114888712724063 0.0017104973512784328 -0.0021073251483684423 0.0044405551610499586 0.0069880443447392013 -0.028693344382238001 0.0366698623759215 -0.012964470892686901 0.036237796468365238 -0.0025216728916048724 0.019107664490857757 -0.05329799348324276 0.014171796210357796 -0.0013759806422734555 0.013354892969648275 0.0087737345224652361 -0.0019052847783667358 -0.026689504577267154 -0.040528337848723686 0.02571521360088809 0.0052986380963623353 0.0099635611725418828 -0.047246909687384202 0.018751811289611887 0.011047593938912692
leaf_weight=72.749773015035316 2.9905794123187652 5.9046898046508449 3.0241832926403722 36.435504553839564 26.69209796260111 8.8508849414065462 304.87766722054221 4.2500532711856058 11.621480707079174 48.759884960949421 0.74561655754223366 9.3993197416421008 13.310478411149235 3.950062400661408 4.2406594250351182 263.27268380951136 1.1148858298547555 13.821647147648035 1.267971063964068 5.5285201466176659 3.8908951170742494 3.3661225493997327 5.1161418594419938 2.9389377038460216 5.385661117732524 23.297238726168874 2.638386961072686 1.9842739566229284 1.544854576466608 0.80830943421460988 2.2631009796168655 0.54337959876283948 4.6832646122202268 4.4262304492294788 4.8199472706764919 5.88707660883665 12.468348585069178 6.5130726257339111 4.3552146353758863 49.572422444587573 4.0148771377280337 19.976348950061947 15.074055852368472 0.90298592904582653 1.6438157169613985 3.506130212917923 1.322429344058037 1.1199201189447183 3.7947177956812084 9.0698127821087819 11.942733822390435 70.115489739924669 190.67224341724068 3.1076839193701744 4.4145090188831091 2.7031040186993782 0.49911784753203381 6.9829075364395976 6.1397459097206593 0.91422624932602037 3.1140690706670275 7.4757070019841185
leaf_count=12254 60 73 477 511 3699 129 43445 678 166 734 18 1672 609 54 62 2665 97 175 94 646 67 43 807 127 55 252 76 46 110 91 88 28 60 45 63 75 164 73 92 1159 73 349 1038 26 118 41 98 83 621 136 462 1002 3156 56 90 356 29 114 87 113 48 133
internal_value=-6.80575e-05 0.029452 -0.0430217 0.0145747 -0.0169271 0.01157 -0.0495357 -0.0411333 0.0193022 0.00767437 -0.00595744 -0.0269177 -0.00531521 0.0170494 0.0494381 0.0555612 -0.0220461 0.0422953 -0.000798326 -0.0488785 0.0159371 0.0107956 -0.0282067 -0.00351698 0.0209094 0.0190115 0.00123455 -0.0259278 -0.0251258 -0.0196128 0.00480629 -0.0361719 0.0291018 0.0217729 0.00315685 0.0244255 0.0109887 0.0274286 -0.0144516 -0.000455743 -0.000345755 0.00416125 -0.0246584 -0.00652998 0.00463372 0.010412 -0.0103861 -0.0521234 -0.0367986 0.0203237 -0.00431288 0.0118938 0.00989144 -0.0091803 -0.0164503 -0.0447896 -0.0302032 0.0132917 0.00168087 -0.020803 0.000606989 -0.000383477
internal_weight=1357.82 804.75 553.068 512.642 110.483 471.966 442.585 137.707 158.12 313.846 58.4716 60.0425 83.791 149.269 40.6762 292.109 50.6432 28.8358 52.1975 6.27414 145.319 255.374 37.5856 80.7668 65.1729 59.7872 49.2069 3.25225 33.3355 22.2371 3.80796 11.0984 15.0142 10.3309 45.9547 35.6974 24.0898 29.8103 17.6657 63.1011 34.1518 22.6147 18.4292 3.35511 2.5468 252.008 2.78004 77.6644 4.91464 12.5759 13.0576 80.1461 239.432 11.5371 7.52219 8.31836 3.20222 11.8029 10.0306 2.23666 60.1622 57.0481
internal_count=80068 11510 68558 8492 6344 7919 62214 18769 2124 5795 1685 5811 2645 1995 573 3018 4139 353 1021 664 1941 4110 3580 2168 785 730 961 140 2902 1471 198 1431 178 118 821 400 330 325 701 1467 644 425 1273 235 144 4067 239 12958 704 177 559 1156 3890 219 146 1192 385 177 154 211 1340 1292
is_linear=0
shrinkage=0.05


Tree=32
num_leaves=63
num_cat=0
split_feature=34 34 0 0 2 1 2 0 11 16 9 9 34 2 9 2 1 11 11 34 11 1 0 0 11 2 9 16 9 16 33 16 0 0 33 6 0 0 1 31 16 9 15 34 9 1 17 7 2 18 18 0 5 0 34 11 1 16 2 16 10 16
split_gain=633.073 117.943 35.8015 19.1965 17.4586 6.19092 5.46837 8.29307 4.77039 4.10664 3.95837 3.51737 3.14744 6.06118 5.84917 2.97994 2.71897 2.06851 1.52337 1.25372 1.08031 1.00197 0.918983 0.888279 0.838419 0.833432 0.756089 0.746582 0.972692 0.6667 0.610299 0.633874 0.599362 0.590618 0.58797 1.34071 0.763736 0.625225 0.622427 0.569358 0.567649 1.58167 0.528289 0.471879 0.450878 0.594131 0.526202 0.450072 0.473935 0.449982 0.442771 0.440272 0.726874 0.51211 0.415367 1.51945 0.393354 0.486181 0.380394 0.589241 0.378926 0.374859
threshold=0.4267225861549378 1.8270380496978762 0.47256414592266088 0.77634990215301525 301.50000000000006 14.500000000000002 301.50000000000006 0.32694168388843542 9.5000000000000018 1.0263888239860537 6.5000000000000009 6.5000000000000009 0.75553548336029064 301.50000000000006 6.5000000000000009 305.50000000000006 34.500000000000007 1.5000000000000002 1.0000000180025095e-35 1.9503552913665774 2.5000000000000004 6.5000000000000009 0.51127162575721752 0.84018126130104076 9.5000000000000018 301.50000000000006 5.5000000000000009 0.92644849419593822 2.5000000000000004 0.66592633724212658 1.3715287423110569e-05 0.58718499541282665 0.67911344766616832 0.85749366879463207 2.5767039915081118e-06 1.7158798073069196e-05 0.38622736930847174 0.39959296584129339 28.500000000000004 7.0880318503441241e-07 0.77147969603538524 2.5000000000000004 2.9846740961074834 0.33426870405673986 1.5000000000000002 28.500000000000004 33.746816635131843 146.50000000000003 200.50000000000003 46.500000000000007 33.500000000000007 0.43569649755954748 2765.5000000000005 0.45022916793823248 0.21302551031112674 1.5000000000000002 26.500000000000004 0.84921032190322887 54.500000000000007 2.0817435979843144 1.0000000180025095e-35 0.99090278148651134
decision_type=2 2 2 2 2 2 2 2 2 2 2 2 2 2 2 2 2 2 2 2 2 2 2 2 2 2 2 2 2 2 2 2 2 2 2 2 2 2 2 2 2 2 2 2 2 2 2 2 2 2 2 2 2 2 2 2 2 2 2 2 2 2
left_child=2 3 6 8 11 9 7 54 12 -5 16 22 14 20 15 30 18 -17 21 24 50 -9 43 25 33 60 58 28 29 -23 31 -2 49 -3 36 -36 42 -38 51 -16 41 -24 -29 44 46 47 -4 48 -46 -32 -14 52 -39 -53 -1 -56 57 -20 61 -60 -11 -22
right_child=1 19 4 5 -6 -7 -8 10 -10 23 -12 -13 13 -15 39 17 -18 -19 56 -21 26 27 40 -25 -26 -27 -28 34 -30 -31 32 -33 -34 -35 35 -37 37 38 -40 -41 -42 -43 -44 -45 45 -47 -48 -49 -50 -51 -52 53 -54 -55 55 -57 -58 -59 59 -61 -62 -63
leaf_value=-0.053014309767979585 -0.020517602699441695 0.023832555376170614 -0.018492232335639604 -0.0012029244784342937 -0.053237178207682284 0.013810191043925418 -0.053178192721785367 -0.051506963356583418 0.058032933240073727 0.022950359562220305 -0.053004589746096703 -0.053344866744494027 0.01431810278824684 0.060288535318846585 -0.0064891812118780499 0.02685376625656774 -0.053094225108390992 -0.05572605608298651 -0.031062640824130738 0.056746196125905146 0.0074638983863748176 0.0062270102922835566 0.0034373483486977671 0.054993969308666159 0.056652684004386215 0.057097013636310062 0.027306781439686147 -0.054137637969503563 -0.053673810620946588 -0.031290216050015508 0.010951499290761599 0.0038048794849405011 0.023159851016564516 0.047011587302569213 0.044530952559037051 -0.013510293408105362 0.012801129005536241 0.0033888186762995997 -0.050414172968581278 -0.063616467632604409 0.0017230272052533324 -0.04450464479062128 -0.011128474024997899 0.0011672354904002154 -0.017076569080458796 -0.052863000998204603 0.015707745633428413 0.00044047053949875143 -0.054475640187581567 -0.0024347495114823881 0.03332887132484303 0.01774033660640258 -0.052464141232447185 -0.019444901547051557 0.015380519523928937 -0.053146678438900655 0.013377756490746656 -0.0002073890544157262 0.0099555860156114589 0.00076438183595402439 0.040435768082189988 0.016338487450435302
leaf_weight=67.679905765224248 2.863427407341077 5.9552142294123787 3.1799136956688034 4.3004872081801286 24.881637752288952 20.57734938710928 283.96605258667842 2.5621213547419783 5.1656682668253771 4.3063433580100545 11.319968892959876 3.6385767057072362 5.2419331707060319 6.3897834215313187 0.49621996097266574 0.98794774641282757 5.46030125953257 3.2624751341063529 1.6003527904394994 247.98086739610881 16.808193482458591 1.829689492238687 5.0667136320844284 31.275337444152683 6.989113430492579 6.3259667167440048 6.5321500292047849 2.1576215301174702 3.0400808919221163 3.3563482144381851 26.790258579421788 41.526981380302459 7.777769409120082 5.1033908259123564 1.3232787065207947 4.009974186308682 2.0382670010440034 1.0159219894558194 1.2646130756475029 3.6030881581827998 52.312084642937407 2.6048281367402524 1.0671050667297093 4.1857390743680289 2.8094973501283675 1.6028113660868255 1.7402094902936367 2.0483041331171989 1.2127727209590373 8.1993533540517074 7.3676570244133472 1.8293847134336831 1.3654318696353582 1.8747516786679623 1.0490490556694556 3.5337467158678919 3.6586945815943182 6.3121771372389048 214.24368548206985 18.982680449262261 11.046356988139451 40.740404304116964
leaf_count=12254 72 76 117 62 3699 298 43445 410 67 61 2200 612 74 65 42 22 1031 379 72 2703 275 80 120 484 87 82 91 319 415 218 459 777 94 74 25 203 90 48 79 358 1128 136 96 87 115 149 52 75 54 146 77 51 104 81 83 621 106 183 3507 341 138 599
internal_value=-6.52968e-05 0.028972 -0.0426662 0.0145374 -0.0166366 0.0373324 -0.0492966 -0.0407752 0.0102826 0.0457864 -0.026531 -0.00530996 0.0096836 0.0120855 0.00172872 0.00434908 -0.0199829 -0.0365316 -0.0154973 0.0558202 0.0110917 -0.0216657 -0.0030331 0.0496025 0.0430968 0.0418242 0.0104838 -0.0187445 -0.0312177 -0.0180537 0.00634271 0.00223594 0.0106053 0.0345294 -0.0130271 0.000890813 -0.0189121 -0.0117013 -0.0184961 -0.0567012 -0.000139634 -0.0128411 -0.0399053 -0.0133769 -0.0182109 -0.0257866 -0.00639596 -0.0186376 -0.0283529 0.00781461 0.0254259 -0.0118633 -0.0286364 -0.00108 -0.0520279 -0.0374601 -0.000179336 -0.00644803 0.0101058 0.0092075 0.0355312 0.0137465
internal_weight=1279.44 760.84 518.598 494.812 105.283 77.8318 413.315 129.349 416.98 57.2545 57.0861 80.4015 411.814 316.306 95.5075 91.4082 45.7661 4.25042 40.3058 266.029 309.917 28.7346 76.7629 52.954 18.0477 21.6787 297.307 26.1725 8.22612 5.18604 87.1578 44.3904 42.7674 11.0586 17.9463 5.33325 12.6131 9.38837 7.3501 4.09931 59.9836 7.67154 3.22473 16.7792 12.5935 7.67339 4.92012 6.07057 4.02227 34.9896 12.6096 6.08549 2.38135 3.70414 72.2627 4.5828 11.5712 7.91253 290.775 233.226 15.3527 57.5486
internal_count=80068 11510 68558 8570 6344 1125 62214 18769 7445 827 5811 2645 7378 5029 2349 1949 3611 401 2580 2940 4964 2219 2033 765 237 281 4813 1809 713 298 1548 849 699 150 1096 228 868 453 363 400 1384 256 415 649 562 393 169 244 169 605 151 284 152 132 12958 704 361 255 4722 3848 199 874
is_linear=0
shrinkage=0.05


Tree=33
num_leaves=63
num_cat=0
split_feature=34 34 0 32 2 2 0 0 1 11 2 9 9 0 35 1 11 0 9 11 11 1 9 16 2 35 0 0 9 16 9 16 19 36 16 14 0 14 15 16 34 16 9 8 33 17 34 18 9 1 17 14 8 33 33 31 34 11 31 0 33 0
split_gain=581.41 112.354 34.1792 18.6231 16.2784 5.21866 7.8272 4.79892 4.95279 3.79145 3.96939 3.70495 3.24375 2.40334 2.31786 2.28103 1.93976 1.85001 1.24226 1.24083 1.15552 1.09932 1.47578 0.916195 0.904656 0.813042 0.811423 0.779575 0.765131 0.647262 0.775898 0.679271 0.666891 0.594806 0.575776 0.557283 0.5568 0.877525 0.529082 0.50287 0.469757 0.467834 1.33158 0.461672 0.452378 0.620373 0.42019 0.413014 0.398802 0.547985 0.466361 0.43212 0.396461 0.388265 1.62831 0.384518 0.383351 1.35431 0.372633 0.540326 0.959858 0.73412
threshold=0.4267225861549378 1.789372503757477 0.47256414592266088 4.4355640411376962 301.50000000000006 301.50000000000006 0.32694168388843542 0.67911344766616832 4.5000000000000009 2.5000000000000004 301.50000000000006 5.5000000000000009 6.5000000000000009 0.87428680062294017 0.028174603357911113 14.500000000000002 9.5000000000000018 0.89126482605934154 5.5000000000000009 1.0000000180025095e-35 1.5000000000000002 14.500000000000002 5.5000000000000009 1.4279919862747195 297.50000000000006 0.13392857462167743 0.51127162575721752 0.51567912101745617 6.5000000000000009 0.82018619775772106 2.5000000000000004 0.66592633724212658 4.5000000000000009 0.045021332800388343 0.99090278148651134 5.1619205474853525 0.79221111536026012 3.6242519617080693 3.584897637367249 2.5101093053817753 1.5066155195236208 0.77147969603538524 2.5000000000000004 3439.5000000000005 0.0057474470231682071 37.424907684326179 0.33426870405673986 13.500000000000002 1.5000000000000002 28.500000000000004 33.746816635131843 5.1619205474853525 1124.0000000000002 1.5494902072532572e-05 1.650251124374336e-05 2.4162240151781592e-05 0.21302551031112674 1.5000000000000002 0.0015267899725586178 0.43569649755954748 1.0079574622068323e-05 0.45022916793823248
decision_type=2 2 2 2 2 2 2 2 2 2 2 2 2 2 2 2 2 2 2 2 2 2 2 2 2 2 2 2 2 2 2 2 2 2 2 2 2 2 2 2 2 2 2 2 2 2 2 2 2 2 2 2 2 2 2 2 2 2 2 2 2 2
left_child=2 3 5 7 12 6 56 9 -9 10 18 14 26 21 -8 -5 17 23 27 25 -12 22 34 -3 40 29 46 -2 -20 30 31 -16 -31 35 43 58 37 -36 -39 47 -11 42 -28 -10 45 55 48 -23 50 51 -4 -50 -46 -13 -55 -29 -1 -58 59 60 -34 -61
right_child=1 16 4 15 -6 -7 11 8 13 24 20 53 -14 -15 19 -17 -18 -19 28 -21 -22 39 -24 -25 -26 -27 41 44 -30 32 -32 -33 33 -35 36 -37 -38 38 -40 -41 -42 -43 -44 -45 52 -47 -48 -49 49 -51 -52 -53 -54 54 -56 -57 57 -59 -60 61 -62 -63
leaf_value=-0.052873554226399527 -0.0085878062724126254 0.016364214215836347 -0.017896466870840136 0.053039344821439807 -0.05306888744473337 -0.05302667373033252 -0.052929328515662101 0.057153813296398903 0.01395386255796098 0.0093081802571067414 0.014513224887152218 -0.052930463019638552 -0.05318283838428961 0.057605729935285191 0.0036017072579779931 0.01237837165161855 0.056701891360655891 0.05635883416926088 -0.0010763415078104954 -0.00056454360811069801 -0.054027630443551626 -0.002582547232796216 0.043707640291036499 0.042558542801876487 0.037187338631835251 -0.050778320405941983 0.0029059201088677132 0.018041970964158313 -0.05684243613313248 0.030927611132774292 -0.053754748859394998 -0.047083110289026092 -0.036460031016438237 -0.035626972059460478 -0.0027642836025991175 -0.044178559902527823 0.032908980446559703 0.018368498754866697 0.0386380660937031 -0.006300045934695412 0.024343507644799822 0.0014096738205439769 -0.042416777728943394 -0.0074441960837094145 0.029943859404877815 -0.020698038175113172 0.00097694022203917473 0.013077764944069415 -0.024930098563502121 -0.051983563629464935 0.015026383004297414 0.0089865116574681693 0.0067079037894210262 0.070294899234102828 -0.049557719523239459 0.0019222504254975137 0.013211878545754173 -0.052994926348713015 0.0093784684165057995 0.021257711145013229 0.0048082498159572355 -0.019505661998370335
leaf_weight=62.89700469863601 12.966284335358067 6.7486249171197432 3.0729104825295526 31.768390189856291 23.165676232427359 264.25842398102395 4.4482293999753884 7.8218336086720219 10.307676665484903 224.70434195082635 0.70622904365882178 11.228583171498029 3.3779014383908352 3.4226576341316095 1.7584616353269731 3.8692805194295934 228.42615825589746 12.022415274754165 1.0377713888883584 10.886761553585528 4.7562256020028144 4.5028904303908339 6.0146713554859152 6.6057314062491059 3.0229587294161311 2.0689155166037372 4.8863753599580368 4.7036924129352036 1.5101458341814575 0.8046880266629185 2.4909826572984457 1.0592194395139811 4.0021435206290352 3.0618122469168148 4.4783077575266352 1.1834012339822937 7.4877183306962243 23.955855669453744 3.7192097976803771 3.941729186102747 5.3179765306413165 50.341403445694596 2.4248025140259415 3.3367058243602505 3.2204362750053397 2.5474420748651019 4.0223482663277528 64.774544229730964 4.636962054297328 1.4970153293106703 1.6549319790210573 1.177616511005908 4.2696301322430372 0.34212155733257432 1.6507574291899798 17.328448312357068 1.0096812183037389 3.2870305725373328 2.4161875159479669 2.2192028248682618 2.1746123982593417 2.1989038111642003
leaf_count=12254 302 87 117 511 3699 43445 902 129 146 3983 18 2310 612 54 80 62 2665 175 40 331 646 84 74 91 43 348 120 74 125 19 340 96 383 216 69 101 88 311 37 68 84 1128 136 60 39 43 87 1004 206 149 52 38 72 3 340 326 83 621 109 53 100 80
internal_value=-5.68006e-05 0.0284829 -0.0423222 0.0138914 -0.0163154 -0.0490868 -0.0404957 0.0110118 0.0184644 0.00726674 -0.00479785 -0.0263204 -0.0052712 0.0162382 -0.0188622 0.0486247 0.055245 0.0421305 -0.000163717 -0.0146905 -0.0451661 0.0151698 0.0202301 0.0293212 0.0100129 -0.0207359 -0.00307569 0.00175786 -0.0341288 -0.0180762 -0.0334246 -0.0154517 -0.0135649 -0.0156397 0.0175801 -0.0113283 0.0206294 0.0177697 0.0210925 0.0110715 0.00965579 -0.000306802 -0.0121257 0.00872101 0.00594079 0.00266263 -0.0130144 0.0120599 -0.0176889 -0.0250065 -0.00637217 -0.018061 0.0166985 -0.0493208 -0.0289824 0.00536369 -0.0518865 -0.037437 -0.00834045 -0.0123813 -0.021931 0.000969668
internal_weight=1205 719.296 485.705 465.493 100.258 385.447 121.189 429.855 143.764 286.092 53.0463 53.995 77.0923 135.942 40.7735 35.6377 253.803 25.3768 47.5839 36.3253 5.46245 132.519 59.3001 13.3544 233.045 25.4385 73.7144 45.0359 2.54792 23.3696 5.30866 2.81768 18.061 17.2563 53.2855 14.1945 39.6411 32.1534 27.6751 73.2192 230.022 57.6526 7.31118 13.6444 32.0696 24.5796 16.0618 69.2774 12.0394 7.31159 4.72784 5.81458 7.49007 13.2215 1.99288 22.0321 67.1937 4.29671 13.0111 10.5949 6.17676 4.41811
internal_count=80068 11510 68558 8492 6344 62214 18769 7919 2124 5795 1685 5811 2645 1995 3158 573 3018 353 1021 2256 664 1941 785 178 4110 1925 2033 856 165 1577 516 176 1061 1042 711 826 505 417 348 1156 4067 1384 256 206 554 443 649 1088 562 393 169 244 111 2653 343 400 12958 704 725 616 483 133
is_linear=0
shrinkage=0.05


Tree=34
num_leaves=63
num_cat=0
split_feature=0 11 11 0 2 0 2 9 11 2 1 1 11 9 1 0 1 9 0 11 10 9 2 8 19 19 32 1 32 0 4 4 2 2 33 9 6 2 17 11 9 19 4 32 33 0 5 18 31 7 11 1 6 2 11 1 19 17 19 7 5 8
split_gain=473.102 101.278 78.4902 25.8446 17.3585 17.7749 10.3884 4.60471 4.38478 5.28722 3.04475 2.69325 2.47129 1.92471 1.71173 1.67294 1.58497 1.41408 0.921048 0.899015 0.879622 1.15325 0.842478 0.755274 0.784316 0.692538 0.711224 0.623503 0.60959 0.569442 0.510279 0.504611 0.495898 0.612734 0.488129 0.480864 0.42616 0.500442 0.699698 0.419156 0.408117 0.400019 0.3591 0.64329 0.499916 0.359023 0.425491 0.339964 0.334043 0.502609 0.562066 0.447183 0.417978 0.393582 0.327809 0.465299 0.326562 0.32565 0.323355 0.321903 0.320051 0.317505
threshold=0.53557664155960094 9.5000000000000018 2.5000000000000004 0.82440131902694713 301.50000000000006 0.38622736930847174 503.50000000000006 6.5000000000000009 1.0000000180025095e-35 301.50000000000006 14.500000000000002 34.500000000000007 2.5000000000000004 5.5000000000000009 4.5000000000000009 0.31142817437648779 4.5000000000000009 2.5000000000000004 0.87428680062294017 1.0000000180025095e-35 1.0000000180025095e-35 5.5000000000000009 297.50000000000006 4578.5000000000009 192.50000000000003 4.5000000000000009 1.5766497850418093 9.5000000000000018 1.4929270744323733 0.51567912101745617 2.5000000000000004 28.500000000000004 283.50000000000006 301.50000000000006 0.00072524612187407922 4.5000000000000009 0.0018790301983244719 26.500000000000004 20.531807899475101 1.0000000180025095e-35 5.5000000000000009 110.50000000000001 3.5000000000000004 2.2882289886474614 5.6888666222221227e-06 0.61582878232002269 1203.5000000000002 38.500000000000007 4.0939357859315357e-05 91.500000000000014 2.5000000000000004 9.5000000000000018 4.1368140955455608e-05 85.500000000000014 4.5000000000000009 13.500000000000002 29.500000000000004 60.31877517700196 13.500000000000002 113.50000000000001 2765.5000000000005 1829.5000000000002
decision_type=2 2 2 2 2 2 2 2 2 2 2 2 2 2 2 2 2 2 2 2 2 2 2 2 2 2 2 2 2 2 2 2 2 2 2 2 2 2 2 2 2 2 2 2 2 2 2 2 2 2 2 2 2 2 2 2 2 2 2 2 2 2
left_child=2 3 4 6 5 15 8 11 13 14 18 16 -11 32 -10 -1 -7 23 22 25 58 45 27 24 34 -18 28 -5 -27 35 41 42 36 -34 -17 -28 -2 -38 -39 -19 61 -21 -32 44 -44 46 57 -45 52 50 -50 -52 53 -47 55 -51 -37 -22 -16 -57 -36 -41
right_child=1 -3 -4 10 -6 7 -8 -9 9 12 -12 -13 -14 -15 20 17 19 39 -20 30 21 -23 -24 -25 -26 26 29 -29 -30 -31 31 -33 33 -35 60 56 37 38 -40 40 -42 -43 43 47 -46 48 -48 -49 49 54 51 -53 -54 -55 -56 59 -58 -59 -60 -61 -62 -63
leaf_value=-0.052602575511626892 0.0052671225538069109 0.056575443597540721 0.0075270523204703432 0.04437971830319952 -0.05289140963040212 -0.056146345794081481 -0.053022360552014161 -0.052893169220740846 0.04176280903668602 0.0099793229939279283 0.013617502768181682 -0.053164962629127205 0.058107678504835197 -0.042806579873874151 -0.0018315425249154161 -0.040123115481768896 0.023418778958014197 -0.050484764395921304 0.055458840169458623 -0.0013268037540195442 0.031543230118508049 0.036518780600383563 0.056679518186452442 0.014536448515634019 0.020358234795073343 -0.0074416141817565231 -0.016417860761867426 0.022080071112546146 0.033316955472884775 0.00075796622832073959 0.023584154978989181 -0.017947489341091711 -0.0037865849924306732 -0.052863076953810977 -0.026746114503105486 -0.0062586343442617605 0.017822206829076811 -0.024929782263956746 -0.0013446206411807154 0.0070466585793134738 -0.052911142359970166 -0.027460611438404531 -0.017276901082577716 0.0036499658741681791 0.0084464837046622377 0.0034478107556439974 0.0067037991882898801 0.021640218928945052 0.025746605744749108 -0.0071326862906471132 0.023362180881192754 0.0097884951793868573 0.035004113109551781 0.021282483499254729 0.012812372642534202 0.023584952752635103 -0.041833362144717195 0.010417023068815022 0.0083856946991122585 0.0050606528405760486 0.017395039425002725 -0.032043286790381507
leaf_weight=57.422874819254503 16.523330729221925 216.0949222734198 85.526681159622967 6.7438174774870294 262.56769856531173 1.6599069873336691 6.5425122897140673 6.9789678411325431 4.504516100510954 3.7802691771648815 6.4453713558614245 3.4669669335708013 9.058910917490719 3.1600796310231081 8.2392564606852812 5.1825002727564442 1.2997115259058762 12.186640845146028 30.835210839286447 3.1317153226118561 3.2779890540987244 5.1474506491795173 6.0775700607337049 1.2701398832723496 0.78247948433272529 3.0009010133799192 19.072273973841227 5.8570106290280819 1.3212637947872279 3.9420496120583257 2.4145640078932109 2.5894839756656429 1.6493842115160071 1.0351829417049883 1.0444318829104302 0.79570994200184841 1.9036537413485337 4.8112353491596869 9.0782619961537403 0.80597581318579603 1.3451582223642615 2.7500518318265676 5.0216964429710078 6.378533683717249 3.0274886023253202 4.260947963222864 39.04254431463778 4.4637175342068076 11.920578768476842 6.2852291315794018 8.0108079835772497 25.016604088246822 3.7443372495472422 11.29020140878856 23.743046432733536 3.0708697102963916 3.4080292009748518 4.1126796277239919 128.76937125064433 9.924469752237199 0.67672554054297496 1.4613344697281716
leaf_count=11961 363 2710 1680 104 46249 236 1106 1480 84 85 99 698 117 448 161 767 33 2551 547 68 38 75 99 93 38 146 867 74 32 101 44 55 47 224 109 44 40 124 230 37 292 60 141 135 60 65 756 92 149 104 102 415 38 155 384 43 282 81 2316 185 32 117
internal_value=-7.24282e-05 0.0288308 -0.0361278 0.0143442 -0.0450288 -0.0318709 0.00940363 -0.0142223 0.010566 0.0125157 0.0459433 -0.0102384 0.0439371 -0.00543571 0.0111726 -0.0479185 -0.00792306 -0.0370533 0.0501513 -0.00664472 0.0107068 0.0132388 0.0413893 -0.0211815 -0.027084 -0.0123496 -0.0138236 0.0340146 0.00501807 -0.0168156 -0.000353056 0.00289428 -0.00206167 -0.0227107 -0.0324612 -0.0197918 -0.000346329 -0.00621931 -0.00951437 -0.0460507 -0.0310924 -0.0135458 0.00542734 0.00310667 -0.00760173 0.0124592 0.00878625 0.0110565 0.0140491 0.0127423 0.0164399 0.0130808 0.0200068 0.0163959 0.00887942 0.00403619 -0.0350996 0.0197871 0.00777126 0.00943805 -0.00939067 -0.0181477
internal_weight=1134.95 629.958 504.996 413.863 419.469 156.901 357.904 74.723 351.361 313.2 55.959 67.7441 12.8392 38.1611 300.361 82.1783 64.2771 24.7554 49.5136 62.6172 295.856 158.848 18.6784 8.95628 7.68614 32.8399 31.5402 12.6008 4.32216 27.2181 29.7773 23.8955 35.001 2.68457 6.90366 23.276 32.3165 15.7932 13.8895 15.7991 3.61247 5.88177 21.306 18.8914 8.04919 153.7 46.4332 10.8423 107.267 87.9716 44.948 33.0274 19.2955 15.5511 43.0236 19.2806 4.20374 7.39067 137.009 12.9953 1.72116 2.26731
internal_count=80068 11568 68500 8858 66820 20571 7935 4574 6829 5353 923 3094 202 1476 5151 15997 2396 4036 824 2160 5067 2590 277 1039 946 1505 1472 178 178 1294 655 527 1028 271 908 1193 757 394 354 2997 446 128 472 428 201 2515 875 227 1640 1382 666 517 258 220 716 332 326 119 2477 228 141 154
is_linear=0
shrinkage=0.05


Tree=35
num_leaves=63
num_cat=0
split_feature=34 34 0 2 0 2 1 1 9 2 0 9 0 2 35 1 9 11 2 34 19 34 9 36 35 0 12 33 0 31 8 2 8 1 33 2 1 0 36 34 35 1 15 15 8 2 19 31 1 34 17 18 34 2 17 0 18 31 33 7 9 2
split_gain=488.824 103.894 28.218 18.7226 13.6129 5.35973 4.9961 4.29753 3.79869 2.61722 5.18732 2.37223 2.33382 3.13146 1.94705 1.57719 1.5743 1.3856 1.51721 1.07244 1.00449 0.939283 0.836306 0.739698 0.736881 0.714669 0.878906 0.608481 0.566386 0.533401 1.06019 0.62169 0.658861 0.554041 0.5184 0.511532 0.710574 0.735677 0.508479 0.503424 0.493297 0.486444 0.480657 0.456936 0.455172 0.861325 0.534741 0.451594 0.426112 0.423451 0.41992 0.403074 0.392183 0.373494 0.388697 0.351679 0.5712 0.344226 0.450551 0.352821 0.34151 0.333834
threshold=0.40199638903141027 1.7190955281257632 0.43569649755954748 301.50000000000006 0.84018126130104076 503.50000000000006 4.5000000000000009 14.500000000000002 6.5000000000000009 301.50000000000006 0.32694168388843542 5.5000000000000009 0.62424147129058849 301.50000000000006 0.028174603357911113 34.500000000000007 5.5000000000000009 2.5000000000000004 297.50000000000006 0.91168546676635753 4.5000000000000009 1.9097062945365908 3.5000000000000004 0.00018983308837050575 0.029857398010790352 0.70447415113449108 1.0000000180025095e-35 2.5767039915081118e-06 0.85749366879463207 0.0038154307985678319 2203.0000000000005 259.50000000000006 1510.0000000000002 5.5000000000000009 0.0085228928364813345 297.50000000000006 4.5000000000000009 0.84018126130104076 0.00034425081685185438 1.1538113355636599 0.028174603357911113 6.5000000000000009 0.22251007705926898 2.376407384872437 3149.5000000000005 214.50000000000003 134.50000000000003 2.5468743842793632e-05 4.5000000000000009 0.32048784196376806 30.301626205444339 27.500000000000004 0.51531967520713817 220.50000000000003 14.310709953308107 0.51567912101745617 46.500000000000007 0.0001681180874584243 2.701820903894259e-05 62.500000000000007 3.5000000000000004 186.50000000000003
decision_type=2 2 2 2 2 2 2 2 2 2 2 2 2 2 2 2 2 2 2 2 2 2 2 2 2 2 2 2 2 2 2 2 2 2 2 2 2 2 2 2 2 2 2 2 2 2 2 2 2 2 2 2 2 2 2 2 2 2 2 2 2 2
left_child=2 4 9 8 5 6 19 21 14 10 -1 15 17 16 -4 20 27 18 24 -2 -12 35 23 -22 40 26 29 51 -6 33 31 32 49 48 -34 36 -3 -38 43 -15 -8 -25 -40 47 46 -46 53 -29 -16 -31 -48 61 -53 54 -43 56 -26 58 59 -24 -32 -14
right_child=1 7 3 -5 28 -7 12 -9 -10 -11 11 -13 13 39 25 -17 -18 -19 -20 -21 22 -23 57 41 55 -27 -28 38 -30 30 60 -33 34 -35 -36 -37 37 -39 42 -41 -42 44 -44 -45 45 -47 50 -49 -50 -51 -52 52 -54 -55 -56 -57 -58 -59 -60 -61 -62 -63
leaf_value=-0.051967759049340694 0.018729014254891985 0.057218422585867706 -0.052902825672305955 -0.052832961573025687 0.03287020895690726 -0.053215133033007504 -0.056550711019961578 0.01105964594020062 -0.052800220846333915 -0.052754301294375194 0.031251277738176327 -0.049237181951891223 0.0076523988476029483 0.032239759056388553 -0.057137455651579461 -0.052681025622076272 0.036505381753487602 0.0080257455157406749 -0.049775008276400468 0.057119951645702272 0.014179376267459643 0.056249096112034859 -0.0065813873503771068 -0.044067506793837835 0.0012440420098253071 0.011061855793282754 0.022926118865664719 0.01823283586095549 0.054021334488392116 -0.010459708022745672 -0.02595744239078725 0.013497376663655129 -0.044666953353650979 -0.0019022319529964323 -0.0077478308248312856 0.056334315979016239 0.019039724507786647 0.048598412193837336 -0.0033606046708636026 0.058242018262925424 -0.0091869407445810888 -0.0080753283432159501 0.013501649446640174 0.0069833623669888741 -0.045176368150111612 0.0026906338446516555 0.019816126709135073 0.035808197655676825 -0.0071685155611281573 0.013468945258469631 -0.014427913613362596 0.024910599284893881 0.0096525786119358442 -5.5157535622395877e-05 -0.043792708103959646 0.0056061541661715265 -0.023126412249801831 -0.046166851093532711 0.0144952823832809 -0.052026046925155556 -0.057278317962477336 -0.0037216877243622295
leaf_weight=58.068032934563234 2.4772596298716945 3.6409752406179932 2.0583755628904319 31.891834583715536 3.8197404490783837 3.3014665402006349 0.9111923284362996 5.6296583563089362 4.3849195359507567 214.40347783500329 1.0967741338536203 9.4578479953343031 18.009102145209912 3.6175400260835877 0.81445104116573819 3.2442315529333419 6.59944002656266 157.23573633190244 1.6475515598431218 6.8468802394345403 2.291469577001414 207.42206824105233 0.70999871892854516 1.431922674877568 9.0610304195433873 7.4699491877108803 2.6568783782422534 8.5990876238793152 18.467399007175118 8.9153259748127365 2.6960189146921034 2.9342905411031088 2.2865158838685598 39.951890533324331 1.6276884814724324 6.1083363830111912 5.2309762733057124 3.5225534280762076 4.4987121969461432 3.83458171505481 1.3858395260758696 1.3382129273377343 69.751970172859728 4.1684426479041568 2.5146853300975627 1.5006146749947218 2.4041607142426078 6.3568141162395468 0.89600411080755293 2.3326132334768763 1.4263711480889467 4.6339999418705693 46.18662295024842 1.8557154899463055 1.7681475400459019 19.120789937674999 3.2728183639701447 2.9918874743161723 0.6580142993479966 1.071900639683008 1.2851912998594341 10.051900058984755
leaf_count=12971 81 60 440 5812 68 607 117 89 961 40831 39 2204 327 45 95 776 97 3156 239 121 100 2832 55 209 263 156 51 126 378 261 89 70 94 1080 38 116 82 60 84 61 44 97 1140 67 248 94 101 67 29 45 98 75 839 95 164 399 90 395 32 124 130 201
internal_value=6.23261e-05 0.0273918 -0.0418911 -0.0204216 0.0123863 0.0102229 0.0107623 0.0542109 -0.00755071 -0.0497064 -0.0427418 -0.0277612 0.00987259 0.0138625 -0.00493741 -0.0200393 0.0125394 0.00601368 -0.00292349 0.0469202 -0.0154471 0.0552862 -0.0177791 -0.0121863 -0.000636483 -0.0036008 -0.00525042 0.0116212 0.0503963 -0.0064249 -0.0127082 -0.00756897 -0.0116459 -0.00309528 -0.0293145 0.0444919 0.0386557 0.0309346 0.0143526 0.0456195 -0.0279753 -0.0164291 0.01248 0.0216228 -0.0133391 -0.0272873 -0.0069694 0.025703 -0.0309617 -0.00549735 0.00706471 0.00838799 0.0110439 -0.0178032 -0.0284057 0.00135999 -0.00522272 -0.0348001 -0.020862 -0.0339186 -0.0360683 0.00357802
internal_weight=1065.85 645.41 420.435 112.202 413.856 391.569 388.267 231.555 80.3101 308.233 93.83 35.762 378.943 186.308 75.9252 26.3041 178.856 192.635 35.3992 9.32414 23.0599 225.925 21.9631 16.5313 33.7517 73.8668 66.3969 172.257 22.2871 63.74 22.0776 18.0964 15.1621 41.6623 3.9142 18.5028 12.3945 8.75353 93.375 7.45212 2.29703 14.2398 74.2507 19.1243 12.8079 4.0153 8.79261 14.9559 1.71046 11.2479 3.83053 78.8816 50.8206 4.96208 3.10636 31.4546 12.3338 5.4318 2.43991 1.7819 3.98121 28.061
internal_count=79915 11931 67984 9351 8692 8246 7639 3239 3539 58633 17802 4831 7437 3129 2578 2627 3023 4308 1152 202 1851 3150 1812 1206 913 2138 1982 2926 446 1931 727 508 438 1204 132 318 202 142 1484 106 161 1106 1224 260 897 342 555 193 124 306 199 1442 914 356 261 752 353 606 211 179 219 528
is_linear=0
shrinkage=0.05


Tree=36
num_leaves=63
num_cat=0
split_feature=0 11 11 0 2 2 0 11 1 9 2 0 2 1 0 9 1 0 9 0 9 1 12 16 9 11 8 8 0 33 33 16 31 0 0 1 0 36 7 9 16 0 8 36 5 7 5 2 5 7 7 19 2 7 18 31 33 2 2 36 8 18
split_gain=394.605 100.672 59.4633 25.0287 12.8721 12.7068 13.4655 5.67827 5.76501 3.52709 2.67364 2.81224 2.24165 2.14205 1.63648 1.43547 1.16277 1.14081 1.03536 0.951531 1.46235 0.930582 0.770056 0.723065 1.42509 0.677822 0.673435 0.644343 0.60281 0.581517 0.523939 0.614711 0.540998 0.744571 0.64158 0.511975 0.554041 0.477747 0.469665 0.432131 0.418128 0.490116 0.399292 0.590537 0.766062 0.720066 0.38788 0.421743 0.372398 0.3387 0.542993 0.37956 0.589019 0.383367 0.360938 0.401707 0.391068 0.373066 0.327068 0.325097 0.58353 0.318935
threshold=0.51127162575721752 9.5000000000000018 2.5000000000000004 0.84018126130104076 503.50000000000006 301.50000000000006 0.38209050893783575 1.0000000180025095e-35 4.5000000000000009 6.5000000000000009 310.50000000000006 0.69146737456321727 301.50000000000006 34.500000000000007 0.32694168388843542 6.5000000000000009 4.5000000000000009 0.87428680062294017 5.5000000000000009 0.62424147129058849 5.5000000000000009 12.500000000000002 1.0000000180025095e-35 0.6554117500782014 3.5000000000000004 1.0000000180025095e-35 2439.5000000000005 4929.5000000000009 0.70447415113449108 2.5767039915081118e-06 6.756540869901074e-06 1.1145768165588381 0.00082481838762760173 0.60720726847648632 0.53062260150909435 34.500000000000007 0.33028197288513189 0.00049517964362166833 113.50000000000001 2.5000000000000004 2.5101093053817753 0.50280991196632396 3235.5000000000005 0.13875609636306765 2023.5000000000002 22.500000000000004 1143.5000000000002 147.50000000000003 3798.5000000000005 13.500000000000002 45.500000000000007 139.50000000000003 130.50000000000003 97.500000000000014 48.500000000000007 0.00010006041702581571 3.1471932970816856e-06 197.50000000000003 95.500000000000014 0.0044021762441843757 1796.5000000000002 55.500000000000007
decision_type=2 2 2 2 2 2 2 2 2 2 2 2 2 2 2 2 2 2 2 2 2 2 2 2 2 2 2 2 2 2 2 2 2 2 2 2 2 2 2 2 2 2 2 2 2 2 2 2 2 2 2 2 2 2 2 2 2 2 2 2 2 2
left_child=2 3 5 4 7 6 14 12 -9 13 19 -12 15 16 -1 28 -8 21 27 46 29 -5 23 24 -18 40 -22 35 30 61 32 -32 -2 34 -34 36 -16 -31 39 -39 41 49 43 44 -38 -46 47 -10 -47 -25 -51 54 -53 -54 55 56 -52 -56 -27 -57 -61 -21
right_child=1 -3 -4 17 -6 -7 9 8 10 -11 11 -13 -14 -15 18 -17 22 -19 -20 20 26 -23 -24 25 -26 58 -28 -29 -30 37 31 -33 33 -35 -36 -37 42 38 -40 -41 -42 -43 -44 -45 45 48 -48 -49 -50 50 51 52 53 -55 57 59 -58 -59 -60 60 -62 -63
leaf_value=-0.051788131491065439 -0.0023926158200370247 0.056299246282457721 0.0082470973984754819 0.045942464967920968 -0.052773018577033814 -0.052644046587532356 -0.05507631935287563 0.051214632894167 0.0212547826968746 -0.052574785004360615 -0.0090974565140058451 0.056979460779874758 -0.052605531010713517 -0.052888028334472974 0.01658073150214347 -0.052797238781791989 -0.0068773737366009269 0.055633589842949333 -0.052571455733654709 0.0070895153795101657 0.050267658108797714 0.015331442442244748 0.03111846349662575 0.014101517005959949 -0.059796961870367718 0.010129020500649843 0.018434899529422653 0.025282147140361963 0.010855884978448185 0.020302514829286945 -0.010780596200993003 0.012169974641428098 -0.0027045389983045738 -0.00017367961859803194 -0.038392452506777669 -0.05257881391192986 0.024780712329022271 0.018273411661260851 0.0066151457760243691 0.0075887838153172243 -0.041899112665961094 -0.03944653919724514 -0.044264079552741628 -0.047073822107876771 0.02157048613551503 -0.043609025379644756 0.0051833132814860083 0.0045704207192699148 0.0017730889713478051 -0.030110806091415324 -0.050159506537532234 0.020637751358268328 0.0086465457641346031 -0.029628085222276737 -0.014188992527514566 0.0095487243985613104 -0.011654420251919505 0.023786339206989072 -0.003816037984928355 -0.0022279495610332762 -0.043519616301530721 0.018560981874465133
leaf_weight=53.998902660678141 9.5931386819575035 189.28866047272459 60.585463332943618 8.7215326400473696 8.5146188624203187 222.07614247885067 1.3101496669696633 8.9924677868839336 8.3925282345153374 5.6616015844047061 2.2159133038949204 5.8913505179807544 2.6173775626812121 2.8890680321492246 0.77680952264927228 1.5001938850618888 3.6735764702316365 27.204831076785922 5.2569969831965855 72.121525840368122 3.4858861989341667 3.470836146734654 1.2675792556256045 1.5446428705472595 1.9461410042131317 6.4117056028917458 3.1744712283834815 0.58386706653982479 6.5593740474432698 22.140373894944787 5.0652816032525134 6.8810598200652748 1.7094624985475073 3.4217401961795986 4.7829188415780663 1.8582950668642304 1.0995255128946135 31.071884476579726 26.474565575830638 13.607392057776449 1.1034530596807588 1.356432077474891 2.5213141100248322 1.5788431728724388 0.72060381644405458 2.2418210146715869 101.40838405303657 6.903058494674041 0.56621293467469502 2.9098046305589405 1.4968631286174043 2.7042778492905191 1.1819011145271363 1.4653905830346046 1.3451790588442238 1.5824941361788658 1.1786321967374531 1.2455684840679166 12.215509671252219 2.3029367784038191 1.3614306352101264 6.6147546358406535
leaf_count=12971 278 2760 1299 155 1675 45162 241 177 145 1430 77 100 604 676 60 332 159 571 1353 1378 48 64 31 54 222 153 55 29 146 324 142 154 74 86 194 482 52 488 504 240 97 52 380 241 33 243 2221 152 47 157 111 92 40 87 78 66 41 33 292 94 97 116
internal_value=7.02616e-05 0.0262268 -0.037501 0.0120855 0.00797893 -0.0453878 -0.0329306 0.0094376 0.0117607 -0.0150803 0.0105917 0.038919 -0.00779362 -0.0110363 -0.0475095 -0.00482525 -0.00859876 0.0499377 -0.0340803 0.00981427 0.0121076 0.0372283 -0.00733788 -0.00837446 -0.0252037 -0.00609037 0.0350955 -0.025944 -0.00293202 0.0112176 -0.00580737 0.00243887 -0.0108574 -0.0190481 -0.0289957 -0.028576 -0.0238834 0.0138882 0.0118923 0.0150193 -0.0118753 -0.0103469 -0.0274846 -0.0206688 -0.011661 -0.0230162 0.00630281 0.013725 -0.0344582 -0.00840431 -0.0102559 -0.00661429 0.00422546 -0.0125401 -0.0121321 -0.0174301 -0.0331969 0.00406862 0.000984014 -0.00939018 -0.0175691 0.00805325
internal_weight=1003.84 591.826 412.019 402.537 363.14 351.434 129.358 354.625 312.495 58.1543 303.502 8.10726 42.1305 52.4927 71.2032 39.5132 49.6037 39.3972 17.2043 295.395 178.691 12.1924 48.2935 47.0259 5.61972 41.4062 6.66036 11.9473 38.013 172.03 31.4536 11.9463 19.5073 9.91412 6.49238 11.3634 9.50513 93.2942 71.1538 44.6793 22.779 21.6756 8.72832 6.20701 4.62816 3.52864 116.704 15.2956 2.80803 20.3191 18.7745 15.8647 5.35157 2.64729 10.5131 7.92236 2.6755 2.59075 18.6272 5.24686 3.66437 78.7363
internal_count=79915 13260 66655 10500 9710 65356 20194 8035 6025 4303 5848 177 2010 2873 15891 1406 2197 790 2920 5671 3153 219 1956 1925 381 1544 103 1567 1074 3050 928 296 632 354 268 1538 1056 1556 1232 728 1099 1002 996 616 375 323 2518 297 290 950 896 739 219 127 520 409 152 111 445 257 191 1494
is_linear=0
shrinkage=0.05


Tree=37
num_leaves=63
num_cat=0
split_feature=34 34 2 0 32 9 2 1 35 11 35 0 1 34 0 9 0 2 0 2 9 10 11 11 0 0 34 10 9 31 36 17 1 0 9 16 32 32 35 16 7 0 18 36 7 5 7 18 35 4 2 19 34 16 17 18 2 5 32 16 31 16
split_gain=414.079 92.0853 25.458 21.3788 14.3598 4.74408 4.44284 4.16763 2.50584 2.42172 2.08667 2.03119 1.88631 1.58681 1.5462 1.40709 1.35575 1.16767 0.873961 0.750054 0.745733 0.736234 0.693828 0.679704 1.2075 0.632867 0.655073 0.655338 0.792328 0.675521 0.624579 0.622997 0.61313 0.524556 0.5593 0.449003 0.442069 0.479415 0.430568 0.430189 0.439636 0.414457 0.400452 0.395802 0.383288 0.57001 0.482344 0.355499 0.508957 0.341083 0.430993 0.482745 0.345064 0.343955 0.331045 0.323699 0.51629 0.463466 0.35851 0.323133 0.581334 0.320196
threshold=0.40199638903141027 1.8270380496978762 301.50000000000006 0.38622736930847174 4.4355640411376962 6.5000000000000009 494.50000000000006 4.5000000000000009 0.028174603357911113 9.5000000000000018 0.064583335071802153 0.62424147129058849 4.5000000000000009 0.21302551031112674 0.85749366879463207 5.5000000000000009 0.69146737456321727 297.50000000000006 0.30692100524902349 301.50000000000006 5.5000000000000009 1.0000000180025095e-35 2.5000000000000004 9.5000000000000018 0.85749366879463207 0.60002753138542186 0.27614757418632513 1.0000000180025095e-35 5.5000000000000009 0.0038154307985678319 0.00049517964362166833 90.869152069091811 32.500000000000007 0.32694168388843542 2.5000000000000004 1.9180338978767397 2.7070853710174565 1.8177648186683657 0.028174603357911113 0.8398900330066682 79.500000000000014 0.33515159785747534 38.500000000000007 0.00013687156751984733 30.500000000000004 4033.5000000000005 123.50000000000001 44.500000000000007 0.054093567654490478 12.500000000000002 179.50000000000003 35.500000000000007 0.49157270789146429 1.1923410296440127 18.51922702789307 34.500000000000007 190.50000000000003 5592.5000000000009 4.0002249479293832 0.66592633724212658 0.1677815914154053 1.8341411352157595
decision_type=2 2 2 2 2 2 2 2 2 2 2 2 2 2 2 2 2 2 2 2 2 2 2 2 2 2 2 2 2 2 2 2 2 2 2 2 2 2 2 2 2 2 2 2 2 2 2 2 2 2 2 2 2 2 2 2 2 2 2 2 2 2
left_child=2 4 3 13 6 8 7 16 -5 11 -6 17 -10 33 15 21 -2 22 -15 -19 39 55 32 24 -3 26 27 28 29 44 47 -31 59 -1 41 -17 37 -29 -34 -20 -41 -35 -28 -27 45 -14 -46 48 -23 52 -51 -52 -32 -53 -48 56 61 58 -57 60 -9 -13
right_child=1 23 -4 5 10 -7 -8 9 12 -11 -12 14 25 18 -16 35 -18 19 20 -21 -22 30 -24 -25 -26 43 42 36 -30 31 49 -33 38 34 -36 -37 -38 -39 -40 40 -42 -43 -44 -45 46 -47 54 -49 -50 50 51 53 -54 -55 -56 57 -58 -59 -60 -61 -62 -63
leaf_value=-0.052399801359955644 0.0080941240990779397 0.022552087565681823 -0.052524502143325491 -0.052564236236261844 0.010178753086003155 -0.052493773402938308 -0.05261219959335655 -0.03723912681282493 -0.057078217537428547 0.059452105110131749 0.051897295556504144 0.010673662461381237 -0.012142510920795161 -0.052484101914412953 0.047361893043396858 0.022426160404347979 0.056718319686077739 0.0024696899643305743 -0.036669694551929102 -0.054888513336148109 -0.052547298443474069 0.015532254583309313 0.0073619928708498414 0.056086318051801934 0.05355441152093722 0.023301618608657093 -0.0042399756402197791 0.012889144153284217 -0.055825508242055656 -0.030857120390947419 0.024260519148339623 0.0024949316670193449 -0.056096615447294301 0.0043232880836680662 -0.048823842346996472 0.048417891592100804 0.015006358646280683 -0.011198984080865469 -0.0091790916122361718 -0.02152871939679284 0.017113126310685508 -0.034175917611051009 0.011736513580234521 0.0013050388999618842 -0.018913536666694902 0.030087907220036986 0.0057047110250710931 0.010669472498134172 0.033092563858384966 0.024839965468048581 0.028342577737335797 -0.00064646471241364828 0.0078322113445366982 0.015572083756095312 -0.019237754253495165 0.0070509097762253246 -0.0037475802792454379 0.028508977018663548 0.021647477545933907 0.0027716470223883966 0.0069869739222936439 -0.0086019693644612746
leaf_weight=47.135549006750807 1.8545027675572763 4.2691329116933074 213.28767792508006 2.879693688475526 3.4075214494951096 6.0817938530817619 2.8211320686386889 1.453811145620427 1.7075000725453708 2.4147947551682583 24.899285146500915 21.551439650356773 1.6246693825814973 2.0652073821984223 3.2243936848826698 3.4511557216756037 6.3156136460602283 1.0113908518105739 0.82477511302568007 1.3058524383231995 1.0025258815148843 7.3436648249626222 141.12556550651789 172.63597304048017 11.883426352869717 2.3344459459185627 10.07492856285535 2.657651365036144 1.1037908258149389 6.8888501629699004 3.4973866771906605 1.7573573556728659 0.79478874069172833 0.86621893476694634 7.9487751594278961 3.2042855215258896 3.2349925758317104 9.2722014440223557 1.2709983172826467 1.1248145403806122 2.1297643317375332 3.6226053797872737 6.422449577599763 16.497726145200431 7.8840028760023397 1.5723719834350047 5.0951368843670934 5.4212473072111598 9.4181121187284571 9.8298533689230698 3.4195956550538567 6.7194155007600767 37.133795141242445 6.366184102371335 1.8003496266901491 27.759044913575053 12.628917777910827 3.4587414488196364 4.9580429326742879 25.777474974282086 1.519785998156294 2.3937587998807421
leaf_count=12287 73 73 46643 746 66 1611 609 58 266 42 535 413 61 521 68 58 140 23 108 228 266 124 3132 2696 230 44 255 82 153 385 53 80 117 97 1965 45 72 320 44 71 114 593 168 396 358 45 188 96 119 143 50 144 710 115 89 575 269 52 83 652 42 54
internal_value=6.20768e-05 0.0265308 -0.0413052 -0.0259274 0.0125877 -0.00987114 0.00988747 0.0103819 -0.00674075 0.00955422 0.0468753 0.00920602 -0.0050898 -0.0473189 0.0130643 0.0124082 0.0456813 0.00540264 -0.0250569 -0.0298538 -0.0139108 0.011482 0.00587778 0.0551686 0.0453605 -0.00395494 -0.00648752 -0.00974427 -0.014315 -0.012594 0.0145279 -0.0240783 -0.000919155 -0.0499897 -0.040856 0.03494 -0.00138735 -0.00583279 -0.0272301 -0.00441568 0.00375812 -0.0267466 0.00197969 0.00403175 -0.00707038 0.00862729 -0.010466 0.0217993 0.025399 0.0121191 0.0165515 0.0116152 0.0092463 0.00724391 -0.000807543 0.00774949 0.00443248 0.011103 0.00926292 0.000971307 -0.0146355 0.00874671
internal_weight=945.438 576.54 368.898 155.61 387.752 88.8899 359.445 356.624 82.8081 348.453 28.3068 346.039 79.9284 66.7202 171.779 168.555 8.17012 174.26 7.14709 2.31724 5.08188 161.899 171.942 188.789 16.1526 78.2209 59.3888 42.8914 27.7265 26.6227 89.1493 8.64621 30.8169 59.5731 12.4376 6.65544 15.1648 11.9299 2.06579 4.07935 3.25458 4.48882 16.4974 18.8322 17.9765 3.19704 14.7795 22.183 16.7618 66.9662 26.335 16.5052 40.6312 13.0856 6.89549 72.7499 36.5741 36.1758 32.7171 28.7511 2.9736 23.9452
internal_count=79915 11931 67984 21341 8932 5319 8331 7722 3708 7509 601 7467 2962 16022 3171 3103 213 4296 1080 251 559 3000 4045 2999 303 2696 2256 1833 1359 1206 1554 465 913 14942 2655 103 474 402 161 293 185 690 423 440 741 106 635 339 243 1215 452 309 763 259 277 1446 736 710 658 752 100 467
is_linear=0
shrinkage=0.05


Tree=38
num_leaves=63
num_cat=0
split_feature=34 34 3 0 32 3 1 35 11 0 1 0 0 34 1 11 3 1 16 8 16 31 11 35 11 0 12 34 16 19 18 0 33 36 4 4 36 33 4 34 0 35 17 17 17 33 0 19 0 8 18 6 5 31 8 19 19 18 33 3 5 3
split_gain=380.374 86.9147 24.4848 20.0198 13.019 4.15245 4.33409 3.31909 2.23638 2.23679 2.04974 1.70022 1.48002 1.37451 1.19879 1.10785 1.08691 0.989256 0.856878 2.00148 1.04212 1.33967 0.791185 0.755155 0.680336 1.16742 0.635807 0.627397 0.620545 0.606039 0.952303 0.578247 0.568904 0.542253 0.491858 1.13825 0.488668 0.619036 0.47619 0.437785 0.540222 0.496527 0.458203 0.433207 0.406642 0.392962 0.387451 0.377707 0.37721 0.376143 0.373521 0.359754 0.433519 0.358562 0.455936 0.628266 0.356823 0.346912 0.338403 0.327889 0.323188 0.314102
threshold=0.40199638903141027 1.8270380496978762 5.7120797634124765 0.38622736930847174 4.565188169479371 6.2136070728302011 4.5000000000000009 0.028174603357911113 9.5000000000000018 0.87428680062294017 4.5000000000000009 0.62424147129058849 0.32694168388843542 0.89040690660476696 14.500000000000002 2.5000000000000004 5.6987686157226571 33.500000000000007 0.64349994063377391 1996.5000000000002 2.0380547046661381 0.0005464080022647978 1.0000000180025095e-35 0.069047622382640853 9.5000000000000018 0.84018126130104076 1.0000000180025095e-35 1.6180344820022585 1.2948499321937563 27.500000000000004 28.500000000000004 0.79221111536026012 6.3503573528578281e-06 0.11786830797791482 2.5000000000000004 1.5000000000000002 0.00034425081685185438 1.650251124374336e-05 7.5000000000000009 0.34901709854602819 0.60720726847648632 0.095454547554254546 19.506732940673832 17.893811225891117 9.4218811988830584 1.0079574622068323e-05 0.33028197288513189 105.50000000000001 0.46277791261672979 3570.5000000000005 56.500000000000007 0.77028131484985363 606.50000000000011 5.4988745432638106e-06 4218.0000000000009 88.500000000000014 193.50000000000003 35.500000000000007 1.703203736269643e-06 5.6112999916076669 2101.5000000000005 4.5271940231323251
decision_type=2 2 2 2 2 2 2 2 2 2 2 2 2 2 2 2 2 2 2 2 2 2 2 2 2 2 2 2 2 2 2 2 2 2 2 2 2 2 2 2 2 2 2 2 2 2 2 2 2 2 2 2 2 2 2 2 2 2 2 2 2 2
left_child=2 4 3 12 5 6 13 -5 9 11 -9 15 -1 -2 16 17 27 48 19 51 26 -22 45 -6 25 -3 29 31 -29 30 44 36 34 60 35 -31 37 38 -13 40 41 42 53 -32 -20 56 -47 -43 61 -38 58 52 -12 57 55 -55 -14 -36 59 -16 -24 -8
right_child=1 24 -4 7 23 -7 8 10 -10 -11 18 14 22 -15 50 -17 -18 -19 20 -21 21 -23 33 -25 -26 -27 -28 28 -30 32 43 -33 -34 -35 39 -37 49 -39 -40 -41 -42 47 -44 -45 -46 46 -48 -49 -50 -51 -52 -53 -54 54 -56 -57 -58 -59 -60 -61 -62 -63
leaf_value=-0.051561451878199265 0.0073919058320117068 0.014197135861453681 -0.052415328358391855 -0.05238440934887665 0.026075249412403807 -0.05256401808344692 0.0041269810547787354 -0.055474992888958879 0.059054807984522666 0.056846630463177422 -0.026143840524270774 0.026728471640742997 -0.047917334142782014 0.056634219542791658 0.0058159439469950419 0.0071744394556410452 0.044879409282789759 -0.038776632456779536 0.041650469748493707 -0.051799930289599817 -0.052911368740250098 -0.008360836538128762 0.030897636836962866 0.052821937985463002 0.055934345997853963 0.051131149300075944 0.022933355491145276 -0.015620703168912835 0.014397460248696273 -0.0070467131500289663 -0.020819385645205496 0.031130911649555417 0.0014415863897568101 -0.055746066354265267 -0.043668128380627239 -0.049715192389655848 0.014965563381441513 0.037607799476204275 0.0035607693171321592 0.014548402456598265 0.0081835444590487548 -0.010091322907471431 -0.018820309265096442 0.007698978707313963 0.011203826941202949 0.024800839571412509 -0.031039188338910468 -0.05016797089054164 0.0020510403688141911 0.0011717599836508425 0.021058467783860058 0.021355696393247265 0.010104942590319377 -0.033914129780811667 0.021977245347007558 0.0052375426090376072 -0.0050385670951311017 -0.00019399515066978514 0.01075419267557598 -0.011103294559640688 -0.012645209063610463 -0.019057902272762169
leaf_weight=46.62957197939977 1.8093827583361397 2.5769845191389313 198.50351053732447 4.3459141521016127 3.0546680418774512 2.6412542304024091 2.1654699349310311 2.1698194188065818 2.2598756132647386 2.4397359937429419 1.7961261556483799 4.7126520946621877 8.3551831746008212 6.5370632987469435 37.582630078773946 135.26900421641767 3.3985714865848413 1.8503473920281965 2.0449537141248566 3.2680517395492643 2.3719114341074583 5.8476453152252361 0.50473861617501814 19.392370646819472 160.90352832758799 12.602971408050506 2.4039272721856824 2.9654365666210643 4.1047605844214559 4.7131761278724325 2.5770811347756535 6.9370072851888827 18.697218613931909 0.65493043698370446 0.90168047416956454 2.3385426967870444 33.900984634645283 5.1472964994609347 4.1898928098380566 2.2991914153099051 4.0525622777640811 1.0215837142895901 6.6876579639501861 2.7554350518621504 2.3649120292393491 0.35576940595637951 2.4492147302953526 1.3849174112547187 22.295443439739756 5.7857149206101885 5.7151077874004832 1.3204209068790076 1.5252597262151537 1.3806060883216558 2.2473824394401163 3.9744451276492327 0.51509810274001289 0.93441749608609825 47.040027776733041 3.0997316241264334 2.7369147876743227 4.4894168975297362
leaf_count=12971 79 47 46643 1217 72 608 76 429 43 58 84 70 2114 155 826 3152 51 222 41 526 634 245 20 437 2696 256 54 57 70 170 117 122 522 111 69 74 602 62 86 57 103 52 274 65 70 31 439 75 590 128 102 41 56 80 61 145 71 58 938 66 265 260
internal_value=4.15105e-05 0.0260797 -0.0409471 -0.0255265 0.0122808 0.00988915 0.0103691 -0.00981471 0.0094833 0.00914698 -0.00753293 0.00879502 -0.0471044 0.0459592 0.0123966 0.00522573 0.0172871 -0.0033325 -0.00621463 -0.0218248 -0.00447554 -0.0212168 -0.033758 0.0491822 0.0549797 0.0448611 -0.00228366 0.0159028 0.00180701 -0.0032877 0.00813252 0.0175454 -0.00548507 -0.0142493 -0.00954033 -0.0211967 0.0157916 0.0238052 0.0158248 -0.00623715 -0.00835313 -0.0119692 -0.00880767 -0.00608328 0.0253226 -0.040269 -0.0239567 -0.033155 -0.00106711 0.0129546 0.00867307 -0.00072094 -0.00949753 -0.00171324 0.00307606 -0.0048563 -0.0454274 -0.0215435 0.00786616 0.00452681 -0.00586541 -0.0115136
internal_weight=890.997 544.867 346.13 147.626 368.784 346.337 343.696 85.4248 335.349 333.089 81.0789 330.649 62.2014 8.34645 164.58 166.07 71.1423 30.8007 78.9091 7.90986 70.9992 8.21956 15.5718 22.447 176.083 15.18 62.7797 67.7437 7.0702 60.3758 9.74238 60.6735 50.6334 3.89658 31.9362 7.05172 53.7365 14.0498 8.90254 24.8844 22.5853 18.5327 16.1262 5.33252 4.40987 11.6753 2.80498 2.4065 28.9503 39.6867 93.4375 4.64181 3.32139 9.43853 7.60243 5.35505 8.87028 1.8361 87.7224 40.6824 3.24165 6.65489
internal_count=79915 11931 67984 21341 8932 8423 7815 5319 7581 7538 4102 7480 16022 234 3180 4300 1248 1148 3673 707 2966 879 3051 509 2999 303 2087 1197 127 2033 293 1070 1740 396 1218 244 948 218 156 974 917 814 687 182 111 2655 470 127 926 730 1932 181 140 413 286 225 2185 127 1830 892 285 336
is_linear=0
shrinkage=0.05


Tree=39
num_leaves=63
num_cat=0
split_feature=34 34 2 0 32 2 1 35 0 35 1 1 0 34 11 0 1 0 2 11 11 0 16 34 16 8 36 16 36 4 16 8 18 19 16 8 0 10 2 35 15 32 4 32 31 16 14 15 10 15 14 15 15 16 16 5 16 35 34 35 36 15
split_gain=351.458 81.5288 22.9984 18.3958 12.3345 3.77771 3.74792 3.05271 1.93461 1.87255 1.86256 1.73685 1.44386 1.39891 1.04494 1.03725 0.869542 0.853227 0.821927 0.728397 0.691319 1.22456 0.685205 0.839966 0.724369 0.979857 0.536204 0.563549 0.494127 0.46668 0.512418 0.452446 0.378109 0.369232 0.337954 1.14745 0.336848 0.319145 0.380466 0.312464 0.395379 0.428833 0.410208 0.358731 0.421206 0.324306 0.298171 0.328325 0.495473 0.49972 0.328825 0.311904 0.816167 0.305823 0.296327 0.756872 0.346214 0.29252 0.291483 0.347351 0.368215 0.276239
threshold=0.40199638903141027 1.8270380496978762 301.50000000000006 0.38622736930847174 4.4355640411376962 494.50000000000006 4.5000000000000009 0.028174603357911113 0.62424147129058849 0.064583335071802153 4.5000000000000009 14.500000000000002 0.32694168388843542 0.89040690660476696 2.5000000000000004 0.84018126130104076 33.500000000000007 0.51127162575721752 297.50000000000006 1.0000000180025095e-35 9.5000000000000018 0.84018126130104076 1.9367256164550783 0.28700643777847296 0.52987110614776622 857.00000000000011 0.00049517964362166833 1.5287530422210696 0.11786830797791482 8.5000000000000018 1.2590402364730837 3439.5000000000005 56.500000000000007 4.5000000000000009 0.66592633724212658 1829.5000000000002 0.70447415113449108 1.0000000180025095e-35 272.50000000000006 0.031754031777381904 1.2362374067306521 1.8439139127731325 11.500000000000002 1.8084095120429995 0.00023828168923500928 1.1661725640296938 5.2337753772735605 1.8313603401184084 1.0000000180025095e-35 0.31319215893745428 4.6395599842071542 2.9846740961074834 3.2627416849136357 1.0096129775047304 1.5181401371955874 4006.5000000000005 1.4279919862747195 0.028174603357911113 0.27339230477809912 0.04446640424430371 0.0020428971620276575 0.096340917050838484
decision_type=2 2 2 2 2 2 2 2 2 2 2 2 2 2 2 2 2 2 2 2 2 2 2 2 2 2 2 2 2 2 2 2 2 2 2 2 2 2 2 2 2 2 2 2 2 2 2 2 2 2 2 2 2 2 2 2 2 2 2 2 2 2
left_child=2 4 3 12 5 6 13 -5 14 -6 -9 15 -1 -2 16 18 34 22 26 39 21 -3 24 61 25 -12 27 29 -21 30 -10 -28 37 -26 35 -8 -19 38 -13 -14 -41 42 43 44 -42 -46 47 48 49 -35 -50 53 -53 -49 56 -56 -36 -18 59 60 -51 -24
right_child=1 20 -4 7 9 -7 8 10 11 -11 17 32 19 -15 -16 -17 57 36 -20 28 -22 -23 23 -25 33 -27 31 -29 -30 -31 -32 -33 -34 46 54 -37 -38 -39 -40 40 41 -43 -44 -45 45 -47 -48 51 50 58 -52 52 -54 -55 55 -57 -58 -59 -60 -61 -62 -63
leaf_value=-0.051411037631054229 0.0051030478401205386 0.010853845497117905 -0.052314923642278202 -0.052279583728423479 0.010082724182128818 -0.052388115900648007 0.0076960259121943292 -0.055203943404973602 0.040195453894164165 0.05119035866463352 0.026495370731059422 0.0055792437358334231 -0.052435355123275268 0.056868287774406424 0.0071844882089872599 0.044744722962960573 -0.054957697178645196 -0.0033611474057085667 0.043125839692145548 -0.0061255581572510209 0.055782345554245431 0.050703344935485228 0.01117575731479916 0.012475004364418592 0.019515729501735399 -0.045826355973217416 0.015364314787329851 0.041435451318351052 -0.055547903293919489 0.0090541067357663776 0.014920900927842276 0.00061180790176994715 0.021313024413683792 -0.040672910790214872 0.0017968795433148954 -0.055174222060145342 0.0094193730862183675 0.010441944875831907 -0.01397366810045678 -0.049494042992392837 -0.052717924174068925 -0.04002398167605787 -0.052752490889643136 0.035541198653004043 -0.022788425785441727 0.035864026637764772 -0.030471587377243793 -0.0091459778419995686 -0.0064483096591742596 -0.053473730397225583 0.019936858308633159 0.033806319481899987 -0.014501545592028485 -0.0373460593330385 0.0013613858236646475 -0.038337392825442795 0.02464939855914516 -0.013208809466744556 0.01272331591266662 -0.00057132397324478554 -0.011269190748419658 -0.046060161203604365
leaf_weight=43.437564860330895 1.6896825947333116 2.3020337005145839 184.94979302003048 4.0420655261259517 3.1736371731385615 2.4469657028093925 1.8621512155514275 2.0089629120193413 3.9041528590023535 21.798335299827158 0.57496342249214949 35.342164595145732 3.3684877224732173 5.7346095568500459 129.12287533376366 3.6981002809479824 1.0127158235991363 33.580316416569985 2.9939557155594221 3.1144049157155673 150.09355047112331 11.860516524873672 0.22589768434408997 0.88511370343621809 1.2600224863272185 2.5256357147591189 38.921913752797991 3.5591589827090493 0.60379475238732983 6.3266391437500706 4.1233721878379583 5.9982092138379803 5.3252140413969746 1.0928787296870783 16.237677170662216 1.1892330455593763 6.0906644091010085 44.472653826698661 2.6762985009700051 2.7023482287768275 0.45708649442531191 2.522965652984567 0.46115133399143804 0.51321488840039808 0.48415791848674417 0.45922013302333653 1.4205446414416645 1.7276481681037679 1.8421548730693746 0.76470066036563222 3.2892180501949042 1.0338974723126737 5.6657922964077443 2.1677081808447838 4.9305049113463602 1.587101867306046 1.8457512324675907 0.71636384562589217 1.8588557550683615 3.8383061997592449 1.594179594889283 3.1560114492895082
leaf_count=12971 77 47 46643 1217 66 609 52 429 48 535 17 815 1037 136 3160 83 191 1113 48 285 2696 256 22 50 38 414 719 59 111 125 73 141 99 77 453 95 156 931 64 675 117 546 127 32 94 27 75 77 67 70 99 34 270 125 141 138 44 30 49 202 96 622
internal_value=5.23802e-05 0.0257159 -0.040771 -0.0253854 0.0121001 0.00950366 0.00997214 -0.00993036 0.00914673 0.0459661 -0.00769576 0.0130743 -0.0468287 0.0450871 0.00524793 0.0189783 -0.00326266 -0.00641628 0.0175308 -0.0332761 0.0547859 0.0442261 -0.0121156 -0.0308881 -0.00950274 -0.0324153 0.0163112 0.0236255 -0.0141512 0.0192095 0.0272131 0.0133944 0.00840006 -0.00692462 -0.00111177 -0.0168067 -0.00139896 0.00756646 0.00420282 -0.0397592 -0.034141 -0.0256699 -0.0104205 -0.000219521 -0.0133244 0.00576257 -0.00819156 -0.00691923 -0.00197134 -0.00894632 0.0104646 -0.0135881 -0.00704667 -0.0248389 0.000834956 -0.00830566 0.00412941 -0.037661 -0.00464231 -0.00985115 -0.024951 -0.042237
internal_weight=838.665 514.946 323.72 138.77 350.689 325.717 323.27 80.6455 315.846 24.972 76.6035 157.342 58.1244 7.42429 158.504 69.5255 29.3815 74.5945 65.8274 14.6868 164.256 14.1626 34.9235 4.26702 30.6565 3.1006 62.8334 17.9133 3.7182 14.3542 8.02753 44.9201 87.8163 27.5559 27.6524 3.05138 39.671 82.4911 38.0185 10.9686 7.60014 4.8978 2.37483 1.91368 1.40046 0.943378 26.2959 24.8753 14.2803 9.14892 5.13137 10.595 6.69969 3.89536 24.601 6.51761 18.0834 1.72908 8.05604 6.19719 2.35888 3.38191
internal_count=79915 11931 67984 21341 8932 8331 7722 5319 7509 601 4102 3205 16022 213 4304 1296 1144 3673 1213 3051 2999 303 2404 694 1710 431 1165 305 396 246 121 860 1909 1279 923 147 1269 1810 879 2655 1618 943 397 270 238 121 1241 1166 660 494 166 506 304 202 776 279 497 221 417 368 166 644
is_linear=0
shrinkage=0.05


Tree=40
num_leaves=63
num_cat=0
split_feature=34 34 0 3 0 3 1 11 9 32 1 3 3 0 9 11 0 3 35 11 34 0 3 0 19 18 3 9 0 11 9 18 12 32 3 17 1 18 34 7 0 19 34 15 15 1 1 0 8 35 5 7 8 36 8 19 4 3 9 4 7 35
split_gain=324.252 76.5876 19.5099 12.3334 12.2802 3.71914 3.63463 2.65092 2.52656 2.02999 2.43541 2.50257 1.74339 3.11261 1.53482 1.48737 1.34854 1.31257 1.23058 1.21029 0.975852 0.888202 0.875559 0.806882 0.82537 0.72463 0.705576 0.688075 0.602085 0.842452 0.759488 0.581999 0.58117 0.592043 0.537928 0.902981 0.539639 0.52871 0.523414 0.497487 0.431566 0.412127 0.411369 0.464731 0.38685 0.37453 0.360115 0.440463 0.370791 0.353969 0.423026 0.350703 0.353912 0.347069 0.503672 0.579962 0.310582 0.30385 0.298933 0.29311 0.291294 0.281837
threshold=0.3917622864246369 1.789372503757477 0.43569649755954748 5.7120797634124765 0.79221111536026012 6.2136070728302011 14.500000000000002 9.5000000000000018 5.5000000000000009 3.725939273834229 14.500000000000002 5.7120797634124765 5.7120797634124765 0.31142817437648779 6.5000000000000009 9.5000000000000018 0.89126482605934154 5.6987686157226571 0.028174603357911113 1.0000000180025095e-35 0.74086588621139537 0.85749366879463207 5.7120797634124765 0.38622736930847174 4.5000000000000009 51.500000000000007 5.7120797634124765 4.5000000000000009 0.61582878232002269 2.5000000000000004 5.5000000000000009 51.500000000000007 1.0000000180025095e-35 2.8340528011322026 1.7005987167358401 2.6408524513244633 14.500000000000002 50.500000000000007 0.28428758680820471 144.50000000000003 0.39276468753814703 16.500000000000004 0.30359059572219854 4.6830127239227304 1.7329304814338686 25.500000000000004 6.5000000000000009 0.67911344766616832 4815.5000000000009 0.095454547554254546 4465.5000000000009 20.500000000000004 1208.5000000000002 0.0081541775725781935 2138.5000000000005 101.50000000000001 19.500000000000004 4.8242976665496835 3.5000000000000004 4.5000000000000009 98.500000000000014 0.048809524625539787
decision_type=2 2 2 2 2 2 2 2 2 2 2 2 2 2 2 2 2 2 2 2 2 2 2 2 2 2 2 2 2 2 2 2 2 2 2 2 2 2 2 2 2 2 2 2 2 2 2 2 2 2 2 2 2 2 2 2 2 2 2 2 2 2
left_child=2 4 12 8 5 7 21 9 18 17 11 31 13 -1 19 16 27 28 -4 23 -12 26 -19 -15 -25 38 44 -3 29 30 37 49 33 42 -30 36 -36 -2 59 46 -26 -32 43 53 -6 51 47 -37 -48 60 56 -42 -53 54 -20 -56 -51 -39 -55 -21 -11 -61
right_child=1 15 3 -5 6 -7 -8 -9 -10 10 20 -13 -14 14 -16 -17 -18 22 32 25 -22 -23 -24 24 40 -27 -28 -29 34 -31 41 -33 -34 -35 35 39 -38 57 -40 -41 45 -43 -44 -45 -46 -47 48 -49 -50 50 -52 52 -54 58 55 -57 -58 -59 -60 61 -62 -63
leaf_value=-0.052109423964680823 0.0023147262395069169 0.016250505492432548 -0.052445240862781364 -0.052280777964779104 0.03920094526742255 -0.052625955540627933 0.0087354038360419935 0.058988843825477734 -0.043383225062121458 -0.0063458189667920002 -0.019860319922395092 0.058627764313855406 -0.0522084703950942 -0.042072162469863811 -0.052116016640090523 0.055629148679800094 0.055432268791940402 0.0019059519773719784 0.022731407392864222 0.017005456340538773 0.010274834848072081 0.054697178316165024 -0.055547255904482763 0.036996697596983236 0.00066954779722064718 0.024228192756231406 0.056099577632874459 0.04712115734309625 -0.012309048293662915 0.0064103035994080198 0.016590944801625426 0.040023728535013008 0.020719415847819403 0.0018278364094197613 0.039482764359608701 0.0072768792774095085 0.014530198632539033 -0.028386802391847051 -0.040160863735803957 0.0020479717941417996 0.011521678098108463 -0.047017079066393214 -0.00012892631419294525 -0.036041741412000464 0.020312516357839011 -0.045868014285895792 0.0088324968615104207 0.034376076461302342 0.02860883189323641 0.02393912360945518 0.037962221303530712 0.0017000930741627477 -0.036140279058941883 -0.013749179304807039 -0.022239326666726705 0.0021899709147542921 0.00055945256533571834 -0.0039125916786329077 -0.037524424444985272 -0.035816238414511439 0.017168240608878709 0.0035007693481866227
leaf_weight=36.827527572517283 21.255815140437342 5.8268352947197837 1.3629884278634552 22.225813570432365 6.3151515470817703 2.5160866847727439 8.2908107042312604 2.5693104485981157 4.7980191064998499 2.646770002320415 3.1543939840048578 5.5283174375072113 150.25062578648794 8.353964366368027 6.2780253427335984 138.78927868278697 7.0543036018498233 1.2449912587180727 1.4654340870911315 1.1117796552134671 18.108807075768709 15.073831396875901 1.4188659285428 0.5873216714244317 1.4073839952470732 1.5793226787354795 3.7860993221402159 2.6151438318192959 2.7280399128794661 115.59024091251194 0.31105007091537018 2.9482708191499105 2.2187629248946896 18.120158371515572 3.8597328886389715 2.6852527493610969 4.9399623032659292 2.4345255533698937 1.4252345870481802 21.414610555861145 0.69587990071158845 1.4044678696664048 8.7091769520193321 1.9762056394247327 4.7494349684566259 2.3410668415017426 57.840102187823504 3.3955806652083993 2.471432475373148 3.4095123456791026 2.755780294071883 0.80432722903788123 2.6660563835175708 9.1915486544603464 4.3802366711897758 5.4552915297681466 2.4349670549854636 2.6471049295505509 1.5442168317968015 0.88479848217684753 2.6217166408896446 0.94009100715629756
leaf_count=11909 621 111 400 5765 122 660 187 46 1121 58 67 107 40939 2105 2211 2666 177 33 38 62 407 414 290 22 131 59 87 63 53 2993 21 46 55 528 56 60 107 62 125 544 35 188 251 113 90 419 1295 56 43 60 46 63 327 385 186 199 58 80 138 89 53 55
internal_value=-0.000260514 0.0248733 -0.0413761 -0.0205205 0.0113653 0.00790314 0.0380306 0.00842503 -0.00860102 0.00797588 0.0179172 0.0294436 -0.0492345 -0.0424543 -0.0302249 0.0539887 0.0392968 0.00621101 -0.00553462 -0.0241965 0.00580429 0.046147 -0.0286957 -0.0310361 -0.0201923 -0.00479149 0.0374684 0.0258136 0.0065937 0.00452393 -0.00324876 0.0198498 -0.00432962 -0.00542276 0.00958671 0.010205 0.0254749 -0.00114909 -0.0152987 0.00867472 -0.0244361 -0.035484 -0.00943784 -0.0128141 0.0310932 -0.0298659 0.0108122 0.0224093 0.00964289 0.0155611 0.0218131 -0.0208741 -0.0273701 -0.0107311 -0.00461511 -0.00868958 0.0141985 -0.0156378 -0.017169 -0.0032325 0.0053553 -0.0155621
internal_weight=784.438 486.837 297.601 81.4479 332.551 294.336 38.2153 291.82 59.222 289.25 43.6085 22.3453 216.153 65.9028 29.0753 154.286 15.4963 245.642 54.424 22.7972 21.2632 29.9245 2.66386 16.856 8.50204 5.94123 14.8507 8.44198 242.978 143.643 28.053 16.817 53.061 50.8423 99.3347 96.6067 8.7997 26.3374 4.3619 87.807 7.91471 1.71552 32.7221 24.0129 11.0646 6.50733 66.3924 6.08083 60.3115 13.8687 8.60026 4.16626 3.47038 22.0367 11.301 9.83553 5.84448 5.08163 10.7358 2.93667 5.26849 1.82489
internal_count=79757 12027 67730 9179 9010 8110 900 7450 3414 7404 902 428 58551 17612 5703 3017 351 6502 2293 3492 474 713 323 3102 997 390 299 174 6179 3965 972 321 1893 1838 2214 2161 163 763 331 1998 975 209 1310 1059 212 844 1454 116 1338 275 164 425 390 946 423 385 118 142 523 206 111 144
is_linear=0
shrinkage=0.05


Tree=41
num_leaves=63
num_cat=0
split_feature=34 34 3 32 32 9 9 1 34 35 35 34 32 3 1 32 3 34 1 32 16 3 32 1 9 33 12 34 16 34 34 3 8 36 17 7 3 17 15 18 32 1 3 32 36 18 8 9 19 3 16 18 36 34 16 16 16 7 18 7 1 7
split_gain=299.6 72.0328 18.4138 11.1862 10.6093 3.74787 3.71897 2.34171 2.79328 1.98615 1.85999 1.69443 1.36619 2.15916 1.79152 1.30046 1.2388 1.17473 1.11151 1.07645 0.931706 0.836193 0.78073 0.775144 0.729759 0.701768 0.638733 0.638319 0.582857 0.575354 0.521594 0.504316 0.488158 0.464773 0.437197 0.42506 0.417956 0.415614 0.413752 0.395507 0.394608 0.36395 0.355921 0.351312 0.350327 0.345513 0.331415 0.423224 0.404403 0.330908 0.330902 0.483769 0.290237 0.277558 0.275397 0.285435 0.274958 0.271463 0.264854 0.264586 0.330158 0.31918
threshold=0.3917622864246369 1.789372503757477 5.7120797634124765 4.4355640411376962 1.8084095120429995 8.5000000000000018 5.5000000000000009 4.5000000000000009 0.65392071008682262 0.064583335071802153 0.028174603357911113 0.21541714668273929 3.725939273834229 5.6987686157226571 13.500000000000002 2.8724380731582646 4.0689902305603036 1.9503552913665774 4.5000000000000009 1.3730947375297549 0.91687327623367321 5.7120797634124765 2.8340528011322026 10.500000000000002 5.5000000000000009 2.5767039915081118e-06 1.0000000180025095e-35 0.22757789492607119 1.5387032032012942 0.75553548336029064 0.23756951093673709 5.6002705097198495 2712.0000000000005 0.0044021762441843757 13.389310836791994 80.500000000000014 2.7403194904327397 12.71177911758423 1.3531622886657717 52.500000000000007 0.99064141511917125 6.5000000000000009 2.9700856208801274 2.9795957803726201 0.025395258329808715 23.500000000000004 1739.0000000000002 3.5000000000000004 169.50000000000003 5.0968081951141366 1.7381667494773867 19.500000000000004 4.2409839807078249e-05 0.55508953332901012 1.4279919862747195 1.3832775950431826 2.4759105443954472 128.50000000000003 36.500000000000007 98.500000000000014 14.500000000000002 158.50000000000003
decision_type=2 2 2 2 2 2 2 2 2 2 2 2 2 2 2 2 2 2 2 2 2 2 2 2 2 2 2 2 2 2 2 2 2 2 2 2 2 2 2 2 2 2 2 2 2 2 2 2 2 2 2 2 2 2 2 2 2 2 2 2 2 2
left_child=2 3 4 5 11 7 10 8 15 -5 -6 16 13 35 20 -2 19 28 -12 36 -14 -15 26 38 27 42 30 -13 31 32 33 34 -16 50 -3 41 40 -29 -22 45 -1 -9 -21 -8 -40 -37 56 48 -48 54 51 -20 -45 -41 55 -47 -35 -56 -51 -53 -61 -62
right_child=1 17 -4 9 6 -7 43 12 -10 -11 18 24 14 21 29 -17 -18 -19 22 25 23 -23 -24 -25 -26 -27 -28 37 -30 -31 -32 -33 -34 46 -36 39 -38 -39 44 53 -42 -43 -44 52 -46 49 47 -49 -50 58 -52 59 -54 -55 57 -57 -58 -59 -60 60 61 -63
leaf_value=-0.039100327779503591 -0.063776557253387142 0.034738537515361767 -0.052130460028319059 0.0041012594815566994 -0.052253000956636347 -0.061667136461243416 -0.050238756504670579 0.020336186814220607 0.056680231061096036 0.051539738077452969 -0.055354923062786276 0.034739322315351394 0.0020367372451587664 0.0023684094584674204 0.0051216478129418675 0.031474898823828944 -0.051566333639888454 0.055263156782412871 -0.037871080311694852 0.0063385966589437825 0.03998851720555769 -0.049229875937619134 0.0028524350890804821 0.044712544684276434 -0.052109917359774063 0.016330693102022561 0.026697321876984644 -0.0054383259442510774 0.051073388114714791 0.010231717390867465 -0.0010659041993165894 0.049492719933171753 -0.033491564706353928 -0.0094826644243235572 0.0043674811170042616 0.00274105810690235 -0.050943744474517605 -0.039526874751745558 0.024007995374344573 -0.018041456843053038 -0.0036043591560336978 0.0091005769240112399 -0.037072150377804952 0.017801248152587032 0.00088923243370947534 0.0097391542786318258 -0.028906557645705617 -0.056414567442641506 0.0038448298883652652 -0.00089200844107617929 0.020386002835724039 0.0031597198710203163 -0.040404114809686809 0.0010787874821998303 0.023883227155885506 -0.0093115683671527137 -0.035672277678201032 0.010588927682940241 0.0083971498251574923 0.0055721904733935963 -0.04357339881796285 -0.007999190312490103
leaf_weight=3.2553270929492992 0.81782195344567188 2.5182489575818163 160.82197596423794 2.4967198516242233 2.3349349863710804 1.8832179842283938 6.49041524255881 7.8253869330510488 4.9893342442810535 18.977038440760225 1.1500498140230764 0.71034122607670624 3.1548772647511241 1.1809948026202612 1.829438327346 0.63779563375283033 32.148340304498561 131.28217991651036 1.3017089387867624 0.61068933899514322 2.7725125057622817 2.3428520322777331 17.990914127323776 6.8516572718508533 1.2351683722808955 1.4085906404070554 1.1578918416053046 2.7198161665583029 5.7795773721300066 21.572678937576711 9.5967669785022718 2.1792807681486011 1.4812557358527554 6.9543535892153141 2.2380298590287566 37.239831228973344 6.0888742873212323 1.3320857221842741 5.9603303340263647 2.1549726712983128 1.0309370587347073 91.291970438091084 2.0816598860546947 0.36139807500876475 2.2599649038165808 32.928229189943522 5.109123289352282 1.1059316754108293 1.1557416352443395 13.138607629691252 1.0228493455797423 4.4820936027681437 0.52574385656043887 15.920102558098732 7.015675139729864 2.0910444799810639 1.1709285405813714 8.482822841498999 18.447780833113939 1.3168047688668596 1.2283186709973963 1.2955877991626037
leaf_count=893 74 52 46704 62 789 352 2122 168 134 525 250 53 82 33 64 45 10933 2716 95 36 54 587 533 109 409 73 29 197 140 512 310 58 48 342 51 1057 2046 267 113 68 85 2314 349 28 48 842 336 182 56 372 31 215 77 427 151 56 92 213 500 57 77 64
internal_value=-0.000259529 0.0245509 -0.041114 0.0111853 -0.0261471 0.00864302 -0.012756 0.00909588 0.0389007 0.0460241 -0.00852859 -0.0428794 0.0084241 0.00691314 0.0163295 -0.022041 -0.0460973 0.0538577 -0.00670676 -0.0339517 0.0270844 -0.031937 -0.00568747 0.0315128 -0.0178631 -0.0122649 -0.00985139 -0.00898057 0.0393465 0.00725327 -0.0110355 0.0295742 -0.0121545 -0.0146951 0.0204477 0.00749192 -0.0425238 -0.0166451 0.0232856 0.00569182 -0.0305628 0.00998764 -0.0272256 -0.0462049 0.0176521 0.00673573 -0.0202212 -0.0278985 -0.0228646 0.00854758 -0.00665248 -0.009526 -0.0166928 -0.00120079 0.0110576 0.00860161 -0.0132568 0.0166068 0.00453325 -0.00509276 -0.0147234 -0.0253122
internal_weight=738.938 459.742 279.195 315.745 118.373 294.271 65.7516 292.388 6.44495 21.4738 58.374 52.6218 285.943 240.06 45.8827 1.45562 46.6244 143.997 56.0391 14.4761 20.9993 3.52385 54.889 17.8445 5.99741 4.10094 36.8981 4.76224 12.7151 24.8834 35.7402 6.93556 3.31069 26.1434 4.75628 236.536 10.3751 4.0519 10.9928 137.419 4.28626 99.1174 2.69235 7.37756 8.2203 119.344 15.4961 7.3708 6.26486 82.1042 10.6474 9.62451 0.887142 18.0751 50.5178 35.0193 8.12528 15.4985 31.5864 8.3228 3.84071 2.52391
internal_count=79757 12027 67730 9010 21026 8423 5685 8071 253 587 3458 15341 7818 6788 1030 119 14415 3017 2669 3482 406 620 2419 324 926 458 1886 517 301 624 1857 161 112 1547 103 6168 3024 464 215 3686 978 2482 385 2227 161 3191 1008 574 392 2134 539 508 105 495 1262 898 434 364 872 413 198 141
is_linear=0
shrinkage=0.05


end of trees

feature_importances:
qdrant_cosine_score=318
year_diff=246
candidate_position=245
candidate_citation_count=205
cosine_x_cocitation=179
age_ratio=154
co_citation_count=129
cosine_x_citations=123
position_inverse=115
query_age_days=111
category_x_recency=105
query_citation_count=92
candidate_log_citations=70
citations_x_recency=66
candidate_citations_per_year=65
query_num_references=55
candidate_num_cited_by=53
citation_count_ratio=47
cosine_x_recency=47
candidate_age_days=40
candidate_recency_score=38
candidate_influential_citations=36
same_primary_category=25
query_log_citations=18
shared_author_count=16
candidate_is_newer=6

parameters:
[boosting: gbdt]
[objective: lambdarank]
[metric: ndcg]
[tree_learner: serial]
[device_type: cpu]
[data_sample_strategy: bagging]
[data: ]
[valid: ]
[num_iterations: 300]
[learning_rate: 0.05]
[num_leaves: 63]
[num_threads: 0]
[seed: 42]
[deterministic: 0]
[force_col_wise: 0]
[force_row_wise: 0]
[histogram_pool_size: -1]
[max_depth: -1]
[min_data_in_leaf: 50]
[min_sum_hessian_in_leaf: 0.001]
[bagging_fraction: 0.8]
[pos_bagging_fraction: 1]
[neg_bagging_fraction: 1]
[bagging_freq: 5]
[bagging_seed: 400]
[bagging_by_query: 0]
[feature_fraction: 0.8]
[feature_fraction_bynode: 1]
[feature_fraction_seed: 30056]
[extra_trees: 0]
[extra_seed: 12879]
[early_stopping_round: 0]
[early_stopping_min_delta: 0]
[first_metric_only: 0]
[max_delta_step: 0]
[lambda_l1: 0]
[lambda_l2: 0]
[linear_lambda: 0]
[min_gain_to_split: 0]
[drop_rate: 0.1]
[max_drop: 50]
[skip_drop: 0.5]
[xgboost_dart_mode: 0]
[uniform_drop: 0]
[drop_seed: 17869]
[top_rate: 0.2]
[other_rate: 0.1]
[min_data_per_group: 100]
[max_cat_threshold: 32]
[cat_l2: 10]
[cat_smooth: 10]
[max_cat_to_onehot: 4]
[top_k: 20]
[monotone_constraints: ]
[monotone_constraints_method: basic]
[monotone_penalty: 0]
[feature_contri: ]
[forcedsplits_filename: ]
[refit_decay_rate: 0.9]
[cegb_tradeoff: 1]
[cegb_penalty_split: 0]
[cegb_penalty_feature_lazy: ]
[cegb_penalty_feature_coupled: ]
[path_smooth: 0]
[interaction_constraints: ]
[verbosity: -1]
[saved_feature_importance_type: 0]
[use_quantized_grad: 0]
[num_grad_quant_bins: 4]
[quant_train_renew_leaf: 0]
[stochastic_rounding: 1]
[linear_tree: 0]
[max_bin: 255]
[max_bin_by_feature: ]
[min_data_in_bin: 3]
[bin_construct_sample_cnt: 200000]
[data_random_seed: 175]
[is_enable_sparse: 1]
[enable_bundle: 1]
[use_missing: 1]
[zero_as_missing: 0]
[feature_pre_filter: 1]
[pre_partition: 0]
[two_round: 0]
[header: 0]
[label_column: ]
[weight_column: ]
[group_column: ]
[ignore_column: ]
[categorical_feature: ]
[forcedbins_filename: ]
[precise_float_parser: 0]
[parser_config_file: ]
[objective_seed: 16083]
[num_class: 1]
[is_unbalance: 0]
[scale_pos_weight: 1]
[sigmoid: 1]
[boost_from_average: 1]
[reg_sqrt: 0]
[alpha: 0.9]
[fair_c: 1]
[poisson_max_delta_step: 0.7]
[tweedie_variance_power: 1.5]
[lambdarank_truncation_level: 20]
[lambdarank_norm: 1]
[label_gain: ]
[lambdarank_position_bias_regularization: 0]
[eval_at: 5,10]
[multi_error_top_k: 1]
[auc_mu_weights: ]
[num_machines: 1]
[local_listen_port: 12400]
[time_out: 120]
[machine_list_filename: ]
[machines: ]
[gpu_platform_id: -1]
[gpu_device_id: -1]
[gpu_use_dp: 0]
[num_gpu: 1]

end of parameters

pandas_categorical:null
